/*******************************************************************************
 * Size: 20 px
 * Bpp: 4
 * Opts: --font NotoSansSC-Medium.ttf --size 20 --bpp 4 --format lvgl --force-fast-kern-format -r 0x20-0x7E -r 0xB0 -r 0xB7 --symbols 上下不个中主健储内分列动势危发可同吐吞告器在失存容已帧常年度康延待态总意持据接收数无旧时曲最未机条查样核检正步比注活温点状用百盘磁离空端等系累级线络统续网行览警计询误负败趋轮载达运近连迟送部采量钟错长间阵陈降险集项首高龄 --lv-include lvgl.h -o /Users/llll/code/esp/p4-7b-fnos-monitor/components/fnos_monitor/fonts/ui_font_cjk_20.c
 ******************************************************************************/

#ifdef LV_LVGL_H_INCLUDE_SIMPLE
#include "lvgl.h"
#else
#include "lvgl.h"
#endif

#ifndef UI_FONT_CJK_20
#define UI_FONT_CJK_20 1
#endif

#if UI_FONT_CJK_20

/*-----------------
 *    BITMAPS
 *----------------*/

/*Store the image of the glyphs*/
static LV_ATTRIBUTE_LARGE_CONST const uint8_t glyph_bitmap[] = {
    /* U+0020 " " */

    /* U+0021 "!" */
    0xb, 0xf9, 0x1, 0x1, 0x0, 0xe3, 0xf, 0x0,
    0xe1, 0x1, 0xf, 0x3, 0x0, 0xe1, 0x1, 0x3,
    0x7, 0x5, 0xc3, 0xc, 0xc5, 0x1, 0x82, 0x3,
    0x4, 0x80,

    /* U+0022 "\"" */
    0x3f, 0xf1, 0x6, 0xfc, 0x8, 0x0, 0xc0, 0x40,
    0x3e, 0x70, 0xf2, 0x0, 0x8, 0x10, 0x10, 0x9,
    0x0, 0x4, 0x18, 0x9, 0x80, 0x1c, 0x2, 0x1b,
    0x40, 0x6, 0xd2,

    /* U+0023 "#" */
    0x0, 0x93, 0xc8, 0x7, 0xd4, 0x3, 0x18, 0x10,
    0x28, 0x38, 0x6, 0xe3, 0x0, 0x10, 0x10, 0x3,
    0x3d, 0x8f, 0xfd, 0x21, 0xf6, 0x14, 0xe0, 0x6e,
    0xe2, 0x23, 0xe8, 0x34, 0x5, 0x44, 0x5, 0xe1,
    0x80, 0x2, 0x4, 0x0, 0x22, 0x0, 0x62, 0x7,
    0x0, 0xf, 0x0, 0xf, 0xf0, 0x33, 0xfc, 0x13,
    0xe8, 0x4e, 0x80, 0xee, 0x50, 0x67, 0x61, 0x82,
    0x24, 0x43, 0x2, 0x20, 0x40, 0x2, 0x60, 0x7,
    0x0, 0x80, 0x66, 0x20, 0x0, 0x90, 0x7, 0x17,
    0x0, 0x9, 0x80, 0x20,

    /* U+0024 "$" */
    0x0, 0xd0, 0x80, 0x1f, 0x9f, 0x40, 0x3f, 0xf8,
    0x8d, 0xa0, 0xd6, 0x80, 0x14, 0xc8, 0x84, 0x49,
    0x6e, 0x4, 0xc1, 0x5d, 0xcc, 0x35, 0x7, 0x1,
    0x50, 0x1, 0xe1, 0x3, 0x0, 0x90, 0x7, 0x8d,
    0x3, 0x58, 0x3, 0xd6, 0xc1, 0x3c, 0xc0, 0x1d,
    0x38, 0x83, 0x38, 0x1, 0xc7, 0x76, 0x3, 0xa0,
    0xf, 0x25, 0x2, 0x80, 0x7c, 0xc0, 0x12, 0xf2,
    0x80, 0x50, 0x6, 0x1a, 0x35, 0xfd, 0xe8, 0x1e,
    0x11, 0x8c, 0x22, 0x5, 0xd3, 0x0, 0x1c, 0xf0,
    0x35, 0x10, 0x7, 0xff, 0x0,

    /* U+0025 "%" */
    0x0, 0x47, 0x7d, 0x90, 0x7, 0x4e, 0x80, 0x7a,
    0x5d, 0xa5, 0x70, 0x3, 0x1b, 0x48, 0x7, 0xb,
    0x24, 0x35, 0x8b, 0x0, 0x5e, 0x88, 0x0, 0xe2,
    0xc, 0x0, 0x38, 0x78, 0x1, 0x4e, 0x40, 0x3f,
    0xe3, 0x0, 0xd0, 0xe4, 0x1, 0xe2, 0xe, 0x0,
    0x28, 0x70, 0x39, 0xc1, 0xef, 0xf3, 0x0, 0x5,
    0x19, 0xa, 0x1, 0x86, 0x20, 0x38, 0x34, 0x92,
    0xa0, 0xa, 0x3b, 0xd2, 0xb1, 0xb3, 0x69, 0xe,
    0x5a, 0x19, 0x0, 0xe, 0x6e, 0x72, 0x1a, 0xf8,
    0x18, 0x10, 0x1, 0xc, 0x3, 0x11, 0x80, 0x3d,
    0x4c, 0x1c, 0x40, 0x23, 0x0, 0xfc, 0xa7, 0x0,
    0x7, 0x10, 0x8, 0x80, 0x3f, 0x5b, 0x90, 0x0,
    0xc0, 0xc0, 0xa, 0x80, 0x1e, 0x80, 0x80, 0xa,
    0x43, 0x9a, 0xc7, 0xc0, 0x38, 0x5e, 0xc0, 0x30,
    0xe0, 0xcb, 0x52, 0x0,

    /* U+0026 "&" */
    0x0, 0x86, 0x7b, 0xec, 0x80, 0x3f, 0x63, 0x2a,
    0x93, 0x0, 0x3e, 0x42, 0x4b, 0xa5, 0x13, 0x0,
    0xf1, 0x1, 0x80, 0x4, 0x4, 0x3, 0xc4, 0x6,
    0xe, 0x8c, 0x40, 0x1e, 0x41, 0x4f, 0x85, 0x90,
    0xf, 0xc2, 0x0, 0x9a, 0x0, 0x9a, 0x90, 0xb,
    0x40, 0x2c, 0x0, 0xd0, 0xac, 0x1c, 0x4d, 0xc4,
    0xb2, 0x0, 0x71, 0x42, 0x33, 0x4, 0x8e, 0xb,
    0x52, 0x40, 0x40, 0x38, 0x6, 0x1c, 0x25, 0xb0,
    0x73, 0x5, 0x0, 0x48, 0x0, 0xac, 0x2, 0x22,
    0x0, 0xc0, 0x37, 0x67, 0x48, 0x0, 0x57, 0x64,
    0x1e, 0xd0, 0xc, 0x17, 0x3f, 0xa4, 0xf0,

    /* U+0027 "'" */
    0x3f, 0xf1, 0x8, 0x0, 0xc0, 0x31, 0x0, 0x4,
    0x4, 0x80, 0x4, 0xc0, 0xd, 0xa0,

    /* U+0028 "(" */
    0x0, 0xfe, 0x9c, 0x0, 0x89, 0x9c, 0x2, 0xb0,
    0x80, 0x9, 0x8c, 0xc0, 0x6, 0xb, 0x0, 0xb0,
    0x10, 0x2, 0x40, 0x30, 0x8, 0x48, 0x2, 0x10,
    0x10, 0x8, 0x81, 0xc0, 0x21, 0x0, 0xe3, 0x7,
    0x0, 0x84, 0x8, 0x3, 0x10, 0x80, 0x64, 0x4,
    0x0, 0xb0, 0x30, 0x2, 0x51, 0x50, 0xc, 0xc4,
    0x80, 0x14, 0x84, 0x0, 0x43, 0x28, 0x0,

    /* U+0029 ")" */
    0x0, 0xfa, 0xe8, 0x3, 0x12, 0x98, 0x5, 0x1,
    0x0, 0x10, 0xa2, 0x8, 0x2, 0xe0, 0xa0, 0x9,
    0x1, 0x0, 0x21, 0x11, 0x80, 0x65, 0x2, 0x0,
    0x84, 0x4, 0x2, 0x30, 0x60, 0xe, 0x10, 0x8,
    0xc1, 0xc0, 0x26, 0x1, 0x0, 0x8c, 0x8, 0x0,
    0x40, 0x80, 0x12, 0x86, 0x0, 0x56, 0xc, 0x0,
    0x23, 0x51, 0x0, 0x48, 0x40, 0x5, 0x90, 0x40,
    0x0,

    /* U+002A "*" */
    0x0, 0xb6, 0x0, 0x3c, 0x42, 0x1, 0x57, 0x50,
    0x25, 0xfa, 0x4a, 0x28, 0x12, 0xba, 0x9d, 0x10,
    0x1, 0xa0, 0x41, 0xca, 0x51, 0xc8, 0x0, 0x2e,
    0xd6, 0xa0, 0x0,

    /* U+002B "+" */
    0x0, 0xe1, 0x0, 0xfe, 0x3e, 0x90, 0xf, 0xfe,
    0xc9, 0xff, 0xd8, 0xd, 0xff, 0x50, 0xaa, 0xc8,
    0x4, 0xab, 0x61, 0x55, 0x50, 0x9, 0x55, 0x30,
    0x7, 0xff, 0x54,

    /* U+002C "," */
    0x1c, 0xc1, 0x31, 0x9a, 0x54, 0x81, 0x8b, 0x49,
    0x81, 0x8b, 0xa2, 0x55, 0x41, 0x14, 0x0,

    /* U+002D "-" */
    0xa, 0xae, 0x21, 0x55, 0xe1,

    /* U+002E "." */
    0x1, 0x10, 0x27, 0x70, 0xf0, 0x0, 0x94, 0x44,
    0x50,

    /* U+002F "/" */
    0x0, 0xe5, 0xf3, 0x0, 0xef, 0x13, 0x0, 0xe4,
    0x40, 0x7, 0x18, 0xf8, 0x7, 0x58, 0x20, 0x7,
    0x29, 0x88, 0x6, 0x12, 0xb0, 0xe, 0x70, 0x40,
    0xe, 0xd1, 0x30, 0xe, 0x47, 0x0, 0xe4, 0xc,
    0x0, 0xed, 0x5, 0x0, 0xe4, 0x40, 0x7, 0x11,
    0x30, 0x3, 0x94, 0x14, 0x3, 0xb0, 0x88, 0x1,
    0xc8, 0x80, 0xe, 0x50, 0xd0, 0xe, 0xc0, 0x40,
    0xe,

    /* U+0030 "0" */
    0x0, 0x97, 0x3f, 0xa4, 0x40, 0x34, 0x51, 0x90,
    0xb6, 0x8, 0x0, 0x9c, 0x2f, 0x7c, 0xca, 0x40,
    0x16, 0xa, 0x80, 0xf, 0x7, 0x0, 0x20, 0x60,
    0x4, 0x60, 0x3, 0x2, 0x5, 0x0, 0xc6, 0xc,
    0x1, 0x8, 0x7, 0x8c, 0x3, 0xff, 0x84, 0x20,
    0x18, 0x40, 0xc0, 0x81, 0x40, 0x31, 0x3, 0x2,
    0x86, 0x0, 0x46, 0x2, 0x61, 0x40, 0xa8, 0x0,
    0xf0, 0x60, 0x1, 0x40, 0x5e, 0xf9, 0x94, 0x80,
    0x4f, 0x46, 0x42, 0xd8, 0x20,

    /* U+0031 "1" */
    0x0, 0x14, 0x7f, 0x90, 0x3, 0x5e, 0xb8, 0x7,
    0xdd, 0x10, 0x0, 0xf9, 0x5d, 0x80, 0x3f, 0xff,
    0xe0, 0x1f, 0xf2, 0x6e, 0xb0, 0x1, 0x5b, 0xa1,
    0x2, 0x28, 0x0, 0x24, 0x43,

    /* U+0032 "2" */
    0x0, 0x25, 0xf7, 0xeb, 0x80, 0x68, 0xb4, 0x1,
    0x28, 0xb0, 0x9, 0xb, 0x3b, 0x96, 0x8, 0xa0,
    0xc, 0xc1, 0x80, 0x11, 0x43, 0xc0, 0x21, 0x0,
    0xc6, 0x1, 0xfe, 0x50, 0xd0, 0xf, 0x8c, 0xc0,
    0xc0, 0x1f, 0x70, 0x38, 0x80, 0x7a, 0x88, 0xe0,
    0x3, 0xd2, 0xa3, 0xc0, 0x1e, 0x96, 0x1c, 0x20,
    0xe, 0xb6, 0x1c, 0x20, 0xe, 0xc4, 0x0, 0x7f,
    0x7f, 0xcc, 0x46, 0x0, 0x12, 0x10, 0xc,

    /* U+0033 "3" */
    0x0, 0x25, 0xf7, 0xf5, 0x10, 0x5, 0x16, 0x80,
    0x42, 0xba, 0x60, 0xb, 0x5d, 0xed, 0xe2, 0x9,
    0x0, 0x1d, 0x10, 0x0, 0x50, 0x4, 0x3, 0xe3,
    0x70, 0xd0, 0xc, 0x97, 0xb8, 0x12, 0xc0, 0x18,
    0x90, 0x80, 0xcc, 0x1, 0xcd, 0xfb, 0x5, 0x4e,
    0x1, 0xe2, 0x7a, 0x8, 0x10, 0xf, 0x90, 0x0,
    0x40, 0x60, 0x1c, 0x40, 0x1, 0x16, 0xe8, 0xc0,
    0x5, 0xe0, 0x44, 0x2, 0x26, 0x77, 0x34, 0xc3,
    0x80, 0x72, 0x8c, 0x46, 0x6d, 0x30,

    /* U+0034 "4" */
    0x0, 0xe2, 0xff, 0x80, 0x3e, 0xe0, 0xf, 0xe7,
    0x34, 0x0, 0xf8, 0xa0, 0x7c, 0x3, 0xef, 0x8,
    0x70, 0xf, 0x41, 0x23, 0x0, 0x78, 0xdc, 0x68,
    0x3, 0xee, 0xa, 0x10, 0xf, 0x41, 0x4, 0x66,
    0x40, 0xc, 0x91, 0x0, 0x19, 0xc0, 0x11, 0xac,
    0xff, 0xf6, 0x0, 0x3f, 0x0, 0x3f, 0xfa, 0xa0,

    /* U+0035 "5" */
    0x0, 0x77, 0xff, 0xa8, 0x2, 0x10, 0x11, 0xe3,
    0x0, 0xef, 0xee, 0xd2, 0x0, 0x10, 0x0, 0x80,
    0x7c, 0x60, 0x2d, 0x32, 0x50, 0xc, 0x20, 0x32,
    0xcc, 0xad, 0x10, 0x1, 0xb4, 0x77, 0xd0, 0x96,
    0x80, 0x52, 0xe2, 0xb, 0x60, 0x64, 0x1, 0xf2,
    0x0, 0x18, 0x3, 0xe1, 0x0, 0x38, 0x10, 0x7,
    0x28, 0x0, 0x87, 0x2c, 0xc0, 0x7, 0x60, 0xa2,
    0x4, 0x99, 0xfd, 0x82, 0x56, 0x3, 0x94, 0x60,
    0x24, 0xfa, 0x20,

    /* U+0036 "6" */
    0x0, 0xc, 0x6f, 0xf5, 0x10, 0x0, 0xb1, 0xc8,
    0x82, 0xba, 0x21, 0xc4, 0x9d, 0xbf, 0x36, 0x28,
    0x63, 0x62, 0x0, 0x64, 0xd, 0x6, 0x0, 0xf9,
    0x43, 0x5b, 0x7f, 0x60, 0x0, 0x41, 0x12, 0xc8,
    0x4f, 0x60, 0x11, 0x6d, 0xdb, 0x41, 0xc, 0xc1,
    0x44, 0x0, 0x24, 0x4, 0x60, 0x20, 0xc, 0x41,
    0xf8, 0x16, 0x1, 0x94, 0x39, 0x84, 0xd8, 0x0,
    0xa6, 0xe, 0x34, 0x13, 0xb9, 0x41, 0x22, 0x9,
    0x88, 0x67, 0x5b, 0x0,

    /* U+0037 "7" */
    0xff, 0xfe, 0x71, 0x1f, 0x80, 0x7, 0xdd, 0xe6,
    0x6, 0x40, 0xe, 0x37, 0x29, 0x0, 0xf7, 0x84,
    0x80, 0x79, 0xc, 0xc8, 0x1, 0xef, 0xa, 0x0,
    0xf0, 0xa0, 0x38, 0x7, 0x90, 0x8, 0x40, 0x3d,
    0x80, 0xe0, 0x1f, 0x28, 0x68, 0x7, 0xc4, 0x2,
    0x1, 0xf0, 0x81, 0x0, 0x78, 0x40, 0xe, 0x1,
    0x80,

    /* U+0038 "8" */
    0x0, 0x9f, 0x7f, 0xac, 0xc0, 0x35, 0xc1, 0xa9,
    0x26, 0x18, 0x0, 0xd0, 0x7e, 0xb2, 0x2, 0x0,
    0xa, 0xa, 0x20, 0x7, 0x5, 0x0, 0x28, 0x30,
    0x4, 0x20, 0x40, 0x3, 0x52, 0x90, 0x3, 0x7,
    0x80, 0x54, 0x8d, 0xd1, 0xa, 0x30, 0xa, 0x11,
    0x91, 0xc2, 0x48, 0x0, 0xef, 0x4d, 0x6a, 0x1f,
    0x80, 0x24, 0x24, 0x0, 0x56, 0x24, 0xa0, 0x20,
    0x20, 0x19, 0x40, 0x80, 0x82, 0x0, 0x23, 0x40,
    0x30, 0xe0, 0x7d, 0xac, 0xc0, 0x2a, 0x1, 0xeb,
    0x1a, 0x91, 0xd5, 0x0,

    /* U+0039 "9" */
    0x0, 0xc, 0xf7, 0xeb, 0x0, 0x62, 0xf6, 0x3,
    0x29, 0xb0, 0xa, 0x45, 0x7b, 0x38, 0x91, 0x80,
    0x8, 0x10, 0x0, 0x18, 0xb, 0x2, 0x0, 0x10,
    0x4, 0xa0, 0x45, 0x0, 0x8, 0x2, 0x10, 0x3,
    0x2, 0x7, 0x10, 0x26, 0x0, 0x4, 0x28, 0x8f,
    0x7e, 0xd0, 0x80, 0x40, 0x76, 0x59, 0xf2, 0x48,
    0x1c, 0x2, 0x69, 0x83, 0x20, 0x1, 0x80, 0x7d,
    0x60, 0xa0, 0x1, 0xa2, 0x0, 0x33, 0x2, 0x40,
    0x16, 0xbb, 0xdf, 0x21, 0x26, 0x0, 0xa8, 0x21,
    0x12, 0x63, 0x0, 0x0,

    /* U+003A ":" */
    0x2d, 0xd1, 0x51, 0x11, 0x6c, 0x0, 0x87, 0xde,
    0x60, 0x20, 0x1f, 0xf0, 0x88, 0x13, 0xb8, 0x78,
    0x0, 0x4a, 0x22, 0x28,

    /* U+003B ";" */
    0x2d, 0xd1, 0x51, 0x11, 0x6c, 0x0, 0x87, 0xde,
    0x60, 0x20, 0x1f, 0xfc, 0x21, 0xcc, 0x13, 0x19,
    0xa5, 0x48, 0x18, 0xb4, 0x98, 0x18, 0xba, 0x25,
    0x54, 0x11, 0x40,

    /* U+003C "<" */
    0x0, 0xfc, 0x2e, 0xe0, 0xf, 0x25, 0x74, 0x68,
    0x4, 0x51, 0xd6, 0xa7, 0x36, 0xd, 0x9a, 0xe7,
    0x1d, 0x8c, 0x27, 0x26, 0xb9, 0xae, 0x20, 0x10,
    0x90, 0x2c, 0x30, 0x7, 0x16, 0xe3, 0x24, 0xfd,
    0x28, 0x6, 0x39, 0xfa, 0x35, 0xaf, 0x70, 0xe,
    0x5c, 0xd7, 0x1d, 0x0, 0xf8, 0xa3, 0xa0,

    /* U+003D "=" */
    0x3f, 0xff, 0xea, 0x16, 0x6f, 0xec, 0x29, 0x9f,
    0xe6, 0x0, 0xff, 0xe5, 0x1f, 0xff, 0xf5, 0xa,
    0xaf, 0xf6, 0x0,

    /* U+003E ">" */
    0x39, 0x30, 0xf, 0xe6, 0xcd, 0x71, 0x0, 0xe3,
    0xb5, 0x28, 0xeb, 0x50, 0xc, 0x95, 0xf4, 0xa9,
    0x5d, 0x4, 0x1, 0x96, 0xba, 0x45, 0xe0, 0x3,
    0x8e, 0x20, 0x0, 0xd0, 0x1, 0x47, 0x63, 0x14,
    0xfb, 0x96, 0xe9, 0xc1, 0xf7, 0x18, 0x0, 0x24,
    0xb7, 0xd0, 0x40, 0x18, 0xba, 0x90, 0x3, 0xe0,

    /* U+003F "?" */
    0x0, 0x36, 0x7f, 0xad, 0x0, 0x17, 0x26, 0x40,
    0x96, 0x81, 0xcb, 0xdb, 0xc4, 0x1e, 0xb, 0x42,
    0x3, 0x40, 0xe0, 0x1e, 0xb0, 0xb0, 0xe, 0x93,
    0x47, 0x0, 0xce, 0xc7, 0x60, 0x18, 0xa0, 0x38,
    0x3, 0x94, 0x14, 0x80, 0x39, 0x6a, 0x40, 0x3c,
    0x48, 0x60, 0x1e, 0x9e, 0xc0, 0xf, 0x38, 0x18,
    0x80, 0x74, 0x82, 0x88, 0x0,

    /* U+0040 "@" */
    0x0, 0xf3, 0x5f, 0x7f, 0x64, 0x10, 0x7, 0xe6,
    0xe9, 0x76, 0x86, 0x63, 0xeb, 0x80, 0x7a, 0xa5,
    0x77, 0x21, 0xe2, 0xb9, 0xa2, 0x40, 0x34, 0xab,
    0xd9, 0x0, 0x70, 0xcb, 0xb2, 0x0, 0x15, 0x99,
    0x0, 0x1f, 0xd0, 0x3e, 0x0, 0x81, 0x90, 0x0,
    0xd7, 0x71, 0x7e, 0x0, 0xc, 0x82, 0x85, 0x0,
    0x1, 0xc5, 0x44, 0x50, 0x60, 0x3, 0x0, 0xb0,
    0x1c, 0x1, 0x5, 0x55, 0x28, 0x28, 0x1, 0xc1,
    0xcc, 0x84, 0x5, 0x8d, 0x40, 0xc, 0x22, 0x0,
    0x38, 0x3b, 0x8, 0x1, 0x41, 0x0, 0x23, 0x50,
    0xb, 0x0, 0xc0, 0x3d, 0xe0, 0x3, 0x2, 0x0,
    0xb, 0xa8, 0x8, 0x80, 0xa, 0x12, 0x69, 0xc2,
    0x86, 0x98, 0x36, 0xa, 0x42, 0x3, 0x3, 0x97,
    0x16, 0x59, 0x63, 0x82, 0x1a, 0x12, 0x0, 0x7d,
    0xbe, 0x55, 0x75, 0xe6, 0x8, 0x0, 0x86, 0xe6,
    0x0, 0x24, 0x10, 0x0, 0xa1, 0x80, 0x77, 0x6,
    0xa0, 0x7, 0xff, 0x8, 0xb0, 0x2e, 0xcc, 0x64,
    0x91, 0xc8, 0x1, 0xf1, 0xfb, 0xac, 0xe6, 0xdb,
    0xab, 0x80, 0x7e, 0x18, 0xed, 0xbb, 0x67, 0xd9,
    0x80, 0x70,

    /* U+0041 "A" */
    0x0, 0xc9, 0xfe, 0xb0, 0xf, 0xee, 0x0, 0x20,
    0x80, 0x7e, 0x51, 0x60, 0x70, 0xf, 0x94, 0x13,
    0x42, 0x80, 0x3e, 0xe0, 0xf4, 0x3, 0x20, 0xe,
    0x14, 0x5, 0x5, 0x5, 0x0, 0xe7, 0x4, 0x0,
    0x78, 0x50, 0x7, 0x68, 0x68, 0x1, 0x0, 0x88,
    0x1, 0xa, 0x4, 0x66, 0x34, 0x1, 0x40, 0x13,
    0x80, 0x4, 0xce, 0x0, 0x28, 0x5, 0x41, 0x1f,
    0xfb, 0x80, 0x8c, 0x8, 0xc1, 0x40, 0x30, 0x98,
    0x50, 0x28, 0x11, 0x0, 0x3a, 0xc1, 0xc2, 0x81,
    0x40, 0x3c, 0xa0, 0x28,

    /* U+0042 "B" */
    0x1f, 0xff, 0x6c, 0x10, 0x7, 0x11, 0x98, 0x49,
    0xf4, 0x80, 0x34, 0xe6, 0x3b, 0x44, 0x2c, 0x3,
    0xf1, 0x20, 0x18, 0x7, 0xe2, 0x40, 0xe0, 0xd,
    0x17, 0x6d, 0xd0, 0x4a, 0x0, 0x63, 0x44, 0x10,
    0xf, 0x88, 0x6, 0xbf, 0xf7, 0x59, 0xb6, 0x0,
    0x7c, 0x29, 0xa0, 0x4a, 0x1, 0xf8, 0x48, 0x8,
    0x3, 0xf8, 0x80, 0x40, 0x3e, 0x1b, 0x0, 0x38,
    0x5, 0x39, 0x8e, 0xe2, 0x5, 0x8, 0x4, 0x46,
    0x61, 0x26, 0xd5, 0x0,

    /* U+0043 "C" */
    0x0, 0x8a, 0x77, 0xfa, 0xd0, 0x3, 0x46, 0xb1,
    0x0, 0xa5, 0xc0, 0x1, 0xdc, 0xb, 0x9f, 0xe9,
    0x1d, 0x1, 0x80, 0x6a, 0x30, 0x3, 0x72, 0x83,
    0x0, 0x24, 0x3, 0xf6, 0x2, 0x80, 0x7f, 0x30,
    0x10, 0x7, 0xff, 0x25, 0x80, 0x80, 0x3f, 0x8c,
    0x14, 0x3, 0xfa, 0x80, 0x12, 0x1, 0xc2, 0x20,
    0x27, 0x6, 0xa3, 0x1, 0x6f, 0xd0, 0x4, 0x30,
    0x2e, 0x7f, 0x48, 0xb0, 0x5, 0x38, 0xa2, 0x2,
    0x97, 0x40,

    /* U+0044 "D" */
    0x1f, 0xfd, 0xdb, 0x26, 0x1, 0xe1, 0x21, 0x26,
    0xc9, 0x0, 0xea, 0xdf, 0xd6, 0x6, 0x90, 0xf,
    0x8a, 0x5c, 0x18, 0x80, 0x3f, 0x40, 0x2, 0x80,
    0x3f, 0x90, 0xc, 0x3, 0xf8, 0x81, 0x80, 0x3f,
    0xe1, 0x0, 0xfe, 0x20, 0x70, 0xf, 0xe4, 0xc,
    0x0, 0xfd, 0x0, 0x5, 0x0, 0xf1, 0x53, 0x83,
    0x90, 0x5, 0x5b, 0xfa, 0xa0, 0xd0, 0x1, 0x84,
    0x80, 0x9b, 0x24, 0x0,

    /* U+0045 "E" */
    0x1f, 0xff, 0xd4, 0x1, 0x8, 0xf8, 0xc0, 0x2a,
    0xee, 0xe9, 0x0, 0xff, 0xe5, 0xdf, 0x76, 0x90,
    0xe, 0x11, 0xc6, 0x1, 0xaf, 0xff, 0x50, 0x7,
    0xff, 0x82, 0xff, 0xfb, 0x0, 0x3f, 0x84,

    /* U+0046 "F" */
    0x1f, 0xff, 0xd4, 0x1, 0x8, 0xf8, 0xc0, 0x2a,
    0xee, 0xe9, 0x0, 0xff, 0xea, 0xdf, 0xfe, 0xb0,
    0xc, 0x23, 0xe0, 0xd, 0x5d, 0xda, 0x80, 0x3f,
    0xfc, 0xe0,

    /* U+0047 "G" */
    0x0, 0x8a, 0x37, 0xfd, 0xae, 0x1, 0x9f, 0x5c,
    0x80, 0x5, 0x1a, 0x20, 0xd0, 0x9, 0x7f, 0xec,
    0x57, 0x11, 0x48, 0x2d, 0xa0, 0x0, 0xea, 0x80,
    0xc0, 0xb, 0x0, 0xfd, 0x80, 0x82, 0x1, 0xf9,
    0x80, 0xc0, 0x25, 0xee, 0xd0, 0x0, 0x10, 0x8,
    0xc4, 0x79, 0x80, 0x80, 0x26, 0xff, 0x38, 0x3,
    0x1, 0x0, 0x3f, 0x98, 0x1, 0x40, 0x1f, 0x86,
    0x1, 0x6d, 0x0, 0x6, 0x80, 0x13, 0xc0, 0x25,
    0xff, 0xb0, 0xc3, 0x0, 0xf, 0xac, 0x40, 0x2,
    0x7e, 0x50,

    /* U+0048 "H" */
    0x1f, 0xf2, 0x0, 0x73, 0xff, 0x0, 0x7f, 0xf9,
    0xef, 0xff, 0xa0, 0x3, 0xff, 0x8b, 0x7f, 0xfd,
    0x0, 0x1f, 0xff, 0xe0,

    /* U+0049 "I" */
    0x1f, 0xf2, 0x0, 0x7f, 0xfa, 0x0,

    /* U+004A "J" */
    0x0, 0xf1, 0xff, 0x88, 0x3, 0xff, 0xfe, 0x1,
    0xff, 0xc4, 0x12, 0x0, 0x98, 0x0, 0x44, 0xfc,
    0x40, 0x28, 0x3, 0x2, 0x51, 0xbf, 0xd2, 0x8,
    0x0, 0x5c, 0x10, 0xa, 0x62, 0x0,

    /* U+004B "K" */
    0x1f, 0xf2, 0x0, 0x68, 0xfe, 0x20, 0xf, 0xca,
    0xe1, 0x44, 0x1, 0xf1, 0xd0, 0x4a, 0x0, 0x7c,
    0x5a, 0xe, 0xc0, 0x1f, 0xbc, 0x52, 0x0, 0x3f,
    0x59, 0x5, 0x0, 0x7e, 0x84, 0x0, 0x40, 0x7,
    0xe3, 0x8, 0x6, 0x30, 0xf, 0xd2, 0xea, 0x1c,
    0x1, 0xf3, 0xb0, 0x58, 0x13, 0x80, 0x7b, 0x0,
    0x3, 0x21, 0x4, 0x1, 0xfc, 0xc4, 0x12, 0x1,
    0xfe, 0xe0, 0x45, 0x0, 0xfe, 0x36, 0xb, 0x0,

    /* U+004C "L" */
    0x1f, 0xf2, 0x0, 0x7f, 0xff, 0xc0, 0x3f, 0xfc,
    0x17, 0xff, 0xce, 0x1, 0xfd, 0xe0,

    /* U+004D "M" */
    0x1f, 0xf6, 0x80, 0x78, 0xff, 0xd6, 0x1, 0x11,
    0x80, 0x75, 0x0, 0x7d, 0x40, 0x1c, 0xe0, 0x1c,
    0x62, 0xe0, 0x19, 0x45, 0x0, 0x31, 0x30, 0xa8,
    0x5, 0xc1, 0x80, 0x18, 0x6c, 0x38, 0x0, 0x28,
    0x81, 0x0, 0xe3, 0x32, 0x8, 0x30, 0x70, 0x80,
    0x7a, 0x81, 0x82, 0xc1, 0x40, 0x3e, 0x70, 0xb2,
    0x36, 0x0, 0xfc, 0x2a, 0x70, 0x14, 0x1, 0xfd,
    0xc0, 0xa4, 0x60, 0x1f, 0xc8, 0x41, 0x60, 0x1f,
    0xf4, 0x2b, 0x80, 0x7f, 0xcb, 0x42, 0x1, 0xc0,

    /* U+004E "N" */
    0x1f, 0xf4, 0x80, 0x73, 0xfd, 0x80, 0x4c, 0x60,
    0x1f, 0xf7, 0x80, 0x7f, 0xa, 0x1b, 0x0, 0x7e,
    0x18, 0x8, 0x10, 0xf, 0xc6, 0xa3, 0x0, 0x1f,
    0x86, 0xc1, 0x88, 0x3, 0xe3, 0x18, 0xe, 0x0,
    0xfe, 0x72, 0x35, 0x10, 0xf, 0xd2, 0x10, 0x60,
    0x1f, 0x91, 0x5, 0x80, 0x1f, 0xd2, 0xc, 0x1,
    0xfc, 0x4e, 0x1, 0xff, 0x40, 0x80, 0x0,

    /* U+004F "O" */
    0x0, 0x92, 0xbb, 0xfa, 0xd0, 0x3, 0xa6, 0xd4,
    0x40, 0x52, 0xe8, 0x2, 0x86, 0x6, 0xdf, 0xe7,
    0x5, 0x90, 0x27, 0x7, 0x92, 0x1, 0x89, 0x6,
    0x3a, 0x1, 0x80, 0xe, 0x62, 0xa, 0x30, 0x40,
    0xf, 0x90, 0x15, 0x80, 0x80, 0x3e, 0xe0, 0x20,
    0xf, 0xfe, 0xb, 0x1, 0x0, 0x7d, 0xc0, 0x58,
    0xa, 0x1, 0xf3, 0x82, 0x28, 0x2, 0x0, 0x39,
    0xc4, 0x28, 0x9c, 0x1e, 0x48, 0xa, 0x20, 0xc,
    0x41, 0xc, 0xd, 0xbf, 0xae, 0xb, 0x20, 0x14,
    0xda, 0x88, 0xa, 0x5d, 0x0, 0x0,

    /* U+0050 "P" */
    0x1f, 0xfe, 0xec, 0x71, 0x0, 0xe2, 0x28, 0x4e,
    0x3c, 0x80, 0x34, 0xee, 0xbe, 0xc4, 0x50, 0x1,
    0xf9, 0x20, 0x14, 0x3, 0xf8, 0xc0, 0x3f, 0xed,
    0x1, 0x0, 0xf8, 0x9d, 0xc1, 0x20, 0x1a, 0xff,
    0xdb, 0x0, 0xae, 0x1, 0x84, 0x88, 0x6d, 0x74,
    0x1, 0xd5, 0xba, 0xc9, 0x40, 0xf, 0xff, 0x38,

    /* U+0051 "Q" */
    0x0, 0x92, 0xbb, 0xfa, 0xd0, 0x3, 0xd3, 0x6a,
    0x20, 0x29, 0x74, 0x1, 0xa1, 0x81, 0xb7, 0xf9,
    0xc1, 0x64, 0x0, 0x4e, 0xf, 0x24, 0x3, 0x12,
    0xc, 0x61, 0x40, 0x30, 0x1, 0xcc, 0x41, 0x40,
    0x60, 0x80, 0x1f, 0x20, 0x28, 0x30, 0x10, 0x7,
    0xdc, 0x4, 0x1, 0xff, 0xc3, 0x60, 0x20, 0xf,
    0xb8, 0x8, 0x30, 0x10, 0x3, 0xe4, 0x4, 0x5,
    0x1, 0x70, 0xe, 0x62, 0xa, 0x2, 0x70, 0x87,
    0x0, 0x9e, 0x41, 0x88, 0x1, 0xc, 0x11, 0xfd,
    0xf0, 0xb, 0x20, 0x1a, 0x6d, 0x40, 0x41, 0x2e,
    0x80, 0x3c, 0x95, 0x60, 0xf, 0x40, 0xf, 0xe4,
    0x50, 0xb7, 0x10, 0x20, 0xf, 0xa9, 0x42, 0x3b,
    0xf4, 0xc0, 0x3e, 0xab, 0x52, 0x22, 0x0,

    /* U+0052 "R" */
    0x1f, 0xff, 0x6c, 0x90, 0x7, 0x11, 0x42, 0x4d,
    0xa8, 0x1, 0xa7, 0x75, 0xda, 0x61, 0x20, 0x1f,
    0x8a, 0x0, 0x80, 0x3f, 0x84, 0x3, 0xfc, 0x70,
    0x8, 0x1, 0xa7, 0x75, 0xf8, 0x43, 0x20, 0x18,
    0x8a, 0x0, 0x3f, 0x90, 0x6, 0xbf, 0xe0, 0x7,
    0x8, 0x7, 0xc2, 0xe1, 0x2, 0x1, 0xfa, 0x4,
    0x50, 0x1, 0xfd, 0x0, 0xc4, 0x1, 0xf9, 0x88,
    0x24, 0x3, 0xfa, 0x41, 0x10,

    /* U+0053 "S" */
    0x0, 0x92, 0xfb, 0xfa, 0x48, 0x3, 0x45, 0xa0,
    0x80, 0xb6, 0xb0, 0x0, 0x9c, 0x1b, 0xbf, 0xa0,
    0x48, 0x0, 0x80, 0x9, 0x10, 0x17, 0xe4, 0x0,
    0x18, 0x1, 0x0, 0x3f, 0x29, 0x85, 0xc9, 0x80,
    0x7d, 0x8a, 0xd, 0x9a, 0xc0, 0x1e, 0xad, 0x71,
    0x29, 0xd3, 0x0, 0xe2, 0x8e, 0x91, 0x2d, 0x0,
    0xfc, 0xda, 0x2, 0x60, 0x5, 0x0, 0xe1, 0x0,
    0xd7, 0x58, 0x80, 0x3, 0xe0, 0x13, 0xd, 0x3,
    0xbf, 0xf6, 0x18, 0x50, 0x1, 0xb9, 0xcc, 0x0,
    0x4d, 0xa8, 0x0,

    /* U+0054 "T" */
    0x6f, 0xff, 0xf4, 0x98, 0x8e, 0x0, 0x8, 0xf2,
    0xf7, 0x5e, 0x0, 0xae, 0xea, 0x0, 0x3f, 0xff,
    0xe0, 0x1f, 0xfe, 0xd0,

    /* U+0055 "U" */
    0x2f, 0xf1, 0x80, 0x73, 0xfe, 0x0, 0x7f, 0xff,
    0xc0, 0x3f, 0x8c, 0x3, 0xfe, 0x10, 0x3, 0x0,
    0x77, 0x3, 0x1, 0x87, 0x0, 0x73, 0x86, 0x85,
    0x2, 0x40, 0x81, 0x58, 0x83, 0x3, 0x28, 0x3f,
    0x7e, 0xa0, 0x50, 0x80, 0x2a, 0x4c, 0x0, 0x2b,
    0x8a, 0x0,

    /* U+0056 "V" */
    0xe, 0xf9, 0x0, 0xf4, 0xfe, 0x3, 0x2, 0x0,
    0x79, 0xc2, 0xc2, 0xc0, 0x88, 0x1, 0x88, 0x41,
    0x80, 0xc4, 0x14, 0x3, 0x28, 0x18, 0x80, 0x1c,
    0x2c, 0x3, 0x58, 0x58, 0x5, 0x40, 0x62, 0x0,
    0x13, 0x6, 0x0, 0x8c, 0x41, 0x0, 0x8, 0x6,
    0x20, 0x19, 0xc3, 0xc0, 0x1e, 0x16, 0x1, 0xd4,
    0xa, 0x0, 0x50, 0x50, 0xe, 0x31, 0x4, 0x40,
    0x19, 0x0, 0x79, 0xc3, 0x34, 0x2c, 0x3, 0xed,
    0x5, 0x40, 0x50, 0xf, 0x90, 0x48, 0x86, 0x40,
    0x1f, 0x9c, 0x1, 0x60, 0x18,

    /* U+0057 "W" */
    0x7f, 0xe0, 0xc, 0x5f, 0xe2, 0x0, 0xdd, 0xe8,
    0x80, 0x12, 0x0, 0x90, 0x0, 0x80, 0x10, 0x88,
    0x14, 0xc0, 0xe, 0x1, 0x60, 0x3, 0x40, 0x25,
    0x1, 0x10, 0x18, 0x68, 0x4, 0x86, 0x28, 0x1,
    0x18, 0x20, 0x1, 0x40, 0xc0, 0x4, 0x2a, 0xa0,
    0x30, 0x6, 0x86, 0x80, 0x3c, 0x14, 0x0, 0xa1,
    0x86, 0x8, 0x0, 0x40, 0x30, 0x2, 0x0, 0x88,
    0x30, 0x1f, 0x3, 0x0, 0x44, 0x8, 0x0, 0x20,
    0x2, 0x82, 0x9, 0x20, 0x20, 0x28, 0x10, 0x6,
    0x40, 0x22, 0x2, 0x0, 0xc, 0xc, 0x81, 0xc0,
    0x31, 0x87, 0xa0, 0x60, 0x1, 0x1, 0x7c, 0x30,
    0x3, 0x60, 0x2f, 0x82, 0x0, 0x30, 0x31, 0x41,
    0x40, 0x32, 0x81, 0xa0, 0x90, 0x1, 0x1, 0x8,
    0xc, 0x3, 0x8, 0x80, 0x90, 0x3, 0x20, 0x88,
    0xc0, 0x3c, 0x80, 0xc, 0x0, 0xd8, 0x0, 0x50,
    0x8,

    /* U+0058 "X" */
    0x2f, 0xf3, 0x0, 0x65, 0xff, 0x9, 0x38, 0x40,
    0x6, 0x80, 0x81, 0x8, 0x11, 0x40, 0x1, 0x88,
    0x5c, 0x2, 0x80, 0x71, 0x8, 0xb, 0x0, 0xcc,
    0x61, 0xc, 0x26, 0xa0, 0x1d, 0xe0, 0xd0, 0x1e,
    0x1, 0xe3, 0x50, 0x15, 0x30, 0xf, 0x9c, 0x0,
    0xc0, 0x1f, 0x39, 0x20, 0x9a, 0x80, 0x70, 0xc0,
    0x44, 0x85, 0x80, 0x75, 0x82, 0x9b, 0x88, 0xa0,
    0x2, 0x35, 0x8, 0x0, 0x58, 0x39, 0x0, 0x3c,
    0x18, 0x80, 0xa, 0x61, 0x20, 0xc6, 0x10, 0x1,
    0xbc, 0x11, 0x40,

    /* U+0059 "Y" */
    0xc, 0xfa, 0x0, 0xe8, 0xfd, 0x0, 0x40, 0x28,
    0x80, 0x67, 0x8, 0x0, 0x21, 0x84, 0x0, 0x4e,
    0x4, 0xa0, 0x14, 0x3, 0x8, 0x2, 0x42, 0x0,
    0x32, 0x18, 0x30, 0x30, 0x92, 0x80, 0x74, 0x4,
    0x85, 0x84, 0x0, 0x79, 0xc, 0x68, 0x8d, 0x40,
    0x3e, 0x80, 0x50, 0x80, 0xf, 0xc8, 0x60, 0x48,
    0x1, 0xfc, 0xc0, 0xc0, 0x1f, 0xfe, 0xd0,

    /* U+005A "Z" */
    0x6, 0xff, 0xfe, 0x30, 0x31, 0x1f, 0x0, 0x44,
    0xb, 0xdd, 0xd8, 0x0, 0x91, 0x0, 0xfb, 0x81,
    0x18, 0x3, 0xe7, 0x31, 0xa0, 0xf, 0x8e, 0x2,
    0xc4, 0x3, 0xee, 0x5, 0x50, 0x7, 0xd0, 0x43,
    0x60, 0x1f, 0x1b, 0x85, 0x8, 0x7, 0xdc, 0xc,
    0x80, 0x1f, 0x49, 0x12, 0x40, 0x3e, 0x46, 0xe,
    0x0, 0xfd, 0x40, 0xc, 0xff, 0xf1, 0x88, 0x80,
    0x3f, 0x9c,

    /* U+005B "[" */
    0xef, 0xf9, 0x40, 0xae, 0xc8, 0x2, 0x88, 0x10,
    0xf, 0xff, 0xf8, 0x1f, 0xf9, 0x73, 0x32, 0x0,

    /* U+005C "\\" */
    0x6f, 0x20, 0xe, 0x40, 0x40, 0xe, 0x22, 0x68,
    0x7, 0x95, 0x0, 0x3d, 0x80, 0x80, 0x1c, 0x81,
    0xa0, 0x1e, 0x47, 0x0, 0xf6, 0x89, 0x80, 0x73,
    0x82, 0x0, 0x70, 0x95, 0x80, 0x79, 0x4c, 0x40,
    0x3a, 0xc1, 0x0, 0x38, 0xc7, 0xc0, 0x3c, 0x88,
    0x0, 0xf7, 0x89, 0x80, 0x72, 0x5, 0x80, 0x70,
    0x9a, 0x80, 0x7a, 0xc8, 0x40, 0x39, 0x1, 0xc0,

    /* U+005D "]" */
    0x3f, 0xfc, 0x7, 0x76, 0x30, 0x9, 0x10, 0xe0,
    0x1f, 0xff, 0xf0, 0xf, 0xfe, 0x29, 0xff, 0x90,
    0x0, 0x79, 0x98, 0x0,

    /* U+005E "^" */
    0x0, 0x8e, 0x18, 0x3, 0xe8, 0x79, 0x10, 0xe,
    0x14, 0x10, 0x60, 0xe, 0x60, 0xb1, 0x90, 0xe,
    0x91, 0x56, 0x14, 0x0, 0x90, 0x5c, 0x28, 0x3c,
    0x2, 0xf0, 0xa0, 0x23, 0x41, 0x1, 0x43, 0x30,
    0x2, 0x82, 0x42, 0x42, 0x80, 0x27, 0x6, 0x0,

    /* U+005F "_" */
    0x11, 0xff, 0xab, 0xbb, 0xfd, 0x17, 0x7f, 0xe0,

    /* U+0060 "`" */
    0x0, 0x10, 0x6, 0xcc, 0x8, 0x0, 0x46, 0xc0,
    0x0, 0xe9, 0x95, 0x80, 0x58, 0x88, 0x30, 0xa,
    0xf0, 0xc0,

    /* U+0061 "a" */
    0x1, 0x8c, 0xff, 0x59, 0x81, 0xf3, 0x99, 0x2,
    0x61, 0x99, 0x6b, 0xf7, 0x8c, 0x24, 0x29, 0x40,
    0x3, 0x40, 0x80, 0x1, 0x59, 0xc8, 0x1, 0x8,
    0xea, 0x76, 0x40, 0x3, 0xb8, 0x73, 0xab, 0xc0,
    0x14, 0x10, 0x60, 0x1f, 0x70, 0x0, 0xa0, 0x1,
    0x40, 0xfb, 0xb0, 0x80, 0x1e, 0x4, 0x82, 0x70,
    0x0,

    /* U+0062 "b" */
    0x4f, 0xf0, 0x7, 0xff, 0x80, 0x63, 0xbf, 0x14,
    0x3, 0xbd, 0xc0, 0x7, 0x4e, 0x1, 0x97, 0x7b,
    0xd4, 0x20, 0x40, 0x2b, 0x20, 0x5, 0x80, 0x10,
    0x3, 0xe1, 0x20, 0xd0, 0xf, 0xc2, 0x2, 0x1,
    0xf8, 0x83, 0x80, 0x3e, 0x31, 0x4, 0x0, 0xa0,
    0x40, 0xb8, 0x8, 0xc0, 0x2, 0xfd, 0xcd, 0x21,
    0xf0, 0x9, 0x31, 0x4, 0x4b, 0x84, 0x0,

    /* U+0063 "c" */
    0x0, 0x8e, 0xbb, 0xf5, 0xc0, 0x26, 0xc5, 0x11,
    0x14, 0x28, 0x1c, 0x82, 0xf7, 0x52, 0xa1, 0x0,
    0x54, 0x20, 0x2c, 0x0, 0x50, 0xa0, 0xf, 0x84,
    0x8, 0x3, 0xf8, 0x80, 0x3e, 0x40, 0xb0, 0xf,
    0xbc, 0xe, 0x44, 0x6, 0x4, 0x11, 0xc1, 0xbb,
    0xa7, 0x80, 0x4, 0x5a, 0x8, 0x8a, 0x24,

    /* U+0064 "d" */
    0x0, 0xf9, 0xbf, 0x80, 0x3f, 0xfa, 0x8b, 0x9f,
    0xd0, 0x1, 0xa2, 0x8c, 0x5, 0xe4, 0x0, 0x6e,
    0xd, 0xfe, 0xd3, 0x0, 0x48, 0x1c, 0x80, 0xa,
    0x80, 0x8, 0x16, 0x1, 0xf0, 0x80, 0x80, 0x7c,
    0x20, 0x20, 0x1f, 0x28, 0x60, 0x7, 0xda, 0x8,
    0xe0, 0x4, 0x80, 0x3, 0x20, 0x47, 0xfa, 0xcc,
    0x2, 0xb7, 0x20, 0x28, 0xc0, 0x0,

    /* U+0065 "e" */
    0x0, 0x92, 0xff, 0xd8, 0x80, 0x19, 0xed, 0x8,
    0x87, 0x6c, 0x0, 0x38, 0xb, 0xdd, 0x58, 0x48,
    0x2, 0x2, 0x10, 0x0, 0x8a, 0xa, 0x8, 0x1b,
    0x33, 0x98, 0x8, 0x2, 0x56, 0x6c, 0x60, 0x20,
    0x15, 0x7f, 0xf9, 0x81, 0x3, 0xc0, 0x3f, 0x78,
    0x2b, 0x80, 0x46, 0x60, 0x2, 0x40, 0x47, 0x67,
    0x67, 0x80, 0x4f, 0x8a, 0x6, 0xd, 0xc0,

    /* U+0066 "f" */
    0x0, 0x9b, 0x7f, 0x94, 0x0, 0xd2, 0x42, 0xc,
    0x0, 0xd0, 0x4e, 0xe1, 0x80, 0x18, 0x30, 0x2,
    0x5e, 0x20, 0x8f, 0xa0, 0x13, 0x0, 0x88, 0x80,
    0x9a, 0x21, 0x3b, 0x0, 0x1f, 0xff, 0x50,

    /* U+0067 "g" */
    0x0, 0x14, 0xf7, 0xff, 0x84, 0xb, 0x18, 0xd4,
    0xc0, 0x8, 0x81, 0xb, 0x14, 0xda, 0xc6, 0xc,
    0xb0, 0xc, 0x40, 0x17, 0x86, 0x80, 0x54, 0xc,
    0xc2, 0x58, 0xc, 0x0, 0x8e, 0x2, 0x76, 0x86,
    0x18, 0x2, 0x19, 0x3d, 0xbc, 0xf7, 0x0, 0xce,
    0x36, 0x48, 0x60, 0x1f, 0xb0, 0x3, 0xf9, 0xc1,
    0x3b, 0x32, 0xb7, 0x10, 0x0, 0xa0, 0x9, 0x9c,
    0x91, 0xe0, 0xb, 0x4c, 0xff, 0xd6, 0x2, 0x60,
    0x80, 0x40, 0x1f, 0x10, 0x20, 0x7c, 0xc4, 0x2e,
    0xc1, 0x42, 0x17, 0x4, 0xce, 0xce, 0xee, 0x50,

    /* U+0068 "h" */
    0x4f, 0xf0, 0x7, 0xff, 0x75, 0xf7, 0xf5, 0x80,
    0x35, 0xc1, 0x1, 0x49, 0x80, 0x4b, 0x7f, 0xa2,
    0x12, 0x1, 0x62, 0x1, 0x30, 0x30, 0x4, 0x40,
    0x17, 0x0, 0x80, 0x7f, 0x18, 0x7, 0xff, 0x98,

    /* U+0069 "i" */
    0x3e, 0xd1, 0x41, 0x25, 0x66, 0x3a, 0xc, 0xc0,
    0x27, 0xf8, 0x3, 0xff, 0xba,

    /* U+006A "j" */
    0x0, 0x1f, 0x68, 0x80, 0x10, 0x49, 0x40, 0xc,
    0xc7, 0x40, 0x0, 0xcc, 0x0, 0x49, 0xfe, 0x10,
    0xf, 0xff, 0xa8, 0x80, 0xc, 0x4, 0x27, 0x60,
    0x18, 0x8, 0x82, 0xd0, 0x0,

    /* U+006B "k" */
    0x4f, 0xf0, 0x7, 0xff, 0x8c, 0xbb, 0xdc, 0x3,
    0xef, 0x15, 0x70, 0xf, 0x51, 0x1d, 0x0, 0x79,
    0xd4, 0x74, 0x3, 0xc9, 0x1, 0x62, 0x1, 0xea,
    0x0, 0x48, 0x7, 0xc3, 0x4, 0x6e, 0x1, 0xe7,
    0x74, 0x84, 0x10, 0x7, 0x40, 0x22, 0x84, 0x80,
    0x7e, 0xb0, 0x45, 0x0, 0xf8, 0x60, 0x2c, 0x40,

    /* U+006C "l" */
    0x4f, 0xf0, 0x7, 0xff, 0xb5, 0xc0, 0x2, 0x4,
    0x0, 0xf0, 0x18, 0x11, 0x10,

    /* U+006D "m" */
    0x4f, 0xa0, 0x7e, 0xfc, 0x30, 0x2a, 0xfe, 0x90,
    0xc, 0xf7, 0x2, 0x7, 0x8b, 0xaa, 0x2, 0xd2,
    0x1, 0x13, 0x5f, 0xd8, 0x2, 0x97, 0xbd, 0x41,
    0x80, 0x37, 0xa0, 0x21, 0x82, 0x50, 0x84, 0x0,
    0x8, 0x2, 0x20, 0x9, 0x80, 0x40, 0x23, 0x0,
    0x30, 0x7, 0xff, 0xfc, 0x3, 0xff, 0x9e,

    /* U+006E "n" */
    0x4f, 0xa0, 0x7d, 0xfd, 0x60, 0x9, 0xee, 0x8,
    0xa, 0x4c, 0x0, 0x4b, 0x7f, 0xa2, 0x12, 0x1,
    0x62, 0x1, 0x30, 0x30, 0x4, 0x40, 0x17, 0x0,
    0x80, 0x7f, 0x18, 0x7, 0xff, 0x98,

    /* U+006F "o" */
    0x0, 0x8e, 0xfb, 0xf1, 0x80, 0x39, 0xf1, 0x4,
    0x47, 0x36, 0x1, 0x24, 0x4, 0x7f, 0x58, 0x24,
    0x0, 0x3c, 0xd, 0xc0, 0x9, 0x0, 0xe0, 0x5,
    0xb, 0x0, 0xca, 0x0, 0x30, 0x10, 0x20, 0xc,
    0x60, 0x7, 0x1, 0x2, 0x0, 0xc6, 0x0, 0x70,
    0x50, 0xc0, 0xc, 0xa0, 0x26, 0x1e, 0x8, 0xe0,
    0x4, 0x80, 0x60, 0x2, 0x40, 0x47, 0xf5, 0x82,
    0x40, 0x4, 0xf8, 0x82, 0x23, 0x9b, 0x0, 0x0,

    /* U+0070 "p" */
    0x4f, 0xb1, 0x9e, 0xfc, 0x50, 0xc, 0xbe, 0xc0,
    0x3, 0xa7, 0x0, 0x84, 0xb7, 0xbd, 0x42, 0x4,
    0x2, 0xc2, 0x0, 0x58, 0x1, 0x0, 0x3e, 0x12,
    0xd, 0x0, 0xfc, 0x20, 0x20, 0x1f, 0x88, 0x38,
    0x3, 0xe3, 0x10, 0x40, 0xa, 0x4, 0xb, 0x80,
    0x8c, 0x2, 0x7e, 0xe6, 0x90, 0xf8, 0x6, 0xd5,
    0x11, 0x2e, 0x10, 0x6, 0x2a, 0xfe, 0xa2, 0x0,
    0xff, 0xeb, 0x80,

    /* U+0071 "q" */
    0x0, 0x2e, 0x7f, 0x49, 0x7f, 0x4, 0x51, 0x80,
    0xb6, 0x80, 0xd, 0xc1, 0xbf, 0xda, 0x60, 0x9,
    0x3, 0x90, 0x1, 0x50, 0x1, 0x2, 0xc0, 0x3e,
    0x10, 0x10, 0xf, 0x84, 0x4, 0x3, 0xe5, 0xc,
    0x0, 0xfb, 0x41, 0x1c, 0x0, 0x90, 0x0, 0x64,
    0x8, 0xff, 0x58, 0x6, 0xb7, 0x20, 0x29, 0x80,
    0xd, 0x1b, 0xfa, 0xc0, 0x1f, 0xfd, 0x50,

    /* U+0072 "r" */
    0x4f, 0xa0, 0x8e, 0xf2, 0x0, 0x35, 0x38, 0x88,
    0x80, 0x6, 0xb1, 0xde, 0x1, 0xa1, 0xc4, 0x40,
    0x19, 0x80, 0x3e, 0x10, 0xf, 0xff, 0x0,

    /* U+0073 "s" */
    0x0, 0x25, 0xff, 0xb1, 0xc0, 0x9, 0x68, 0x46,
    0x68, 0x60, 0xf0, 0x6d, 0xce, 0x96, 0x0, 0xf0,
    0xb0, 0x3, 0xc1, 0xb5, 0x80, 0x32, 0x61, 0x94,
    0xfb, 0x80, 0x47, 0x9a, 0xc1, 0x10, 0x0, 0xc5,
    0x30, 0xa, 0x12, 0xc0, 0x17, 0x80, 0x93, 0x4f,
    0x5e, 0xb8, 0x49, 0x6b, 0x1a, 0x1a, 0x5a, 0x80,

    /* U+0074 "t" */
    0x0, 0x47, 0xb0, 0x7, 0x10, 0x7, 0xc2, 0x1,
    0xcf, 0xe8, 0x13, 0xfe, 0x41, 0x20, 0x0, 0x91,
    0x1d, 0xb4, 0x42, 0x37, 0x46, 0x1, 0xff, 0xde,
    0x20, 0xd0, 0xe, 0xa0, 0x4e, 0xe2, 0x80, 0x1a,
    0x4, 0x46, 0x0,

    /* U+0075 "u" */
    0x6f, 0xe0, 0xd, 0x5f, 0x60, 0x1f, 0xff, 0x3,
    0x1, 0x0, 0xc2, 0x0, 0x60, 0x3, 0x80, 0xd2,
    0x0, 0xc, 0xc1, 0x1f, 0xca, 0xc0, 0x17, 0x20,
    0x1, 0x77, 0x40, 0x0,

    /* U+0076 "v" */
    0x8f, 0xc0, 0xe, 0xcf, 0x7b, 0x3, 0x10, 0x8,
    0x4c, 0x18, 0xc8, 0x1c, 0x2, 0x70, 0x31, 0xa,
    0xd, 0x0, 0xb4, 0x28, 0x0, 0xa0, 0x82, 0x2,
    0x80, 0xe0, 0x2, 0x30, 0x40, 0x40, 0x41, 0x0,
    0xac, 0x3c, 0x3c, 0x34, 0x3, 0x30, 0x20, 0x20,
    0x38, 0x6, 0x14, 0x17, 0x14, 0x10, 0xe, 0xd0,
    0x80, 0xe0, 0xf, 0x38, 0x4, 0xa0, 0x10,

    /* U+0077 "w" */
    0x5f, 0xf0, 0x6, 0xdf, 0x80, 0x9, 0x3f, 0x81,
    0x0, 0x6, 0x0, 0x12, 0x4, 0x0, 0xb0, 0x10,
    0x4, 0xc1, 0x0, 0xe, 0x4, 0x62, 0x0, 0x30,
    0xc0, 0x2, 0x6, 0x0, 0x30, 0x28, 0x10, 0x0,
    0x80, 0x80, 0xb, 0x4, 0x0, 0x21, 0xa0, 0x60,
    0x18, 0x9, 0x0, 0xc, 0x0, 0x64, 0x2a, 0x60,
    0x80, 0x80, 0xe0, 0x19, 0x1, 0x50, 0x30, 0x10,
    0x87, 0x43, 0x0, 0x36, 0x7, 0xe0, 0x20, 0x60,
    0x23, 0x82, 0x0, 0x65, 0x5, 0x72, 0x10, 0x40,
    0xf2, 0x20, 0x80, 0x62, 0x13, 0x24, 0x0, 0x18,
    0x28, 0x20, 0x7, 0x90, 0x1, 0x80, 0x12, 0x0,
    0x30, 0x2,

    /* U+0078 "x" */
    0x2f, 0xf2, 0x80, 0x57, 0xf4, 0x4, 0xe1, 0x60,
    0x3, 0x40, 0xb0, 0x4, 0x10, 0xc0, 0x40, 0x40,
    0x80, 0x52, 0xe, 0xa8, 0x4e, 0x1, 0x91, 0x82,
    0x82, 0x40, 0x3d, 0x80, 0x3, 0x40, 0xf, 0x40,
    0x0, 0xd0, 0x3, 0xa0, 0x9a, 0x42, 0x80, 0x31,
    0x38, 0x43, 0x10, 0xc8, 0x5, 0xc0, 0xe2, 0x1c,
    0xc, 0x60, 0xc6, 0x32, 0x0, 0x36, 0xe, 0x0,

    /* U+0079 "y" */
    0x8f, 0xc0, 0xe, 0xcf, 0x79, 0x3, 0x20, 0x8,
    0x4c, 0x18, 0x54, 0x28, 0x2, 0x70, 0x41, 0xe,
    0x6, 0x0, 0xb4, 0x38, 0x0, 0x84, 0x28, 0x2,
    0x80, 0xa0, 0x15, 0x87, 0x3, 0x82, 0x80, 0x66,
    0x5, 0xd, 0xe, 0x0, 0xe6, 0x5, 0x41, 0x40,
    0xe, 0xa0, 0xb0, 0x60, 0xf, 0x19, 0x84, 0x2c,
    0x3, 0xeb, 0x2, 0x30, 0xf, 0xb0, 0x28, 0x3,
    0xe6, 0x41, 0x60, 0xe, 0xbe, 0x90, 0xb1, 0x0,
    0xe5, 0x13, 0xb5, 0x0, 0xe0,

    /* U+007A "z" */
    0xa, 0xff, 0xf8, 0x40, 0x8b, 0x80, 0x4, 0x21,
    0x1b, 0xb4, 0x80, 0x38, 0x3, 0x86, 0x81, 0xcc,
    0x3, 0xac, 0x4e, 0x0, 0x39, 0x54, 0x1c, 0x1,
    0xc3, 0x61, 0x4, 0x1, 0xd4, 0x26, 0xe0, 0x1c,
    0xc8, 0x1c, 0x1, 0xc3, 0x20, 0xe, 0xcc, 0xc6,
    0xa0, 0x11, 0x9f, 0x38,

    /* U+007B "{" */
    0x0, 0xa3, 0xbd, 0x40, 0xa, 0xe7, 0x68, 0x0,
    0xd0, 0xb4, 0x10, 0xc, 0x60, 0x1b, 0xc0, 0xc0,
    0x30, 0x80, 0x78, 0xc0, 0x40, 0x31, 0x80, 0x80,
    0x47, 0x60, 0xa0, 0x3, 0xc2, 0x83, 0x0, 0x14,
    0x8c, 0x10, 0x0, 0x5a, 0x41, 0x0, 0x31, 0x0,
    0x80, 0x63, 0x1, 0x0, 0xc2, 0x1, 0xef, 0x3,
    0x0, 0xf1, 0x80, 0x6e, 0xd, 0x0, 0xcc, 0x69,
    0xea, 0x1, 0x66, 0xe2, 0x0,

    /* U+007C "|" */
    0xf9, 0x0, 0xff, 0xef, 0x0,

    /* U+007D "}" */
    0x3f, 0xe9, 0x0, 0x8e, 0xc9, 0x98, 0x1, 0x24,
    0x7, 0x80, 0x67, 0x3, 0x0, 0xce, 0x6, 0x1,
    0xe1, 0x0, 0xc2, 0x1e, 0x1, 0x84, 0x3c, 0x3,
    0x28, 0x32, 0x0, 0x43, 0x43, 0x6a, 0x0, 0x1b,
    0x8, 0x40, 0x2, 0x8b, 0xb8, 0x40, 0x2, 0x1e,
    0x1, 0xff, 0x8, 0x70, 0x7, 0xff, 0x1b, 0x43,
    0x80, 0x7, 0xec, 0x4c, 0x0, 0x3c, 0xdd, 0x8,
    0x0,

    /* U+007E "~" */
    0x0, 0x24, 0xc0, 0x80, 0x79, 0xad, 0x9f, 0xcc,
    0x7, 0x50, 0x25, 0x3a, 0xc3, 0x2f, 0xc9, 0x83,
    0x68, 0x53, 0xd5, 0xb, 0x8,

    /* U+00B0 "°" */
    0x0, 0x4f, 0x71, 0xc0, 0x14, 0x95, 0x70, 0xa0,
    0xb0, 0x8a, 0xdc, 0x0, 0x10, 0xe, 0x3f, 0x13,
    0x7c, 0xe, 0x6e, 0xc4, 0x70, 0x2d, 0xee, 0x50,
    0x0,

    /* U+00B7 "·" */
    0x1, 0x77, 0x8, 0x3, 0x22, 0x18, 0x8, 0x40,
    0x2, 0x46, 0x0, 0xcc, 0x54, 0x22, 0xa2,

    /* U+4E0A "上" */
    0x0, 0xfd, 0x7a, 0x20, 0x1f, 0xfc, 0x45, 0x23,
    0x0, 0xff, 0xff, 0x80, 0x7f, 0xf1, 0xf7, 0x7e,
    0x60, 0xf, 0xfe, 0x1, 0x17, 0x84, 0x3, 0xfe,
    0xce, 0xef, 0x38, 0x7, 0xfc, 0x23, 0xf0, 0x7,
    0xff, 0xfc, 0x3, 0xff, 0x96, 0x23, 0xf8, 0x4,
    0x7f, 0x93, 0xbb, 0xe0, 0x6, 0x77, 0x7d, 0x8e,
    0x45, 0xff, 0xc5, 0x60,

    /* U+4E0B "下" */
    0x46, 0x6f, 0xfe, 0x28, 0xfc, 0xcf, 0xff, 0x14,
    0xf9, 0xdf, 0xca, 0x0, 0x77, 0xfc, 0x6b, 0x11,
    0xe9, 0x2, 0x88, 0xfc, 0x20, 0x1f, 0xfd, 0x13,
    0x0, 0xff, 0xe2, 0x96, 0x59, 0x0, 0x7f, 0xf1,
    0x53, 0x64, 0x40, 0x3f, 0xf8, 0x25, 0xca, 0xd,
    0xea, 0x1, 0xff, 0xc1, 0x1a, 0xb2, 0x1a, 0xa0,
    0x7, 0xff, 0x9, 0x35, 0x80, 0x3f, 0xf8, 0xd3,
    0x74, 0x1, 0xff, 0xc5, 0x40, 0xf, 0xff, 0xf8,
    0x7, 0xff, 0x2c,

    /* U+4E0D "不" */
    0xa, 0xbb, 0xff, 0xe2, 0x28, 0x1, 0x13, 0xff,
    0x8a, 0x40, 0xc, 0xcf, 0xc8, 0x0, 0xcc, 0xf3,
    0x0, 0x8, 0xcf, 0xc0, 0x81, 0x46, 0x7e, 0x10,
    0xf, 0xee, 0x0, 0x28, 0x7, 0xff, 0xe, 0x88,
    0x8, 0x58, 0x3, 0xff, 0x83, 0x2a, 0x1, 0x6c,
    0xd8, 0x80, 0x7f, 0xa9, 0x81, 0x80, 0x78, 0x93,
    0xcc, 0x3, 0xf5, 0xa8, 0x56, 0x80, 0xb, 0x50,
    0x71, 0x80, 0x38, 0xf5, 0x2, 0x94, 0x3, 0xad,
    0x82, 0x64, 0x0, 0x19, 0xc2, 0x1c, 0x50, 0xf,
    0xa6, 0x1, 0xa8, 0x0, 0xe0, 0xbe, 0x60, 0x1f,
    0xcf, 0x20, 0x40, 0x3b, 0x74, 0x20, 0x1f, 0xf3,
    0x64, 0x0, 0xd, 0x0, 0x3f, 0xf8, 0x46, 0x1,
    0xff, 0xff, 0x0, 0xf8,

    /* U+4E2A "个" */
    0x0, 0xfe, 0x15, 0x0, 0xff, 0xe3, 0x5d, 0x38,
    0x7, 0xff, 0x11, 0xd4, 0x3c, 0x3, 0xff, 0x86,
    0xd0, 0x0, 0x78, 0x0, 0xff, 0xe0, 0xbc, 0x85,
    0xe0, 0x3c, 0x80, 0x7f, 0x86, 0xe0, 0x29, 0xf,
    0x5, 0xb0, 0x80, 0x3e, 0x6f, 0x41, 0xb5, 0x65,
    0x3c, 0x23, 0xd7, 0x0, 0xcb, 0xb2, 0x27, 0x88,
    0x13, 0x40, 0x58, 0xa1, 0x1c, 0xc0, 0x36, 0x41,
    0x18, 0x40, 0x1e, 0x1a, 0xa0, 0x8a, 0x48, 0x69,
    0xb9, 0xc0, 0x3f, 0xcb, 0xcf, 0x44, 0x9, 0x22,
    0x1, 0xff, 0xc1, 0x85, 0x0, 0xff, 0xff, 0x80,
    0x7f, 0xff, 0xc0, 0x3f, 0xe0,

    /* U+4E2D "中" */
    0x0, 0xfa, 0x68, 0x3, 0xff, 0x86, 0xea, 0x20,
    0x1f, 0xfc, 0xc2, 0x2f, 0x84, 0x8, 0xbe, 0xd,
    0xdf, 0x80, 0x19, 0xbb, 0xe1, 0x0, 0x22, 0x70,
    0x0, 0xd1, 0x30, 0x6, 0x1b, 0xbe, 0x10, 0xdb,
    0xbc, 0x20, 0x1f, 0xfe, 0xa1, 0xdd, 0xe1, 0xf,
    0xdd, 0xc2, 0x1, 0x88, 0xb8, 0x0, 0x24, 0x58,
    0x3, 0xbf, 0xf8, 0x1, 0xbf, 0xf8, 0x40, 0x19,
    0x80, 0xe, 0x10, 0x30, 0xd, 0x9a, 0x26, 0x60,
    0xf, 0xfe, 0x1, 0x10, 0x3, 0xff, 0xf2,

    /* U+4E3B "主" */
    0x0, 0xf0, 0xd2, 0x80, 0x7f, 0xf0, 0xdd, 0x6a,
    0x0, 0x3f, 0xf8, 0x4d, 0x62, 0xf6, 0x1, 0xff,
    0xc2, 0x4c, 0x14, 0x30, 0xf, 0xbf, 0xfe, 0xd1,
    0xc, 0xff, 0xe0, 0x0, 0x8f, 0xc0, 0x1, 0x1f,
    0x10, 0x3, 0xbb, 0xe0, 0x7, 0x77, 0xb4, 0x3,
    0xff, 0xc0, 0x20, 0x1, 0x0, 0xfe, 0xff, 0xee,
    0x0, 0x77, 0xff, 0x8, 0x4, 0x67, 0xc4, 0x0,
    0x23, 0x3e, 0x0, 0xd9, 0x9d, 0xa0, 0xd, 0xcc,
    0xe1, 0x0, 0xff, 0xf5, 0xf7, 0xff, 0xc0, 0xf,
    0xff, 0xc4, 0x23, 0xff, 0xc5,

    /* U+5065 "健" */
    0x0, 0xd8, 0xe0, 0x1f, 0x46, 0x80, 0x7e, 0x33,
    0x6c, 0xcb, 0x2c, 0x99, 0x8e, 0x4c, 0xd0, 0x80,
    0x6a, 0xc, 0x66, 0x1a, 0xc, 0xc8, 0x1, 0x33,
    0x10, 0x6, 0x71, 0x6f, 0xe0, 0x33, 0x7f, 0x94,
    0x3e, 0xc0, 0x39, 0x84, 0x2, 0x70, 0x96, 0x77,
    0x28, 0x3f, 0x84, 0x98, 0x2, 0x1, 0x0, 0x16,
    0x4b, 0x71, 0x0, 0x4, 0x20, 0x2d, 0x83, 0x88,
    0x18, 0x31, 0x40, 0x6f, 0xf9, 0x43, 0xec, 0x32,
    0x6, 0x0, 0x23, 0x90, 0xac, 0x3f, 0xf2, 0x87,
    0xd8, 0x4, 0x24, 0xc0, 0x5, 0x1, 0x3, 0x9,
    0x90, 0x2, 0x66, 0x20, 0x4, 0xc0, 0x1, 0xbf,
    0xa0, 0x5, 0x54, 0x40, 0xab, 0x0, 0x48, 0x1,
    0xa, 0x87, 0x0, 0xe6, 0x8, 0x33, 0x27, 0x0,
    0xf3, 0x50, 0x29, 0x9b, 0x30, 0x41, 0x99, 0x38,
    0x7, 0x94, 0x18, 0xd1, 0x51, 0x4, 0x8, 0x93,
    0x0, 0x78, 0x8e, 0x43, 0x3a, 0x20, 0x0, 0x88,
    0xc0, 0x1f, 0x40, 0x1, 0x2f, 0xfc, 0xa1, 0xff,
    0x80, 0x3e, 0x70, 0x2, 0x80, 0x7f, 0xf1, 0x3c,
    0x6, 0xa8, 0x61, 0x18, 0x1, 0xfe, 0xa3, 0xae,
    0x55, 0x67, 0x72, 0x26, 0x72, 0x0, 0x63, 0x18,
    0x50, 0xad, 0x75, 0x24, 0x66, 0xca, 0x0, 0x1f,
    0xab, 0x70, 0x8, 0xa2, 0xfb, 0xff, 0x84,

    /* U+50A8 "储" */
    0x0, 0xd6, 0xa0, 0x1e, 0x8c, 0x0, 0x84, 0x3,
    0x99, 0x9, 0x88, 0x3, 0x11, 0x88, 0x3, 0x38,
    0x3, 0x68, 0x24, 0x61, 0x5, 0x51, 0x42, 0xa8,
    0xe5, 0x20, 0x11, 0x21, 0x9b, 0x47, 0xc1, 0x54,
    0x0, 0x45, 0x80, 0x70, 0xa, 0x42, 0x80, 0xed,
    0xc7, 0xfc, 0xa1, 0xd2, 0xe, 0x1, 0x12, 0x3,
    0x80, 0x12, 0x84, 0x66, 0x5, 0x91, 0x91, 0x0,
    0x48, 0x5, 0x7b, 0xed, 0x5d, 0xc3, 0xb, 0x1,
    0xee, 0x23, 0x20, 0x4, 0x84, 0x1d, 0xa6, 0x70,
    0x4, 0x67, 0x38, 0x81, 0x0, 0x3f, 0x40, 0xf,
    0x98, 0x50, 0x5f, 0xcc, 0x8d, 0xd9, 0x40, 0x23,
    0x0, 0xd6, 0xc9, 0x60, 0x1e, 0x90, 0xf, 0x8f,
    0x50, 0x13, 0xbf, 0xe8, 0x0, 0xff, 0x79, 0x0,
    0xbb, 0xcc, 0x1, 0xff, 0xc0, 0xdc, 0x33, 0x44,
    0x56, 0x1, 0xff, 0xc0, 0x13, 0x2, 0xff, 0xb4,
    0x3, 0xfe, 0x2a, 0x40, 0x4, 0xcc, 0xe0, 0x1f,
    0xca, 0xa, 0xa1, 0x2, 0x66, 0xa8, 0x3, 0xfa,
    0xc0, 0x75, 0x40, 0xbf, 0xed, 0x0, 0xfe, 0x67,
    0xe2, 0x0, 0x99, 0xa3, 0x0, 0xfe, 0x98, 0x0,
    0xc5, 0x33, 0x70, 0x7, 0x47, 0x8, 0x7, 0xb3,
    0x0, 0x11, 0x7c, 0x0,

    /* U+5185 "内" */
    0x0, 0xfc, 0x22, 0x0, 0xff, 0xe2, 0x7f, 0x0,
    0x7f, 0xf8, 0x6e, 0xfe, 0x10, 0xcb, 0xbd, 0xf6,
    0x2, 0x89, 0xf0, 0x0, 0xd1, 0x30, 0x20, 0x4,
    0x5b, 0xbc, 0x0, 0xdd, 0xe0, 0xf, 0x11, 0x70,
    0x9, 0x17, 0x80, 0x3f, 0x8c, 0x4, 0x3, 0xff,
    0x86, 0x80, 0x7, 0x0, 0xff, 0xe1, 0x48, 0x2,
    0x1c, 0x3, 0xff, 0x81, 0x2, 0x9a, 0x30, 0xe0,
    0x1f, 0xe5, 0x70, 0x92, 0xd0, 0x85, 0x0, 0xfc,
    0xf4, 0x14, 0x40, 0x76, 0x14, 0x60, 0x1e, 0x98,
    0xa, 0x50, 0x9, 0x20, 0x2c, 0x3, 0xd2, 0xb8,
    0xa0, 0x1c, 0xf7, 0x0, 0x1f, 0x51, 0x80, 0x7c,
    0x80, 0x1f, 0xfd, 0x51, 0xee, 0x88, 0x40, 0x3f,
    0xf8, 0x2, 0x42, 0x7, 0x40,

    /* U+5206 "分" */
    0x0, 0xf3, 0x20, 0x6, 0x37, 0x0, 0xff, 0x8a,
    0x6c, 0x40, 0x2e, 0x83, 0x0, 0xff, 0x40, 0x28,
    0x80, 0x50, 0x1e, 0x1, 0xfc, 0x6a, 0x10, 0x1,
    0x94, 0xcd, 0x0, 0x1f, 0xe, 0x83, 0x90, 0x7,
    0x70, 0x3a, 0x0, 0x7a, 0x84, 0xe0, 0x3, 0xc5,
    0x1, 0x64, 0x1, 0xa5, 0x3, 0x80, 0x3f, 0x3a,
    0x86, 0x10, 0x2, 0x98, 0xa, 0xa2, 0x3f, 0x69,
    0x0, 0xe0, 0x81, 0x3, 0x93, 0xbf, 0xf1, 0x3c,
    0x94, 0x8, 0x46, 0xcc, 0xe0, 0x2, 0x4c, 0xe0,
    0x2, 0xeb, 0x0, 0x44, 0x2c, 0xd1, 0x4, 0xb3,
    0x63, 0x0, 0xff, 0xe0, 0x10, 0x10, 0x6, 0x10,
    0x10, 0xf, 0xe5, 0x4, 0x0, 0xf8, 0xc0, 0x3f,
    0xa4, 0x34, 0x3, 0x88, 0x4, 0x3, 0xf2, 0x98,
    0xb0, 0x7, 0x84, 0x3, 0xf1, 0xd0, 0x58, 0x7,
    0x10, 0x18, 0x7, 0xcf, 0x80, 0xca, 0x1, 0xca,
    0xe, 0x1, 0xcb, 0xd0, 0xf, 0x20, 0x1, 0xdd,
    0xa0, 0x30, 0x3, 0x9c, 0x4e, 0xe0, 0x2, 0x11,
    0x11, 0x1, 0x98, 0x1, 0xc5, 0xd8, 0x80, 0x1d,
    0x9f, 0xf4, 0x80, 0x70,

    /* U+5217 "列" */
    0x0, 0xff, 0xe2, 0xc3, 0x4, 0xd5, 0x7f, 0x18,
    0x6, 0x17, 0xb0, 0x75, 0x5f, 0xf0, 0xb2, 0x0,
    0x76, 0x6e, 0x0, 0x37, 0x79, 0x8a, 0x78, 0x3,
    0x88, 0x8c, 0xc, 0x45, 0xc0, 0x1f, 0xf6, 0x0,
    0x99, 0xc8, 0x1, 0xff, 0xc0, 0x60, 0x7c, 0xca,
    0xf0, 0x3, 0xfc, 0xc0, 0x7, 0x78, 0xc1, 0x40,
    0x3f, 0xd6, 0x1b, 0x11, 0x50, 0x78, 0x7, 0xf3,
    0x92, 0x10, 0x5, 0xa0, 0x80, 0x1f, 0xd2, 0x11,
    0x8c, 0x2, 0x84, 0x40, 0xf, 0xec, 0x90, 0x39,
    0xa6, 0xa, 0x0, 0xff, 0x13, 0x1e, 0x8a, 0xc0,
    0x30, 0x7, 0xff, 0x4, 0xbc, 0x0, 0xe2, 0x0,
    0x11, 0x18, 0x7, 0xf3, 0x80, 0xc8, 0x4, 0x5d,
    0x20, 0x1f, 0x9a, 0x43, 0x44, 0x3, 0xff, 0x83,
    0x32, 0xa, 0x30, 0xf, 0xfe, 0x2, 0x73, 0x5,
    0xa8, 0x7, 0xd5, 0x98, 0x6, 0x4, 0x5, 0xe4,
    0x0, 0xfd, 0xa6, 0x47, 0x0, 0xe, 0xa1, 0x0,
    0xfe, 0x7f, 0xf6, 0x18,

    /* U+52A8 "动" */
    0x0, 0xff, 0x86, 0x14, 0x3, 0x84, 0x7e, 0x0,
    0x89, 0xfc, 0x3, 0x27, 0x77, 0xd0, 0x1, 0xfc,
    0xca, 0xbf, 0x68, 0x7, 0xf1, 0x55, 0x7c, 0xa6,
    0x96, 0x8, 0x94, 0x20, 0x7, 0xf7, 0x5b, 0x80,
    0xdd, 0x9e, 0xea, 0xef, 0xe9, 0x95, 0x28, 0x15,
    0x50, 0x0, 0xa8, 0x9f, 0xcb, 0x81, 0x4a, 0xa0,
    0x1f, 0xf4, 0x3, 0xff, 0xda, 0x0, 0x10, 0x10,
    0x8, 0xc0, 0x18, 0x16, 0x2, 0x20, 0xb, 0x80,
    0x80, 0x3c, 0x82, 0x61, 0xd4, 0x1, 0x10, 0x30,
    0x8, 0x8, 0x20, 0x30, 0x1, 0x50, 0x40, 0xa,
    0x4, 0x1, 0x38, 0x68, 0x58, 0x3, 0xc1, 0x80,
    0x44, 0x40, 0x3, 0x1, 0x13, 0x19, 0xcf, 0xc1,
    0x20, 0xe0, 0x80, 0x1, 0x3, 0x80, 0x3f, 0xc8,
    0x40, 0x11, 0x50, 0x68, 0x1, 0x80, 0x48, 0x0,
    0x2b, 0x3d, 0x2, 0xc6, 0x28, 0x0, 0x20, 0xf8,
    0x6c, 0xea, 0x61, 0x7e, 0xa0, 0x90, 0xb, 0x0,
    0xcd, 0x26, 0x1, 0xd4, 0x44, 0x7b, 0xdd, 0x20,
    0x28, 0x7, 0xe9, 0x1e, 0xc, 0x22, 0xa8, 0x40,
    0x3f, 0x1f, 0x18, 0x3f, 0xfb, 0x54, 0x0,

    /* U+52BF "势" */
    0x0, 0xd7, 0x80, 0x1c, 0xdc, 0x80, 0x1f, 0xe6,
    0x20, 0xe, 0xe1, 0x0, 0xfd, 0x9f, 0xe2, 0x1f,
    0xf4, 0x7f, 0x9c, 0x2f, 0xfe, 0x0, 0xc8, 0xaa,
    0x0, 0x2a, 0xb5, 0x98, 0x0, 0x46, 0x0, 0xf4,
    0x55, 0x8, 0x6e, 0x53, 0xe0, 0x86, 0xe5, 0x48,
    0x3, 0x34, 0x51, 0xf, 0x64, 0x4f, 0x11, 0x0,
    0x3f, 0x43, 0xa8, 0x1, 0xe6, 0x30, 0x0, 0x6a,
    0x6, 0x60, 0x20, 0x6, 0xeb, 0xc8, 0x61, 0x85,
    0x80, 0x2a, 0xa7, 0x8, 0x6b, 0x1, 0xa3, 0x19,
    0x80, 0x15, 0x40, 0xcd, 0x22, 0x18, 0x68, 0x18,
    0x3, 0x64, 0x68, 0x0, 0x47, 0xa6, 0x5b, 0x8,
    0xa4, 0x6a, 0x0, 0xae, 0xf7, 0x0, 0x29, 0x80,
    0x7a, 0xbf, 0x0, 0x2a, 0xa5, 0xde, 0x20, 0x9b,
    0xbd, 0xfe, 0x50, 0x8, 0x51, 0x3c, 0x0, 0x44,
    0xe0, 0x1, 0x0, 0x43, 0xff, 0xca, 0x11, 0xff,
    0xcc, 0x4, 0x1, 0xf9, 0x14, 0x18, 0x3, 0x88,
    0x18, 0x3, 0xe4, 0xb0, 0x81, 0x0, 0xe6, 0x2,
    0x0, 0xe3, 0xab, 0x6, 0x70, 0xe, 0x22, 0x8,
    0x80, 0x28, 0xdc, 0x51, 0xa9, 0x0, 0x25, 0xd4,
    0xf8, 0x38, 0x6, 0xf2, 0x39, 0xe5, 0x0, 0x91,
    0xa, 0xc4, 0x90, 0x1, 0x9f, 0xb1, 0x80, 0x3d,
    0xff, 0xac, 0x40, 0x20,

    /* U+5371 "危" */
    0x0, 0xe2, 0xdb, 0x0, 0xff, 0xe2, 0xc9, 0x24,
    0xcd, 0x5e, 0x40, 0x1f, 0xe5, 0x40, 0x3, 0x34,
    0xa1, 0x20, 0x1f, 0xc5, 0x41, 0x3f, 0xf8, 0x83,
    0xc0, 0x3f, 0xe, 0x2, 0xb0, 0x4, 0xe4, 0x88,
    0x0, 0xf8, 0xb0, 0x41, 0x7f, 0xf4, 0x2, 0x7f,
    0xf5, 0x81, 0xe1, 0x0, 0x15, 0x7c, 0x4a, 0xbe,
    0xc0, 0x34, 0x61, 0xa, 0xaf, 0x6d, 0x57, 0x9c,
    0x1, 0x52, 0x60, 0x15, 0x7d, 0xdf, 0x7d, 0x88,
    0x7, 0x8c, 0x2, 0x50, 0x44, 0xe0, 0x43, 0x0,
    0xf8, 0x40, 0x21, 0xff, 0xe3, 0x2, 0x0, 0xf0,
    0x98, 0x7, 0xf1, 0x0, 0x7c, 0x40, 0xc0, 0x1e,
    0x22, 0x18, 0x90, 0x7, 0x9c, 0xc, 0x3, 0xcb,
    0xb8, 0x14, 0x1, 0xec, 0xd, 0x0, 0xf3, 0x44,
    0x29, 0xc2, 0xa4, 0x2, 0x60, 0x50, 0xf, 0xb,
    0xb9, 0x40, 0xc, 0xc0, 0x4, 0x3, 0x0, 0x61,
    0x0, 0xf8, 0x4c, 0x80, 0xdc, 0x2c, 0x2, 0x30,
    0xec, 0xcf, 0x78, 0x20, 0x11, 0xc1, 0x0, 0x5c,
    0x82, 0x67, 0xe1, 0x58, 0x1, 0xc7, 0x0, 0xc5,
    0x7f, 0xff, 0xa8, 0x40,

    /* U+53D1 "发" */
    0x0, 0xfe, 0x10, 0xf, 0xfe, 0x12, 0xb0, 0x80,
    0x3b, 0xc4, 0x6, 0x58, 0x3, 0xf5, 0xc9, 0x81,
    0x80, 0x4, 0x0, 0xf2, 0xa0, 0x1e, 0x41, 0x32,
    0x5, 0x3, 0x0, 0xe, 0x85, 0x18, 0x7, 0x78,
    0x50, 0x3, 0xc1, 0x40, 0x23, 0xa6, 0x30, 0xc,
    0xa8, 0x1b, 0x54, 0x60, 0x6a, 0xad, 0xe7, 0x52,
    0x1, 0x10, 0x1, 0x15, 0x40, 0x12, 0xaf, 0xc8,
    0x1, 0x35, 0x6e, 0xce, 0x0, 0xdd, 0xfd, 0x80,
    0x10, 0xa9, 0x14, 0x80, 0xe4, 0x5f, 0x84, 0x3,
    0xe3, 0x30, 0x36, 0x67, 0x7d, 0x8, 0x7, 0xe8,
    0x0, 0x9, 0x9f, 0x2, 0x80, 0x7e, 0x44, 0x0,
    0x2f, 0xff, 0x30, 0x28, 0x80, 0x7d, 0x20, 0x61,
    0x20, 0x11, 0xb0, 0x40, 0x7, 0xd4, 0x43, 0xb0,
    0x56, 0x3, 0xa1, 0x4, 0x1, 0xe9, 0x50, 0xd1,
    0x74, 0x46, 0xf8, 0xa3, 0x80, 0x70, 0xdb, 0x5,
    0x18, 0x2, 0xc0, 0x84, 0x2c, 0x3, 0x87, 0xd0,
    0x2d, 0x40, 0x7, 0x60, 0x1a, 0x8c, 0x3, 0xc,
    0x27, 0x21, 0x36, 0x61, 0xa, 0xec, 0x2b, 0x9b,
    0x8, 0x0, 0x6b, 0x10, 0xe9, 0x33, 0x56, 0xa2,
    0x3a, 0x48, 0x8f, 0x64, 0x1, 0xdd, 0x1b, 0x8a,
    0x1, 0x9b, 0x75, 0x34, 0x40,

    /* U+53EF "可" */
    0x58, 0x8f, 0xfe, 0x29, 0x7b, 0xbf, 0xff, 0x15,
    0xba, 0x67, 0xff, 0x81, 0x0, 0x9, 0x92, 0xa3,
    0x37, 0xff, 0x4, 0x5, 0x98, 0x20, 0x1f, 0xfc,
    0x9f, 0xff, 0xc6, 0x1, 0xff, 0xc0, 0x22, 0xc0,
    0x1f, 0xfc, 0x11, 0x16, 0xee, 0x50, 0xf, 0xff,
    0x38, 0x80, 0x7f, 0xf1, 0x44, 0x3f, 0xf2, 0x80,
    0x7f, 0xf0, 0x8c, 0xfc, 0x20, 0x1f, 0xe1, 0x16,
    0x67, 0x88, 0x3, 0xfd, 0x54, 0x0, 0xff, 0xe2,
    0xa2, 0x0, 0x3f, 0x8c, 0x3, 0xff, 0x85, 0x1f,
    0xf6, 0x82, 0x80, 0x7f, 0xf0, 0x28, 0x2, 0x14,
    0x90, 0xf, 0xfe, 0x1, 0x7f, 0xdd, 0x64, 0x1,
    0x0,

    /* U+540C "同" */
    0x1d, 0xdf, 0xfe, 0x17, 0xfa, 0x4c, 0x8b, 0xff,
    0x84, 0x0, 0x20, 0x2, 0x7f, 0xff, 0xf0, 0x34,
    0x3, 0xc2, 0x3f, 0xe0, 0xf, 0xdf, 0xdd, 0xfc,
    0x60, 0x1f, 0x4b, 0xbf, 0xf1, 0x0, 0x7c, 0xf1,
    0x1f, 0xc2, 0x1, 0xfb, 0xff, 0xf1, 0x0, 0x7f,
    0xca, 0xb8, 0x80, 0x3f, 0xf8, 0x9, 0x55, 0x90,
    0x3, 0xff, 0xc8, 0x9f, 0xf9, 0x80, 0x3f, 0xf8,
    0x2a, 0xbe, 0x30, 0xf, 0xf2, 0x55, 0x78, 0x40,
    0x3f, 0xbe, 0xc0, 0x3f, 0xf9, 0x69, 0xba, 0xc0,
    0x20, 0xf, 0xfe, 0x2, 0x11, 0x1, 0x20,

    /* U+5410 "吐" */
    0x0, 0xff, 0xa6, 0x80, 0x3e, 0x10, 0xf, 0xe7,
    0x51, 0x0, 0xe9, 0xef, 0xfc, 0x20, 0x1f, 0xfc,
    0x21, 0x31, 0x0, 0xff, 0xe2, 0x66, 0x10, 0x3,
    0xff, 0xb6, 0x7b, 0xb8, 0x43, 0xf7, 0x67, 0x0,
    0xf8, 0x48, 0xb0, 0x0, 0x48, 0xae, 0x0, 0xf8,
    0xbf, 0xf0, 0x3, 0x7f, 0xe9, 0x0, 0xff, 0xe0,
    0x8, 0x18, 0x7, 0xff, 0x38, 0x40, 0x3f, 0xf8,
    0xd9, 0xea, 0x1, 0xff, 0xc5, 0x33, 0x84, 0x3,
    0xff, 0x85, 0xb9, 0x90, 0x7, 0xff, 0x6, 0xa4,
    0x80, 0x3f, 0xf8, 0x86, 0xc0, 0x13, 0xff, 0xf0,
    0x87, 0x7f, 0xe3, 0x0, 0xe1, 0x22, 0xff, 0xe0,
    0x8,

    /* U+541E "吞" */
    0x0, 0x56, 0x67, 0xff, 0xa, 0xc0, 0x33, 0x19,
    0xff, 0xf0, 0x94, 0x3, 0x67, 0xff, 0x10, 0x5f,
    0xff, 0xb8, 0x3, 0xf8, 0xc8, 0x50, 0x3, 0xff,
    0x89, 0x0, 0xc0, 0x1f, 0xf7, 0xff, 0x90, 0x1f,
    0xff, 0xf8, 0x0, 0x89, 0xc0, 0x12, 0x20, 0x2,
    0x44, 0xe0, 0x5, 0xde, 0x10, 0x4f, 0xbb, 0x70,
    0x87, 0x5d, 0xe0, 0xe, 0x95, 0x2a, 0x0, 0x87,
    0x6, 0xa0, 0x3, 0xc3, 0x8c, 0x0, 0xba, 0xad,
    0x6, 0xf, 0xec, 0x0, 0x18, 0xe3, 0x0, 0x12,
    0xaf, 0x88, 0x2, 0x9f, 0x30, 0x60, 0x70, 0x1e,
    0xef, 0xc2, 0x12, 0x42, 0x63, 0x5d, 0x0, 0x1,
    0x1f, 0xc0, 0x4, 0xdc, 0x0, 0x20, 0x80, 0x7f,
    0xf0, 0xc8, 0x3, 0xff, 0x9c, 0x3f, 0xff, 0x84,
    0x3, 0xfe, 0x33, 0xfc, 0x1, 0xff, 0xe, 0x67,
    0xe1, 0x0, 0xfe, 0xee, 0x0, 0x7e, 0xef, 0x20,
    0x8,

    /* U+544A "告" */
    0x0, 0xce, 0xc2, 0x0, 0xbc, 0x0, 0xff, 0x86,
    0x24, 0x2, 0x53, 0x10, 0xf, 0xf4, 0x82, 0x88,
    0x0, 0x40, 0xc0, 0x3f, 0x89, 0xc1, 0x7f, 0xe0,
    0x6, 0xff, 0xf0, 0x80, 0x5c, 0x0, 0x44, 0xc0,
    0x3, 0x44, 0xe0, 0xa, 0x4c, 0xdf, 0x77, 0x84,
    0x36, 0xef, 0x84, 0x1, 0xa9, 0xc0, 0x1f, 0xfc,
    0x32, 0x96, 0xfd, 0xde, 0x10, 0xfd, 0xdf, 0x30,
    0x11, 0x7e, 0x0, 0x9, 0x17, 0x84, 0xbf, 0xff,
    0xf8, 0xae, 0x1, 0xff, 0xca, 0xaf, 0xff, 0xfe,
    0x2, 0x0, 0x7c, 0x68, 0x9f, 0x84, 0x3, 0xfa,
    0x2e, 0xff, 0x28, 0x7, 0xff, 0x8e, 0xff, 0xff,
    0x20, 0x7, 0xf9, 0x13, 0xf0, 0x7, 0xfa, 0xef,
    0xf9, 0x0, 0x3e, 0xaf, 0x40, 0xf, 0xd7, 0xe8,
    0x0,

    /* U+5668 "器" */
    0x0, 0xff, 0xe5, 0x47, 0xff, 0x70, 0x3, 0xff,
    0xd2, 0x1, 0xe5, 0x66, 0x0, 0x71, 0x33, 0x14,
    0x3, 0xf4, 0xcc, 0x20, 0x19, 0xa6, 0x60, 0xf,
    0xfe, 0x3b, 0x80, 0x7e, 0xcf, 0xf0, 0x80, 0x64,
    0xff, 0x58, 0x7, 0xb1, 0x9b, 0x85, 0xc9, 0x94,
    0x15, 0x99, 0x80, 0x19, 0x26, 0x75, 0x84, 0x94,
    0xf9, 0x28, 0x4a, 0x80, 0x55, 0x5d, 0x7a, 0x3,
    0x54, 0xe7, 0x6, 0xaa, 0x80, 0xa, 0xbc, 0x80,
    0x12, 0xa9, 0x14, 0x0, 0xab, 0x0, 0x3f, 0xec,
    0x10, 0x4f, 0xfb, 0x40, 0xf, 0xdf, 0xf0, 0x6,
    0x7c, 0x16, 0xb0, 0x8, 0xb4, 0x9f, 0x14, 0x2,
    0x17, 0xf8, 0x0, 0xa6, 0x0, 0x13, 0x68, 0x5,
    0x5f, 0x4, 0x10, 0x1, 0x99, 0xa0, 0x3, 0x34,
    0x1, 0x98, 0xc6, 0xd8, 0x2f, 0xfc, 0x1, 0xc9,
    0xfe, 0xb0, 0x3d, 0x10, 0x41, 0x0, 0xff, 0xe0,
    0x38, 0x29, 0x80, 0x7f, 0xf3, 0x6a, 0xa0, 0xe,
    0x4a, 0xa6, 0x80, 0x7e, 0x15, 0x50, 0x7, 0x95,
    0x42, 0x1, 0xe9, 0xdf, 0xfd, 0xc0, 0xd, 0xef,
    0xfd, 0x20, 0x0,

    /* U+5728 "在" */
    0x0, 0xf9, 0xed, 0x0, 0x3f, 0xf8, 0x94, 0x80,
    0x1f, 0xfc, 0x42, 0x20, 0xa0, 0x7, 0xfa, 0xff,
    0xf6, 0x80, 0xff, 0xff, 0x70, 0x8, 0xe0, 0xc,
    0x23, 0xfc, 0x41, 0x5d, 0xd3, 0x3, 0x7f, 0x75,
    0x75, 0xdd, 0xb0, 0x3, 0x13, 0x4, 0x0, 0x45,
    0x50, 0x1, 0xfd, 0xe1, 0x2, 0x1, 0xff, 0xc2,
    0xa2, 0x17, 0x0, 0xff, 0xe1, 0x42, 0x82, 0x82,
    0xdd, 0xde, 0x7, 0x77, 0x80, 0x14, 0xe0, 0x2,
    0x2, 0x44, 0x88, 0x0, 0x89, 0x80, 0x8, 0x2e,
    0x1, 0x3f, 0xfd, 0x80, 0x5f, 0xf8, 0x1, 0x7f,
    0x80, 0x1f, 0x8, 0x8, 0x7, 0x94, 0x40, 0x3f,
    0xfe, 0x7, 0x99, 0xc0, 0x79, 0x9a, 0xc0, 0x3c,
    0xe6, 0x78, 0x40, 0x6, 0x79, 0x40, 0x3f, 0xf8,
    0xe0,

    /* U+5931 "失" */
    0x0, 0xfe, 0x11, 0x0, 0x7f, 0xf0, 0x62, 0x48,
    0x7, 0xbc, 0x3, 0xff, 0x82, 0xec, 0x1, 0xff,
    0xc5, 0x50, 0x32, 0x0, 0xff, 0xe2, 0x70, 0x1d,
    0xdb, 0x0, 0x6e, 0xfc, 0x60, 0x18, 0xd0, 0x0,
    0x88, 0x20, 0x2, 0x27, 0x9c, 0x3, 0x40, 0x26,
    0x65, 0x60, 0xc, 0xcf, 0x20, 0x4, 0xc8, 0x14,
    0x67, 0x28, 0x9, 0x9f, 0x80, 0x38, 0x64, 0x40,
    0x23, 0x3, 0x0, 0xff, 0x37, 0xb0, 0x6, 0x10,
    0x10, 0xf, 0xf7, 0xf7, 0xff, 0x60, 0x1f, 0xff,
    0xe0, 0x0, 0x8f, 0xc0, 0x18, 0x47, 0xe0, 0x7,
    0x77, 0xbc, 0x2, 0x1e, 0xef, 0x80, 0x3f, 0x40,
    0x23, 0xc, 0x0, 0x7f, 0xf0, 0x55, 0x82, 0x20,
    0xe, 0xa0, 0x1f, 0xf3, 0x50, 0x39, 0x8d, 0x5,
    0x28, 0x7, 0xe2, 0xb9, 0x6, 0x80, 0x2, 0xc0,
    0x55, 0x4, 0x3, 0x25, 0x6a, 0x4, 0xc8, 0x3,
    0x3d, 0x2, 0xf5, 0x28, 0x84, 0xa8, 0x37, 0x30,
    0x7, 0x97, 0x94, 0x16, 0xc0, 0x1f, 0x1d, 0x22,
    0x1, 0xf8, 0x6b, 0xa6, 0x84,

    /* U+5B58 "存" */
    0x0, 0xf9, 0x5c, 0x80, 0x3f, 0xf8, 0xb1, 0x6,
    0x0, 0xff, 0xe0, 0x8, 0xe3, 0x20, 0x51, 0x1f,
    0xc0, 0x15, 0xf7, 0x6c, 0x0, 0x77, 0x7f, 0x80,
    0x6, 0x78, 0x80, 0x4, 0x67, 0xfc, 0xa0, 0x8,
    0xcc, 0x90, 0x1b, 0x73, 0x3f, 0xac, 0x3, 0x8d,
    0x82, 0x16, 0xab, 0xd7, 0xe8, 0x1, 0xee, 0x9,
    0x1d, 0x55, 0xf2, 0x7, 0x80, 0x76, 0x10, 0xb0,
    0x47, 0xfe, 0xd2, 0x5, 0xb0, 0xd, 0x26, 0xe,
    0x1, 0xe7, 0xd2, 0x9a, 0x0, 0x86, 0xd8, 0x0,
    0x20, 0x1e, 0x80, 0xb6, 0x0, 0xc6, 0x84, 0xe0,
    0x1, 0xaa, 0xe0, 0x4, 0x55, 0x61, 0x2a, 0xcd,
    0x0, 0x12, 0xaf, 0x0, 0xd, 0x57, 0x10, 0x28,
    0x80, 0x47, 0xbb, 0xc0, 0xb, 0xdd, 0xc6, 0x1,
    0xf1, 0x17, 0x18, 0x31, 0x16, 0x0, 0xff, 0xeb,
    0x98, 0x7, 0xff, 0xa, 0x6e, 0xc6, 0x2, 0x1,
    0xff, 0xc2, 0x14, 0x40, 0xb8, 0x7, 0xf2, 0xfc,
    0x0, 0x51, 0xfe, 0xe8, 0x0, 0xf0,

    /* U+5BB9 "容" */
    0x0, 0xfc, 0xb9, 0x20, 0x1f, 0xfc, 0x46, 0x36,
    0x20, 0xf, 0xd5, 0xff, 0xec, 0x0, 0x6f, 0xff,
    0x84, 0x2, 0x45, 0x5f, 0xfe, 0x0, 0x7, 0xa2,
    0xa9, 0xb3, 0x55, 0xbe, 0x2a, 0x84, 0x1, 0x18,
    0x88, 0x2e, 0x24, 0x2, 0x3a, 0xd6, 0x1, 0x10,
    0x2, 0x78, 0x31, 0x11, 0x41, 0xe, 0x78, 0x53,
    0x59, 0xc2, 0x0, 0x7d, 0x36, 0xb0, 0x57, 0x82,
    0x3c, 0x45, 0xc1, 0x0, 0xd, 0x4, 0xc8, 0x12,
    0x80, 0x1e, 0x22, 0xb5, 0x32, 0x0, 0xe, 0x73,
    0x3, 0xd8, 0x65, 0x17, 0xa0, 0x56, 0x98, 0x4,
    0x23, 0x5c, 0xe, 0x1a, 0xd8, 0x5c, 0x89, 0x0,
    0x73, 0xf2, 0x1e, 0x18, 0x1, 0x34, 0x9b, 0xa0,
    0x40, 0xa3, 0xa0, 0x0, 0x7b, 0xff, 0xb0, 0x80,
    0xf, 0xce, 0x6c, 0x2e, 0x0, 0x55, 0xf9, 0x0,
    0xdc, 0x54, 0x73, 0xe0, 0x42, 0xab, 0xe8, 0x7,
    0x8e, 0x20, 0x20, 0xf, 0xfe, 0x5d, 0x57, 0xdc,
    0x1, 0xff, 0x2a, 0xfc, 0x40, 0x1f, 0xf7, 0xff,
    0xd6, 0x1, 0xfd, 0xde, 0x1, 0xf2, 0x7d, 0x80,
    0x40,

    /* U+5DF2 "已" */
    0xd, 0xdf, 0xfe, 0x16, 0x0, 0x62, 0x2f, 0xfe,
    0x11, 0x80, 0x6f, 0xff, 0xfe, 0x7, 0x0, 0x7f,
    0xf1, 0x84, 0x3, 0xc3, 0xfa, 0x1, 0xff, 0xec,
    0x2f, 0xff, 0xf0, 0x7, 0xf0, 0x8f, 0xf8, 0x3,
    0xf1, 0x77, 0x7f, 0x88, 0xc0, 0x3f, 0xf8, 0xbb,
    0x80, 0x1f, 0xfd, 0xa7, 0xb3, 0x0, 0xff, 0xe2,
    0x72, 0x28, 0x7, 0xff, 0x11, 0x41, 0x40, 0x40,
    0x88, 0x1, 0xfe, 0x53, 0x3, 0x0, 0x28, 0x6f,
    0x77, 0xf7, 0xd0, 0x38, 0x5, 0x4e, 0x42, 0x3f,
    0xc0, 0x51, 0x0,

    /* U+5E27 "帧" */
    0x0, 0xa9, 0xc0, 0x3e, 0xa7, 0x0, 0xfc, 0x98,
    0x1, 0xe1, 0x5b, 0x0, 0xff, 0xe3, 0x1f, 0xfe,
    0x0, 0xff, 0xe1, 0xaa, 0xe0, 0x7f, 0xf0, 0xa7,
    0xfa, 0x0, 0x39, 0x2a, 0xb0, 0x78, 0x38, 0x1,
    0xc0, 0x3, 0xfe, 0xe0, 0x4f, 0xf8, 0x40, 0x3,
    0x2, 0x90, 0x20, 0x11, 0x22, 0x61, 0x0, 0xff,
    0xe0, 0xad, 0xde, 0x40, 0xf, 0xfe, 0x1f, 0xe8,
    0x7, 0xff, 0xfc, 0x40, 0x3f, 0xd4, 0x3c, 0x1,
    0x18, 0x28, 0x7, 0x72, 0x80, 0x52, 0xec, 0x27,
    0xd2, 0x18, 0x1a, 0x82, 0xd, 0x60, 0x11, 0xc0,
    0x3, 0x5, 0x48, 0x31, 0x2c, 0x3, 0xfc, 0x57,
    0x3, 0xe6, 0x59, 0x22, 0x1, 0xfa, 0xf5, 0xf,
    0xc9, 0xbd, 0x1b, 0xc4, 0x3, 0xee, 0x3a, 0xc1,
    0x0, 0xd, 0xcb, 0x88, 0x5, 0xd6, 0x0, 0x5c,
    0x50, 0xf, 0x34, 0x80,

    /* U+5E38 "常" */
    0x0, 0x2b, 0x80, 0x43, 0xd8, 0x1, 0x2c, 0x10,
    0x6, 0x88, 0x30, 0x4, 0x24, 0x0, 0x1b, 0x76,
    0x0, 0xdc, 0x1a, 0x1, 0xf4, 0x8c, 0xa0, 0x2,
    0x7f, 0x1, 0x3f, 0xdc, 0x3, 0xfe, 0x70, 0x9f,
    0xf0, 0x98, 0x1a, 0x27, 0xff, 0x0, 0x40, 0x37,
    0xdd, 0x57, 0xfa, 0xc8, 0x3, 0xaf, 0xbb, 0xfc,
    0x20, 0x16, 0x31, 0x0, 0x26, 0xef, 0xc2, 0x0,
    0xb6, 0x6, 0x91, 0x0, 0x22, 0x7c, 0x60, 0x7,
    0x91, 0x0, 0xed, 0xff, 0xf1, 0x0, 0x7e, 0xf9,
    0x9c, 0x0, 0x89, 0x98, 0x40, 0x3c, 0x8c, 0xd8,
    0x0, 0xcd, 0x84, 0x3, 0x2f, 0xff, 0x80, 0x1d,
    0xff, 0x77, 0xa8, 0x6, 0x35, 0x5c, 0x0, 0x45,
    0x58, 0x3, 0xea, 0xae, 0x10, 0xba, 0xa8, 0x40,
    0x3f, 0xfa, 0x8f, 0xfe, 0x10, 0x60, 0x3, 0xb2,
    0x80, 0x7c, 0xa8, 0x85, 0x93, 0x0, 0x14, 0x98,
    0x7, 0xc5, 0x76, 0xa6, 0x0, 0x0,

    /* U+5E74 "年" */
    0x0, 0xe1, 0x0, 0xff, 0xe3, 0xf6, 0x80, 0x7f,
    0xf1, 0x58, 0x18, 0x3, 0xff, 0x8b, 0x0, 0x99,
    0x9f, 0xf0, 0x80, 0x67, 0x10, 0x1, 0x9f, 0xff,
    0x0, 0x2, 0x28, 0xc, 0xff, 0xc0, 0xe, 0xff,
    0xe2, 0x0, 0xbc, 0x18, 0xc0, 0x30, 0x80, 0x80,
    0x7e, 0xb2, 0x24, 0x80, 0x7f, 0xf1, 0x3c, 0xbf,
    0x7f, 0xf8, 0x43, 0xff, 0xa8, 0x2, 0x4d, 0x20,
    0x1, 0x9e, 0x0, 0x11, 0x9e, 0x20, 0xf, 0xd9,
    0x98, 0x43, 0x73, 0x34, 0x0, 0x7f, 0xf7, 0x87,
    0x76, 0x20, 0xdd, 0xc2, 0x1b, 0xbf, 0x9, 0x91,
    0x40, 0x2, 0x2c, 0x0, 0x22, 0xf8, 0xcb, 0xff,
    0xf8, 0x43, 0xff, 0xe2, 0x0, 0xff, 0xff, 0x80,
    0x70,

    /* U+5EA6 "度" */
    0x0, 0xfe, 0x9e, 0x40, 0xf, 0xfe, 0x28, 0x8a,
    0x0, 0x3f, 0xd9, 0xff, 0xe7, 0x3, 0xff, 0xf6,
    0x80, 0x71, 0x19, 0xff, 0xf0, 0x50, 0x3, 0xb3,
    0x2a, 0x5c, 0xcd, 0xab, 0x59, 0x89, 0x0, 0xfd,
    0x4c, 0x40, 0x11, 0xb5, 0x0, 0x7e, 0xdf, 0xf1,
    0x86, 0xff, 0xda, 0x7, 0xfe, 0xd0, 0xe, 0xa8,
    0x80, 0x1, 0xa2, 0x26, 0x0, 0x44, 0x2c, 0x2,
    0x10, 0x67, 0x72, 0x4, 0x3b, 0xd6, 0x8, 0xee,
    0x60, 0xf, 0xf6, 0x6e, 0xde, 0x1, 0xf8, 0xc0,
    0x37, 0x3a, 0xaf, 0x3e, 0x80, 0x78, 0x48, 0x1d,
    0xc5, 0xff, 0xfa, 0x0, 0x30, 0x80, 0x8a, 0x23,
    0xfc, 0xce, 0x80, 0x12, 0x83, 0xf, 0xd0, 0x1f,
    0x7f, 0xdc, 0x60, 0xc8, 0x1, 0x18, 0x60, 0x1,
    0x5c, 0xfd, 0x1, 0x7c, 0xda, 0x40, 0x36, 0x2,
    0x80, 0x51, 0x43, 0x7f, 0x43, 0x52, 0x1, 0x85,
    0x0, 0xcc, 0xd1, 0x50, 0x1, 0xd3, 0x26, 0x42,
    0x4, 0x6, 0xd, 0x97, 0x41, 0x7c, 0xfa, 0x52,
    0x69, 0xbe, 0x5, 0xcb, 0xa, 0xbe, 0xe6, 0x41,
    0x82, 0xd7, 0x6d, 0x47, 0x80,

    /* U+5EB7 "康" */
    0x0, 0xff, 0xe8, 0xc7, 0x28, 0x7, 0xf8, 0x98,
    0xcf, 0xbc, 0x69, 0xc, 0xfc, 0x1, 0x4c, 0xb3,
    0x3a, 0x0, 0x17, 0x99, 0xda, 0x1, 0xcf, 0x11,
    0xc0, 0x7, 0x88, 0xf0, 0x7, 0x4a, 0xa2, 0x60,
    0x6, 0x22, 0x66, 0x60, 0x7, 0xa7, 0x33, 0x0,
    0x2f, 0x33, 0x20, 0x7, 0xd5, 0xbb, 0x80, 0x19,
    0xba, 0x70, 0xf, 0xc8, 0xca, 0xb8, 0x1, 0x6a,
    0xa6, 0xa, 0x92, 0x0, 0xd9, 0x33, 0xc0, 0x7,
    0x99, 0x8, 0x1, 0x98, 0x0, 0x70, 0x9e, 0xee,
    0x20, 0xee, 0xa0, 0x27, 0xd0, 0x3, 0xbb, 0xff,
    0x10, 0x77, 0xfa, 0x0, 0xc0, 0x30, 0x88, 0x12,
    0x2a, 0xa0, 0x4, 0x55, 0x4e, 0xe0, 0xc, 0x46,
    0x29, 0x4, 0xaa, 0x10, 0xc5, 0x51, 0x3f, 0x0,
    0x42, 0xc, 0x3e, 0x90, 0xc4, 0x20, 0x97, 0x90,
    0x7c, 0x1, 0x28, 0x18, 0xd, 0xa6, 0xe8, 0x0,
    0x88, 0x38, 0xc2, 0x0, 0xb0, 0x30, 0x5f, 0x91,
    0x60, 0x42, 0x98, 0x25, 0x80, 0x32, 0x83, 0x74,
    0x1c, 0xf3, 0x98, 0x2, 0x64, 0x33, 0xd4, 0x26,
    0x48, 0x4f, 0x5a, 0x31, 0x2, 0x1, 0x6, 0xe7,
    0x3, 0x13, 0x7f, 0x8, 0x50, 0xe7, 0x70, 0xc0,
    0x4, 0x31, 0xd2, 0x0, 0x84, 0x0, 0xd3, 0xfe,
    0xe7, 0x0, 0xfc,

    /* U+5EF6 "延" */
    0x0, 0xff, 0xe1, 0xa, 0x45, 0x0, 0x6, 0xee,
    0xcf, 0x50, 0x13, 0x58, 0xad, 0xeb, 0x75, 0x80,
    0x2, 0x24, 0x60, 0x66, 0xec, 0xa7, 0x52, 0x7,
    0xae, 0x80, 0x1f, 0xf8, 0x44, 0xc6, 0xf3, 0x7b,
    0xe0, 0x30, 0xa2, 0x1, 0xcc, 0x30, 0x0, 0x86,
    0x42, 0x0, 0xff, 0xa0, 0x58, 0x0, 0x24, 0x1,
    0xff, 0xc0, 0x91, 0xa0, 0xa, 0xf4, 0x80, 0x21,
    0x66, 0xc0, 0x7, 0x60, 0xbf, 0xd1, 0x0, 0xfa,
    0x67, 0x0, 0x38, 0xd, 0x0, 0x84, 0x3, 0xec,
    0xcc, 0x0, 0x9f, 0xcb, 0x22, 0x0, 0x7c, 0x26,
    0x78, 0x0, 0x96, 0x0, 0x27, 0x0, 0xff, 0xe1,
    0xa, 0x29, 0x86, 0x80, 0x7f, 0xf0, 0x94, 0x3a,
    0xc1, 0x0, 0x3e, 0x10, 0xf, 0x99, 0x1c, 0x4c,
    0x2, 0xdf, 0xf0, 0x3, 0xff, 0x18, 0x2, 0x0,
    0xa, 0x0, 0xd4, 0x4f, 0xf0, 0x80, 0x4, 0x0,
    0x8a, 0xf, 0x77, 0xfe, 0x20, 0x4, 0x0, 0x55,
    0x8c, 0x40, 0x1f, 0xf3, 0xb8, 0x7b, 0xc, 0xd3,
    0xbf, 0xba, 0xcc, 0xdb, 0xa4, 0x29, 0xd, 0x13,
    0xcd, 0x84, 0x23, 0x23, 0x3c, 0x44, 0x42, 0xcc,
    0x18, 0x4, 0x4f, 0x7b, 0xdf, 0xff, 0x0,

    /* U+5F85 "待" */
    0x0, 0xff, 0xe6, 0x4e, 0x20, 0x6, 0x1f, 0xc0,
    0xf, 0xe7, 0x62, 0x50, 0xf, 0xfe, 0x1c, 0x40,
    0x34, 0x4e, 0xab, 0x1, 0xd5, 0x62, 0x1, 0xb7,
    0x1c, 0x30, 0x65, 0x59, 0x0, 0xa, 0xb9, 0x80,
    0xd0, 0xb0, 0xd8, 0x57, 0xba, 0xd0, 0x1e, 0xec,
    0x80, 0x53, 0xa4, 0xf3, 0x60, 0x23, 0x18, 0x10,
    0x8e, 0x0, 0x98, 0xe, 0x3, 0xe2, 0x38, 0xe,
    0x23, 0x88, 0x0, 0x5a, 0x11, 0xae, 0xf9, 0x80,
    0xe, 0xfe, 0x2, 0xc1, 0x5, 0xaa, 0xfc, 0xa0,
    0x35, 0x44, 0x46, 0x88, 0x4, 0x4a, 0xbf, 0x70,
    0x3a, 0xa8, 0x48, 0x15, 0x0, 0x5, 0x99, 0xf5,
    0x83, 0x66, 0x9, 0x9e, 0x84, 0x0, 0x26, 0x7f,
    0x0, 0x46, 0x60, 0x4, 0x0, 0x63, 0xfe, 0x8f,
    0xfd, 0x60, 0xdf, 0xe2, 0x0, 0xfd, 0x70, 0xe0,
    0x1f, 0xfc, 0x5b, 0x8, 0x20, 0xf, 0xfe, 0x20,
    0xc8, 0x48, 0x7, 0xff, 0x15, 0x93, 0xc0, 0x3f,
    0xf8, 0xd6, 0xb7, 0x69, 0x1, 0x0, 0xff, 0xe1,
    0xb, 0xa1, 0x1d, 0x0, 0x7a, 0xb8, 0x80, 0x3d,
    0x9f, 0xec, 0x20, 0x8,

    /* U+6001 "态" */
    0x0, 0xfe, 0xdd, 0x0, 0x7f, 0xf1, 0x44, 0x8c,
    0x3, 0xff, 0x8a, 0x40, 0x40, 0x1f, 0xef, 0xff,
    0xb0, 0xf, 0xff, 0xf0, 0x1, 0x51, 0x3c, 0x1,
    0x8d, 0x13, 0xc0, 0xa, 0xbb, 0xea, 0x0, 0x38,
    0x25, 0xdf, 0x80, 0x3f, 0x58, 0x3c, 0x8b, 0xa0,
    0x7, 0xff, 0x1, 0xd4, 0x64, 0x6c, 0x2c, 0xc0,
    0x3f, 0xd3, 0x0, 0xd2, 0xa, 0xc1, 0x8e, 0x1,
    0xf3, 0x73, 0xc, 0xab, 0xe9, 0xcb, 0x84, 0x6b,
    0x8, 0x2, 0xbe, 0x45, 0x3d, 0xb5, 0x4b, 0xe,
    0x28, 0x4a, 0x7c, 0x43, 0x41, 0xb2, 0xc4, 0x1,
    0x8f, 0x6, 0xb, 0xd2, 0x76, 0x20, 0xfd, 0x66,
    0x65, 0x18, 0x93, 0x70, 0x9, 0x47, 0x14, 0x2,
    0x4d, 0x69, 0xa2, 0x84, 0x45, 0x0, 0x53, 0x6,
    0x1, 0xbc, 0x14, 0x3, 0x59, 0x2b, 0x0, 0x20,
    0x20, 0x3, 0x28, 0x98, 0x7, 0x7a, 0xb8, 0x68,
    0x92, 0x10, 0x1, 0x81, 0xc0, 0x3c, 0x54, 0x26,
    0x59, 0x61, 0x40, 0xb, 0xa, 0x2, 0xe, 0xbb,
    0xed, 0xc, 0x70, 0x50, 0x6, 0x41, 0x84, 0xa1,
    0x22, 0x70, 0xaa, 0x86, 0xb0, 0x0,

    /* U+603B "总" */
    0x0, 0xe3, 0xa2, 0x0, 0xe6, 0x93, 0x0, 0xfe,
    0x55, 0x70, 0x7, 0x5b, 0x28, 0x7, 0xf3, 0x21,
    0xb8, 0x4, 0xa4, 0x6c, 0x1, 0xfe, 0x80, 0xd0,
    0xa, 0xc3, 0xc0, 0x3f, 0x1f, 0xfb, 0x1, 0x7f,
    0xe1, 0xc, 0xfe, 0x0, 0xfe, 0x22, 0xf0, 0x91,
    0x0, 0x3f, 0xc7, 0xbb, 0xee, 0xde, 0x0, 0xff,
    0xed, 0xb8, 0x7, 0xf8, 0xff, 0xff, 0x58, 0x7,
    0xe1, 0x33, 0xff, 0xe0, 0x28, 0x7, 0x8b, 0x33,
    0x68, 0x86, 0xe6, 0x6b, 0x0, 0xe1, 0x41, 0x3c,
    0x91, 0x73, 0xf2, 0x0, 0x16, 0x18, 0x6, 0x6b,
    0x77, 0x1a, 0x85, 0x30, 0xe0, 0x80, 0x9e, 0x80,
    0x6b, 0x4, 0x0, 0xe9, 0x53, 0x30, 0x1b, 0x8c,
    0x0, 0x4, 0xc4, 0x80, 0x3d, 0x58, 0x4c, 0xb2,
    0x2e, 0x41, 0x0, 0xc0, 0x1f, 0x84, 0x36, 0x8e,
    0x2, 0x80, 0x45, 0x20, 0xc0, 0x79, 0x77, 0xb1,
    0x4, 0x99, 0xe0, 0x23, 0x84, 0xa, 0x8, 0xd1,
    0x31, 0x95, 0x0, 0x20, 0x0,

    /* U+610F "意" */
    0x0, 0xff, 0xe7, 0x5f, 0x8, 0x7, 0xe3, 0x88,
    0xf2, 0xf, 0x44, 0x73, 0x80, 0x15, 0xdf, 0xc0,
    0x13, 0xbf, 0x50, 0x1, 0xbf, 0xd6, 0xf, 0xff,
    0xb8, 0xb, 0xfd, 0xa0, 0x2a, 0xb0, 0x83, 0xaa,
    0xec, 0x1, 0x55, 0x91, 0xea, 0xb0, 0x2, 0xab,
    0x10, 0x1d, 0x56, 0x7d, 0xdf, 0xfe, 0x26, 0x9,
    0x13, 0x77, 0xff, 0x81, 0x4, 0x40, 0x0, 0x81,
    0xdd, 0xfe, 0x80, 0xf, 0xc2, 0x3f, 0xc0, 0x1f,
    0xc5, 0x11, 0xfa, 0x40, 0x3f, 0x1f, 0x77, 0xe8,
    0x0, 0xfc, 0x79, 0x9f, 0xa4, 0x3, 0xc3, 0xff,
    0xa8, 0x1f, 0xff, 0xa8, 0x3, 0x2a, 0x81, 0xde,
    0x37, 0xb0, 0xa, 0x74, 0x40, 0x2b, 0xb0, 0x4c,
    0x8b, 0x1d, 0x10, 0x41, 0x85, 0x40, 0x9, 0x19,
    0x0, 0xe8, 0xd4, 0xec, 0x55, 0x22, 0xb3, 0xd,
    0xc0, 0xc6, 0x66, 0xb9, 0x37, 0xb, 0xe, 0x68,
    0xd0, 0x4, 0xb, 0x37, 0x14, 0x0, 0xed, 0x80,

    /* U+6301 "持" */
    0x0, 0xab, 0x40, 0x3e, 0x9c, 0x0, 0xfe, 0x62,
    0x0, 0xf8, 0x8c, 0x40, 0x3f, 0xf8, 0x2c, 0xd9,
    0x2, 0x59, 0xa1, 0x0, 0xfe, 0x89, 0x98, 0x0,
    0xf3, 0x32, 0x81, 0xff, 0x8c, 0x3f, 0x82, 0xab,
    0x0, 0x26, 0xaa, 0x50, 0x13, 0x30, 0x0, 0xd4,
    0x11, 0x56, 0x40, 0x75, 0x58, 0x40, 0xb3, 0x6,
    0x19, 0x6c, 0xef, 0x90, 0x21, 0xdf, 0x10, 0x7,
    0xd1, 0x1c, 0x0, 0x68, 0x8c, 0xc0, 0x1f, 0x55,
    0x7d, 0x0, 0xa, 0xa2, 0x80, 0x46, 0x19, 0xa8,
    0xab, 0xf0, 0x22, 0xa8, 0x4e, 0xb8, 0x0, 0x6e,
    0xec, 0xcf, 0x81, 0x33, 0x2, 0xea, 0x1, 0x7d,
    0x79, 0x9f, 0x84, 0x0, 0x67, 0x25, 0xf1, 0x80,
    0x51, 0xf5, 0x7f, 0xf6, 0x82, 0x7f, 0x88, 0x10,
    0x3, 0xc5, 0x54, 0x10, 0xf, 0xfe, 0x21, 0x38,
    0xc0, 0x7, 0xff, 0x16, 0x5, 0x88, 0x3, 0xff,
    0x8b, 0xe, 0x40, 0x10, 0x80, 0x69, 0xc3, 0x10,
    0xe, 0x68, 0x9b, 0xe0, 0x30, 0xd, 0xc6, 0x56,
    0x1, 0xf7, 0x21, 0x95, 0x0, 0x67, 0xfd, 0x50,
    0xf, 0x9f, 0xfd, 0xa6, 0x1, 0x0,

    /* U+636E "据" */
    0x0, 0xb2, 0xc0, 0x30, 0x80, 0x7f, 0xf0, 0x49,
    0x80, 0x2f, 0xef, 0xff, 0xd6, 0x1, 0xff, 0x33,
    0x79, 0x40, 0x3f, 0xf8, 0x7, 0x33, 0xeb, 0x0,
    0x8f, 0xfc, 0x25, 0xfe, 0x0, 0x19, 0xfc, 0xa0,
    0x18, 0xcc, 0x0, 0x33, 0x0, 0x59, 0x9e, 0xb0,
    0x8, 0xf3, 0x2, 0x59, 0x80, 0xa, 0x66, 0x0,
    0x4c, 0xde, 0x1, 0xfe, 0x36, 0x68, 0x9, 0x9a,
    0x40, 0xf, 0x84, 0x40, 0x73, 0x30, 0x14, 0xce,
    0x10, 0x8, 0x4b, 0x70, 0x2, 0x66, 0x80, 0xc,
    0xd8, 0xcd, 0x7e, 0x0, 0x37, 0x20, 0x4f, 0xf8,
    0x7, 0xff, 0x13, 0xa1, 0x0, 0x3a, 0x98, 0xc,
    0x3, 0x18, 0x7, 0x26, 0xe8, 0x48, 0x0, 0x40,
    0x57, 0x70, 0x15, 0xdd, 0x20, 0x2, 0x0, 0xec,
    0x3, 0x45, 0x62, 0x23, 0x31, 0x14, 0x3, 0xf2,
    0x6, 0x5, 0xee, 0xf0, 0x80, 0x7e, 0x40, 0x30,
    0xf, 0xfe, 0x18, 0x87, 0x85, 0x0, 0x2e, 0x67,
    0x84, 0x2, 0xce, 0x17, 0x44, 0x3, 0x0, 0x5,
    0x9b, 0x80, 0x35, 0x9a, 0xc2, 0x44, 0x80, 0x55,
    0xff, 0xc2, 0x1, 0x3e, 0xd1, 0x83, 0xb0, 0x2f,
    0xa8, 0x7, 0x76, 0x0,

    /* U+63A5 "接" */
    0x0, 0xb6, 0x80, 0x3c, 0x72, 0xa0, 0x1f, 0xc4,
    0xc0, 0x1e, 0x27, 0xb0, 0xf, 0xfe, 0x9, 0x77,
    0x5e, 0x22, 0xfe, 0xea, 0xc0, 0x3f, 0x1a, 0xa8,
    0x95, 0x12, 0x25, 0x51, 0x1, 0xff, 0x80, 0xfe,
    0x46, 0xf0, 0xe2, 0xee, 0x26, 0xb9, 0x1, 0x33,
    0x0, 0xf, 0x80, 0xa, 0x10, 0x0, 0x61, 0xa0,
    0x8, 0xb3, 0x0, 0x78, 0xe0, 0x26, 0x82, 0x34,
    0x83, 0x8, 0x80, 0x3f, 0x67, 0x71, 0x17, 0xb8,
    0x0, 0xee, 0x90, 0x3, 0xeb, 0x66, 0x8c, 0x95,
    0x9b, 0xc0, 0x18, 0xed, 0xdd, 0x33, 0x9, 0x5c,
    0xcf, 0x11, 0xce, 0x80, 0x13, 0xea, 0xaf, 0x20,
    0xba, 0xae, 0x57, 0x63, 0x0, 0x7c, 0xaa, 0xc0,
    0x12, 0xaf, 0x89, 0x33, 0x80, 0xc0, 0x7f, 0xce,
    0x11, 0xff, 0x0, 0x3f, 0xce, 0x6, 0x1, 0xe5,
    0x70, 0x60, 0x3, 0x82, 0x80, 0x7f, 0xd4, 0x0,
    0xe9, 0x58, 0x8, 0x0, 0xff, 0xbf, 0xd2, 0x6d,
    0x40, 0x84, 0x1, 0xff, 0xc0, 0x10, 0xe, 0x4c,
    0x40, 0xa, 0xb0, 0x1c, 0xe, 0xfb, 0x92, 0x6b,
    0xb8, 0x87, 0x72, 0x0, 0x33, 0xa4, 0xd, 0x89,
    0xab, 0xa8, 0x8e, 0xec, 0x5a, 0x0, 0x9f, 0xc2,
    0x0, 0x6e, 0x4a, 0x88, 0x6, 0x4d, 0x40,

    /* U+6536 "收" */
    0x0, 0xe3, 0x40, 0x9, 0x5c, 0x80, 0x3f, 0xef,
    0xb1, 0x0, 0x74, 0x30, 0x7, 0xd0, 0xc0, 0x1f,
    0x20, 0x28, 0x7, 0x85, 0xe8, 0x3, 0xc6, 0x2,
    0x20, 0xf, 0xfe, 0x1d, 0x80, 0xff, 0xf8, 0xc0,
    0x3f, 0x9c, 0x5, 0x10, 0x60, 0x4, 0x10, 0xf,
    0xca, 0x0, 0xfb, 0xb7, 0x2, 0x59, 0x0, 0x7c,
    0x70, 0x0, 0x40, 0x3, 0x81, 0x80, 0x7f, 0x41,
    0x8, 0x78, 0x3, 0xc3, 0x0, 0x3f, 0xb0, 0x29,
    0x14, 0x41, 0x1, 0x0, 0x3f, 0x9f, 0x13, 0x81,
    0x90, 0x54, 0x3, 0xe1, 0x30, 0x1, 0x82, 0x8c,
    0xc0, 0x70, 0x7, 0x1e, 0x70, 0x7, 0xa4, 0x4c,
    0x90, 0x2, 0xb0, 0x1, 0x98, 0x3, 0xcc, 0x0,
    0x50, 0xc, 0x40, 0xb9, 0x83, 0x0, 0xe8, 0x0,
    0x28, 0x80, 0x53, 0xb4, 0x60, 0x1e, 0x96, 0x14,
    0x2c, 0x10, 0x0, 0x90, 0x7, 0x8a, 0xd8, 0x72,
    0xcc, 0xb1, 0x0, 0x3f, 0x16, 0xa1, 0x61, 0x6,
    0x21, 0x59, 0x0, 0x7c, 0x4e, 0xda, 0x40, 0x15,
    0xc5, 0x10, 0x7, 0x67, 0x8c, 0x48, 0x7, 0x9d,
    0x40,

    /* U+6570 "数" */
    0x0, 0x20, 0xf, 0x48, 0x19, 0x80, 0xf, 0x20,
    0x1f, 0x1d, 0xc0, 0x9, 0x7, 0x68, 0x85, 0xb0,
    0x7, 0xc6, 0x8c, 0x1, 0x29, 0x58, 0x81, 0x98,
    0x3, 0xe3, 0xc7, 0x50, 0x53, 0x66, 0x11, 0x1,
    0x40, 0x3c, 0x39, 0xd, 0x60, 0x32, 0xd9, 0xa,
    0xd, 0xff, 0xc2, 0x2a, 0xa8, 0x2, 0x2a, 0xa4,
    0xc8, 0x9, 0x10, 0x0, 0x41, 0x5, 0x49, 0x0,
    0x8a, 0xc4, 0x84, 0x2e, 0xd2, 0xd, 0x60, 0x6,
    0xf3, 0xa0, 0x4d, 0x3f, 0x90, 0x7, 0x83, 0x87,
    0x80, 0x6, 0xf, 0x10, 0x4, 0xb2, 0x58, 0x49,
    0x3, 0x41, 0x40, 0x3, 0xba, 0x39, 0x6a, 0x1,
    0x10, 0x4a, 0x91, 0x14, 0x4c, 0x2, 0x59, 0xa7,
    0x69, 0x97, 0x2e, 0x3d, 0x85, 0x92, 0x0, 0x6d,
    0x65, 0x0, 0x33, 0x7, 0x48, 0xc, 0x58, 0x3c,
    0x3, 0x5e, 0x82, 0x7f, 0xa4, 0x38, 0x2, 0x60,
    0x2, 0x80, 0x76, 0x80, 0x88, 0xa4, 0xd4, 0x2,
    0x30, 0xf, 0xd4, 0x2b, 0xda, 0x1c, 0x1, 0x2a,
    0x0, 0x28, 0x3, 0x97, 0x98, 0x2, 0x40, 0x3,
    0x50, 0xe9, 0x2c, 0x0, 0x42, 0xda, 0xc5, 0x25,
    0x45, 0x52, 0x38, 0x5e, 0x2f, 0x62, 0x2f, 0x90,
    0x9d, 0x6d, 0xd4, 0xa9, 0xe1, 0x1, 0x61, 0x29,
    0x8d, 0x66, 0xb0, 0x4, 0x33, 0x18, 0x40, 0x11,
    0x6e, 0x88,

    /* U+65E0 "无" */
    0x0, 0x3d, 0xdf, 0xff, 0xc, 0x40, 0x2d, 0x44,
    0xff, 0xe1, 0x98, 0x5, 0x7b, 0xbd, 0x40, 0x3b,
    0xbf, 0x10, 0x4, 0x24, 0x5c, 0xc0, 0x84, 0x5f,
    0x0, 0x7f, 0x9c, 0xc, 0x3, 0xff, 0x8a, 0x40,
    0x20, 0x1f, 0xed, 0xdf, 0xa4, 0x1f, 0x77, 0xf0,
    0x81, 0x17, 0xc0, 0x11, 0x17, 0xe0, 0x7, 0xff,
    0xc4, 0x6, 0x17, 0xff, 0xe1, 0x0, 0xf8, 0x8a,
    0x70, 0xf, 0xfe, 0x25, 0x2, 0x80, 0x7f, 0xf1,
    0x58, 0x28, 0x3, 0xff, 0x89, 0x22, 0x84, 0x1,
    0xf0, 0x80, 0x7c, 0xac, 0x12, 0x1, 0xf9, 0xb0,
    0x80, 0x32, 0xd0, 0x49, 0x0, 0x7e, 0xf3, 0x0,
    0xd3, 0x40, 0xec, 0x0, 0x10, 0x10, 0xc, 0x60,
    0x40, 0xfc, 0xc1, 0x10, 0x0, 0x88, 0x2b, 0x76,
    0xe4, 0x30, 0x6, 0x89, 0xe3, 0x80, 0x69, 0x40,
    0x22, 0x84, 0xbc, 0x1, 0x57, 0x86, 0x1, 0xc3,
    0x7f, 0xfd, 0xa6, 0x0,

    /* U+65E7 "旧" */
    0xcd, 0x10, 0x5, 0xdf, 0xfc, 0x44, 0x0, 0xa,
    0x27, 0xfc, 0x1, 0xe2, 0xff, 0xf8, 0x3, 0xff,
    0xf8, 0x57, 0x7f, 0x0, 0x7f, 0x22, 0x7c, 0x1,
    0xf8, 0xbf, 0xfe, 0x0, 0xff, 0xfe, 0x15, 0xdf,
    0xc0, 0x1f, 0xc8, 0x9f, 0x0, 0x7e, 0x1f, 0xff,
    0x80, 0x3f, 0x18, 0x7, 0xf7, 0x78, 0x80, 0xef,
    0x80, 0x7d, 0xfe,

    /* U+65F6 "时" */
    0x0, 0xff, 0xe1, 0x65, 0x0, 0x46, 0xe8, 0x98,
    0xc0, 0x3c, 0x26, 0xe0, 0x14, 0x42, 0xef, 0x70,
    0x7, 0xff, 0x9, 0xe2, 0x0, 0x1f, 0xfc, 0x49,
    0x77, 0x0, 0x17, 0xff, 0xb8, 0xb, 0xfc, 0x20,
    0x1f, 0x9, 0x17, 0x0, 0x44, 0x40, 0xf, 0xc9,
    0xbb, 0xdc, 0x5, 0xba, 0x10, 0x5, 0xcc, 0x80,
    0x21, 0x80, 0xf, 0xf9, 0x59, 0x80, 0x14, 0x3c,
    0x0, 0x7f, 0xbb, 0xfc, 0x1, 0x40, 0xb9, 0x80,
    0x7f, 0xf0, 0xc6, 0xc3, 0x80, 0x3f, 0xf8, 0x8a,
    0x84, 0xe0, 0x1f, 0xfc, 0x49, 0x55, 0x0, 0x7e,
    0xdb, 0xb0, 0x7, 0x15, 0x10, 0x7, 0xe3, 0x44,
    0x0, 0x7f, 0xf1, 0x3b, 0xfe, 0xd0, 0xf, 0xfe,
    0x6, 0xb0, 0x80, 0x7f, 0xf1, 0x1a, 0x40, 0x3f,
    0x5e, 0xeb, 0xc1, 0x80, 0x3f, 0xf8, 0x26, 0x44,
    0x13, 0x80, 0xf, 0xfe, 0xc, 0x7f, 0xd8, 0x60,
    0x10,

    /* U+66F2 "曲" */
    0x0, 0xe2, 0xa7, 0x0, 0x45, 0x0, 0x7f, 0xc2,
    0xba, 0x0, 0x45, 0x10, 0xf, 0xfe, 0xe9, 0x77,
    0x6c, 0x5, 0xee, 0x18, 0x77, 0x71, 0x80, 0x8e,
    0x0, 0x84, 0x40, 0x10, 0x8e, 0x0, 0x97, 0xfd,
    0x80, 0xbf, 0xe3, 0xe, 0xff, 0x28, 0x7, 0xff,
    0x7d, 0xc0, 0x40, 0x2, 0x6, 0x1, 0xf2, 0xff,
    0xac, 0x13, 0xfc, 0x41, 0xbf, 0xe5, 0x0, 0xe3,
    0x30, 0x4, 0x66, 0x0, 0x11, 0x98, 0x3, 0x97,
    0x32, 0x5, 0xcc, 0x18, 0x66, 0x4a, 0x1, 0xff,
    0xdc, 0x44, 0xac, 0x15, 0x10, 0x60, 0xe8, 0x90,
    0x6, 0x1b, 0xb3, 0x80, 0x2e, 0xc0, 0x9, 0xbb,
    0x8, 0x7, 0x33, 0x7f, 0xf0, 0x0, 0x39, 0x66,
    0x7f, 0xf8, 0xa, 0x0, 0x2e, 0xa0, 0xf, 0xfe,
    0x5, 0x79, 0x80,

    /* U+6700 "最" */
    0x0, 0x88, 0xcf, 0xff, 0x80, 0x1, 0xf7, 0x66,
    0x7f, 0xf0, 0xc, 0x3, 0xf7, 0x7f, 0xfe, 0x40,
    0xf, 0xf7, 0x7f, 0xfe, 0x40, 0xf, 0xf5, 0x5d,
    0xfe, 0x30, 0xf, 0xfe, 0x83, 0x85, 0x5d, 0xfe,
    0x30, 0x10, 0x8, 0x59, 0x9b, 0x33, 0xff, 0xc0,
    0x46, 0x60, 0x2c, 0xcf, 0xff, 0x18, 0x53, 0x9c,
    0x27, 0xb9, 0x40, 0xbd, 0xdf, 0xc2, 0x3, 0xc1,
    0x4c, 0xce, 0x2, 0x79, 0x9e, 0xa6, 0x30, 0xe,
    0x39, 0x92, 0x0, 0x35, 0xdf, 0x92, 0x18, 0x3,
    0xa7, 0xfd, 0x40, 0xb, 0x22, 0x7f, 0xb0, 0x5,
    0x0, 0x3a, 0x7b, 0x94, 0x1, 0x59, 0x40, 0x78,
    0x58, 0x7, 0x9a, 0xec, 0xe0, 0x13, 0x1b, 0xf9,
    0xa2, 0x80, 0x43, 0xe0, 0x47, 0xae, 0xf, 0x1,
    0xc0, 0x14, 0x80, 0x47, 0xcc, 0x9, 0xc, 0x1,
    0x6a, 0x78, 0x5, 0x8e, 0x20, 0x28, 0xd1, 0x59,
    0xd6, 0xf, 0xd6, 0x4d, 0xca, 0x31, 0xc4, 0x4b,
    0x97, 0x53, 0x10, 0xb, 0x97, 0x24, 0x6b, 0x16,
    0x48,

    /* U+672A "未" */
    0x0, 0xfe, 0xff, 0x0, 0x7f, 0xf9, 0xd3, 0x77,
    0xc0, 0xd, 0xdf, 0x30, 0x6, 0x22, 0xf8, 0x0,
    0x45, 0xee, 0x0, 0xcd, 0xff, 0xdc, 0x0, 0xff,
    0xf4, 0x0, 0x7f, 0x84, 0x3, 0xff, 0xa9, 0x7b,
    0xbf, 0x0, 0x37, 0x7e, 0xc0, 0x3, 0x11, 0x7c,
    0x0, 0x22, 0xfc, 0x0, 0xdf, 0xfe, 0x90, 0xd,
    0x5f, 0xfd, 0xc0, 0x1f, 0x1c, 0x80, 0x6a, 0x30,
    0xf, 0xf8, 0xf0, 0x24, 0x1, 0x41, 0xa4, 0x1,
    0xfc, 0x98, 0x10, 0xc0, 0x5, 0x81, 0xc4, 0x0,
    0xfa, 0x2c, 0x1d, 0xc0, 0x19, 0xdc, 0x36, 0xe0,
    0x19, 0x35, 0xc2, 0x60, 0x3, 0xd1, 0x21, 0x18,
    0x60, 0x56, 0x43, 0x6c, 0x1, 0xf9, 0xac, 0x4f,
    0x8, 0x94, 0xdc, 0x80, 0x1f, 0xe4, 0xe6, 0xa2,
    0x5, 0x90, 0xf, 0xfe, 0x14, 0xa8, 0x0,

    /* U+673A "机" */
    0x0, 0xdb, 0xc0, 0x1f, 0xfc, 0x71, 0x0, 0x87,
    0x3f, 0x32, 0xfa, 0x0, 0xff, 0xe0, 0x19, 0x80,
    0xce, 0x4, 0x0, 0xff, 0xe1, 0x1f, 0xfc, 0x1,
    0xec, 0xc8, 0x83, 0x31, 0x20, 0x7, 0x0, 0xfe,
    0x33, 0x80, 0x6, 0x65, 0x0, 0xff, 0xe0, 0x7f,
    0xac, 0x1, 0xfe, 0xc0, 0xf, 0xfe, 0x16, 0x0,
    0x7f, 0xf1, 0xd8, 0x1, 0x40, 0x18, 0x40, 0x3f,
    0xc8, 0x20, 0x5, 0x80, 0x10, 0xf, 0xfe, 0x7,
    0x89, 0x2, 0xba, 0x80, 0xc, 0x3, 0xf8, 0x91,
    0x80, 0x16, 0x3c, 0xa1, 0xe0, 0x1f, 0xd2, 0x12,
    0x0, 0x1b, 0xae, 0x2, 0x0, 0xfc, 0xa8, 0xc2,
    0x1, 0x28, 0x98, 0x28, 0x7, 0x8c, 0x10, 0x60,
    0x3, 0xc8, 0x42, 0x1, 0xef, 0x91, 0xc1, 0x0,
    0xe6, 0x5, 0x0, 0xff, 0x10, 0x7, 0xa0, 0x24,
    0x3, 0xe1, 0x10, 0x7, 0xd6, 0x2e, 0x20, 0x18,
    0x45, 0x85, 0xe0, 0x1f, 0x72, 0x40, 0x7, 0x48,
    0x19, 0x30,

    /* U+6761 "条" */
    0x0, 0xfa, 0xa4, 0x80, 0x3f, 0xf8, 0x92, 0xaa,
    0x20, 0xc, 0x20, 0x1f, 0xe7, 0x60, 0x3f, 0xfe,
    0xe9, 0x0, 0xfd, 0x30, 0x4, 0xcd, 0x94, 0x1,
    0xe0, 0x1e, 0x4d, 0x60, 0xa, 0xe6, 0x50, 0xe0,
    0xcc, 0x0, 0xe4, 0xb2, 0x6f, 0xa2, 0xd7, 0x6e,
    0x26, 0x90, 0xf, 0x25, 0x64, 0x82, 0xe0, 0x44,
    0x84, 0xc8, 0x3, 0xf2, 0x98, 0x24, 0xe8, 0x6,
    0x9a, 0x62, 0x0, 0xc2, 0xf5, 0xbf, 0x6c, 0xf,
    0xdc, 0x82, 0x59, 0xde, 0xc9, 0x11, 0x52, 0x91,
    0xbe, 0x74, 0x66, 0xbe, 0xea, 0x10, 0xc, 0xc2,
    0x1d, 0x9f, 0x90, 0x60, 0x2, 0x30, 0x1, 0x3d,
    0xf7, 0x28, 0x0, 0x65, 0xff, 0xe0, 0x7, 0xff,
    0x88, 0x3, 0x91, 0x3c, 0x0, 0x44, 0xf0, 0x80,
    0x61, 0xbb, 0x7c, 0x5d, 0x80, 0x17, 0x6e, 0x9b,
    0xb1, 0x0, 0x79, 0x2f, 0x80, 0x38, 0xab, 0xc,
    0x3, 0xe5, 0xb0, 0xf0, 0xe, 0x2a, 0x1d, 0x20,
    0xe, 0x9a, 0x1c, 0x20, 0xf, 0x2c, 0x8f, 0x88,
    0x6, 0x52, 0xc3, 0x8, 0x90, 0x10, 0x9, 0x9c,
    0x9c, 0x3, 0x6e, 0x10, 0x0, 0x98, 0x60, 0x3,
    0x45, 0xb0, 0x6, 0x11, 0x0, 0x55, 0xfc, 0xc0,
    0x1c, 0x80, 0x10,

    /* U+67E5 "查" */
    0x0, 0xff, 0xe8, 0xe7, 0x88, 0x7, 0xff, 0x46,
    0x6a, 0xbe, 0x30, 0xaa, 0xfa, 0x40, 0xe, 0xab,
    0xf0, 0x1, 0x15, 0x7c, 0xe0, 0xe, 0xff, 0xd4,
    0x1, 0x88, 0x23, 0xff, 0x70, 0x7, 0x9e, 0x83,
    0xc, 0x3c, 0xe2, 0x80, 0x3f, 0x1e, 0x40, 0xe1,
    0x80, 0xf, 0x11, 0x79, 0x40, 0x31, 0xd6, 0x19,
    0xb0, 0xc1, 0xc0, 0x2b, 0x81, 0xad, 0x70, 0x1d,
    0x50, 0x58, 0x64, 0x47, 0xda, 0xa2, 0xe, 0x50,
    0xa4, 0x7, 0x1f, 0x8a, 0xef, 0xff, 0x81, 0x94,
    0x0, 0x28, 0x10, 0x4, 0xff, 0xfb, 0x80, 0x23,
    0x40, 0xf, 0xa3, 0x77, 0xd8, 0x1, 0xff, 0xc0,
    0x4b, 0xbf, 0x50, 0x7, 0xff, 0x3, 0x19, 0xbe,
    0x0, 0xff, 0xe0, 0x4f, 0xff, 0xb8, 0x3, 0xfd,
    0x57, 0x7f, 0xe9, 0x0, 0xe4, 0xaa, 0x47, 0x77,
    0xfd, 0x54, 0x90, 0x1, 0x2a, 0xff, 0xf1, 0x1c,
    0x0, 0xdf, 0xff, 0xfc, 0x4e, 0x0,

    /* U+6837 "样" */
    0x0, 0xa7, 0x44, 0x0, 0x30, 0xa0, 0x18, 0xad,
    0x40, 0x31, 0x10, 0x2, 0x37, 0xb1, 0x0, 0xa9,
    0x34, 0x3, 0xf8, 0x9c, 0x64, 0x2, 0x60, 0x90,
    0xc, 0xe0, 0x1d, 0x40, 0x1a, 0x5, 0x84, 0xb,
    0xfc, 0x61, 0xde, 0xbf, 0xa0, 0xff, 0xe7, 0x6,
    0xf8, 0x34, 0x40, 0x0, 0x91, 0x91, 0x30, 0x0,
    0xd1, 0x2d, 0x1b, 0xb0, 0x3, 0xac, 0xee, 0xf1,
    0x6, 0xdd, 0xca, 0x0, 0x20, 0x7, 0x0, 0x7f,
    0xf0, 0xd4, 0x0, 0x4c, 0x13, 0xff, 0x10, 0x77,
    0xfb, 0x40, 0x2a, 0x0, 0x2c, 0x97, 0x19, 0xc0,
    0x2, 0x33, 0x38, 0x1, 0x8, 0x1, 0x2, 0xf,
    0x99, 0x10, 0x66, 0x54, 0x0, 0xf1, 0x40, 0x3f,
    0x20, 0xf, 0xf9, 0x51, 0x80, 0x21, 0xbc, 0xcc,
    0x41, 0x99, 0xa8, 0x42, 0x80, 0x32, 0x99, 0xe0,
    0x1, 0x19, 0xce, 0x92, 0x40, 0x1b, 0xbf, 0xf1,
    0x7, 0x7f, 0xda, 0xc, 0x1, 0xff, 0xfe,

    /* U+6838 "核" */
    0x0, 0x8b, 0x60, 0x3, 0xcd, 0xa6, 0x1, 0xf8,
    0x48, 0x80, 0x1f, 0x14, 0x0, 0x7f, 0xf0, 0x51,
    0x31, 0x82, 0x2a, 0x24, 0x20, 0x1c, 0x20, 0xa,
    0xbb, 0xa8, 0x1, 0x57, 0x72, 0x5, 0xfe, 0x2,
    0x7e, 0x44, 0x46, 0x0, 0x88, 0xe7, 0x3, 0x40,
    0x9, 0x10, 0xce, 0xe2, 0xe, 0x77, 0xe2, 0x8,
    0xb5, 0x0, 0x5c, 0x0, 0x24, 0x64, 0x42, 0x75,
    0x0, 0x39, 0x0, 0xa, 0x0, 0x76, 0x5, 0x49,
    0x63, 0x40, 0xc, 0x22, 0x0, 0x58, 0xdc, 0x0,
    0x32, 0xd8, 0x28, 0x3, 0x9c, 0x0, 0x83, 0x1a,
    0xf, 0x30, 0x0, 0x94, 0x30, 0xd, 0x62, 0x2,
    0xe2, 0xdf, 0xb, 0x21, 0xc, 0xcc, 0xc0, 0x1,
    0x9, 0x80, 0x13, 0x0, 0x7, 0xc1, 0x97, 0x29,
    0x8, 0x0, 0x48, 0xd8, 0x0, 0x41, 0x76, 0x6,
    0xd8, 0x7c, 0x19, 0x0, 0x4d, 0x80, 0x3b, 0x9,
    0xbd, 0xb, 0x9, 0x24, 0x0, 0x31, 0x20, 0x1d,
    0x3b, 0x22, 0x98, 0x41, 0xe0, 0x19, 0x84, 0x3,
    0xc4, 0x33, 0x62, 0x20, 0xb6, 0x0, 0xff, 0x14,
    0x73, 0xd, 0xf5, 0x84, 0xb8, 0x7, 0xe9, 0xd7,
    0x8, 0xe4, 0x4, 0xc0, 0x84, 0x0, 0xfa, 0x8a,
    0x39, 0xc0, 0x31, 0xe4, 0x20, 0x4, 0x7f, 0x40,
    0x7a, 0xe2, 0x1, 0xe3, 0x70,

    /* U+68C0 "检" */
    0x0, 0xff, 0xe5, 0xc7, 0x8, 0x7, 0xb6, 0x80,
    0x3f, 0x88, 0x40, 0x3d, 0x24, 0xa0, 0x1f, 0xfc,
    0x44, 0x60, 0x5, 0x0, 0x78, 0x88, 0xc0, 0x42,
    0x0, 0x3b, 0xd, 0x55, 0x50, 0x6, 0x2d, 0xd1,
    0x86, 0x70, 0x16, 0x85, 0x95, 0x2a, 0xb0, 0x40,
    0x6, 0xaa, 0x0, 0x23, 0x26, 0xd, 0x20, 0x2,
    0x98, 0xfd, 0x40, 0x6a, 0x80, 0xf, 0xeb, 0x12,
    0xfa, 0xac, 0x68, 0x34, 0x80, 0x4, 0x0, 0x51,
    0xd, 0xba, 0xaf, 0xbe, 0xd1, 0x0, 0xd, 0x0,
    0x9, 0x7a, 0x57, 0xff, 0x91, 0x16, 0x1, 0x38,
    0x1, 0xa0, 0xc8, 0x80, 0x34, 0x60, 0x4, 0x92,
    0x0, 0x28, 0x98, 0x59, 0x96, 0x40, 0xa, 0xd8,
    0x3, 0xd8, 0xc0, 0x12, 0x6c, 0x7, 0x80, 0x8a,
    0x0, 0x33, 0x0, 0xa3, 0x8, 0x21, 0xd0, 0x7,
    0x78, 0x20, 0x32, 0x83, 0x5, 0x80, 0x10, 0xd8,
    0x3, 0x90, 0xc, 0x8, 0x45, 0x28, 0x40, 0x16,
    0x80, 0x78, 0x58, 0xc2, 0x3d, 0xc6, 0x0, 0x30,
    0x80, 0x7d, 0x28, 0x1, 0x5a, 0x18, 0x7, 0xf0,
    0xff, 0xfc, 0x49, 0xfe, 0xc0, 0xf, 0x85, 0x13,
    0xfe, 0x50, 0xf, 0xd7, 0x7f, 0xf4, 0x80,

    /* U+6B63 "正" */
    0xa, 0xaf, 0xfe, 0x24, 0x0, 0x15, 0x7f, 0xf8,
    0xa0, 0xd, 0xcc, 0xf5, 0x80, 0x33, 0x3d, 0xe0,
    0x2, 0x33, 0xf2, 0x80, 0x99, 0xf8, 0x80, 0x3f,
    0xf9, 0x42, 0xa8, 0x1, 0xff, 0xc4, 0x2a, 0x80,
    0xf, 0xfe, 0x60, 0xe6, 0x75, 0x80, 0x7f, 0xf0,
    0x4c, 0xf9, 0x40, 0x3f, 0xf8, 0x3f, 0xfd, 0xc0,
    0x1f, 0xfc, 0x1, 0x0, 0xff, 0xff, 0x80, 0x7f,
    0x6f, 0xe0, 0x1f, 0xfd, 0xc0, 0x3f, 0xff, 0x3b,
    0x11, 0x7f, 0xf1, 0x44,

    /* U+6B65 "步" */
    0x0, 0xfe, 0x9e, 0x40, 0xf, 0xf9, 0xd8, 0x2,
    0x21, 0x0, 0xff, 0xe0, 0x44, 0x0, 0x3a, 0xff,
    0xf8, 0x80, 0x3f, 0xf8, 0x26, 0x7c, 0x1, 0xff,
    0xc1, 0xbc, 0xce, 0x20, 0xf, 0xfe, 0x4e, 0x77,
    0x0, 0x7b, 0xa4, 0xb, 0xee, 0xf6, 0x0, 0x61,
    0x10, 0x7, 0xff, 0x1, 0xc3, 0x3b, 0xad, 0xfe,
    0xe0, 0x87, 0x76, 0xfe, 0xe5, 0x80, 0x61, 0xde,
    0x20, 0xf, 0xb7, 0x46, 0x1, 0xda, 0x2e, 0x40,
    0x1e, 0x63, 0x31, 0x0, 0x43, 0x86, 0x90, 0x1,
    0xe4, 0x90, 0xb1, 0x0, 0x17, 0x99, 0xac, 0x3,
    0xc9, 0x60, 0xea, 0x1, 0x13, 0xae, 0x0, 0x7a,
    0xac, 0x1e, 0x0, 0x3a, 0x68, 0x3, 0xc, 0x8a,
    0x4, 0xc0, 0x7, 0xf0, 0xad, 0x74, 0xa, 0x6b,
    0x0, 0x79, 0x1e, 0x73, 0xa9, 0x41, 0x72, 0xc8,
    0x3, 0xed, 0x86, 0x31, 0x5a, 0xfa, 0x30, 0xf,
    0xeb, 0x7a, 0xde, 0xa5, 0x0, 0xff, 0x80,

    /* U+6BD4 "比" */
    0x4, 0xa6, 0x0, 0xf6, 0x58, 0x7, 0xe2, 0x5c,
    0x0, 0xe1, 0x35, 0x0, 0xff, 0xef, 0x20, 0x7,
    0xff, 0x15, 0xed, 0xc0, 0x3f, 0xf8, 0x71, 0x0,
    0xd0, 0xc, 0xbb, 0xb9, 0x40, 0x35, 0x38, 0x45,
    0x0, 0x71, 0x16, 0x30, 0x0, 0xea, 0x8d, 0xb8,
    0x7, 0x2f, 0xfe, 0x60, 0x8, 0x8f, 0xd0, 0x3,
    0xff, 0x87, 0x18, 0x20, 0x1f, 0xfc, 0x31, 0x70,
    0xf, 0xfe, 0xeb, 0x10, 0x7, 0xff, 0x17, 0x74,
    0x20, 0x1f, 0x8, 0x80, 0x3e, 0x70, 0xf, 0xb,
    0x67, 0x28, 0x7, 0xc2, 0x2, 0x2, 0xb, 0xd2,
    0x60, 0x1, 0x1, 0x0, 0x84, 0x88, 0x3, 0x0,
    0x11, 0xcf, 0x20, 0x10, 0x76, 0xeb, 0xc1, 0x40,
    0x40, 0xf, 0xb8, 0xc2, 0x0, 0x92, 0x12, 0x20,
    0xa4, 0x80, 0x33, 0xe0, 0x80, 0x39, 0x37, 0xff,
    0x58, 0x80,

    /* U+6CE8 "注" */
    0x0, 0x12, 0x0, 0x7c, 0xf6, 0x1, 0xfd, 0xf7,
    0x88, 0x1, 0xda, 0x90, 0x1, 0xfb, 0xd4, 0xed,
    0xc0, 0x35, 0x83, 0x88, 0x7, 0xc5, 0x56, 0x4c,
    0x1, 0x85, 0x54, 0x60, 0x1f, 0xc9, 0xa5, 0xff,
    0xca, 0xad, 0xff, 0xb4, 0x3, 0xe1, 0x33, 0xc4,
    0x0, 0x33, 0xce, 0x0, 0x8b, 0x30, 0x1, 0x66,
    0x70, 0xe, 0x66, 0xa0, 0x2, 0x23, 0x28, 0x40,
    0x3f, 0xf8, 0x79, 0x42, 0xaa, 0x0, 0xff, 0xe2,
    0x2f, 0x52, 0x0, 0x71, 0x80, 0x7f, 0xf0, 0x14,
    0x0, 0xdf, 0xf6, 0x80, 0xff, 0xe1, 0x0, 0xe2,
    0xa0, 0x23, 0x38, 0x80, 0x6, 0x78, 0x3, 0xd2,
    0xaa, 0x4c, 0xcc, 0x3, 0x99, 0x84, 0x3, 0x22,
    0x9, 0x40, 0x3f, 0xf8, 0x92, 0x10, 0x1, 0xff,
    0xc4, 0x82, 0x45, 0x0, 0xff, 0xe1, 0x9b, 0x84,
    0x85, 0x66, 0x6f, 0x1, 0xcc, 0xe4, 0x7, 0x17,
    0x20, 0x63, 0x3c, 0x20, 0x3, 0x3e, 0x10, 0x4f,
    0x80, 0x6, 0x7f, 0xff, 0xf0, 0x14,

    /* U+6D3B "活" */
    0x0, 0x22, 0x0, 0x3f, 0xc4, 0xd6, 0x80, 0x10,
    0xd5, 0xe1, 0x80, 0x9, 0x1a, 0x6f, 0xb6, 0x52,
    0x84, 0x0, 0x38, 0x87, 0x88, 0xfb, 0x72, 0xc8,
    0x2b, 0x19, 0xc2, 0x1, 0x15, 0xd2, 0xa3, 0x3c,
    0xde, 0x80, 0xd3, 0x98, 0x7, 0xcb, 0x40, 0x30,
    0xc8, 0x42, 0x1, 0xff, 0xc7, 0x10, 0xf, 0xd5,
    0x88, 0x0, 0x8f, 0xfe, 0x1, 0xff, 0xe3, 0x1,
    0x3b, 0xc2, 0xe3, 0x3e, 0x0, 0x19, 0xf0, 0x85,
    0xd8, 0x8c, 0x1b, 0x33, 0x84, 0x59, 0x9c, 0x40,
    0x4, 0xdb, 0x20, 0xf, 0xfe, 0x32, 0x0, 0x7c,
    0x20, 0x1f, 0xf2, 0x48, 0x17, 0xfe, 0x1, 0xff,
    0xc0, 0x1e, 0x96, 0x20, 0x1, 0x2a, 0xf8, 0x40,
    0x3c, 0xc4, 0x84, 0x0, 0x4a, 0xaf, 0x10, 0x7,
    0xa0, 0x20, 0x3, 0xff, 0x89, 0x2, 0xa6, 0x1,
    0xff, 0xc3, 0x37, 0x8, 0x0, 0xcd, 0xff, 0xe3,
    0x0, 0xd4, 0xe, 0x40, 0x1c, 0x67, 0xe0, 0xe,
    0x98, 0x80, 0x7, 0x36, 0x67, 0x8c, 0x3, 0x9c,
    0x3, 0x17, 0x48, 0x7, 0xb3, 0xc0, 0x0,

    /* U+6E29 "温" */
    0x0, 0x13, 0x0, 0x7f, 0xf1, 0xba, 0x79, 0x81,
    0xbf, 0xff, 0x98, 0x3, 0x64, 0xc, 0xb0, 0x1,
    0x1d, 0xf8, 0xc0, 0x3e, 0x7e, 0x66, 0x0, 0x3a,
    0x23, 0x90, 0x3, 0xf0, 0xc8, 0x5, 0x5f, 0xfc,
    0xe0, 0x1c, 0x20, 0x1f, 0x2b, 0xbf, 0x18, 0x7,
    0x6f, 0x28, 0x7, 0x7c, 0x47, 0x20, 0x7, 0x28,
    0xd5, 0x88, 0x5, 0xd5, 0x5c, 0xa0, 0x1d, 0x3a,
    0x68, 0x60, 0x12, 0x2a, 0xf1, 0x0, 0x78, 0xb3,
    0x4, 0xd, 0xff, 0xfc, 0xc0, 0x1e, 0x30, 0x5,
    0x57, 0xfc, 0x1, 0xea, 0x81, 0x55, 0xff, 0x84,
    0x3, 0x1a, 0xa0, 0x1, 0x7c, 0x5f, 0xc5, 0xfd,
    0x0, 0x3d, 0x1, 0x20, 0x1f, 0xfc, 0x44, 0x41,
    0xa8, 0x7, 0xff, 0x12, 0x42, 0x0, 0x3f, 0xf8,
    0x90, 0x48, 0x88, 0xc0, 0x5c, 0x17, 0xc1, 0x7c,
    0x40, 0xc4, 0xb, 0x29, 0x2, 0x30, 0x12, 0x1,
    0x20, 0x12, 0x0, 0x18, 0x0, 0xf4, 0x82, 0xbb,
    0xfb, 0x9f, 0xdc, 0xfe, 0xe7, 0xfb, 0x90,

    /* U+70B9 "点" */
    0x0, 0xfc, 0x3d, 0x80, 0x1f, 0xfc, 0x61, 0x10,
    0x7, 0xff, 0x1c, 0xbf, 0xfe, 0x40, 0xf, 0xfe,
    0x1, 0x17, 0xce, 0x1, 0xff, 0x16, 0xef, 0xc6,
    0x1, 0xff, 0xcc, 0xbe, 0xee, 0x2, 0xee, 0xeb,
    0x0, 0xf3, 0x88, 0x4, 0x23, 0x0, 0x61, 0x60,
    0xf, 0xdd, 0xdf, 0xde, 0x1, 0xff, 0xe6, 0xff,
    0xfe, 0xe0, 0xf, 0xca, 0x67, 0xff, 0xc0, 0x70,
    0xf, 0x46, 0x67, 0xff, 0x2, 0x0, 0x38, 0x7f,
    0x40, 0xe9, 0x40, 0x6e, 0x40, 0x1b, 0xa2, 0x0,
    0xd2, 0x28, 0x0, 0x5f, 0x1, 0x66, 0x8, 0x40,
    0x70, 0x4, 0x4e, 0x10, 0x4, 0xc, 0x0, 0xa0,
    0x90, 0x54, 0x37, 0x0, 0x78, 0x48, 0x80, 0x81,
    0x0, 0x18, 0x14, 0x1, 0x21, 0x20, 0xf, 0x96,
    0x0, 0xa2, 0xc0, 0x3, 0x58, 0x0, 0x2a, 0xf0,

    /* U+72B6 "状" */
    0x0, 0xe9, 0x70, 0xe, 0x76, 0x0, 0xff, 0xb,
    0x58, 0x6, 0x18, 0xa0, 0x6c, 0x0, 0xff, 0xe3,
    0x9d, 0x0, 0x4f, 0xa2, 0x1, 0xff, 0x32, 0x2a,
    0x80, 0x22, 0xa0, 0xf, 0xfe, 0x5, 0x9, 0x0,
    0x1d, 0x10, 0xc0, 0x1e, 0x30, 0x10, 0x0, 0xfb,
    0x80, 0x52, 0x16, 0x0, 0x8f, 0xfb, 0x40, 0xbf,
    0xee, 0xf5, 0x0, 0x16, 0x68, 0x3, 0x88, 0xa0,
    0x8, 0x8b, 0x84, 0x2, 0x30, 0x9, 0xb7, 0x6b,
    0x0, 0x76, 0xee, 0x40, 0xc, 0xa0, 0x1e, 0x20,
    0x2, 0x0, 0x7e, 0x3b, 0x0, 0xf6, 0x0, 0x28,
    0x3, 0xe5, 0xc0, 0xf, 0x90, 0x14, 0x8c, 0x3,
    0x9e, 0x82, 0x80, 0x39, 0x44, 0xf8, 0x24, 0x3,
    0xa4, 0x71, 0x0, 0x3a, 0x42, 0x90, 0x94, 0xc0,
    0x35, 0x61, 0x80, 0x72, 0x98, 0xb0, 0x40, 0x70,
    0x6, 0x42, 0x0, 0xe2, 0xa0, 0x80, 0x2, 0x99,
    0x50, 0x7, 0xf0, 0xf8, 0x2b, 0x0, 0x5c, 0x2b,
    0x40, 0x1f, 0xe, 0x11, 0x28, 0x3, 0x15, 0x2,
    0xc0, 0x7, 0x86, 0xf, 0x0, 0x3c, 0x98, 0x90,
    0x1, 0x87, 0xf1, 0x70, 0x40, 0x3e, 0x3b, 0x0,

    /* U+7528 "用" */
    0x0, 0xab, 0xea, 0xbf, 0xef, 0x90, 0x9, 0x41,
    0x57, 0xfe, 0x7, 0x0, 0xed, 0xdc, 0x0, 0xcd,
    0xdc, 0x1, 0xe2, 0x2f, 0x1, 0x17, 0x0, 0x7f,
    0xf3, 0xb, 0x77, 0x10, 0x7e, 0xee, 0x0, 0xf8,
    0x8b, 0x0, 0x4, 0x8b, 0x0, 0x78, 0xbf, 0xf1,
    0x7, 0x7f, 0xe0, 0xc, 0x20, 0x1f, 0xfc, 0xe3,
    0x0, 0xfc, 0x60, 0x5f, 0xf8, 0x83, 0x7f, 0xf0,
    0x6, 0x60, 0x1, 0x9e, 0x0, 0x11, 0x9e, 0x0,
    0xc4, 0x11, 0x99, 0x88, 0x33, 0x38, 0x3, 0x60,
    0x18, 0x7, 0xff, 0xd, 0x41, 0x0, 0x3f, 0xf8,
    0x4c, 0xa, 0x1, 0xff, 0xc1, 0x31, 0x80, 0x90,
    0xf, 0xc9, 0x99, 0x0, 0x82, 0xb1, 0x80, 0x70,
    0x80, 0x14, 0xcf, 0x78, 0xdc, 0x80, 0x7b, 0x3c,
    0x45, 0xff, 0x61, 0x80,

    /* U+767E "百" */
    0x8d, 0xdf, 0xbb, 0x77, 0xf6, 0x11, 0x7e, 0x12,
    0x2f, 0xea, 0xff, 0xf5, 0x1, 0x7f, 0xfd, 0xc0,
    0x1f, 0x10, 0x20, 0x7, 0xfc, 0x23, 0xac, 0x3c,
    0x47, 0xc0, 0x1a, 0xbb, 0xb1, 0x84, 0xf7, 0x77,
    0x80, 0x78, 0xd5, 0x7f, 0x20, 0x7, 0xe8, 0xaa,
    0xfd, 0x20, 0x1f, 0xfc, 0xe2, 0x2f, 0xe6, 0x0,
    0xfd, 0x3b, 0xbf, 0xac, 0x3, 0xf0, 0xb3, 0x7e,
    0x40, 0xf, 0xd5, 0x33, 0xfc, 0x1, 0xff, 0xce,
    0x21, 0x1f, 0xe0, 0xf, 0xd3, 0xdd, 0xfb, 0x0,
    0x3f, 0x95, 0x7f, 0x18, 0x7, 0xeb, 0xaa, 0xfd,
    0xc0, 0x18,

    /* U+76D8 "盘" */
    0x0, 0xfe, 0x10, 0xf, 0xfe, 0x31, 0x76, 0x80,
    0x7f, 0xf0, 0x5f, 0x9d, 0xda, 0x4, 0xef, 0x4e,
    0xa8, 0x7, 0xd0, 0x31, 0x0, 0xa, 0x22, 0x62,
    0xe0, 0xf, 0x84, 0x3f, 0xce, 0xee, 0xff, 0xb0,
    0x3, 0xfc, 0x20, 0x2, 0x7f, 0x40, 0xf, 0xfe,
    0x0, 0x80, 0x55, 0x61, 0xa0, 0x19, 0xc0, 0x37,
    0xfc, 0x3, 0xff, 0x58, 0xb7, 0xfb, 0x0, 0xff,
    0xc4, 0xc, 0xc1, 0x0, 0x33, 0x11, 0x9b, 0x8c,
    0x0, 0xcc, 0x30, 0x99, 0x28, 0x54, 0xc2, 0xa6,
    0x4c, 0xde, 0x9, 0x32, 0x10, 0x4, 0x21, 0x28,
    0xe, 0x3d, 0x4a, 0x2d, 0x80, 0x80, 0x64, 0x70,
    0xe0, 0x8, 0xaa, 0xe0, 0xe9, 0xc7, 0xc0, 0x32,
    0x53, 0x23, 0xbf, 0x1b, 0x3, 0x3c, 0x90, 0x80,
    0x65, 0x78, 0x8f, 0xe6, 0x78, 0x81, 0x80, 0x78,
    0xbf, 0xc2, 0x5f, 0xe1, 0x2f, 0xf2, 0x80, 0x7f,
    0xf8, 0x6, 0xec, 0x25, 0x76, 0x12, 0xbb, 0x9,
    0x5d, 0x94, 0x32, 0xc4, 0xd1, 0x0, 0x4, 0x40,
    0x1, 0x10, 0x0, 0x44, 0x0, 0x5, 0xc, 0x3,
    0xff, 0x90,

    /* U+78C1 "磁" */
    0x0, 0xff, 0xe4, 0x88, 0xf0, 0x5, 0x3a, 0x1,
    0x9f, 0x50, 0x0, 0x5d, 0xde, 0x0, 0x79, 0x38,
    0x5, 0x44, 0xa0, 0x2, 0x85, 0x1, 0x89, 0x0,
    0x30, 0xc8, 0x1, 0x9, 0xc4, 0x2, 0x7e, 0xa,
    0x77, 0x34, 0xc8, 0xa, 0x65, 0x60, 0x53, 0x23,
    0x0, 0x10, 0x28, 0x3, 0x59, 0x82, 0x6c, 0xc0,
    0x2, 0xb3, 0x40, 0xf, 0x1, 0x0, 0x56, 0xa4,
    0x6e, 0xd8, 0x55, 0xba, 0x50, 0x2, 0x20, 0x2,
    0x13, 0x4d, 0x22, 0x98, 0x80, 0x88, 0x0, 0x12,
    0x4f, 0xf5, 0x3, 0x84, 0x99, 0x7, 0x2, 0xa8,
    0x80, 0x8, 0x0, 0x61, 0x0, 0x59, 0x9b, 0xf4,
    0x91, 0xc2, 0xbc, 0x1, 0xc0, 0xf2, 0x60, 0xa5,
    0xe8, 0x6f, 0x61, 0x2c, 0x14, 0x4, 0x80, 0x1d,
    0x41, 0x96, 0x16, 0xc1, 0xd2, 0xe, 0xc, 0x1,
    0xe2, 0x44, 0x2, 0x18, 0x2a, 0x3, 0x0, 0x12,
    0x40, 0x3b, 0x6c, 0x45, 0x41, 0xf4, 0x21, 0x0,
    0x13, 0x0, 0x78, 0xd5, 0xec, 0x0, 0x6a, 0xf6,
    0x80, 0x19, 0x54, 0x1, 0x79, 0x42, 0xa0, 0x78,
    0xc3, 0x70, 0x6, 0x2a, 0x20, 0x83, 0x85, 0xe,
    0x73, 0x84, 0x15, 0x0, 0xc9, 0xba, 0xe7, 0xa,
    0xb0, 0x58, 0x9, 0xb2, 0x4, 0x0, 0x26, 0x91,
    0x10, 0x5e, 0xb6, 0x0, 0xda, 0xb3, 0xc0, 0xc0,
    0x16, 0xc0, 0x17, 0x42, 0x93, 0x66, 0x25, 0x4c,
    0x31, 0x80,

    /* U+79BB "离" */
    0x0, 0xf8, 0xf1, 0x40, 0x3f, 0xf8, 0x87, 0x0,
    0x1f, 0xaf, 0xff, 0xd8, 0x5, 0xff, 0xf7, 0x6b,
    0x2a, 0x33, 0x11, 0x9b, 0x2, 0x32, 0x2b, 0x35,
    0x26, 0x95, 0xa8, 0x5b, 0x4a, 0x51, 0x4, 0x69,
    0x80, 0xe, 0x4e, 0x1b, 0xc3, 0xc3, 0x0, 0xff,
    0x2d, 0x2a, 0x30, 0xfb, 0x80, 0x7f, 0x88, 0x76,
    0xe7, 0xa4, 0x3, 0xfd, 0x90, 0xbb, 0xff, 0x44,
    0x38, 0x3, 0xda, 0xef, 0xc0, 0x6, 0x77, 0xd4,
    0x1, 0x92, 0x23, 0x78, 0x34, 0xc4, 0x66, 0x0,
    0xb7, 0xff, 0xa0, 0x1b, 0xff, 0xe0, 0xc, 0xcd,
    0x0, 0x4c, 0xc2, 0x66, 0x80, 0x3d, 0x32, 0xc0,
    0x5f, 0x9f, 0x2d, 0x99, 0x10, 0x7, 0x92, 0x8a,
    0xd, 0x0, 0x16, 0x20, 0x1f, 0x88, 0xb, 0x72,
    0xe4, 0x1, 0x60, 0x1f, 0x9c, 0x15, 0xe6, 0xf7,
    0xdf, 0x40, 0x3f, 0xf, 0xd4, 0x32, 0x10, 0x60,
    0xb1, 0x80, 0x7f, 0xf0, 0x86, 0x64, 0x10, 0x0,
    0xdf, 0x0, 0xfe, 0x5f, 0xf7, 0x38, 0x0,

    /* U+7A7A "空" */
    0x0, 0xff, 0xe6, 0xbf, 0xc8, 0x7, 0xff, 0xd,
    0x1, 0x84, 0x3, 0xe8, 0xaa, 0xf4, 0x80, 0x3a,
    0xab, 0xc4, 0x8a, 0xbf, 0x0, 0x4a, 0xbe, 0x10,
    0x7, 0x7f, 0xff, 0xf0, 0x10, 0x3, 0xe3, 0xb2,
    0x0, 0x1d, 0x98, 0x7, 0xf4, 0x62, 0x28, 0x2,
    0x93, 0x28, 0xb5, 0x87, 0x3d, 0xf9, 0xc6, 0x9c,
    0x1, 0x38, 0x6b, 0xbd, 0x24, 0xbf, 0x22, 0xbe,
    0xa0, 0x18, 0xf2, 0x41, 0xf0, 0x10, 0x53, 0x28,
    0x40, 0x3e, 0x6d, 0x48, 0x1, 0xff, 0x67, 0xff,
    0xfb, 0x74, 0x80, 0x1, 0x74, 0x4c, 0x60, 0x4,
    0x4e, 0x20, 0xc, 0x77, 0x7b, 0x40, 0x6e, 0xf9,
    0x0, 0x3f, 0xfd, 0x93, 0xbb, 0xef, 0x1, 0xdd,
    0xf8, 0x8c, 0xfe, 0x1, 0x11, 0x9f, 0xc0,

    /* U+7AEF "端" */
    0x0, 0x99, 0x80, 0x1f, 0x4e, 0x88, 0x7, 0xeb,
    0x91, 0x0, 0x56, 0x80, 0x8, 0x86, 0x3, 0xd4,
    0x1, 0xac, 0x18, 0x0, 0xc4, 0x1, 0xf0, 0x88,
    0x3, 0x39, 0x8, 0x7, 0xff, 0x8, 0x7f, 0xdc,
    0x53, 0xf4, 0x0, 0x77, 0x20, 0x5b, 0xb0, 0x4,
    0x28, 0x9e, 0xd0, 0x4, 0x40, 0x0, 0xd1, 0x0,
    0xd, 0x3b, 0x76, 0xe3, 0x7d, 0xdf, 0xf5, 0x0,
    0x12, 0x44, 0x31, 0xda, 0xa6, 0x7f, 0xa9, 0x1,
    0x41, 0x40, 0x89, 0xc8, 0x9f, 0xf1, 0x1, 0x1,
    0x3, 0x32, 0x3f, 0xf0, 0x3, 0xff, 0x98, 0x4,
    0x38, 0x8, 0xc2, 0x22, 0xc0, 0x4, 0x45, 0xd4,
    0x1, 0x8, 0xc1, 0xa0, 0xef, 0x18, 0x1, 0xde,
    0x15, 0x0, 0x8c, 0xc4, 0xe, 0x0, 0x5f, 0x6,
    0xf0, 0x6f, 0x30, 0xd, 0x7c, 0xa0, 0x8a, 0x1,
    0x8, 0x80, 0x44, 0xe, 0x1, 0x10, 0x74, 0x84,
    0xf0, 0x7, 0xff, 0x0, 0xb6, 0x54, 0x9, 0xbc,
    0x3, 0xff, 0x80, 0x44, 0x59, 0xed, 0x94, 0x0,
    0xff, 0xe0, 0xed, 0x30, 0x80, 0x7f, 0x85, 0xd4,
    0x40, 0x3f, 0xf8, 0x83, 0x60, 0xc0, 0x1f, 0xdb,
    0x61, 0xd0, 0x1d, 0x19, 0xd0, 0x0,

    /* U+7B49 "等" */
    0x0, 0xff, 0x84, 0x3, 0xfe, 0x9f, 0x50, 0xe,
    0x8f, 0x40, 0xf, 0xc4, 0xc1, 0x91, 0x13, 0x8b,
    0x6, 0x44, 0x70, 0x5, 0x20, 0x6, 0x77, 0xa6,
    0x80, 0xe, 0xfe, 0x10, 0x74, 0x2c, 0x4, 0xff,
    0x32, 0x17, 0x20, 0x4f, 0xfc, 0x27, 0x1, 0xe6,
    0x64, 0x10, 0x50, 0xe1, 0xa0, 0x80, 0xc, 0x79,
    0x64, 0x1f, 0xa2, 0x6, 0x4, 0x3, 0x78, 0x1,
    0xc6, 0xbf, 0xec, 0xdf, 0xf0, 0x87, 0x7f, 0xaf,
    0x7d, 0x0, 0x30, 0xb3, 0x78, 0x0, 0xac, 0xde,
    0x0, 0xe9, 0x9f, 0x10, 0x5c, 0xcf, 0x10, 0x0,
    0x7f, 0xff, 0x10, 0x77, 0xff, 0xc4, 0x28, 0x9f,
    0x8c, 0xc8, 0x80, 0x2, 0x26, 0x30, 0xbb, 0xfd,
    0x98, 0xbb, 0x8, 0x5d, 0xe1, 0x4, 0xbb, 0xff,
    0x84, 0x2e, 0xe6, 0x0, 0x12, 0x27, 0xfc, 0x0,
    0x44, 0xb8, 0x0, 0xdf, 0xed, 0x23, 0xef, 0xfe,
    0x10, 0xff, 0xa0, 0x3, 0x89, 0xcf, 0x8, 0x3,
    0xff, 0x89, 0x4c, 0x5e, 0x1, 0xff, 0xc5, 0x94,
    0xa0, 0x9b, 0xb0, 0x80, 0x7f, 0xf0, 0x6d, 0xc0,
    0x51, 0x5, 0x20, 0x1f, 0xfc, 0x38, 0xff, 0x6b,
    0x0, 0x70,

    /* U+7CFB "系" */
    0x0, 0xff, 0x12, 0x34, 0xea, 0x0, 0x4a, 0xf1,
    0x35, 0x7b, 0xdf, 0xb7, 0x2c, 0x50, 0x1, 0x74,
    0x3b, 0x2a, 0x10, 0x9b, 0x45, 0x67, 0xe0, 0x5,
    0x39, 0x8d, 0xc2, 0x9, 0xc9, 0x77, 0x18, 0x7,
    0x11, 0x98, 0x34, 0xa9, 0x80, 0xb, 0xb8, 0x1,
    0xf3, 0x68, 0x62, 0x80, 0xcd, 0x5, 0x80, 0x7b,
    0x24, 0x7, 0x3f, 0xdc, 0xc3, 0x8e, 0x1, 0xf9,
    0x15, 0xc8, 0x0, 0x5e, 0x4c, 0x1, 0xec, 0xfb,
    0xb1, 0x90, 0xd6, 0x8c, 0x4c, 0x0, 0x7c, 0xfc,
    0x8d, 0xea, 0x0, 0x93, 0x76, 0x0, 0x86, 0x3e,
    0x1, 0x86, 0x2a, 0xf3, 0x4c, 0x24, 0xc0, 0x1c,
    0xe0, 0x13, 0x3b, 0x2a, 0x81, 0xd9, 0x3, 0x80,
    0xc, 0x93, 0x59, 0xbc, 0x41, 0xf9, 0x53, 0x70,
    0x46, 0x13, 0x6f, 0xc8, 0x42, 0x1, 0xa6, 0x81,
    0xf8, 0xc0, 0x3, 0x89, 0xc0, 0x1c, 0x24, 0xba,
    0x42, 0x0, 0x2c, 0x24, 0x90, 0xe, 0x1b, 0x62,
    0xd4, 0x6, 0xd2, 0x5b, 0x0, 0xfd, 0x30, 0x16,
    0xa8, 0x6f, 0x41, 0x19, 0x82, 0x1, 0x0, 0x9e,
    0x49, 0xcb, 0x20, 0x1, 0x86, 0x62, 0x80, 0xe,
    0x6d, 0x20, 0xe, 0x4f, 0xf6, 0xb8, 0x7, 0xe0,

    /* U+7D2F "累" */
    0x0, 0x9d, 0xff, 0xf8, 0x4a, 0x1, 0xc, 0x47,
    0xff, 0xa, 0x40, 0x39, 0x3f, 0xf1, 0x87, 0x7f,
    0xdc, 0x1, 0xf3, 0x37, 0x18, 0x33, 0x70, 0x7,
    0xc5, 0x33, 0x80, 0x11, 0x33, 0x40, 0x7, 0xc9,
    0xff, 0x8c, 0x3b, 0xfe, 0xe0, 0xf, 0x96, 0xaa,
    0xe3, 0xd, 0xaa, 0xc0, 0x1c, 0x26, 0x4c, 0xea,
    0x20, 0x60, 0xcd, 0x39, 0xb0, 0x6, 0xcc, 0x40,
    0x1, 0xff, 0x31, 0x61, 0xd9, 0x8a, 0x0, 0xc9,
    0xb6, 0x4b, 0xf1, 0xfe, 0x81, 0x60, 0xf, 0xac,
    0x80, 0xb, 0xe, 0x7, 0x59, 0xa8, 0x1, 0xec,
    0xc5, 0x28, 0x1, 0x73, 0xa, 0x69, 0x70, 0x1,
    0x97, 0xb2, 0x94, 0x14, 0x26, 0xf3, 0x8c, 0x1e,
    0x40, 0x2a, 0x20, 0xc, 0x8a, 0xa4, 0x76, 0x76,
    0x6, 0x70, 0x5, 0x67, 0x67, 0xfb, 0x90, 0x2e,
    0xf4, 0xf3, 0xb8, 0x0, 0xa7, 0x19, 0x80, 0xe,
    0x1c, 0xd9, 0x8, 0x0, 0x9f, 0x99, 0x34, 0x3,
    0x87, 0xd1, 0xbd, 0x80, 0x19, 0x1, 0x36, 0x35,
    0x45, 0x7, 0x2, 0xba, 0x9, 0x90, 0x6c, 0x73,
    0x0, 0x5, 0x41, 0x4c, 0x2, 0x5f, 0x78, 0x1,
    0x70, 0xd, 0x7f, 0xd4, 0x1, 0xc3, 0x2,

    /* U+7EA7 "级" */
    0x0, 0xff, 0xe6, 0x54, 0x0, 0x7f, 0xf1, 0x45,
    0x54, 0x0, 0xbb, 0xfb, 0xec, 0x3, 0xd2, 0x16,
    0x0, 0x44, 0xf8, 0x18, 0x3, 0x85, 0xc9, 0x80,
    0x1d, 0xc0, 0x7, 0x72, 0x1, 0x40, 0x3a, 0x2,
    0x41, 0xc4, 0x60, 0x11, 0xb4, 0x30, 0x3, 0x1b,
    0x22, 0xe, 0x34, 0x2, 0x30, 0x2, 0x2, 0x0,
    0x45, 0xc1, 0xcb, 0x81, 0xe0, 0x20, 0xc0, 0x62,
    0x62, 0x40, 0x11, 0x5, 0x50, 0x18, 0xc0, 0x81,
    0x1, 0x0, 0xfb, 0x68, 0x9, 0x1d, 0xc0, 0x32,
    0x0, 0x70, 0x0, 0x88, 0x14, 0x40, 0x80, 0x17,
    0x8, 0x1a, 0x1, 0x18, 0x1, 0x99, 0xf4, 0xe1,
    0x80, 0x14, 0x9b, 0xb5, 0x40, 0x70, 0x2, 0x40,
    0x26, 0x14, 0x0, 0x4b, 0x3, 0xd2, 0x80, 0x14,
    0x1c, 0x5c, 0x1c, 0x18, 0x0, 0x4c, 0x0, 0x5a,
    0xf8, 0x3, 0x28, 0x18, 0x49, 0x9, 0x0, 0x12,
    0x5f, 0xd2, 0x8a, 0x28, 0x20, 0x58, 0x58, 0xc0,
    0x80, 0x56, 0x80, 0xb7, 0xd3, 0xc1, 0xa0, 0xa0,
    0x13, 0x80, 0x64, 0x9e, 0xa4, 0x45, 0xa0, 0xa0,
    0x38, 0x5, 0x62, 0x1, 0x53, 0x3, 0xed, 0xe0,
    0x30, 0xdc, 0xd, 0x1a, 0x62, 0x0, 0x26, 0xba,
    0x9, 0x14, 0x6f, 0x90, 0xb1, 0x71, 0xa, 0xd0,
    0x1d, 0x40, 0x24, 0x7b, 0x38, 0x7d, 0x20, 0x5,
    0xd4, 0x20,

    /* U+7EBF "线" */
    0x0, 0x88, 0x80, 0x1c, 0x52, 0xa0, 0x20, 0x1f,
    0x5e, 0xa8, 0x6, 0x16, 0xc6, 0xe9, 0x10, 0xe,
    0x70, 0x40, 0xf, 0x1b, 0x3b, 0x68, 0x6, 0x71,
    0x71, 0x0, 0xc2, 0x1, 0x45, 0xc0, 0x6, 0x91,
    0x91, 0x10, 0x4, 0xe0, 0xb5, 0x97, 0x66, 0x0,
    0x40, 0xc0, 0xdf, 0xa7, 0x7d, 0x0, 0x14, 0x8d,
    0x88, 0xd, 0xcd, 0xd9, 0x49, 0x9, 0x5c, 0x1,
    0xdc, 0xc9, 0x40, 0xc0, 0x3e, 0x90, 0xe0, 0xca,
    0x81, 0x18, 0x0, 0x48, 0x6, 0x2c, 0x0, 0x82,
    0x0, 0x84, 0x6a, 0xcf, 0xdb, 0xc, 0xed, 0x3,
    0x70, 0x5b, 0xee, 0x0, 0x14, 0x91, 0xe8, 0x0,
    0x34, 0x3a, 0x4, 0x68, 0x6a, 0x0, 0x9e, 0xbd,
    0x10, 0x1e, 0x10, 0xdf, 0xc6, 0xfd, 0xa9, 0x1,
    0x3, 0xaa, 0x7, 0x0, 0x4, 0x4b, 0x0, 0x19,
    0x43, 0x4b, 0x43, 0x42, 0x12, 0xfb, 0x69, 0x80,
    0x31, 0x82, 0xe0, 0xd1, 0x83, 0xda, 0x8, 0x96,
    0x40, 0x3e, 0x1a, 0x50, 0x8, 0xe3, 0x3a, 0x98,
    0x40, 0xb, 0xc0, 0x2, 0x50, 0x91, 0xbc, 0x73,
    0x5a, 0xf0, 0x7e, 0xa1, 0x71, 0x24, 0x6, 0x7c,
    0x5a, 0xfa, 0x50, 0xf8, 0x16, 0xe8, 0xa0, 0xbe,
    0x5, 0x7a, 0x50, 0xd, 0xb1, 0xd2, 0x20, 0x94,
    0x42, 0xc6,

    /* U+7EDC "络" */
    0x0, 0xff, 0xe6, 0x4a, 0x0, 0x61, 0xf9, 0x0,
    0xff, 0x13, 0x50, 0x6, 0x90, 0xc0, 0xf, 0xf5,
    0x84, 0x0, 0x44, 0xe1, 0x5f, 0xfc, 0x60, 0x11,
    0x30, 0xb0, 0x5, 0xc0, 0x4, 0x48, 0xc0, 0x4,
    0x1, 0x40, 0x58, 0x30, 0x51, 0x83, 0xdd, 0xca,
    0xe, 0x20, 0x4, 0x54, 0x55, 0x4f, 0xa9, 0x1b,
    0xa8, 0x33, 0xe, 0x0, 0x5, 0x60, 0x55, 0x40,
    0xa3, 0xfd, 0x1a, 0xd9, 0x2d, 0x0, 0x98, 0x0,
    0xca, 0xc, 0xb8, 0x43, 0x60, 0x41, 0xe2, 0x1,
    0x23, 0x5c, 0x81, 0x48, 0x0, 0xa6, 0x80, 0x2c,
    0x71, 0x0, 0xa5, 0x60, 0x3c, 0x17, 0x35, 0x8a,
    0xbe, 0x42, 0x3a, 0xc4, 0x7, 0x5, 0x96, 0xf0,
    0xca, 0x75, 0x41, 0xba, 0x9, 0x84, 0xb8, 0x81,
    0xa1, 0x37, 0xe, 0x7f, 0xfa, 0x7, 0x0, 0xc0,
    0x9, 0x19, 0xe8, 0x60, 0x4, 0x4e, 0x0, 0x8,
    0xd, 0x7d, 0xb9, 0x80, 0x62, 0xbb, 0xe0, 0xe,
    0x50, 0x1, 0x3e, 0xc8, 0x7, 0xff, 0x4, 0xe3,
    0x75, 0x4, 0x20, 0x1f, 0x8, 0x6, 0x3c, 0x72,
    0x49, 0xf8, 0x0, 0x17, 0xfe, 0xe0, 0x30, 0x1,
    0x9a, 0x3a, 0xd8, 0x3, 0x95, 0x78, 0x3, 0xb1,
    0xc4, 0x3, 0xc5, 0x55, 0xc0, 0x60, 0x1f, 0xf7,
    0x68, 0x7, 0x7e, 0x0, 0x0,

    /* U+7EDF "统" */
    0x0, 0xd2, 0x60, 0x1c, 0x2e, 0xc0, 0x1f, 0xc6,
    0xda, 0x1, 0xc3, 0x12, 0x20, 0x1f, 0xa4, 0x18,
    0x3, 0xcc, 0x8, 0x1, 0xf1, 0x28, 0xc8, 0x3,
    0xbb, 0x30, 0x5f, 0x75, 0x80, 0x14, 0x4, 0xa,
    0x81, 0x9c, 0x20, 0x3, 0x3c, 0xe0, 0x4, 0x52,
    0x66, 0x54, 0xee, 0xb8, 0x1, 0xba, 0xfc, 0xdb,
    0x2, 0xa0, 0x94, 0x90, 0xd0, 0x1e, 0xa, 0x22,
    0x6d, 0x0, 0x4e, 0x21, 0x76, 0x5, 0x40, 0xa2,
    0x65, 0x2, 0x54, 0x60, 0x2, 0x81, 0x8, 0x2,
    0xcf, 0x50, 0x3a, 0x2a, 0xd0, 0x20, 0x40, 0x1f,
    0x80, 0xb, 0x11, 0x10, 0x2, 0x1d, 0x50, 0xc0,
    0x60, 0x2, 0xa1, 0x84, 0x2, 0x36, 0x47, 0xcd,
    0xbf, 0xf0, 0x98, 0x2, 0x90, 0x3b, 0x3d, 0x32,
    0x11, 0x6, 0xd7, 0x60, 0xfa, 0x3, 0x50, 0x3,
    0x1a, 0x30, 0x18, 0x38, 0x7, 0x8, 0x0, 0xc1,
    0x27, 0x7e, 0xc8, 0x1c, 0x8, 0x3, 0xfb, 0xed,
    0x88, 0x14, 0x83, 0x3, 0xc0, 0x38, 0x80, 0x30,
    0xad, 0x7d, 0x28, 0x38, 0x20, 0x7, 0x2f, 0x89,
    0x67, 0x52, 0x9c, 0x35, 0xa, 0x10, 0x7, 0x78,
    0x0, 0xcc, 0x4f, 0xb8, 0x9a, 0xa3, 0x40, 0x7,
    0x4, 0x96, 0x11, 0xb3, 0x60, 0x80, 0x6, 0x6c,
    0x10, 0x1, 0xa1, 0x30, 0xc0, 0x0, 0xc0, 0x31,
    0xee, 0x10, 0x6, 0xbf, 0xf9, 0x80,

    /* U+7EED "续" */
    0x0, 0xd0, 0x60, 0x1e, 0x9c, 0x10, 0xf, 0xc4,
    0xfe, 0x1, 0xe5, 0x33, 0x0, 0x7e, 0xb0, 0x80,
    0x2, 0x7f, 0xc6, 0x1b, 0xfe, 0xc0, 0xc, 0x2c,
    0x68, 0x0, 0x67, 0x78, 0x0, 0xae, 0xea, 0x0,
    0xd2, 0x1e, 0xc, 0x5, 0x11, 0x18, 0x5c, 0x41,
    0x80, 0x22, 0x75, 0x37, 0x97, 0xff, 0xc6, 0x1d,
    0xff, 0x60, 0x3, 0x83, 0x22, 0x4, 0xec, 0xdf,
    0x8c, 0x14, 0x14, 0xc2, 0x5c, 0x38, 0x26, 0x3a,
    0x60, 0x36, 0x6c, 0x34, 0x14, 0xa1, 0xc1, 0x8c,
    0x0, 0x53, 0xae, 0xd8, 0x16, 0x28, 0x0, 0xd7,
    0x52, 0x90, 0x4, 0xa7, 0xb8, 0x80, 0x5d, 0xa0,
    0x1a, 0x8a, 0xda, 0x83, 0xe3, 0x6c, 0xc3, 0xc0,
    0x8c, 0x2, 0xd5, 0x9, 0x92, 0x8b, 0x6b, 0x1,
    0x80, 0x80, 0x78, 0x80, 0xdf, 0x3d, 0x7f, 0x57,
    0xa0, 0x27, 0xfe, 0xe0, 0x4, 0x76, 0x41, 0x93,
    0xb3, 0x4a, 0x0, 0x66, 0xe0, 0x3, 0x88, 0x9f,
    0x74, 0x13, 0x30, 0x2, 0x3b, 0xe6, 0x50, 0x2,
    0xf9, 0xd0, 0x6e, 0x40, 0x9, 0x53, 0x6c, 0x9b,
    0x10, 0x1, 0xc1, 0xad, 0xf4, 0x9, 0x63, 0x16,
    0x8d, 0xba, 0x61, 0x1, 0x4f, 0x52, 0x0, 0x1b,
    0x4d, 0x74, 0x40, 0x11, 0x45, 0xa2, 0xc, 0x20,
    0x19, 0xd6, 0xe8, 0x3, 0x96, 0xa0, 0x40,

    /* U+7F51 "网" */
    0x1c, 0xcf, 0xfe, 0x17, 0x7c, 0x19, 0xff, 0xf0,
    0xc4, 0x8, 0x0, 0x7f, 0xff, 0xfc, 0xb, 0x0,
    0xfe, 0xb7, 0x0, 0x8e, 0x8d, 0xc0, 0x3c, 0x40,
    0x49, 0xc2, 0x0, 0x45, 0x0, 0xfa, 0xbc, 0x58,
    0x3b, 0x28, 0x34, 0xc, 0x3, 0xdc, 0x55, 0x80,
    0x88, 0x57, 0x71, 0x0, 0x7c, 0x8e, 0x8e, 0x7,
    0x27, 0x4, 0xe0, 0x1f, 0xa0, 0xc0, 0x37, 0x0,
    0x30, 0x3, 0xfa, 0x80, 0x2, 0x4, 0x0, 0xc0,
    0xf, 0xed, 0x0, 0x50, 0x8, 0x1, 0x4c, 0x3,
    0xe2, 0x45, 0x52, 0x22, 0x41, 0xc3, 0xc0, 0x3e,
    0x90, 0x9b, 0x37, 0x71, 0x43, 0x1b, 0x0, 0x73,
    0x22, 0x98, 0xe4, 0x4, 0x4, 0x5b, 0x0, 0x61,
    0x81, 0xb0, 0x4, 0x22, 0xa8, 0x5, 0x0, 0x38,
    0x73, 0x44, 0x1, 0xf, 0x40, 0x19, 0xc0, 0x38,
    0x8c, 0x3, 0x40, 0x2, 0x77, 0x54, 0x4, 0x1,
    0xff, 0xc0, 0xd2, 0x20, 0x2c, 0x80,

    /* U+884C "行" */
    0x0, 0xc3, 0x8e, 0x1, 0xff, 0xc5, 0xd3, 0xe0,
    0x6, 0x67, 0xf4, 0x80, 0x6c, 0x34, 0x90, 0x1,
    0x9f, 0xf2, 0x80, 0xb, 0xc, 0xd6, 0x1, 0x7f,
    0xff, 0x60, 0x3, 0xd, 0x30, 0x14, 0x3, 0xff,
    0x85, 0x2d, 0x61, 0x35, 0x0, 0x1f, 0xfc, 0x17,
    0x90, 0x46, 0x19, 0x0, 0xff, 0xe1, 0x95, 0x5,
    0x8f, 0xff, 0xfc, 0x40, 0x1, 0xf1, 0x5, 0x2,
    0x2f, 0x0, 0x44, 0x40, 0x0, 0xe1, 0x1, 0x0,
    0x37, 0x7d, 0x1, 0x1b, 0xa2, 0x1f, 0x21, 0x0,
    0xff, 0xe2, 0xa, 0x96, 0x0, 0x7f, 0xf1, 0x6b,
    0x4c, 0x3, 0xff, 0x8a, 0x20, 0x1f, 0xff, 0xe1,
    0x0, 0xff, 0xe1, 0x5e, 0x62, 0x0, 0xc0, 0x3f,
    0xf8, 0x46, 0x70, 0x2a, 0x80, 0x3c, 0x3b, 0x80,
    0x1d, 0x1f, 0xf5, 0x0, 0x60,

    /* U+89C8 "览" */
    0x0, 0xe8, 0xa0, 0xa, 0x68, 0x40, 0x3d, 0x58,
    0x0, 0x45, 0x10, 0x3, 0x20, 0x80, 0x79, 0xcc,
    0x3, 0xca, 0x3, 0xff, 0xd8, 0x1, 0xfd, 0xc0,
    0x28, 0x9e, 0x0, 0xfc, 0x68, 0x7c, 0x6d, 0x37,
    0x68, 0x0, 0xfd, 0xe1, 0x1, 0xa5, 0xe2, 0x1,
    0xfe, 0x44, 0x81, 0x58, 0xac, 0x2, 0xdf, 0x0,
    0x22, 0x6, 0x2c, 0x2, 0x95, 0xe0, 0xc, 0x77,
    0x63, 0xb, 0xbf, 0x84, 0x40, 0x19, 0xd1, 0x3f,
    0xf8, 0x1a, 0x1, 0xe7, 0xff, 0xbb, 0x9f, 0xf3,
    0x80, 0x7f, 0xc9, 0xd6, 0x1, 0xff, 0xd5, 0x20,
    0x31, 0x0, 0xfe, 0x74, 0xd0, 0x5, 0x83, 0x71,
    0x6, 0x3e, 0x0, 0x63, 0xb5, 0x1b, 0x24, 0x30,
    0x9, 0x21, 0x25, 0x0, 0x21, 0x8e, 0x44, 0x50,
    0x7, 0xcf, 0x7, 0x19, 0xce, 0x33, 0x62, 0xe1,
    0x33, 0xac, 0x54, 0x5c, 0xd2, 0xb9, 0x80, 0x10,
    0x48, 0xcd, 0x21, 0xd9, 0x6f, 0xda, 0x80, 0x63,
    0xdf, 0xfe, 0xc2,

    /* U+8B66 "警" */
    0x0, 0xab, 0x0, 0xf9, 0x80, 0x28, 0xb0, 0xf,
    0xbf, 0xca, 0x7f, 0x83, 0x3f, 0x22, 0xea, 0x67,
    0x88, 0x1, 0xd8, 0x5, 0xb6, 0x31, 0xb1, 0x0,
    0x1c, 0xcd, 0xc0, 0x1, 0xa0, 0x68, 0xe4, 0x8a,
    0x46, 0xa, 0xe9, 0x9, 0xc0, 0x2, 0xb1, 0xee,
    0x64, 0x9, 0x66, 0x68, 0xb, 0x26, 0x0, 0x15,
    0x1, 0xcc, 0xa1, 0x81, 0xb3, 0x78, 0xb8, 0xa4,
    0x2, 0x2c, 0x45, 0xe9, 0x0, 0x88, 0x82, 0xc0,
    0x11, 0x0, 0x63, 0x55, 0x74, 0x8c, 0x7, 0x27,
    0x59, 0x49, 0xcf, 0x40, 0x5, 0x2f, 0xba, 0x75,
    0x3f, 0x34, 0x9d, 0x6c, 0xa2, 0xf0, 0x3, 0xf8,
    0x55, 0x1, 0x51, 0xa0, 0xfa, 0x22, 0xd4, 0x30,
    0xf, 0xf3, 0x38, 0x80, 0x79, 0xc0, 0xf, 0x16,
    0xcd, 0xce, 0xcd, 0xed, 0x83, 0x0, 0xc7, 0xbb,
    0xff, 0xc0, 0x40, 0xf, 0x26, 0x67, 0xff, 0x1,
    0x0, 0x3c, 0x9b, 0xbf, 0xfc, 0x4, 0x0, 0xf3,
    0xee, 0xff, 0xf0, 0x20, 0x3, 0xf5, 0x7f, 0xfe,
    0xb0, 0xf, 0xf5, 0x7f, 0xfe, 0xb0, 0xf, 0xf4,
    0xf7, 0x7e, 0xa0, 0xf, 0xcf, 0xec, 0x23, 0xf9,
    0x7e, 0x40, 0x20,

    /* U+8BA1 "计" */
    0x0, 0x88, 0x3, 0xf4, 0x48, 0x80, 0x7c, 0x59,
    0x60, 0x1f, 0x2b, 0x18, 0x7, 0xc4, 0x88, 0xc0,
    0xf, 0xfe, 0x2d, 0x31, 0xd0, 0x7, 0xff, 0x16,
    0x5a, 0x40, 0x3f, 0xf8, 0xd2, 0x60, 0x1f, 0xfc,
    0x11, 0x77, 0xb9, 0xc0, 0x8c, 0xf1, 0x3, 0x99,
    0xe0, 0x38, 0x88, 0x60, 0x3f, 0x33, 0x0, 0x2b,
    0x33, 0x1, 0x44, 0x1c, 0x4, 0x1c, 0xcf, 0x0,
    0x4, 0xcf, 0x0, 0x1d, 0xd2, 0x6, 0x15, 0x99,
    0x88, 0x33, 0x38, 0x3, 0xff, 0xf0, 0xc0, 0x1f,
    0xfc, 0x53, 0xb9, 0x50, 0xf, 0xfe, 0x11, 0x80,
    0xa2, 0x40, 0x1f, 0xfc, 0x2d, 0x0, 0x45, 0x88,
    0x7, 0xff, 0x12, 0x9c, 0x3, 0xff, 0x89, 0x58,
    0xa0, 0x1f, 0xfc, 0x20,

    /* U+8BE2 "询" */
    0x0, 0x9, 0x0, 0x73, 0x52, 0x0, 0x7f, 0x7e,
    0x18, 0x6, 0xb5, 0x0, 0xff, 0x58, 0xe9, 0x0,
    0x10, 0x88, 0x80, 0x1f, 0xcb, 0x3, 0x20, 0x9,
    0x2, 0xff, 0xfb, 0x40, 0x27, 0x8a, 0x7, 0x20,
    0x33, 0xf8, 0x3, 0xce, 0x29, 0x1, 0x99, 0xf8,
    0x0, 0xb9, 0x8f, 0xf0, 0x48, 0x3, 0xa6, 0x72,
    0x80, 0x42, 0x46, 0x60, 0xb, 0x1c, 0x88, 0xcd,
    0xbc, 0x4, 0x0, 0xff, 0xe2, 0x0, 0xc, 0x0,
    0xff, 0xb8, 0x2, 0x30, 0x70, 0xf, 0xe1, 0x22,
    0x80, 0x38, 0x40, 0x3f, 0xdb, 0xac, 0x0, 0x84,
    0x3, 0xff, 0x81, 0x54, 0x90, 0x9, 0xc0, 0xc0,
    0x3f, 0x85, 0x54, 0xe0, 0x10, 0x80, 0x80, 0x71,
    0x61, 0x0, 0xff, 0xb8, 0x2, 0x20, 0xe0, 0xe,
    0xc3, 0x70, 0x3, 0x36, 0xf0, 0xf0, 0x30, 0x8,
    0x80, 0x69, 0x51, 0x13, 0x39, 0x40, 0xc1, 0x80,
    0x14, 0x0, 0xc5, 0x9, 0xb0, 0xf, 0x20, 0x18,
    0x3, 0xc3, 0x4c, 0x3, 0xd1, 0x98, 0xe0, 0x40,
    0x9, 0x70, 0x80, 0x3e, 0xd3, 0x30, 0xa5, 0x0,
    0x63, 0x0, 0xfc, 0xbf, 0xf5, 0x88, 0x0,

    /* U+8BEF "误" */
    0x0, 0x10, 0x80, 0x7f, 0xf1, 0x47, 0x3c, 0x80,
    0x29, 0xff, 0xfe, 0x0, 0x86, 0x47, 0xc, 0x3,
    0x22, 0xaf, 0x0, 0x79, 0xe0, 0x78, 0x3, 0x4d,
    0x57, 0x10, 0x7, 0x9d, 0xdc, 0x1, 0xff, 0xc6,
    0x83, 0x0, 0xdb, 0xff, 0xc4, 0x1, 0x2e, 0x63,
    0xf8, 0x40, 0x18, 0xcd, 0xfc, 0x0, 0x23, 0x30,
    0x9, 0x80, 0x16, 0x67, 0xf8, 0x0, 0xff, 0xe3,
    0x0, 0x87, 0x33, 0xfc, 0xc0, 0x19, 0xc0, 0x31,
    0x16, 0x33, 0x11, 0x61, 0x0, 0xfc, 0x3d, 0xd8,
    0x83, 0xbb, 0x38, 0x7, 0xff, 0x4, 0x84, 0x3,
    0xff, 0x83, 0xff, 0xc0, 0x3f, 0xfc, 0x20, 0x1f,
    0x32, 0xac, 0x1, 0x95, 0x70, 0x80, 0x73, 0xee,
    0xaa, 0xa1, 0x0, 0x15, 0x56, 0x0, 0xcc, 0x14,
    0x44, 0x0, 0x58, 0xac, 0x96, 0x0, 0x79, 0x8,
    0x7, 0x59, 0x75, 0xe, 0x99, 0x87, 0xca, 0x1,
    0x94, 0x13, 0x83, 0xa8, 0x97, 0x0, 0x13, 0x3,
    0x5a, 0x1, 0xe, 0x58, 0x14, 0xb6, 0x50, 0x6,
    0x7d, 0x6b, 0x0,

    /* U+8D1F "负" */
    0x0, 0xe4, 0xc7, 0x0, 0xff, 0xe1, 0xc9, 0x90,
    0x7, 0xff, 0xa, 0x8, 0x2b, 0xff, 0x69, 0x80,
    0x7c, 0xae, 0xa, 0xef, 0x20, 0x10, 0x80, 0x78,
    0xe8, 0x2e, 0xa2, 0x27, 0x8, 0x20, 0xe, 0x4c,
    0x8, 0x40, 0x9, 0x8c, 0xce, 0x1, 0xcf, 0x60,
    0x8, 0xff, 0xd2, 0x7, 0xff, 0x70, 0x0, 0xc6,
    0x40, 0x59, 0xb2, 0xa3, 0x31, 0x40, 0x32, 0x73,
    0x81, 0xcc, 0xea, 0xb9, 0x95, 0x80, 0x7f, 0xf0,
    0x27, 0xcc, 0x3, 0xff, 0x86, 0x40, 0x40, 0x1f,
    0xfc, 0x36, 0x1, 0x0, 0xff, 0xe1, 0x9, 0x20,
    0x7, 0xff, 0xd, 0x83, 0x40, 0x3f, 0xc2, 0xaa,
    0x3, 0x81, 0x79, 0x60, 0x15, 0x70, 0xe, 0xa8,
    0x6c, 0xb, 0x57, 0x9f, 0x98, 0x90, 0x8, 0x52,
    0x3a, 0x46, 0x95, 0x3a, 0x8d, 0xb6, 0x8c, 0x23,
    0xad, 0xc1, 0xfd, 0x40, 0x25, 0xcb, 0x35, 0xc7,
    0x95, 0x8c, 0xe8, 0x10, 0xf, 0x26, 0x5b, 0x38,

    /* U+8D25 "败" */
    0x0, 0xff, 0xe0, 0x4b, 0x0, 0x7c, 0xdf, 0xfe,
    0xe0, 0x0, 0xb6, 0x0, 0x7c, 0x20, 0x67, 0x84,
    0x40, 0x4, 0xc, 0x0, 0xfe, 0xde, 0xfc, 0x40,
    0xa, 0xc3, 0x66, 0x73, 0x80, 0x75, 0xe0, 0x80,
    0x42, 0x20, 0x46, 0x6d, 0x40, 0x1f, 0xf3, 0x83,
    0xee, 0xb0, 0x17, 0x0, 0x3f, 0xe9, 0x8, 0x22,
    0x0, 0x30, 0x40, 0x3f, 0xce, 0x0, 0x20, 0x2,
    0x82, 0x80, 0x7f, 0xda, 0x0, 0x50, 0x7, 0x81,
    0x80, 0x7e, 0x10, 0x5, 0xd1, 0x50, 0x1, 0xc,
    0x3, 0xe3, 0x0, 0xc2, 0xb4, 0x48, 0x44, 0x40,
    0xf, 0x84, 0x40, 0x1c, 0xc1, 0xf6, 0x14, 0x1,
    0xf2, 0x90, 0x7, 0xb, 0xa3, 0x19, 0x0, 0x65,
    0xb2, 0x14, 0x18, 0xc0, 0xa, 0x40, 0x14, 0x1,
    0xc4, 0x94, 0x1b, 0xf4, 0x60, 0x12, 0x80, 0x28,
    0x3, 0xc8, 0xc8, 0xa8, 0xe8, 0x0, 0x4b, 0x4,
    0x3b, 0x0, 0xc9, 0x63, 0x41, 0x63, 0x40, 0xf6,
    0x19, 0x6a, 0x9a, 0x80, 0x56, 0x3a, 0x20, 0x30,
    0x4b, 0x3, 0x86, 0x14, 0xc5, 0x20, 0x55, 0x86,
    0x1, 0x36, 0x2d, 0x79, 0x80, 0x53, 0x7e, 0x0,

    /* U+8D8B "趋" */
    0x0, 0xc7, 0x4a, 0x1, 0x84, 0xc4, 0x3, 0xfc,
    0xeb, 0xa0, 0x1a, 0x71, 0x0, 0x3f, 0x8, 0x88,
    0x8, 0x44, 0x2, 0xe1, 0x1b, 0xaf, 0x80, 0x9,
    0x7b, 0x92, 0xb, 0xdc, 0x9, 0x0, 0x33, 0x8,
    0x38, 0x2, 0x65, 0x50, 0x80, 0x15, 0x8d, 0xcb,
    0xee, 0xc2, 0x26, 0x0, 0x8e, 0xaa, 0x7, 0xa8,
    0xd0, 0xe0, 0x3, 0x8c, 0x0, 0x68, 0x99, 0x50,
    0x3c, 0xc3, 0x86, 0x7f, 0xa0, 0x27, 0xc8, 0x0,
    0xcd, 0x8, 0x1, 0x98, 0x32, 0xcd, 0xc4, 0x2,
    0x0, 0xef, 0xf8, 0x7, 0xfd, 0xd, 0x33, 0xce,
    0x1, 0xd4, 0xc0, 0x20, 0x19, 0x26, 0x79, 0x40,
    0x30, 0xae, 0x0, 0x89, 0xdc, 0x66, 0x66, 0xe0,
    0xf, 0x84, 0x2, 0x88, 0x23, 0xff, 0xf2, 0x0,
    0x63, 0x4, 0x1, 0xc, 0xc3, 0x0, 0x78, 0x40,
    0x30, 0x80, 0x4, 0x4, 0xce, 0xff, 0xf2, 0x80,
    0x66, 0x0, 0x58, 0x6, 0x35, 0x5f, 0xc4, 0x0,
    0x20, 0x45, 0x10, 0x8, 0x6a, 0xbf, 0x8, 0x3,
    0x42, 0xd0, 0x0, 0xa2, 0x1, 0xff, 0xc0, 0x43,
    0xb, 0x61, 0xae, 0xe6, 0xe6, 0x7d, 0xa6, 0x61,
    0xa0, 0x4, 0xeb, 0xa0, 0x11, 0x9f, 0xc0, 0x66,
    0xc6, 0x0, 0x8a, 0x2f, 0xbf, 0xff, 0x68, 0x0,

    /* U+8F6E "轮" */
    0x0, 0xff, 0xe5, 0xb7, 0x18, 0x7, 0xa3, 0xe0,
    0x3, 0xf7, 0x89, 0x0, 0x79, 0xc1, 0x40, 0x38,
    0x73, 0xc, 0x1b, 0x98, 0x10, 0x3, 0x0, 0x8,
    0xc0, 0x31, 0x9c, 0x0, 0x33, 0x80, 0x28, 0xc,
    0xf, 0x0, 0xc5, 0xf6, 0x13, 0xff, 0x8, 0x38,
    0xc9, 0xc1, 0xb8, 0x7, 0x60, 0x2, 0x84, 0x0,
    0x70, 0x8c, 0xe, 0x90, 0x40, 0x19, 0x4c, 0x54,
    0xc0, 0x78, 0xac, 0x2, 0xa1, 0xf1, 0x0, 0x19,
    0x50, 0x4, 0x3a, 0x18, 0x1, 0x87, 0xf, 0x4,
    0x38, 0x36, 0x3, 0xf1, 0x72, 0x64, 0x1, 0x2a,
    0x67, 0x8, 0x10, 0x20, 0x0, 0x89, 0x2, 0xcc,
    0x0, 0x4d, 0x48, 0x18, 0x3, 0x3b, 0xdc, 0x33,
    0xc4, 0x2, 0x3d, 0x60, 0x82, 0x0, 0x8c, 0x43,
    0xc0, 0x40, 0x21, 0xc, 0x22, 0x63, 0x80, 0x7f,
    0x3b, 0x18, 0x6, 0x8d, 0x30, 0xe, 0x47, 0xa8,
    0xa, 0x95, 0x1, 0xe, 0x70, 0xf, 0x1d, 0xc2,
    0x80, 0x4c, 0xa0, 0x10, 0x80, 0x43, 0x24, 0x6,
    0x29, 0x8, 0x1b, 0x26, 0x1, 0xf1, 0xb5, 0x0,
    0x3a, 0xdf, 0x0, 0x3f, 0xe7, 0xe, 0x0, 0xff,
    0x88, 0x32, 0xef, 0x2, 0x0, 0x7f, 0xd0, 0x46,
    0x89, 0xb, 0x90, 0x0,

    /* U+8F7D "载" */
    0x0, 0xcb, 0xcc, 0x1, 0x16, 0xd0, 0x21, 0x0,
    0x65, 0x66, 0x70, 0xdb, 0x31, 0x40, 0x98, 0x6b,
    0xc, 0x2, 0xa9, 0x92, 0x1, 0x4c, 0xac, 0x2,
    0x1d, 0xd, 0x20, 0x7, 0x75, 0x0, 0xfd, 0xcf,
    0x30, 0x8, 0xe9, 0xc, 0x2a, 0xee, 0x80, 0x7b,
    0xba, 0x80, 0xea, 0x9c, 0x16, 0xe, 0xf2, 0x8,
    0xb, 0xbc, 0xa0, 0x7, 0x7e, 0xd, 0xd9, 0x86,
    0xbb, 0x76, 0xe0, 0x1d, 0xde, 0x0, 0xcc, 0xe,
    0x1, 0xc2, 0x20, 0x3, 0xd0, 0x87, 0x7f, 0x84,
    0x37, 0xff, 0x29, 0x80, 0x54, 0xa2, 0x11, 0x0,
    0x3, 0xc3, 0xc4, 0x4e, 0xc0, 0x45, 0x28, 0x1,
    0x84, 0x22, 0x1c, 0xe8, 0xee, 0x22, 0x3, 0x58,
    0x70, 0x0, 0xa4, 0x36, 0x98, 0x3a, 0xa8, 0x5c,
    0x6, 0xe4, 0x80, 0x2, 0x0, 0x2a, 0x80, 0x4,
    0xaa, 0x13, 0x8, 0x1b, 0x0, 0xdd, 0xff, 0x30,
    0x67, 0xf8, 0xd4, 0x0, 0x4c, 0x1, 0x84, 0x0,
    0x24, 0x16, 0xf0, 0x62, 0x0, 0xa0, 0x3b, 0x1a,
    0xce, 0xfe, 0x40, 0x78, 0x75, 0x60, 0xc, 0xe8,
    0xae, 0x62, 0x46, 0x0, 0x5a, 0xc3, 0x90, 0x4,
    0x91, 0x82, 0xff, 0x7e, 0xe3, 0x4, 0xaa, 0xa8,
    0x35, 0xc7, 0x60, 0x84, 0x84, 0x3, 0xf0, 0xe1,
    0x43, 0x88, 0xa4, 0x3, 0xd3, 0xc6, 0xd, 0xe6,
    0x0, 0x8e, 0xe2, 0x0,

    /* U+8FBE "达" */
    0x0, 0x28, 0x7, 0xe9, 0xd2, 0x0, 0xfa, 0x2a,
    0x40, 0x3e, 0x52, 0x0, 0xfd, 0x22, 0xc8, 0x1,
    0xff, 0xc4, 0x1b, 0xa, 0x0, 0xf1, 0x0, 0x7f,
    0x94, 0xc8, 0x6f, 0xff, 0x8, 0x6f, 0xfe, 0xa0,
    0xd, 0xb8, 0x26, 0x78, 0x80, 0x6, 0x7c, 0x40,
    0x18, 0x40, 0x11, 0x99, 0x78, 0x1e, 0x67, 0x40,
    0x25, 0xde, 0x10, 0xc, 0xe0, 0x68, 0x1, 0xe1,
    0x44, 0xc6, 0x1, 0xbc, 0x1, 0x68, 0x1, 0xcb,
    0xdc, 0x30, 0xe, 0x15, 0x8, 0xb, 0x30, 0xe,
    0x11, 0x0, 0x7a, 0x1, 0x5e, 0x3, 0x48, 0x3,
    0xfe, 0x56, 0x8, 0x7, 0x61, 0xf1, 0x0, 0xfe,
    0x6a, 0x9, 0x20, 0x4, 0xa1, 0x68, 0x7, 0xea,
    0x90, 0x86, 0x0, 0xd4, 0x26, 0xe0, 0x11, 0x98,
    0x12, 0xa, 0xdc, 0x3, 0x87, 0x59, 0xc0, 0xf,
    0x80, 0x9, 0xbf, 0x40, 0xf, 0x8e, 0x40, 0xd,
    0x1, 0x9e, 0xad, 0xbd, 0x97, 0x55, 0x5e, 0x6f,
    0x70, 0x1c, 0x68, 0xc2, 0xb1, 0x40, 0xd1, 0x56,
    0x43, 0x21, 0x40, 0x1c, 0x50, 0x8, 0xeb, 0xbf,
    0xb7, 0x6e, 0xe7, 0xfa, 0x80,

    /* U+8FD0 "运" */
    0x3, 0xb2, 0x0, 0x9a, 0xef, 0xf9, 0xc0, 0x2b,
    0x4d, 0x60, 0x7, 0x22, 0x7f, 0x70, 0x5, 0x16,
    0x13, 0x20, 0x8f, 0xff, 0xe9, 0x0, 0xc9, 0xa7,
    0x60, 0x1f, 0xfc, 0x52, 0xc2, 0x33, 0xff, 0xe0,
    0x80, 0x7d, 0xb9, 0x9f, 0xfc, 0x0, 0x5f, 0xfc,
    0x32, 0xee, 0x50, 0x2, 0xbb, 0xf8, 0x4, 0xcc,
    0x1, 0x3c, 0x43, 0x40, 0xea, 0x7e, 0xe2, 0x20,
    0x4c, 0xc1, 0x80, 0x74, 0x84, 0x1, 0xc7, 0x0,
    0x7f, 0xf0, 0x1c, 0x51, 0x0, 0x4e, 0x50, 0x1,
    0xfe, 0x19, 0x9, 0x0, 0xa4, 0x1c, 0x80, 0x3f,
    0xf, 0x88, 0x76, 0xf7, 0xf0, 0x3, 0x0, 0x3f,
    0x8, 0x80, 0x6, 0x62, 0x46, 0x70, 0x15, 0x0,
    0xc6, 0x4, 0x11, 0x9d, 0xfd, 0x97, 0x31, 0x8a,
    0xe0, 0x15, 0x0, 0x34, 0xdc, 0xc4, 0x3, 0xc7,
    0x44, 0x0, 0xa5, 0x4c, 0x3c, 0x81, 0x0, 0xfc,
    0x74, 0x4a, 0xa1, 0xa3, 0xc3, 0x7e, 0xe6, 0x66,
    0xde, 0xfc, 0x42, 0x52, 0xb1, 0x1, 0xca, 0x40,
    0x33, 0xc4, 0x20, 0x5, 0x0, 0x62, 0x80, 0x65,
    0xbe, 0xfe, 0xeb, 0xff, 0x58, 0x0,

    /* U+8FD1 "近" */
    0x0, 0x20, 0x7, 0xf0, 0x9b, 0x46, 0x18, 0x2,
    0x2e, 0x80, 0x37, 0xfb, 0x7f, 0xb2, 0x5c, 0xe0,
    0x1, 0x6, 0xb2, 0x1, 0xc2, 0x8d, 0x15, 0x9f,
    0x60, 0x16, 0x93, 0x30, 0x2, 0x1c, 0xb9, 0x75,
    0x30, 0xe, 0x1e, 0x34, 0x0, 0xff, 0xe2, 0x1e,
    0x10, 0x4, 0x24, 0x5f, 0x84, 0x3, 0xfd, 0xbb,
    0xfa, 0xcb, 0x77, 0x8, 0x8, 0x1, 0xde, 0x0,
    0x2b, 0xbb, 0xc4, 0x8b, 0x18, 0x18, 0x1c, 0x44,
    0x61, 0x71, 0x5, 0x3f, 0xf2, 0x0, 0x4c, 0xc,
    0x1, 0xff, 0xc4, 0x20, 0x20, 0xf, 0xfe, 0x26,
    0x6, 0x0, 0x7f, 0xf1, 0x14, 0x10, 0x3, 0xff,
    0x86, 0xe0, 0x80, 0x1f, 0xfc, 0x2, 0x40, 0x60,
    0x7, 0x80, 0x7f, 0xcb, 0xa0, 0xb, 0xfc, 0x40,
    0xd, 0xf4, 0x20, 0x12, 0xd0, 0x5f, 0x23, 0xe6,
    0x2a, 0x67, 0x7d, 0xe6, 0xda, 0xc, 0xa0, 0xdd,
    0x90, 0xd5, 0x9a, 0x55, 0x21, 0x96, 0xe, 0x30,
    0x4, 0x97, 0xfd, 0xbb, 0xdd, 0xcf, 0x70,

    /* U+8FDE "连" */
    0x0, 0xff, 0xe5, 0x39, 0x80, 0x7b, 0x68, 0x40,
    0x3f, 0x1c, 0x69, 0x0, 0x63, 0x27, 0x10, 0xf,
    0xc7, 0x3, 0xe1, 0x7f, 0xec, 0x2, 0xff, 0xf2,
    0x0, 0x4e, 0x85, 0x26, 0x88, 0x0, 0x1a, 0x27,
    0x9c, 0x3, 0x49, 0xc4, 0x2f, 0x81, 0xb2, 0x62,
    0xef, 0x18, 0x6, 0x2c, 0x10, 0x4, 0x5, 0x84,
    0x62, 0x0, 0x7f, 0xf0, 0x1c, 0x98, 0x80, 0x3f,
    0x8f, 0xff, 0x8, 0x40, 0x37, 0xf9, 0x42, 0xff,
    0xdc, 0x0, 0x14, 0x40, 0x80, 0x42, 0x4, 0x50,
    0x4, 0x45, 0x0, 0xa, 0xec, 0x40, 0x17, 0x7e,
    0xec, 0xa1, 0x7b, 0xac, 0x0, 0xff, 0xe8, 0x57,
    0xff, 0x28, 0x5f, 0xfd, 0xa0, 0x1f, 0x11, 0x9f,
    0x0, 0x46, 0x73, 0x0, 0x7d, 0x19, 0x9c, 0xa1,
    0x79, 0x95, 0x80, 0x44, 0x60, 0x40, 0x1f, 0xfc,
    0x32, 0xc0, 0x6, 0x90, 0x7, 0x18, 0xb8, 0x7,
    0xbc, 0x6b, 0x43, 0x5c, 0x80, 0x29, 0xe3, 0x0,
    0x1c, 0xab, 0x92, 0x29, 0x61, 0x46, 0xfe, 0xef,
    0x77, 0xe3, 0x31, 0xca, 0x0, 0x5, 0xb2, 0x82,
    0x45, 0xc2, 0x0, 0x13, 0xc, 0x30, 0xc, 0xd7,
    0xdf, 0xee, 0xe7, 0xfe, 0xe0,

    /* U+8FDF "迟" */
    0x0, 0x38, 0x7, 0xff, 0x1a, 0x21, 0x60, 0x1b,
    0xff, 0xfb, 0x0, 0x28, 0x54, 0xb0, 0x0, 0x80,
    0x8, 0xbc, 0x2, 0x1, 0xa8, 0xd1, 0xc0, 0x36,
    0xef, 0x60, 0x7, 0xdc, 0xac, 0x1, 0xff, 0xc5,
    0x2a, 0x10, 0x8, 0x40, 0x3f, 0xf8, 0xe3, 0xff,
    0xdc, 0x1, 0x8e, 0xef, 0x8, 0x18, 0x0, 0x47,
    0xe6, 0x0, 0x3a, 0x26, 0x30, 0x10, 0x3e, 0xe5,
    0xb7, 0x75, 0x60, 0x4, 0xff, 0x20, 0x4, 0xc0,
    0xc0, 0x36, 0xf2, 0x1, 0xff, 0xc0, 0xc0, 0xd0,
    0x1c, 0x16, 0x90, 0xf, 0xf9, 0xc1, 0x0, 0x5,
    0x80, 0xd0, 0x1, 0xfc, 0x82, 0x23, 0x0, 0x8a,
    0xc1, 0xd8, 0x3, 0xf4, 0x84, 0x80, 0x72, 0x50,
    0x49, 0x80, 0x46, 0x80, 0x90, 0x6e, 0x1, 0xe5,
    0x77, 0x18, 0x1, 0xf0, 0x1, 0x3f, 0xc0, 0x1f,
    0xa2, 0x0, 0x5, 0x80, 0xbe, 0x55, 0x6f, 0x65,
    0xdf, 0x66, 0xf7, 0x1, 0x6, 0x90, 0x6b, 0x14,
    0xd, 0x13, 0x8c, 0x85, 0x0, 0x71, 0x40, 0x23,
    0xae, 0xfe, 0xdd, 0x77, 0x3f, 0xea, 0x0,

    /* U+9001 "送" */
    0x0, 0x18, 0x7, 0x1a, 0x80, 0x73, 0xa8, 0x6,
    0x5c, 0xb0, 0xd, 0xd4, 0x40, 0x11, 0xc5, 0x80,
    0x65, 0x44, 0x40, 0x5, 0x21, 0xc0, 0x14, 0x5,
    0x80, 0x75, 0xb, 0x98, 0xa, 0x9b, 0x88, 0x91,
    0x6, 0x82, 0x1, 0x86, 0x85, 0xcf, 0xb8, 0x69,
    0xdc, 0xb0, 0x3e, 0xe0, 0x80, 0x64, 0xe4, 0x15,
    0x5c, 0x0, 0x25, 0x5c, 0x20, 0x1, 0x1c, 0x5,
    0x55, 0x8c, 0x3a, 0xab, 0x0, 0xb, 0xbb, 0x8,
    0x7, 0xff, 0x8, 0xd9, 0x82, 0x0, 0xdf, 0xfc,
    0x61, 0x9f, 0xfa, 0x80, 0x66, 0x44, 0x0, 0x63,
    0x3c, 0x0, 0x13, 0x3c, 0x40, 0x1f, 0x5e, 0x65,
    0xc0, 0x3, 0xdc, 0xca, 0x0, 0x3f, 0xe8, 0x0,
    0x16, 0x10, 0x7, 0xff, 0x5, 0xd4, 0xbe, 0xb,
    0x8, 0x3, 0xfc, 0x33, 0x3, 0xe0, 0xf0, 0x38,
    0x40, 0x1c, 0x60, 0x6, 0xe6, 0x2c, 0x20, 0x3,
    0xb8, 0x78, 0x2, 0x1c, 0x0, 0x4b, 0x9c, 0x69,
    0x0, 0x68, 0x7e, 0x0, 0xb0, 0xd9, 0x5f, 0x61,
    0xc0, 0x3e, 0x80, 0x61, 0x82, 0x49, 0xa8, 0x3b,
    0xfe, 0xdc, 0xcb, 0x7b, 0xf6, 0x6, 0x46, 0x40,
    0xf, 0xac, 0x42, 0x46, 0x71, 0x8, 0xa, 0x0,
    0xf9, 0x0, 0x45, 0x3b, 0xfe, 0xee, 0x7f, 0xee,
    0xa0,

    /* U+90E8 "部" */
    0x0, 0xff, 0xe6, 0xe, 0x58, 0x7, 0xff, 0x14,
    0x41, 0x8, 0x3, 0x4f, 0xff, 0x48, 0x1, 0x6a,
    0xa3, 0xd, 0xaa, 0x80, 0xc0, 0xcc, 0x40, 0xe0,
    0xd, 0x55, 0x80, 0x25, 0x58, 0x2, 0xdc, 0xb0,
    0x60, 0x4, 0x6a, 0x47, 0xfc, 0x88, 0xe0, 0xe,
    0xd0, 0xa0, 0x8, 0x92, 0x80, 0x2, 0x8c, 0x20,
    0x18, 0x50, 0xc8, 0x3, 0x31, 0x18, 0x38, 0x50,
    0x7, 0x38, 0x48, 0x7, 0x78, 0xb0, 0x58, 0x30,
    0x7, 0x50, 0xa8, 0x0, 0x7f, 0xd2, 0x35, 0xe4,
    0x1d, 0xee, 0x1, 0x84, 0x80, 0x2, 0xab, 0xfe,
    0x20, 0xb, 0x47, 0xc0, 0x2a, 0xaf, 0xf2, 0x80,
    0x43, 0x4, 0xc0, 0x15, 0xdf, 0xe7, 0x0, 0xe7,
    0xc, 0x0, 0x91, 0x3f, 0x68, 0x7, 0x8, 0x9c,
    0x3, 0x1f, 0xfe, 0xc0, 0xf, 0x84, 0x4c, 0x1,
    0xff, 0xc3, 0x4c, 0xe0, 0x30, 0xf, 0xfe, 0x1b,
    0x91, 0x1a, 0x0, 0x31, 0xff, 0xec, 0x0, 0xe3,
    0xed, 0x90, 0xf, 0x2a, 0xe1, 0x0, 0xff, 0xe1,
    0x1d, 0x56, 0xd2, 0x20, 0x7, 0xf0,

    /* U+91C7 "采" */
    0x0, 0xff, 0x89, 0x15, 0xea, 0x40, 0x31, 0x44,
    0x26, 0xaf, 0x3b, 0xfd, 0xb7, 0x50, 0xad, 0x0,
    0x11, 0x3b, 0x99, 0x50, 0xc4, 0x46, 0x8d, 0x13,
    0x7d, 0x0, 0x1b, 0x31, 0xba, 0xef, 0xb6, 0xcb,
    0x97, 0x62, 0xb3, 0x0, 0xc5, 0x12, 0x42, 0x1c,
    0xec, 0x1, 0xa1, 0x5c, 0x3, 0x8, 0x23, 0x0,
    0x24, 0x28, 0x2, 0x71, 0x54, 0x0, 0xe9, 0x8,
    0x0, 0x18, 0x98, 0x0, 0xa0, 0x6c, 0x3, 0xc4,
    0xa6, 0x40, 0x5, 0x70, 0x7, 0x5, 0x88, 0x7,
    0xd7, 0xa4, 0x2, 0x8e, 0x0, 0xe9, 0x50, 0xe,
    0xac, 0xc6, 0xe6, 0x60, 0x6, 0x63, 0xab, 0x32,
    0xa0, 0x3, 0x99, 0xf8, 0x80, 0x6, 0x7f, 0x20,
    0x3, 0x3b, 0xb8, 0x80, 0x31, 0xf7, 0x77, 0x80,
    0x4, 0x7a, 0x88, 0x80, 0x2, 0x3b, 0x11, 0xe0,
    0xf, 0x5a, 0x17, 0x80, 0x3c, 0x56, 0xc4, 0x3,
    0xe3, 0xd4, 0x1f, 0x30, 0x1, 0x60, 0xa7, 0xa0,
    0x6, 0x18, 0xc2, 0x26, 0x10, 0x6, 0x2c, 0x21,
    0xb9, 0x10, 0x2f, 0x70, 0x4d, 0x20, 0xf, 0x16,
    0xa8, 0x37, 0x11, 0x1c, 0x6a, 0xc0, 0x3f, 0xd5,
    0x41, 0x72, 0x9, 0xf5, 0x0, 0xff, 0xe0, 0x2f,
    0x40, 0x0,

    /* U+91CF "量" */
    0x0, 0xc2, 0x3f, 0xfc, 0x0, 0xf, 0xa3, 0xbb,
    0xff, 0x80, 0xe0, 0x1f, 0xa7, 0xbb, 0xf4, 0x0,
    0x7f, 0xa3, 0xff, 0xf4, 0x0, 0x7f, 0xa7, 0x33,
    0xf3, 0x80, 0x7e, 0xe2, 0xaf, 0xff, 0xca, 0x42,
    0x1, 0x99, 0x81, 0x77, 0xff, 0xc0, 0x6, 0x60,
    0x2, 0x67, 0xff, 0x8c, 0x0, 0xff, 0x5d, 0x57,
    0xff, 0x7, 0xfc, 0x1, 0xa6, 0xbb, 0xb5, 0x53,
    0xbb, 0x55, 0x0, 0x3f, 0x44, 0x60, 0x4, 0x46,
    0x10, 0xf, 0xee, 0xec, 0x0, 0xee, 0xc2, 0x1,
    0xfd, 0xdd, 0x80, 0x1d, 0xd8, 0x40, 0x3e, 0x62,
    0xee, 0xc0, 0xe, 0xec, 0x64, 0x1, 0xc3, 0xf3,
    0x3c, 0x0, 0x99, 0xf1, 0x0, 0x64, 0xbb, 0xf0,
    0x2, 0xef, 0xc8, 0x1, 0x97, 0xff, 0xc0, 0x3f,
    0xfe, 0x60, 0x0, 0xff, 0xfe, 0x1, 0xff, 0xfc,
    0x40, 0x1f, 0xfc, 0x80,

    /* U+949F "钟" */
    0x0, 0xa2, 0x0, 0x1f, 0xe, 0xd0, 0x7, 0x85,
    0xd0, 0x3, 0xf1, 0x30, 0x7, 0xac, 0xe, 0xee,
    0x30, 0xf, 0xf9, 0x14, 0x0, 0x89, 0x30, 0x7,
    0xf8, 0xac, 0x33, 0xff, 0x2e, 0x66, 0x3, 0xcc,
    0xa8, 0x85, 0x98, 0xab, 0x20, 0x19, 0x84, 0xc0,
    0x2, 0x23, 0x40, 0xc2, 0xaa, 0xd6, 0x0, 0x4d,
    0xf0, 0x3d, 0xd0, 0x80, 0xb, 0xe0, 0x1, 0x34,
    0x1, 0xff, 0xc1, 0x46, 0x4, 0x65, 0x0, 0xff,
    0xe0, 0x11, 0xa8, 0x29, 0x98, 0x40, 0x3f, 0xef,
    0xcb, 0x1, 0xcc, 0x20, 0x26, 0x78, 0x1e, 0x60,
    0x40, 0x16, 0xec, 0x0, 0x77, 0x80, 0x6, 0x20,
    0x3, 0x30, 0x4, 0xd1, 0x0, 0x48, 0x81, 0x1,
    0xfe, 0x81, 0x7f, 0x80, 0x3f, 0xeb, 0xf0, 0x30,
    0x10, 0x7, 0x78, 0x7, 0xcc, 0x88, 0x30, 0xf,
    0x8, 0x80, 0x39, 0x36, 0x70, 0x3, 0xff, 0x83,
    0x20, 0x2, 0x69, 0x0, 0xff, 0xe0, 0xb8, 0x26,
    0xc8, 0x80, 0x7f, 0xf0, 0x5a, 0xac, 0x80, 0x3f,
    0xf8, 0x0,

    /* U+9519 "错" */
    0x0, 0xff, 0x84, 0x2, 0x10, 0xf, 0xaa, 0xc0,
    0x3d, 0xd4, 0x3, 0xd4, 0x1, 0xc2, 0xae, 0x1,
    0xff, 0xc5, 0x80, 0x3c, 0xc8, 0xe6, 0x40, 0xb3,
    0x60, 0xb3, 0x0, 0x4, 0x60, 0x1, 0x9c, 0xcd,
    0x0, 0x19, 0x40, 0xc, 0xc0, 0x1a, 0xb, 0xff,
    0xcb, 0xfe, 0x4, 0xfd, 0x4, 0xfe, 0x1, 0x4,
    0x51, 0x1c, 0x1, 0x84, 0xc, 0x4, 0x3, 0x5b,
    0x77, 0x6f, 0x13, 0x30, 0x39, 0xa8, 0x39, 0x98,
    0x41, 0x5c, 0x40, 0x4, 0xb7, 0x98, 0x2, 0xcb,
    0x2, 0xcc, 0x20, 0x2, 0xbc, 0x17, 0x6f, 0xdd,
    0xff, 0xe0, 0xe, 0x10, 0x2, 0xc6, 0x67, 0xe8,
    0x20, 0xbf, 0xe0, 0x4f, 0xf2, 0x15, 0xdf, 0xe0,
    0xb, 0x10, 0xc0, 0x8, 0x87, 0x0, 0x25, 0xde,
    0x30, 0xc, 0xf7, 0xa0, 0xb7, 0x63, 0x0, 0x12,
    0x26, 0x70, 0xf, 0xfe, 0x13, 0x7f, 0xe4, 0x0,
    0xff, 0x30, 0x6, 0x77, 0xc0, 0x1f, 0xcb, 0xd2,
    0x20, 0x6, 0x88, 0xc8, 0x1, 0xea, 0x0, 0xc,
    0x8, 0x1, 0xa6, 0x72, 0x0, 0x79, 0x1, 0x39,
    0xc0, 0x33, 0x36, 0x0, 0xfa, 0x26, 0xc4, 0x3,
    0x37, 0xfe, 0x40, 0xf, 0x3b, 0x0, 0x62, 0xe9,
    0x0, 0xd7, 0xe0, 0x0,

    /* U+957F "长" */
    0x0, 0xd5, 0x20, 0x1f, 0x88, 0x3, 0xe1, 0x57,
    0x0, 0xf9, 0xb7, 0x42, 0x1, 0xff, 0xc2, 0x99,
    0x4, 0x8, 0x7, 0xff, 0x1, 0x35, 0x86, 0xd4,
    0x3, 0xfe, 0x3a, 0xb2, 0x4f, 0x40, 0xf, 0xfa,
    0x31, 0x46, 0x6c, 0x40, 0x3f, 0xf8, 0x10, 0x6f,
    0xec, 0x1, 0xfe, 0x30, 0x10, 0x6, 0x40, 0x80,
    0x7e, 0xbf, 0xf6, 0x80, 0x3f, 0xff, 0xf8, 0x4,
    0x58, 0x40, 0x4, 0x40, 0x8, 0x8b, 0xe3, 0x9d,
    0xd7, 0x80, 0xee, 0xbc, 0x43, 0x37, 0x7c, 0x20,
    0x1f, 0xd2, 0x16, 0x1, 0xff, 0xc4, 0x72, 0x56,
    0x0, 0xff, 0xe2, 0x48, 0x4a, 0x80, 0x7f, 0xf0,
    0xd2, 0x42, 0xa0, 0x3, 0xfc, 0x6f, 0x7d, 0xd,
    0x20, 0xfa, 0xa0, 0x1c, 0xc0, 0x39, 0x8, 0x3e,
    0xd, 0x62, 0x55, 0xe8, 0x1, 0x40, 0x0, 0xe3,
    0x3d, 0xc0, 0x9, 0xd0, 0x28, 0x80, 0xa, 0xa7,
    0xf1, 0xcc, 0x3, 0xcf, 0xd6, 0x0,

    /* U+95F4 "间" */
    0x0, 0x38, 0x7, 0xff, 0x12, 0x21, 0x60, 0x9,
    0xdd, 0xfd, 0xdf, 0x41, 0x6, 0x92, 0x4, 0x5f,
    0xc2, 0xe, 0x0, 0xd0, 0x20, 0xbf, 0xff, 0xda,
    0x1, 0x87, 0x2c, 0x3, 0xff, 0x82, 0x5d, 0x66,
    0x1, 0xff, 0xc3, 0x16, 0x0, 0x5f, 0xff, 0xc2,
    0x1, 0xff, 0x3b, 0xe2, 0x0, 0xff, 0xe0, 0xc4,
    0x67, 0x0, 0xff, 0xe0, 0xc4, 0x67, 0x0, 0xff,
    0xe0, 0xbb, 0xe2, 0x0, 0xff, 0xe0, 0xff, 0xe5,
    0x0, 0xff, 0xe9, 0xc4, 0x67, 0x0, 0xff, 0xe0,
    0xbb, 0xe2, 0x0, 0xff, 0xaf, 0xff, 0xe1, 0x0,
    0xff, 0xeb, 0x9d, 0xf0, 0x8, 0x7, 0xff, 0x4,
    0xd4, 0xcd, 0x0,

    /* U+9635 "阵" */
    0x11, 0xc4, 0x20, 0x1a, 0x31, 0x0, 0x3d, 0x1d,
    0xd6, 0xf1, 0x80, 0x48, 0x6e, 0x1, 0xf9, 0x58,
    0x0, 0xd7, 0x6c, 0x30, 0x8b, 0xbd, 0x0, 0x14,
    0x48, 0x18, 0xa2, 0xc, 0x0, 0x89, 0xe0, 0xc,
    0xa1, 0x49, 0xfe, 0x30, 0xbf, 0xfe, 0xc0, 0xd,
    0xe0, 0xc0, 0x2, 0x32, 0x49, 0x80, 0xf, 0xca,
    0x80, 0x15, 0x5, 0x83, 0x28, 0x7, 0xe6, 0x42,
    0x0, 0x30, 0xb0, 0x7, 0xfd, 0x1, 0x1, 0x62,
    0x2b, 0xb0, 0x15, 0xdc, 0xc0, 0x18, 0x51, 0x41,
    0x0, 0x8, 0x80, 0x2, 0x25, 0xe0, 0x1c, 0x60,
    0x59, 0xbf, 0xf0, 0xf, 0xfd, 0x20, 0x1c, 0x20,
    0x3, 0x20, 0xc, 0x60, 0x1f, 0x3d, 0x30, 0x10,
    0x7, 0xff, 0x9, 0x94, 0x21, 0xf7, 0x78, 0xb,
    0x77, 0x8, 0x0, 0x7b, 0xdf, 0xc8, 0xb8, 0x0,
    0x45, 0x80, 0x30, 0x80, 0x23, 0xff, 0x80, 0xbf,
    0xf0, 0x80, 0x7f, 0xfb, 0x40,

    /* U+9648 "陈" */
    0x0, 0xfe, 0x4b, 0x70, 0xf, 0xa3, 0x32, 0xfa,
    0x10, 0x1, 0xa7, 0x0, 0x7c, 0x46, 0x44, 0x5,
    0x50, 0x8a, 0xc3, 0x4, 0x78, 0x3, 0x7f, 0x0,
    0xf7, 0x46, 0x15, 0xdd, 0xda, 0x1, 0x8c, 0x1f,
    0x54, 0x40, 0xa, 0xbe, 0x40, 0xd, 0x61, 0x4f,
    0x4e, 0x15, 0x5f, 0x48, 0x6, 0x52, 0x30, 0x3,
    0x82, 0xdf, 0x80, 0x7f, 0x18, 0x4, 0x82, 0xc0,
    0xe0, 0x20, 0x1f, 0xa8, 0x9c, 0x20, 0x28, 0x4,
    0x3, 0xfc, 0x85, 0x28, 0x61, 0x9e, 0x41, 0xdf,
    0xf1, 0x80, 0x73, 0x8b, 0x1, 0xaa, 0x80, 0x8,
    0xab, 0x8, 0x7, 0xef, 0xca, 0xa1, 0x85, 0x56,
    0x20, 0x9, 0x69, 0x40, 0x8f, 0x14, 0x3, 0x26,
    0x10, 0x6, 0x75, 0x9, 0x9, 0x30, 0xf, 0x1c,
    0x0, 0x62, 0xef, 0x62, 0x52, 0x50, 0xc, 0x86,
    0xa4, 0x1, 0x84, 0x1, 0x21, 0x20, 0x1e, 0x90,
    0x80, 0xf, 0x32, 0x24, 0x1, 0x84, 0x14, 0x94,
    0x40, 0x39, 0xd6, 0x83, 0x38, 0xc0, 0x34, 0x58,
    0x80, 0x70, 0xd0, 0x82, 0x1, 0xc8, 0x4, 0xa8,
    0x0,

    /* U+964D "降" */
    0x0, 0xff, 0x3c, 0x98, 0x7, 0xa7, 0xff, 0x69,
    0x80, 0x12, 0x18, 0x80, 0x2, 0x1, 0xc6, 0x80,
    0x40, 0x2, 0xb0, 0x7, 0x7f, 0xbb, 0x0, 0x36,
    0xd8, 0x99, 0xda, 0x0, 0x88, 0x80, 0x8, 0x1,
    0xc8, 0x34, 0xf8, 0x1, 0x23, 0xf0, 0x1c, 0x0,
    0x76, 0x8b, 0x29, 0x57, 0x16, 0x7b, 0x16, 0x80,
    0x79, 0xd8, 0xb, 0x54, 0x1c, 0x2, 0xb1, 0x0,
    0xf2, 0xb0, 0x89, 0x6b, 0x94, 0x88, 0x13, 0xd2,
    0xa2, 0x1, 0x50, 0xde, 0xd2, 0x9c, 0xec, 0x54,
    0x1b, 0x51, 0x80, 0x42, 0xaa, 0xf8, 0xec, 0x61,
    0xae, 0x7d, 0xd6, 0x10, 0x6, 0xd0, 0x7, 0xf7,
    0xfb, 0x81, 0x3f, 0xda, 0x80, 0x1d, 0xe0, 0xd,
    0x44, 0x8c, 0x0, 0x89, 0x10, 0x4, 0x94, 0xe0,
    0x66, 0x9, 0xbd, 0x4, 0xbb, 0x94, 0x2, 0x74,
    0x2a, 0xd, 0x43, 0x0, 0xff, 0x8f, 0xb5, 0x41,
    0x3, 0xbf, 0x81, 0x3f, 0xf0, 0x80, 0x78, 0xc0,
    0x8, 0x83, 0x0, 0x22, 0x60, 0xf, 0x8f, 0xfd,
    0x76, 0xd0, 0x4b, 0xbc, 0x20, 0x1f, 0xfd, 0xa0,

    /* U+9669 "险" */
    0x0, 0xff, 0xe5, 0x88, 0x7, 0xb6, 0x0, 0x3d,
    0x3f, 0xf7, 0x69, 0x0, 0x52, 0x4e, 0x1, 0xf9,
    0x54, 0x4, 0x40, 0x2, 0x30, 0x2, 0x80, 0x3e,
    0xba, 0x5, 0x0, 0x15, 0x6, 0xa2, 0xd0, 0x7,
    0xc8, 0x1e, 0x3, 0x83, 0x65, 0x68, 0xb6, 0x20,
    0x1d, 0x82, 0xa7, 0xe3, 0x28, 0x0, 0xb4, 0x47,
    0xa0, 0x6, 0x57, 0x4c, 0x10, 0xca, 0xac, 0xa,
    0x36, 0x20, 0x13, 0x3a, 0x94, 0x92, 0xaf, 0x25,
    0xcb, 0x88, 0x5, 0x23, 0x3a, 0xdb, 0xff, 0xe1,
    0x68, 0x0, 0xc4, 0x6c, 0x4, 0x40, 0x1a, 0x40,
    0x3, 0x40, 0x7, 0x94, 0x45, 0xfc, 0x2, 0xba,
    0x0, 0x85, 0x0, 0xf1, 0x80, 0x14, 0xc4, 0xd,
    0x41, 0x6, 0x80, 0x32, 0xd2, 0x88, 0xb0, 0x10,
    0x14, 0xc3, 0x81, 0xc0, 0x33, 0x28, 0xd8, 0x20,
    0x60, 0x70, 0x12, 0xb8, 0x7, 0x1f, 0xf2, 0x80,
    0x1b, 0x1, 0xfe, 0x82, 0x40, 0x3f, 0xe9, 0x50,
    0x0, 0xbb, 0x84, 0x3, 0xfa, 0xff, 0xfb, 0x81,
    0xff, 0xd6, 0x1, 0xf1, 0xa2, 0x7f, 0x8c, 0x3,
    0xe8, 0xbb, 0xff, 0x40, 0x0,

    /* U+96C6 "集" */
    0x0, 0xc5, 0xb2, 0x0, 0x6d, 0x30, 0xf, 0xfe,
    0x7, 0x16, 0x0, 0x8, 0x90, 0x1, 0xff, 0x59,
    0x84, 0x6e, 0xa4, 0x13, 0x77, 0xac, 0x3, 0x22,
    0x1, 0x1d, 0xe2, 0x0, 0x3b, 0xf1, 0x0, 0x4b,
    0x60, 0x8, 0x99, 0x98, 0x12, 0x67, 0xc0, 0x4,
    0xa0, 0xb, 0x33, 0x30, 0x26, 0x67, 0x0, 0x49,
    0x18, 0x41, 0xdd, 0xa0, 0x1f, 0xbb, 0x80, 0x33,
    0x98, 0x3, 0xff, 0x40, 0x3f, 0xff, 0x0, 0x7e,
    0xaa, 0xca, 0x7, 0x55, 0xc0, 0x1e, 0x20, 0xee,
    0xca, 0x7, 0xdd, 0xd4, 0x80, 0x1e, 0x77, 0xc2,
    0x33, 0xbf, 0x88, 0x3, 0x4c, 0x6e, 0xe5, 0x7e,
    0xdd, 0xf3, 0x0, 0x22, 0x1d, 0xf1, 0x14, 0xa3,
    0x44, 0x7c, 0xe0, 0x2e, 0xff, 0x30, 0x1, 0xdf,
    0xe9, 0x1, 0xff, 0xe8, 0x0, 0xe1, 0xaf, 0xfd,
    0xc0, 0x1c, 0xbb, 0x5, 0x60, 0x56, 0x15, 0x88,
    0x1, 0xc7, 0x1d, 0x44, 0xfa, 0xa0, 0x4, 0xf6,
    0x3b, 0xe8, 0x30, 0x5c, 0x71, 0x6e, 0x80, 0xe,
    0x19, 0xd5, 0x17, 0xd1, 0x57, 0x8e, 0x91, 0x0,
    0xfc, 0x55, 0xd1, 0x42,

    /* U+9879 "项" */
    0x0, 0xff, 0xe7, 0xbf, 0xff, 0xfc, 0x25, 0x55,
    0xe0, 0x55, 0x8c, 0x0, 0x6a, 0xb8, 0x44, 0xab,
    0xe3, 0xaa, 0xac, 0x17, 0x2a, 0xb0, 0x1f, 0x70,
    0x83, 0x79, 0x22, 0xa9, 0x0, 0xd5, 0x54, 0x80,
    0x42, 0x30, 0x18, 0x82, 0xac, 0x0, 0x35, 0x59,
    0xc0, 0x3f, 0xf8, 0x1f, 0xfe, 0x0, 0xff, 0xe2,
    0x77, 0x80, 0x7f, 0xfe, 0xe6, 0xd4, 0x3, 0x8,
    0x7, 0xc2, 0xb2, 0x60, 0xe8, 0x1, 0x84, 0x8,
    0x3, 0xcf, 0x4c, 0x9, 0x5e, 0xae, 0x60, 0xe0,
    0x80, 0x4, 0x40, 0x1, 0x11, 0x3d, 0x6a, 0x0,
    0xac, 0x28, 0xa, 0x98, 0xba, 0x0, 0x15, 0xb0,
    0x80, 0x72, 0x60, 0xc1, 0x2b, 0xe9, 0x80, 0x7f,
    0x2e, 0x58, 0xcb, 0x8e, 0x41, 0x63, 0x0, 0x7c,
    0xf4, 0x6b, 0xac, 0x1, 0x3e, 0xd, 0x80, 0x7c,
    0xf3, 0xd4, 0x40, 0x1c, 0x79, 0x80,

    /* U+9996 "首" */
    0x0, 0x8a, 0x98, 0x3, 0xcb, 0x4a, 0x1, 0xf9,
    0x65, 0x0, 0x3a, 0xd4, 0x3, 0xc2, 0x23, 0x90,
    0xf1, 0x1d, 0x42, 0xa8, 0x23, 0x7, 0xf7, 0x52,
    0x9, 0xdd, 0x94, 0x17, 0xbb, 0x2, 0xa2, 0x78,
    0xc0, 0x2, 0x89, 0xf0, 0x55, 0xdf, 0xa4, 0xb,
    0xae, 0xfe, 0x0, 0xa6, 0xef, 0x50, 0x15, 0xdf,
    0x40, 0x7, 0x22, 0x70, 0x4, 0x89, 0xe0, 0xf,
    0xbb, 0xff, 0xf6, 0x80, 0x7f, 0x44, 0x7f, 0x80,
    0x3f, 0x99, 0xdf, 0xf2, 0x80, 0x7f, 0x77, 0xff,
    0xed, 0x0, 0xfe, 0x44, 0xfe, 0x50, 0xf, 0xea,
    0xbb, 0xfd, 0x0, 0x1f, 0xd7, 0x99, 0xfa, 0x80,
    0x3f, 0x94, 0xcf, 0xf3, 0x0, 0x7f, 0x77, 0xff,
    0xec, 0x0, 0xfe, 0x45, 0x5f, 0xc6, 0x1, 0xfd,
    0x55, 0xfd, 0xc0, 0x1c,

    /* U+9AD8 "高" */
    0x0, 0xf8, 0xf2, 0x80, 0x3f, 0xf8, 0x64, 0x6a,
    0x20, 0x1f, 0x6f, 0x77, 0xbc, 0x1, 0xdd, 0xf5,
    0x3a, 0xaf, 0xc6, 0x88, 0x55, 0xf1, 0x55, 0xdb,
    0xff, 0xa3, 0xff, 0xd7, 0x68, 0x0, 0xae, 0xff,
    0xf8, 0x4, 0x1, 0xe1, 0xff, 0xfc, 0x40, 0x1f,
    0x85, 0x9b, 0xf1, 0x80, 0x7f, 0x4c, 0xfe, 0x10,
    0xf, 0xbf, 0xff, 0xf8, 0x6, 0x20, 0x9f, 0xff,
    0xfc, 0x2e, 0xe1, 0x80, 0xd, 0xdf, 0xff, 0x80,
    0x1, 0xcb, 0x14, 0x21, 0xdd, 0xe9, 0x84, 0x0,
    0xf2, 0xb3, 0xcc, 0xf8, 0x80, 0x3f, 0xd5, 0xff,
    0x9c, 0x3, 0xff, 0x81, 0x5d, 0xd9, 0xc0, 0x3f,
    0xf8, 0x7, 0x11, 0xa6, 0x44, 0x1, 0xf9, 0x6b,
    0x59, 0xbc, 0x8a, 0xc0, 0x1e, 0x25, 0x10, 0xf,
    0x75, 0x12, 0x9a, 0x7c, 0x80, 0x7f, 0xaf, 0xfd,
    0x40,

    /* U+9F84 "龄" */
    0x0, 0xec, 0x80, 0xf, 0x26, 0x20, 0x7, 0xad,
    0x80, 0xc8, 0x3, 0xd0, 0x7e, 0x1, 0xe4, 0xf0,
    0x2, 0xbb, 0x8c, 0x0, 0x86, 0x8, 0x40, 0x1f,
    0xe8, 0x82, 0x0, 0xd0, 0x50, 0x70, 0x7, 0xf2,
    0xff, 0x9c, 0x2c, 0x5d, 0x5c, 0xe4, 0x3, 0xff,
    0x80, 0xea, 0x50, 0x10, 0x4c, 0xe0, 0x7a, 0xd,
    0xc0, 0xbb, 0xaf, 0x80, 0x9d, 0xa0, 0xf0, 0x86,
    0x17, 0x55, 0x22, 0xa9, 0xdc, 0xc5, 0x88, 0xaa,
    0x82, 0xb3, 0x72, 0xc0, 0xa8, 0x5e, 0x87, 0xdd,
    0x18, 0x42, 0x68, 0x26, 0x8, 0x7a, 0x3, 0x3,
    0x1, 0x9, 0xd5, 0x43, 0xf5, 0xc6, 0x1, 0xc4,
    0x4, 0x1, 0x2a, 0xfc, 0x32, 0x1, 0xda, 0x1,
    0xcd, 0xff, 0xb8, 0x1, 0x0, 0x1c, 0x81, 0x40,
    0x1f, 0xa4, 0x1c, 0x80, 0x32, 0x83, 0x2a, 0x0,
    0x55, 0x0, 0x8e, 0x50, 0x1, 0xd0, 0x72, 0x9e,
    0x0, 0x17, 0x76, 0xd8, 0x70, 0x7, 0xbb, 0x81,
    0x54, 0x0, 0xe, 0x19, 0x2, 0x98, 0x6, 0x61,
    0xdc, 0xfe, 0xc0, 0x8, 0x70, 0xc1, 0x50, 0x3,
    0x29, 0xa3, 0xba, 0x1c, 0x3, 0xb0, 0xc2, 0x40,
    0x35, 0x65, 0x4c, 0x3d, 0x0, 0x7b, 0xe, 0x0,
    0x3f, 0xc5, 0xea, 0x1, 0xda, 0xa0, 0x10
};


/*---------------------
 *  GLYPH DESCRIPTION
 *--------------------*/

static const lv_font_fmt_txt_glyph_dsc_t glyph_dsc[] = {
    {.bitmap_index = 0, .adv_w = 0, .box_w = 0, .box_h = 0, .ofs_x = 0, .ofs_y = 0} /* id = 0 reserved */,
    {.bitmap_index = 0, .adv_w = 72, .box_w = 0, .box_h = 0, .ofs_x = 0, .ofs_y = 0},
    {.bitmap_index = 0, .adv_w = 110, .box_w = 4, .box_h = 14, .ofs_x = 1, .ofs_y = 0},
    {.bitmap_index = 26, .adv_w = 166, .box_w = 8, .box_h = 7, .ofs_x = 1, .ofs_y = 8},
    {.bitmap_index = 53, .adv_w = 182, .box_w = 11, .box_h = 14, .ofs_x = 0, .ofs_y = 0},
    {.bitmap_index = 129, .adv_w = 182, .box_w = 10, .box_h = 19, .ofs_x = 1, .ofs_y = -2},
    {.bitmap_index = 206, .adv_w = 300, .box_w = 19, .box_h = 14, .ofs_x = 0, .ofs_y = 0},
    {.bitmap_index = 322, .adv_w = 226, .box_w = 14, .box_h = 14, .ofs_x = 0, .ofs_y = 0},
    {.bitmap_index = 409, .adv_w = 95, .box_w = 4, .box_h = 7, .ofs_x = 1, .ofs_y = 8},
    {.bitmap_index = 423, .adv_w = 114, .box_w = 6, .box_h = 21, .ofs_x = 1, .ofs_y = -4},
    {.bitmap_index = 478, .adv_w = 114, .box_w = 6, .box_h = 21, .ofs_x = 0, .ofs_y = -4},
    {.bitmap_index = 535, .adv_w = 155, .box_w = 8, .box_h = 7, .ofs_x = 1, .ofs_y = 8},
    {.bitmap_index = 562, .adv_w = 182, .box_w = 11, .box_h = 11, .ofs_x = 0, .ofs_y = 2},
    {.bitmap_index = 589, .adv_w = 95, .box_w = 4, .box_h = 7, .ofs_x = 1, .ofs_y = -4},
    {.bitmap_index = 604, .adv_w = 114, .box_w = 7, .box_h = 2, .ofs_x = 0, .ofs_y = 5},
    {.bitmap_index = 609, .adv_w = 95, .box_w = 4, .box_h = 4, .ofs_x = 1, .ofs_y = 0},
    {.bitmap_index = 618, .adv_w = 125, .box_w = 8, .box_h = 19, .ofs_x = 0, .ofs_y = -4},
    {.bitmap_index = 675, .adv_w = 182, .box_w = 11, .box_h = 14, .ofs_x = 0, .ofs_y = 0},
    {.bitmap_index = 744, .adv_w = 182, .box_w = 10, .box_h = 14, .ofs_x = 1, .ofs_y = 0},
    {.bitmap_index = 773, .adv_w = 182, .box_w = 11, .box_h = 14, .ofs_x = 0, .ofs_y = 0},
    {.bitmap_index = 836, .adv_w = 182, .box_w = 11, .box_h = 14, .ofs_x = 0, .ofs_y = 0},
    {.bitmap_index = 906, .adv_w = 182, .box_w = 11, .box_h = 14, .ofs_x = 0, .ofs_y = 0},
    {.bitmap_index = 954, .adv_w = 182, .box_w = 11, .box_h = 14, .ofs_x = 0, .ofs_y = 0},
    {.bitmap_index = 1021, .adv_w = 182, .box_w = 10, .box_h = 14, .ofs_x = 1, .ofs_y = 0},
    {.bitmap_index = 1089, .adv_w = 182, .box_w = 10, .box_h = 14, .ofs_x = 1, .ofs_y = 0},
    {.bitmap_index = 1138, .adv_w = 182, .box_w = 11, .box_h = 14, .ofs_x = 0, .ofs_y = 0},
    {.bitmap_index = 1214, .adv_w = 182, .box_w = 11, .box_h = 14, .ofs_x = 0, .ofs_y = 0},
    {.bitmap_index = 1290, .adv_w = 95, .box_w = 4, .box_h = 11, .ofs_x = 1, .ofs_y = 0},
    {.bitmap_index = 1310, .adv_w = 95, .box_w = 4, .box_h = 15, .ofs_x = 1, .ofs_y = -4},
    {.bitmap_index = 1337, .adv_w = 182, .box_w = 11, .box_h = 10, .ofs_x = 0, .ofs_y = 2},
    {.bitmap_index = 1384, .adv_w = 182, .box_w = 11, .box_h = 7, .ofs_x = 0, .ofs_y = 4},
    {.bitmap_index = 1403, .adv_w = 182, .box_w = 11, .box_h = 10, .ofs_x = 0, .ofs_y = 2},
    {.bitmap_index = 1451, .adv_w = 157, .box_w = 9, .box_h = 14, .ofs_x = 0, .ofs_y = 0},
    {.bitmap_index = 1504, .adv_w = 311, .box_w = 18, .box_h = 19, .ofs_x = 1, .ofs_y = -5},
    {.bitmap_index = 1658, .adv_w = 199, .box_w = 13, .box_h = 14, .ofs_x = 0, .ofs_y = 0},
    {.bitmap_index = 1734, .adv_w = 213, .box_w = 12, .box_h = 14, .ofs_x = 1, .ofs_y = 0},
    {.bitmap_index = 1802, .adv_w = 207, .box_w = 12, .box_h = 14, .ofs_x = 1, .ofs_y = 0},
    {.bitmap_index = 1868, .adv_w = 224, .box_w = 12, .box_h = 14, .ofs_x = 1, .ofs_y = 0},
    {.bitmap_index = 1928, .adv_w = 192, .box_w = 10, .box_h = 14, .ofs_x = 1, .ofs_y = 0},
    {.bitmap_index = 1959, .adv_w = 181, .box_w = 10, .box_h = 14, .ofs_x = 1, .ofs_y = 0},
    {.bitmap_index = 1985, .adv_w = 224, .box_w = 12, .box_h = 14, .ofs_x = 1, .ofs_y = 0},
    {.bitmap_index = 2059, .adv_w = 237, .box_w = 12, .box_h = 14, .ofs_x = 1, .ofs_y = 0},
    {.bitmap_index = 2079, .adv_w = 99, .box_w = 4, .box_h = 14, .ofs_x = 1, .ofs_y = 0},
    {.bitmap_index = 2085, .adv_w = 176, .box_w = 10, .box_h = 14, .ofs_x = 0, .ofs_y = 0},
    {.bitmap_index = 2115, .adv_w = 212, .box_w = 13, .box_h = 14, .ofs_x = 1, .ofs_y = 0},
    {.bitmap_index = 2179, .adv_w = 179, .box_w = 10, .box_h = 14, .ofs_x = 1, .ofs_y = 0},
    {.bitmap_index = 2193, .adv_w = 266, .box_w = 14, .box_h = 14, .ofs_x = 1, .ofs_y = 0},
    {.bitmap_index = 2265, .adv_w = 235, .box_w = 12, .box_h = 14, .ofs_x = 1, .ofs_y = 0},
    {.bitmap_index = 2320, .adv_w = 241, .box_w = 13, .box_h = 14, .ofs_x = 1, .ofs_y = 0},
    {.bitmap_index = 2398, .adv_w = 207, .box_w = 12, .box_h = 14, .ofs_x = 1, .ofs_y = 0},
    {.bitmap_index = 2446, .adv_w = 241, .box_w = 14, .box_h = 18, .ofs_x = 1, .ofs_y = -4},
    {.bitmap_index = 2549, .adv_w = 210, .box_w = 12, .box_h = 14, .ofs_x = 1, .ofs_y = 0},
    {.bitmap_index = 2610, .adv_w = 195, .box_w = 12, .box_h = 14, .ofs_x = 0, .ofs_y = 0},
    {.bitmap_index = 2685, .adv_w = 196, .box_w = 12, .box_h = 14, .ofs_x = 0, .ofs_y = 0},
    {.bitmap_index = 2705, .adv_w = 235, .box_w = 12, .box_h = 14, .ofs_x = 1, .ofs_y = 0},
    {.bitmap_index = 2747, .adv_w = 190, .box_w = 13, .box_h = 14, .ofs_x = -1, .ofs_y = 0},
    {.bitmap_index = 2824, .adv_w = 286, .box_w = 18, .box_h = 14, .ofs_x = 0, .ofs_y = 0},
    {.bitmap_index = 2945, .adv_w = 191, .box_w = 12, .box_h = 14, .ofs_x = 0, .ofs_y = 0},
    {.bitmap_index = 3020, .adv_w = 177, .box_w = 13, .box_h = 14, .ofs_x = -1, .ofs_y = 0},
    {.bitmap_index = 3075, .adv_w = 194, .box_w = 12, .box_h = 14, .ofs_x = 0, .ofs_y = 0},
    {.bitmap_index = 3133, .adv_w = 114, .box_w = 5, .box_h = 20, .ofs_x = 2, .ofs_y = -5},
    {.bitmap_index = 3149, .adv_w = 125, .box_w = 8, .box_h = 19, .ofs_x = 0, .ofs_y = -4},
    {.bitmap_index = 3205, .adv_w = 114, .box_w = 6, .box_h = 20, .ofs_x = 0, .ofs_y = -5},
    {.bitmap_index = 3225, .adv_w = 182, .box_w = 10, .box_h = 9, .ofs_x = 1, .ofs_y = 6},
    {.bitmap_index = 3265, .adv_w = 180, .box_w = 11, .box_h = 3, .ofs_x = 0, .ofs_y = -4},
    {.bitmap_index = 3273, .adv_w = 197, .box_w = 6, .box_h = 6, .ofs_x = 2, .ofs_y = 12},
    {.bitmap_index = 3291, .adv_w = 184, .box_w = 9, .box_h = 11, .ofs_x = 1, .ofs_y = 0},
    {.bitmap_index = 3340, .adv_w = 201, .box_w = 11, .box_h = 15, .ofs_x = 1, .ofs_y = 0},
    {.bitmap_index = 3395, .adv_w = 165, .box_w = 10, .box_h = 11, .ofs_x = 0, .ofs_y = 0},
    {.bitmap_index = 3442, .adv_w = 202, .box_w = 10, .box_h = 15, .ofs_x = 1, .ofs_y = 0},
    {.bitmap_index = 3496, .adv_w = 181, .box_w = 11, .box_h = 11, .ofs_x = 0, .ofs_y = 0},
    {.bitmap_index = 3551, .adv_w = 111, .box_w = 8, .box_h = 15, .ofs_x = 0, .ofs_y = 0},
    {.bitmap_index = 3582, .adv_w = 185, .box_w = 12, .box_h = 15, .ofs_x = 0, .ofs_y = -4},
    {.bitmap_index = 3662, .adv_w = 199, .box_w = 10, .box_h = 15, .ofs_x = 1, .ofs_y = 0},
    {.bitmap_index = 3694, .adv_w = 92, .box_w = 4, .box_h = 15, .ofs_x = 1, .ofs_y = 0},
    {.bitmap_index = 3707, .adv_w = 92, .box_w = 6, .box_h = 19, .ofs_x = -1, .ofs_y = -4},
    {.bitmap_index = 3736, .adv_w = 184, .box_w = 11, .box_h = 15, .ofs_x = 1, .ofs_y = 0},
    {.bitmap_index = 3784, .adv_w = 95, .box_w = 5, .box_h = 15, .ofs_x = 1, .ofs_y = 0},
    {.bitmap_index = 3797, .adv_w = 302, .box_w = 17, .box_h = 11, .ofs_x = 1, .ofs_y = 0},
    {.bitmap_index = 3844, .adv_w = 200, .box_w = 10, .box_h = 11, .ofs_x = 1, .ofs_y = 0},
    {.bitmap_index = 3874, .adv_w = 197, .box_w = 12, .box_h = 11, .ofs_x = 0, .ofs_y = 0},
    {.bitmap_index = 3938, .adv_w = 202, .box_w = 11, .box_h = 15, .ofs_x = 1, .ofs_y = -4},
    {.bitmap_index = 3997, .adv_w = 202, .box_w = 10, .box_h = 15, .ofs_x = 1, .ofs_y = -4},
    {.bitmap_index = 4052, .adv_w = 131, .box_w = 8, .box_h = 11, .ofs_x = 1, .ofs_y = 0},
    {.bitmap_index = 4075, .adv_w = 154, .box_w = 9, .box_h = 11, .ofs_x = 0, .ofs_y = 0},
    {.bitmap_index = 4123, .adv_w = 127, .box_w = 8, .box_h = 14, .ofs_x = 0, .ofs_y = 0},
    {.bitmap_index = 4158, .adv_w = 198, .box_w = 10, .box_h = 11, .ofs_x = 1, .ofs_y = 0},
    {.bitmap_index = 4186, .adv_w = 174, .box_w = 11, .box_h = 11, .ofs_x = 0, .ofs_y = 0},
    {.bitmap_index = 4241, .adv_w = 265, .box_w = 17, .box_h = 11, .ofs_x = 0, .ofs_y = 0},
    {.bitmap_index = 4331, .adv_w = 168, .box_w = 11, .box_h = 11, .ofs_x = 0, .ofs_y = 0},
    {.bitmap_index = 4387, .adv_w = 174, .box_w = 11, .box_h = 15, .ofs_x = 0, .ofs_y = -4},
    {.bitmap_index = 4456, .adv_w = 157, .box_w = 10, .box_h = 11, .ofs_x = 0, .ofs_y = 0},
    {.bitmap_index = 4500, .adv_w = 114, .box_w = 7, .box_h = 20, .ofs_x = 0, .ofs_y = -5},
    {.bitmap_index = 4561, .adv_w = 90, .box_w = 2, .box_h = 22, .ofs_x = 2, .ofs_y = -5},
    {.bitmap_index = 4566, .adv_w = 114, .box_w = 7, .box_h = 20, .ofs_x = 0, .ofs_y = -5},
    {.bitmap_index = 4623, .adv_w = 182, .box_w = 11, .box_h = 4, .ofs_x = 0, .ofs_y = 6},
    {.bitmap_index = 4644, .adv_w = 123, .box_w = 7, .box_h = 7, .ofs_x = 0, .ofs_y = 8},
    {.bitmap_index = 4669, .adv_w = 320, .box_w = 6, .box_h = 5, .ofs_x = 7, .ofs_y = 5},
    {.bitmap_index = 4684, .adv_w = 320, .box_w = 19, .box_h = 18, .ofs_x = 0, .ofs_y = -1},
    {.bitmap_index = 4736, .adv_w = 320, .box_w = 19, .box_h = 18, .ofs_x = 1, .ofs_y = -2},
    {.bitmap_index = 4803, .adv_w = 320, .box_w = 20, .box_h = 18, .ofs_x = 0, .ofs_y = -2},
    {.bitmap_index = 4903, .adv_w = 320, .box_w = 20, .box_h = 19, .ofs_x = 0, .ofs_y = -2},
    {.bitmap_index = 4988, .adv_w = 320, .box_w = 17, .box_h = 19, .ofs_x = 2, .ofs_y = -2},
    {.bitmap_index = 5059, .adv_w = 320, .box_w = 18, .box_h = 18, .ofs_x = 1, .ofs_y = -1},
    {.bitmap_index = 5136, .adv_w = 320, .box_w = 20, .box_h = 20, .ofs_x = 0, .ofs_y = -3},
    {.bitmap_index = 5311, .adv_w = 320, .box_w = 20, .box_h = 20, .ofs_x = 0, .ofs_y = -3},
    {.bitmap_index = 5475, .adv_w = 320, .box_w = 18, .box_h = 20, .ofs_x = 1, .ofs_y = -2},
    {.bitmap_index = 5576, .adv_w = 320, .box_w = 20, .box_h = 20, .ofs_x = 0, .ofs_y = -3},
    {.bitmap_index = 5724, .adv_w = 320, .box_w = 19, .box_h = 20, .ofs_x = 0, .ofs_y = -3},
    {.bitmap_index = 5856, .adv_w = 320, .box_w = 18, .box_h = 20, .ofs_x = 1, .ofs_y = -3},
    {.bitmap_index = 6007, .adv_w = 320, .box_w = 20, .box_h = 20, .ofs_x = 0, .ofs_y = -3},
    {.bitmap_index = 6179, .adv_w = 320, .box_w = 20, .box_h = 20, .ofs_x = 0, .ofs_y = -3},
    {.bitmap_index = 6327, .adv_w = 320, .box_w = 20, .box_h = 20, .ofs_x = 0, .ofs_y = -2},
    {.bitmap_index = 6492, .adv_w = 320, .box_w = 19, .box_h = 19, .ofs_x = 1, .ofs_y = -3},
    {.bitmap_index = 6581, .adv_w = 320, .box_w = 18, .box_h = 18, .ofs_x = 1, .ofs_y = -2},
    {.bitmap_index = 6660, .adv_w = 320, .box_w = 19, .box_h = 18, .ofs_x = 1, .ofs_y = -1},
    {.bitmap_index = 6749, .adv_w = 320, .box_w = 20, .box_h = 19, .ofs_x = 0, .ofs_y = -3},
    {.bitmap_index = 6870, .adv_w = 320, .box_w = 19, .box_h = 20, .ofs_x = 0, .ofs_y = -3},
    {.bitmap_index = 6975, .adv_w = 320, .box_w = 20, .box_h = 20, .ofs_x = 0, .ofs_y = -3},
    {.bitmap_index = 7122, .adv_w = 320, .box_w = 19, .box_h = 19, .ofs_x = 0, .ofs_y = -2},
    {.bitmap_index = 7227, .adv_w = 320, .box_w = 20, .box_h = 20, .ofs_x = 0, .ofs_y = -2},
    {.bitmap_index = 7368, .adv_w = 320, .box_w = 20, .box_h = 20, .ofs_x = 0, .ofs_y = -3},
    {.bitmap_index = 7502, .adv_w = 320, .box_w = 19, .box_h = 20, .ofs_x = 0, .ofs_y = -3},
    {.bitmap_index = 7647, .adv_w = 320, .box_w = 19, .box_h = 18, .ofs_x = 1, .ofs_y = -2},
    {.bitmap_index = 7722, .adv_w = 320, .box_w = 19, .box_h = 20, .ofs_x = 1, .ofs_y = -3},
    {.bitmap_index = 7838, .adv_w = 320, .box_w = 18, .box_h = 19, .ofs_x = 1, .ofs_y = -2},
    {.bitmap_index = 7964, .adv_w = 320, .box_w = 20, .box_h = 20, .ofs_x = 0, .ofs_y = -2},
    {.bitmap_index = 8061, .adv_w = 320, .box_w = 20, .box_h = 19, .ofs_x = 0, .ofs_y = -2},
    {.bitmap_index = 8210, .adv_w = 320, .box_w = 20, .box_h = 21, .ofs_x = 0, .ofs_y = -3},
    {.bitmap_index = 8381, .adv_w = 320, .box_w = 20, .box_h = 20, .ofs_x = 0, .ofs_y = -3},
    {.bitmap_index = 8540, .adv_w = 320, .box_w = 20, .box_h = 21, .ofs_x = 0, .ofs_y = -3},
    {.bitmap_index = 8688, .adv_w = 320, .box_w = 20, .box_h = 19, .ofs_x = 0, .ofs_y = -2},
    {.bitmap_index = 8838, .adv_w = 320, .box_w = 20, .box_h = 19, .ofs_x = 0, .ofs_y = -2},
    {.bitmap_index = 8971, .adv_w = 320, .box_w = 18, .box_h = 20, .ofs_x = 1, .ofs_y = -2},
    {.bitmap_index = 9099, .adv_w = 320, .box_w = 20, .box_h = 20, .ofs_x = 0, .ofs_y = -3},
    {.bitmap_index = 9249, .adv_w = 320, .box_w = 20, .box_h = 20, .ofs_x = 0, .ofs_y = -3},
    {.bitmap_index = 9405, .adv_w = 320, .box_w = 20, .box_h = 20, .ofs_x = 0, .ofs_y = -3},
    {.bitmap_index = 9572, .adv_w = 320, .box_w = 19, .box_h = 20, .ofs_x = 1, .ofs_y = -3},
    {.bitmap_index = 9717, .adv_w = 320, .box_w = 20, .box_h = 19, .ofs_x = 0, .ofs_y = -2},
    {.bitmap_index = 9895, .adv_w = 320, .box_w = 20, .box_h = 19, .ofs_x = 0, .ofs_y = -3},
    {.bitmap_index = 10019, .adv_w = 320, .box_w = 16, .box_h = 19, .ofs_x = 2, .ofs_y = -3},
    {.bitmap_index = 10070, .adv_w = 320, .box_w = 19, .box_h = 20, .ofs_x = 1, .ofs_y = -3},
    {.bitmap_index = 10191, .adv_w = 320, .box_w = 18, .box_h = 20, .ofs_x = 1, .ofs_y = -3},
    {.bitmap_index = 10298, .adv_w = 320, .box_w = 20, .box_h = 19, .ofs_x = 0, .ofs_y = -2},
    {.bitmap_index = 10435, .adv_w = 320, .box_w = 20, .box_h = 19, .ofs_x = 0, .ofs_y = -2},
    {.bitmap_index = 10546, .adv_w = 320, .box_w = 20, .box_h = 19, .ofs_x = 0, .ofs_y = -2},
    {.bitmap_index = 10676, .adv_w = 320, .box_w = 20, .box_h = 20, .ofs_x = 0, .ofs_y = -3},
    {.bitmap_index = 10839, .adv_w = 320, .box_w = 20, .box_h = 20, .ofs_x = 0, .ofs_y = -2},
    {.bitmap_index = 10965, .adv_w = 320, .box_w = 19, .box_h = 19, .ofs_x = 0, .ofs_y = -2},
    {.bitmap_index = 11092, .adv_w = 320, .box_w = 20, .box_h = 20, .ofs_x = 0, .ofs_y = -3},
    {.bitmap_index = 11265, .adv_w = 320, .box_w = 20, .box_h = 20, .ofs_x = 0, .ofs_y = -2},
    {.bitmap_index = 11424, .adv_w = 320, .box_w = 19, .box_h = 17, .ofs_x = 1, .ofs_y = -1},
    {.bitmap_index = 11492, .adv_w = 320, .box_w = 19, .box_h = 19, .ofs_x = 0, .ofs_y = -2},
    {.bitmap_index = 11619, .adv_w = 320, .box_w = 19, .box_h = 20, .ofs_x = 1, .ofs_y = -3},
    {.bitmap_index = 11733, .adv_w = 320, .box_w = 20, .box_h = 19, .ofs_x = 0, .ofs_y = -2},
    {.bitmap_index = 11867, .adv_w = 320, .box_w = 20, .box_h = 20, .ofs_x = 0, .ofs_y = -3},
    {.bitmap_index = 12010, .adv_w = 320, .box_w = 20, .box_h = 19, .ofs_x = 0, .ofs_y = -2},
    {.bitmap_index = 12145, .adv_w = 320, .box_w = 20, .box_h = 19, .ofs_x = 0, .ofs_y = -2},
    {.bitmap_index = 12257, .adv_w = 320, .box_w = 20, .box_h = 20, .ofs_x = 0, .ofs_y = -3},
    {.bitmap_index = 12409, .adv_w = 320, .box_w = 18, .box_h = 19, .ofs_x = 0, .ofs_y = -3},
    {.bitmap_index = 12517, .adv_w = 320, .box_w = 18, .box_h = 18, .ofs_x = 1, .ofs_y = -2},
    {.bitmap_index = 12599, .adv_w = 320, .box_w = 20, .box_h = 20, .ofs_x = 0, .ofs_y = -2},
    {.bitmap_index = 12745, .adv_w = 320, .box_w = 20, .box_h = 20, .ofs_x = 0, .ofs_y = -2},
    {.bitmap_index = 12931, .adv_w = 320, .box_w = 18, .box_h = 20, .ofs_x = 1, .ofs_y = -3},
    {.bitmap_index = 13066, .adv_w = 320, .box_w = 18, .box_h = 19, .ofs_x = 1, .ofs_y = -1},
    {.bitmap_index = 13169, .adv_w = 320, .box_w = 20, .box_h = 20, .ofs_x = 0, .ofs_y = -3},
    {.bitmap_index = 13327, .adv_w = 320, .box_w = 20, .box_h = 21, .ofs_x = 0, .ofs_y = -3},
    {.bitmap_index = 13481, .adv_w = 320, .box_w = 18, .box_h = 20, .ofs_x = 1, .ofs_y = -3},
    {.bitmap_index = 13641, .adv_w = 320, .box_w = 19, .box_h = 20, .ofs_x = 0, .ofs_y = -3},
    {.bitmap_index = 13800, .adv_w = 320, .box_w = 20, .box_h = 20, .ofs_x = 0, .ofs_y = -2},
    {.bitmap_index = 13978, .adv_w = 320, .box_w = 19, .box_h = 19, .ofs_x = 1, .ofs_y = -2},
    {.bitmap_index = 14148, .adv_w = 320, .box_w = 20, .box_h = 21, .ofs_x = 0, .ofs_y = -3},
    {.bitmap_index = 14321, .adv_w = 320, .box_w = 20, .box_h = 20, .ofs_x = 0, .ofs_y = -3},
    {.bitmap_index = 14503, .adv_w = 320, .box_w = 20, .box_h = 19, .ofs_x = 0, .ofs_y = -2},
    {.bitmap_index = 14678, .adv_w = 320, .box_w = 18, .box_h = 18, .ofs_x = 1, .ofs_y = -2},
    {.bitmap_index = 14804, .adv_w = 320, .box_w = 20, .box_h = 20, .ofs_x = 0, .ofs_y = -3},
    {.bitmap_index = 14913, .adv_w = 320, .box_w = 18, .box_h = 20, .ofs_x = 1, .ofs_y = -3},
    {.bitmap_index = 15044, .adv_w = 320, .box_w = 20, .box_h = 20, .ofs_x = 0, .ofs_y = -3},
    {.bitmap_index = 15199, .adv_w = 320, .box_w = 20, .box_h = 19, .ofs_x = 0, .ofs_y = -2},
    {.bitmap_index = 15299, .adv_w = 320, .box_w = 19, .box_h = 20, .ofs_x = 0, .ofs_y = -3},
    {.bitmap_index = 15450, .adv_w = 320, .box_w = 20, .box_h = 19, .ofs_x = 0, .ofs_y = -2},
    {.bitmap_index = 15589, .adv_w = 320, .box_w = 18, .box_h = 19, .ofs_x = 1, .ofs_y = -2},
    {.bitmap_index = 15717, .adv_w = 320, .box_w = 20, .box_h = 19, .ofs_x = 0, .ofs_y = -2},
    {.bitmap_index = 15869, .adv_w = 320, .box_w = 20, .box_h = 20, .ofs_x = 0, .ofs_y = -3},
    {.bitmap_index = 16037, .adv_w = 320, .box_w = 20, .box_h = 20, .ofs_x = 0, .ofs_y = -2},
    {.bitmap_index = 16201, .adv_w = 320, .box_w = 19, .box_h = 20, .ofs_x = 1, .ofs_y = -3},
    {.bitmap_index = 16381, .adv_w = 320, .box_w = 20, .box_h = 19, .ofs_x = 0, .ofs_y = -2},
    {.bitmap_index = 16530, .adv_w = 320, .box_w = 20, .box_h = 19, .ofs_x = 0, .ofs_y = -3},
    {.bitmap_index = 16680, .adv_w = 320, .box_w = 19, .box_h = 19, .ofs_x = 0, .ofs_y = -2},
    {.bitmap_index = 16815, .adv_w = 320, .box_w = 20, .box_h = 21, .ofs_x = 0, .ofs_y = -3},
    {.bitmap_index = 16972, .adv_w = 320, .box_w = 20, .box_h = 19, .ofs_x = 0, .ofs_y = -2},
    {.bitmap_index = 17115, .adv_w = 320, .box_w = 20, .box_h = 20, .ofs_x = 0, .ofs_y = -3},
    {.bitmap_index = 17284, .adv_w = 320, .box_w = 20, .box_h = 20, .ofs_x = 0, .ofs_y = -2},
    {.bitmap_index = 17426, .adv_w = 320, .box_w = 20, .box_h = 19, .ofs_x = 0, .ofs_y = -2},
    {.bitmap_index = 17588, .adv_w = 320, .box_w = 20, .box_h = 19, .ofs_x = 0, .ofs_y = -2},
    {.bitmap_index = 17704, .adv_w = 320, .box_w = 19, .box_h = 19, .ofs_x = 0, .ofs_y = -2},
    {.bitmap_index = 17842, .adv_w = 320, .box_w = 20, .box_h = 21, .ofs_x = 0, .ofs_y = -3},
    {.bitmap_index = 18006, .adv_w = 320, .box_w = 19, .box_h = 19, .ofs_x = 1, .ofs_y = -2},
    {.bitmap_index = 18132, .adv_w = 320, .box_w = 18, .box_h = 19, .ofs_x = 1, .ofs_y = -2},
    {.bitmap_index = 18223, .adv_w = 320, .box_w = 19, .box_h = 19, .ofs_x = 1, .ofs_y = -2},
    {.bitmap_index = 18348, .adv_w = 320, .box_w = 19, .box_h = 19, .ofs_x = 1, .ofs_y = -2},
    {.bitmap_index = 18493, .adv_w = 320, .box_w = 19, .box_h = 19, .ofs_x = 1, .ofs_y = -2},
    {.bitmap_index = 18637, .adv_w = 320, .box_w = 19, .box_h = 20, .ofs_x = 1, .ofs_y = -2},
    {.bitmap_index = 18786, .adv_w = 320, .box_w = 20, .box_h = 19, .ofs_x = 0, .ofs_y = -2},
    {.bitmap_index = 18934, .adv_w = 320, .box_w = 20, .box_h = 19, .ofs_x = 0, .ofs_y = -2},
    {.bitmap_index = 19052, .adv_w = 320, .box_w = 19, .box_h = 19, .ofs_x = 1, .ofs_y = -2},
    {.bitmap_index = 19160, .adv_w = 320, .box_w = 18, .box_h = 20, .ofs_x = 1, .ofs_y = -3},
    {.bitmap_index = 19273, .adv_w = 320, .box_w = 20, .box_h = 20, .ofs_x = 0, .ofs_y = -3}
};

/*---------------------
 *  CHARACTER MAPPING
 *--------------------*/

static const uint16_t unicode_list_1[] = {
    0x0, 0x7, 0x4d5a, 0x4d5b, 0x4d5d, 0x4d7a, 0x4d7d, 0x4d8b,
    0x4fb5, 0x4ff8, 0x50d5, 0x5156, 0x5167, 0x51f8, 0x520f, 0x52c1,
    0x5321, 0x533f, 0x535c, 0x5360, 0x536e, 0x539a, 0x55b8, 0x5678,
    0x5881, 0x5aa8, 0x5b09, 0x5d42, 0x5d77, 0x5d88, 0x5dc4, 0x5df6,
    0x5e07, 0x5e46, 0x5ed5, 0x5f51, 0x5f8b, 0x605f, 0x6251, 0x62be,
    0x62f5, 0x6486, 0x64c0, 0x6530, 0x6537, 0x6546, 0x6642, 0x6650,
    0x667a, 0x668a, 0x66b1, 0x6735, 0x6787, 0x6788, 0x6810, 0x6ab3,
    0x6ab5, 0x6b24, 0x6c38, 0x6c8b, 0x6d79, 0x7009, 0x7206, 0x7478,
    0x75ce, 0x7628, 0x7811, 0x790b, 0x79ca, 0x7a3f, 0x7a99, 0x7c4b,
    0x7c7f, 0x7df7, 0x7e0f, 0x7e2c, 0x7e2f, 0x7e3d, 0x7ea1, 0x879c,
    0x8918, 0x8ab6, 0x8af1, 0x8b32, 0x8b3f, 0x8c6f, 0x8c75, 0x8cdb,
    0x8ebe, 0x8ecd, 0x8f0e, 0x8f20, 0x8f21, 0x8f2e, 0x8f2f, 0x8f51,
    0x9038, 0x9117, 0x911f, 0x93ef, 0x9469, 0x94cf, 0x9544, 0x9585,
    0x9598, 0x959d, 0x95b9, 0x9616, 0x97c9, 0x98e6, 0x9a28, 0x9ed4
};

/*Collect the unicode lists and glyph_id offsets*/
static const lv_font_fmt_txt_cmap_t cmaps[] =
{
    {
        .range_start = 32, .range_length = 95, .glyph_id_start = 1,
        .unicode_list = NULL, .glyph_id_ofs_list = NULL, .list_length = 0, .type = LV_FONT_FMT_TXT_CMAP_FORMAT0_TINY
    },
    {
        .range_start = 176, .range_length = 40661, .glyph_id_start = 96,
        .unicode_list = unicode_list_1, .glyph_id_ofs_list = NULL, .list_length = 112, .type = LV_FONT_FMT_TXT_CMAP_SPARSE_TINY
    }
};

/*-----------------
 *    KERNING
 *----------------*/


/*Map glyph_ids to kern left classes*/
static const uint8_t kern_left_class_mapping[] =
{
    0, 0, 0, 1, 0, 0, 0, 0,
    1, 2, 0, 0, 0, 3, 4, 3,
    5, 0, 0, 0, 0, 0, 0, 0,
    0, 0, 0, 6, 6, 0, 0, 0,
    0, 0, 7, 8, 9, 10, 11, 12,
    13, 0, 0, 14, 15, 16, 0, 0,
    10, 17, 10, 18, 19, 20, 21, 22,
    23, 24, 25, 26, 2, 27, 0, 0,
    0, 0, 28, 29, 30, 0, 31, 32,
    33, 34, 0, 0, 35, 36, 34, 34,
    29, 29, 37, 38, 39, 40, 37, 41,
    42, 43, 44, 45, 2, 0, 0, 0,
    0, 0, 0, 0, 0, 0, 0, 0,
    0, 0, 0, 0, 0, 0, 0, 0,
    0, 0, 0, 0, 0, 0, 0, 0,
    0, 0, 0, 0, 0, 0, 0, 0,
    0, 0, 0, 0, 0, 0, 0, 0,
    0, 0, 0, 0, 0, 0, 0, 0,
    0, 0, 0, 0, 0, 0, 0, 0,
    0, 0, 0, 0, 0, 0, 0, 0,
    0, 0, 0, 0, 0, 0, 0, 0,
    0, 0, 0, 0, 0, 0, 0, 0,
    0, 0, 0, 0, 0, 0, 0, 0,
    0, 0, 0, 0, 0, 0, 0, 0,
    0, 0, 0, 0, 0, 0, 0, 0,
    0, 0, 0, 0, 0, 0, 0, 0
};

/*Map glyph_ids to kern right classes*/
static const uint8_t kern_right_class_mapping[] =
{
    0, 0, 1, 2, 0, 0, 0, 0,
    2, 0, 3, 4, 0, 5, 6, 7,
    8, 0, 0, 0, 0, 0, 0, 0,
    0, 0, 0, 9, 10, 0, 0, 0,
    11, 0, 12, 0, 13, 0, 0, 0,
    13, 0, 0, 14, 0, 0, 0, 0,
    13, 0, 13, 0, 15, 16, 17, 18,
    19, 20, 21, 22, 0, 23, 3, 0,
    0, 0, 24, 0, 25, 25, 25, 26,
    27, 0, 28, 29, 0, 0, 30, 30,
    25, 30, 25, 30, 31, 32, 33, 34,
    35, 36, 37, 38, 0, 0, 3, 0,
    0, 0, 0, 0, 0, 0, 0, 0,
    0, 0, 0, 0, 0, 0, 0, 0,
    0, 0, 0, 0, 0, 0, 0, 0,
    0, 0, 0, 0, 0, 0, 0, 0,
    0, 0, 0, 0, 0, 0, 0, 0,
    0, 0, 0, 0, 0, 0, 0, 0,
    0, 0, 0, 0, 0, 0, 0, 0,
    0, 0, 0, 0, 0, 0, 0, 0,
    0, 0, 0, 0, 0, 0, 0, 0,
    0, 0, 0, 0, 0, 0, 0, 0,
    0, 0, 0, 0, 0, 0, 0, 0,
    0, 0, 0, 0, 0, 0, 0, 0,
    0, 0, 0, 0, 0, 0, 0, 0,
    0, 0, 0, 0, 0, 0, 0, 0
};

/*Kern values between classes*/
static const int8_t kern_class_values[] =
{
    0, 0, 0, 0, -44, 0, -44, 0,
    0, 0, 0, -23, 0, -37, -5, 0,
    0, 0, 0, -5, 0, 0, 0, 0,
    -11, 0, 0, 0, 0, 0, -8, 0,
    0, 0, 0, 0, 0, 0, 0, 0,
    0, 0, 0, 0, 0, 0, 0, 0,
    0, 0, 0, -8, 0, 0, 0, 0,
    0, 0, 0, 0, 0, 0, 0, 0,
    0, 0, 28, 0, 0, 0, 0, 0,
    0, 0, 0, 0, 0, -39, 0, -54,
    0, 0, 0, 0, 0, 0, 0, 0,
    0, 0, 0, -37, -9, -26, -14, 0,
    -37, 0, 0, 0, -5, 0, 0, 0,
    9, 0, 0, -20, 0, -16, -11, 0,
    -8, 0, 0, 0, 0, 0, 0, 0,
    0, 0, 0, 0, 0, 0, 0, -8,
    -9, -19, 0, -8, -5, -12, -26, -8,
    0, 0, 0, 0, 0, 0, 0, 0,
    0, -10, 0, -5, 0, -7, 0, 0,
    0, 0, 0, 0, 0, 0, 0, 0,
    0, 0, 0, -16, -5, -30, 0, 0,
    0, 0, 0, 0, 0, 0, 0, -10,
    -11, 0, -5, 6, 6, 0, 0, 0,
    -8, 0, 0, 0, 0, 0, 0, 0,
    0, -17, 0, 0, 0, 0, 0, 0,
    0, 0, 0, 0, 0, 0, 0, 0,
    0, 0, -12, 0, 0, 0, 0, 0,
    0, 0, 0, 0, 0, 0, 0, 0,
    0, 0, 0, 0, 0, -23, 0, -34,
    0, 0, 0, 0, 0, 0, -12, -3,
    -5, 0, 0, -23, -7, -7, 0, -1,
    -7, -3, -16, 6, 0, -5, 0, 0,
    0, 0, 6, -7, -3, -5, -3, -3,
    -5, 0, 0, 0, 0, -12, 0, 0,
    0, 0, 0, 0, 0, 0, 0, -7,
    -7, -10, 0, -4, -3, -3, -7, -3,
    0, 0, 0, 0, 0, 0, 0, 0,
    0, -5, 0, -7, -5, -5, -7, 0,
    0, 0, 0, 0, 0, -12, 0, 0,
    0, 0, 0, 0, -12, -5, -10, -7,
    -7, -3, -3, -3, -5, -5, 0, 0,
    0, 0, -8, 0, 0, 0, 0, -12,
    -5, -7, -5, 0, -7, 0, 0, 0,
    0, -12, 0, 0, 0, -7, 0, 0,
    0, -5, 0, -17, 0, -10, 0, -5,
    -3, -9, -8, -8, 0, 0, 0, 0,
    0, 0, 0, 0, 0, 0, 0, 0,
    0, -7, 0, -5, 0, 0, 0, 0,
    0, 0, 0, 0, 0, 0, 0, 0,
    0, 0, 0, 0, 0, 0, 0, 0,
    0, 0, 0, 0, -5, 0, 0, 0,
    0, 0, 0, -10, 0, -5, 0, -14,
    -5, 0, 0, 0, 0, 0, -29, 0,
    -29, -24, 0, 0, 0, -15, -5, -51,
    -9, 0, 0, -1, -1, -10, -3, -12,
    0, -14, -7, 0, -10, 0, 0, -8,
    -9, -5, -7, -10, -8, -12, -8, -14,
    0, 0, 0, -11, 0, 0, 0, 0,
    0, 0, 0, -3, 0, 0, 0, -8,
    0, -7, -3, 0, 0, 0, 0, 0,
    0, 0, 0, 0, 0, 0, 0, 0,
    0, 0, 0, 0, 0, 0, 0, 0,
    0, 0, -10, 0, -10, 0, 0, 0,
    0, 0, 0, -16, 0, 0, 0, 0,
    0, 0, 0, 0, 0, 0, 0, 0,
    0, 0, 0, 0, 0, 0, 0, 0,
    0, 0, 0, 0, 0, -11, 0, -16,
    0, -14, 0, 0, 0, 0, -5, -5,
    -9, 0, -6, -9, -7, -6, -5, 0,
    -8, 0, 0, 0, -5, 0, 0, 0,
    -5, 0, 0, -15, -6, -10, -8, -8,
    -10, -7, 0, -38, 0, -58, 0, -20,
    0, 0, 0, 0, -15, -1, -12, 0,
    -10, -44, -12, -29, -22, 0, -30, 0,
    -30, 0, -6, -7, -3, 0, 0, 0,
    0, -9, -5, -16, -14, 0, -16, 0,
    0, 0, 0, 0, -44, -12, -44, -27,
    0, 0, 0, -19, 0, -53, -5, -9,
    0, 0, 0, -10, -5, -28, 0, -16,
    -10, 0, -11, 0, 0, 0, -5, 0,
    0, 0, 0, -7, 0, -8, 0, 0,
    0, -5, 0, -11, 0, 0, 0, 0,
    0, -3, 0, -7, -6, -7, 0, -1,
    0, -3, -3, -5, 0, -3, -5, 0,
    -3, 0, 0, 0, 0, 0, 0, 0,
    0, -5, 0, -5, 0, 0, 0, -7,
    0, 4, 0, 0, 0, 0, 0, 0,
    0, -7, -7, -8, 0, 0, 0, 0,
    -7, 0, 0, 0, 0, 0, 0, 0,
    0, 0, 0, -10, 0, 0, 0, 0,
    0, -3, 0, 0, 0, 0, -40, -26,
    -40, -32, -8, -8, 0, -16, -10, -46,
    -14, 0, 0, 0, 0, -8, -7, -20,
    0, -26, -26, -7, -26, 0, 0, -17,
    -22, -7, -17, -12, -12, -14, -12, -27,
    0, 0, 0, 0, -8, 0, -8, -11,
    0, 0, 0, -7, 0, -19, -5, 0,
    0, -3, 0, -5, -7, 0, 0, -3,
    0, 0, -5, 0, 0, 0, -3, 0,
    0, 0, 0, -5, 0, 0, 0, 0,
    0, 0, -26, -8, -26, -16, 0, 0,
    0, -7, -5, -26, -5, 0, -5, 2,
    0, 0, 0, -8, 0, -11, -7, 0,
    -9, 0, 0, -8, -6, 0, -12, -5,
    -5, -7, -5, -10, 0, 0, 0, 0,
    -14, -5, -14, -10, 0, 0, 0, 0,
    -3, -23, -3, 0, 0, 0, 0, 0,
    0, -3, 0, -7, 0, 0, -5, 0,
    0, 0, 0, 0, 0, 0, 0, 0,
    0, -5, 0, -5, 0, -5, 0, -12,
    0, 0, 0, 0, 0, -1, -9, -3,
    -7, -8, -5, 0, 0, 0, 0, 0,
    0, -5, -5, -8, 0, 0, 0, 0,
    0, -8, -5, -8, -7, -5, -8, -7,
    0, 0, 0, 0, -36, -26, -36, -23,
    -12, -12, -5, -7, -7, -37, -7, -7,
    -5, 0, 0, 0, 0, -10, 0, -27,
    -18, 0, -23, 0, 0, -16, -18, -14,
    -14, -7, -10, -14, -7, -19, 0, 0,
    0, 0, 0, -12, 0, 0, 0, 0,
    0, -3, -8, -12, -12, 0, -5, -3,
    -3, 0, -7, -7, 0, -7, -8, -8,
    -6, 0, 0, 0, 0, -7, -9, -7,
    -7, -10, -7, 0, 0, 0, 0, 0,
    0, 0, 0, 0, 0, 0, 0, 0,
    0, 0, 0, -30, -11, -19, -11, 0,
    -26, 0, 0, 0, 0, 0, 10, 0,
    24, 0, 0, 0, 0, -8, -5, 0,
    2, 0, 0, 0, 0, -20, 0, 0,
    0, 0, 0, 0, -8, 0, 0, 0,
    0, -10, 0, -8, -3, 0, -10, 0,
    0, 0, 0, 0, 0, 0, 0, 0,
    0, -7, 0, 0, 0, 0, 0, 0,
    0, -11, 0, -9, -5, 0, -5, 0,
    0, 0, -8, 0, 0, 0, 0, -22,
    0, -8, 0, -3, -19, 0, -12, -6,
    0, -2, 0, 0, 0, 0, -2, -9,
    0, -3, -3, -9, -3, -4, 0, 0,
    0, 0, 0, -10, 0, 0, 0, 0,
    0, 0, 0, 0, 0, -8, 0, -7,
    0, 0, -10, 0, 0, -5, -10, 0,
    -5, 0, 0, 0, 0, -5, 0, 0,
    0, 0, 0, 0, 0, 0, 0, -12,
    0, 2, 0, 0, 0, 0, -5, 0,
    0, -8, -8, -10, 0, -8, -5, 0,
    -12, 0, -10, -6, 0, -2, -5, 0,
    0, 0, 0, -5, 0, -1, -1, -5,
    -1, -2, 3, 13, 15, 0, -21, -7,
    -21, -5, 0, 0, 8, 0, 0, 0,
    0, 15, 0, 22, 15, 10, 19, 0,
    18, -8, -5, 0, -6, 0, -5, 0,
    -3, 0, 0, 2, 0, -3, 0, -7,
    0, 0, 3, -12, 0, 0, 0, 14,
    0, 0, -15, 0, 0, 0, 0, -12,
    0, 0, 0, 0, -7, 0, 0, -7,
    -7, 0, 0, 0, 13, 0, 0, 0,
    0, -3, -3, 0, 3, -7, 0, 0,
    0, -12, 0, 0, 0, 0, 0, 0,
    -5, 0, 0, 0, 0, -10, 0, -5,
    0, 0, -8, 0, 0, 0, 0, 0,
    0, 0, 0, 0, 0, 0, 0, 0,
    0, 0, 0, 0, 0, 0, 0, -9,
    2, -20, 2, 0, 2, 2, -8, 0,
    0, 0, 0, -16, 0, 0, 0, 0,
    -6, 0, 0, -5, -9, 0, -5, 0,
    -5, 0, 0, -11, -7, 0, 0, -5,
    0, -5, 0, 0, 0, 0, 0, 0,
    0, 0, 0, 0, 0, 0, 0, 0,
    0, 0, 0, 0, 0, 0, 0, 0,
    0, 0, 0, 0, 0, 0, 2, 0,
    0, 0, 0, 0, 0, 0, 0, 0,
    0, 0, 0, -9, 0, 0, 0, 0,
    0, 0, 0, 0, 0, 0, 0, -8,
    0, -7, 0, 0, -12, 0, 0, 0,
    0, 0, 0, 0, 0, 0, 0, 0,
    0, 0, 0, 0, 0, 0, 0, 0,
    0, 0, -25, -10, -25, -12, 6, 6,
    0, -7, 0, -23, 0, 0, 0, 0,
    0, 0, 0, -5, 2, -10, -5, 0,
    -5, 0, 0, 0, -3, 0, 0, 6,
    4, 0, 6, -3, 0, 0, 0, -17,
    0, 2, 0, 0, 0, 0, -7, 0,
    0, 0, 0, -10, 0, -5, 0, 0,
    -8, 0, 0, 0, 0, 0, 0, 0,
    0, 0, 0, -8, 0, 0, 0, 0,
    0, 0, 0, 0, 0, 0, -1, -12,
    -1, 1, 3, 3, -12, 0, 0, 0,
    0, -7, 0, 0, 0, 0, -3, 0,
    0, -9, -7, 0, -5, 0, 0, 0,
    -5, -8, 0, 0, 0, -7, 0, 0,
    0, 0, 0, -5, -16, -5, -16, -8,
    0, 0, 0, -5, 0, -16, 0, -8,
    0, -5, 0, 0, -7, -5, 0, -8,
    -3, 0, 0, 0, -5, 0, 0, 0,
    0, 0, 0, 0, 0, -10, 0, 0,
    0, -5, -20, 0, -20, -3, 0, 0,
    0, -3, 0, -12, 0, -10, 0, -5,
    0, -7, -10, 0, 0, -5, -3, 0,
    0, 0, -5, 0, 0, 0, 0, 0,
    0, 0, 0, -9, -7, 0, 0, -9,
    2, -7, -5, 0, 0, 2, 0, 0,
    -5, 0, -3, -12, 0, -7, 0, -5,
    -14, 0, 0, -5, -9, 0, 0, 0,
    0, 0, 0, -10, 0, 0, 0, 0,
    -3, 0, 0, 0, 0, 0, -16, 0,
    -16, -5, 0, 0, 0, 0, 0, -16,
    0, -8, 0, -3, 0, -3, -5, 0,
    0, -8, -3, 0, 0, 0, -5, 0,
    0, 0, 0, 0, 0, -7, 0, -10,
    0, 0, 0, 0, 0, -8, 0, 0,
    0, 0, 0, 0, 0, 0, 0, -10,
    0, 0, 0, 0, -11, 0, 0, -9,
    -5, 0, -3, 0, 0, 0, 0, 0,
    -5, -3, 0, 0, -3, 0
};


/*Collect the kern class' data in one place*/
static const lv_font_fmt_txt_kern_classes_t kern_classes =
{
    .class_pair_values   = kern_class_values,
    .left_class_mapping  = kern_left_class_mapping,
    .right_class_mapping = kern_right_class_mapping,
    .left_class_cnt      = 45,
    .right_class_cnt     = 38,
};

/*--------------------
 *  ALL CUSTOM DATA
 *--------------------*/

#if LV_VERSION_CHECK(8, 0, 0)
/*Store all the custom data of the font*/
static  lv_font_fmt_txt_glyph_cache_t cache;
static const lv_font_fmt_txt_dsc_t font_dsc = {
#else
static lv_font_fmt_txt_dsc_t font_dsc = {
#endif
    .glyph_bitmap = glyph_bitmap,
    .glyph_dsc = glyph_dsc,
    .cmaps = cmaps,
    .kern_dsc = &kern_classes,
    .kern_scale = 16,
    .cmap_num = 2,
    .bpp = 4,
    .kern_classes = 1,
    .bitmap_format = 1,
#if LV_VERSION_CHECK(8, 0, 0)
    .cache = &cache
#endif
};


/*-----------------
 *  PUBLIC FONT
 *----------------*/

/*Initialize a public general font descriptor*/
#if LV_VERSION_CHECK(8, 0, 0)
const lv_font_t ui_font_cjk_20 = {
#else
lv_font_t ui_font_cjk_20 = {
#endif
    .get_glyph_dsc = lv_font_get_glyph_dsc_fmt_txt,    /*Function pointer to get glyph's data*/
    .get_glyph_bitmap = lv_font_get_bitmap_fmt_txt,    /*Function pointer to get glyph's bitmap*/
    .line_height = 23,          /*The maximum line height required by the font*/
    .base_line = 5,             /*Baseline measured from the bottom of the line*/
#if !(LVGL_VERSION_MAJOR == 6 && LVGL_VERSION_MINOR == 0)
    .subpx = LV_FONT_SUBPX_NONE,
#endif
#if LV_VERSION_CHECK(7, 4, 0) || LVGL_VERSION_MAJOR >= 8
    .underline_position = -2,
    .underline_thickness = 1,
#endif
    .dsc = &font_dsc           /*The custom font data. Will be accessed by `get_glyph_bitmap/dsc` */
};



#endif /*#if UI_FONT_CJK_20*/

