/*******************************************************************************
 * Size: 15 px
 * Bpp: 4
 * Opts: --font NotoSansSC-Regular.ttf --size 15 --bpp 4 --format lvgl --force-fast-kern-format -r 0x20-0x7E -r 0xB0 -r 0xB7 --symbols 上下不个中主健储内分列动势危发可同吐吞告器在失存容已帧常年度康延待态总意持据接收数无旧时曲最未机条查样核检正步比注活温点状用百盘磁离空端等系累级线络统续网行览警计询误负败趋轮载达运近连迟送部采量钟错长间阵陈降险集项首高龄 --lv-include lvgl.h -o /Users/llll/code/esp/p4-7b-fnos-monitor/components/fnos_monitor/fonts/ui_font_cjk_15.c
 ******************************************************************************/

#ifdef LV_LVGL_H_INCLUDE_SIMPLE
#include "lvgl.h"
#else
#include "lvgl.h"
#endif

#ifndef UI_FONT_CJK_15
#define UI_FONT_CJK_15 1
#endif

#if UI_FONT_CJK_15

/*-----------------
 *    BITMAPS
 *----------------*/

/*Store the image of the glyphs*/
static LV_ATTRIBUTE_LARGE_CONST const uint8_t glyph_bitmap[] = {
    /* U+0020 " " */

    /* U+0021 "!" */
    0x4f, 0x17, 0x0, 0xc2, 0x20, 0xe, 0x30, 0x8,
    0x40, 0x58, 0x1, 0x0, 0xbe, 0x60, 0x10,

    /* U+0022 "\"" */
    0xac, 0xb, 0xb1, 0x80, 0x4, 0x5, 0x80, 0xcb,
    0x88, 0x38, 0x5a, 0x41, 0xe0,

    /* U+0023 "#" */
    0x0, 0x1d, 0x0, 0xe0, 0x4, 0xc4, 0x4, 0xc0,
    0x11, 0x70, 0x31, 0x0, 0x3a, 0x21, 0xd4, 0xf8,
    0x1c, 0x99, 0xcd, 0x58, 0x0, 0x73, 0x2, 0x60,
    0x8, 0x44, 0xe, 0x40, 0xbc, 0x5d, 0xc3, 0xf7,
    0x5c, 0x4e, 0xe1, 0x73, 0x83, 0x10, 0x13, 0x0,
    0x45, 0xc0, 0xc4, 0x0,

    /* U+0024 "$" */
    0x0, 0x92, 0xc0, 0x39, 0xed, 0x30, 0xc0, 0xb,
    0x17, 0xb5, 0x0, 0xf, 0x54, 0x26, 0xb0, 0x1,
    0x38, 0x7, 0xa4, 0xf5, 0x0, 0x30, 0xfa, 0x5d,
    0x84, 0x2, 0x19, 0xd6, 0xc0, 0xe, 0x2f, 0x23,
    0x0, 0xe3, 0x7, 0xd, 0x82, 0x24, 0xa, 0x7,
    0x16, 0xe8, 0xb0, 0x0, 0x75, 0x69, 0x64, 0x1,
    0x9b, 0x80, 0x20,

    /* U+0025 "%" */
    0x5, 0xdd, 0x38, 0x6, 0xc2, 0x0, 0x86, 0xf3,
    0x68, 0xc0, 0xa, 0x84, 0x1, 0x22, 0x88, 0x2a,
    0x0, 0x22, 0x40, 0x31, 0x88, 0x3, 0xfc, 0xf,
    0x42, 0x1, 0x88, 0x40, 0x1d, 0xe3, 0x4e, 0xed,
    0xb2, 0x4, 0x52, 0x17, 0x58, 0x82, 0xde, 0xf7,
    0x0, 0x1b, 0xdb, 0x60, 0xaa, 0xfa, 0x5, 0x22,
    0x1, 0xe6, 0x16, 0x3c, 0x4, 0x80, 0x6, 0x20,
    0x18, 0xc4, 0xc0, 0x44, 0x0, 0x31, 0x0, 0xdf,
    0x20, 0xc, 0xe0, 0x43, 0x20, 0x9, 0x54, 0x40,
    0x6, 0x2d, 0x8e, 0x0,

    /* U+0026 "&" */
    0x0, 0xe, 0x76, 0x8, 0x7, 0x6a, 0x73, 0x48,
    0x7, 0x1d, 0x81, 0x8, 0x7, 0x13, 0x23, 0x58,
    0x7, 0x2d, 0x53, 0x48, 0x3, 0x12, 0x83, 0x18,
    0x2, 0x64, 0x1e, 0xf6, 0xe8, 0x2, 0xd4, 0xa5,
    0x49, 0x16, 0x92, 0x67, 0x0, 0x4f, 0x16, 0xfc,
    0xe, 0x14, 0x43, 0xe0, 0xe, 0x41, 0xc1, 0xdf,
    0x3c, 0xe5, 0xe0,

    /* U+0027 "'" */
    0xac, 0x30, 0x16, 0xe2, 0x69,

    /* U+0028 "(" */
    0x0, 0x31, 0x1, 0x41, 0x5, 0xc8, 0x1, 0x94,
    0xc, 0x88, 0x8, 0xe0, 0xf, 0x30, 0x0, 0x88,
    0x0, 0x22, 0x0, 0x79, 0x80, 0xd, 0xc0, 0x8,
    0x42, 0x0, 0x66, 0x0, 0x2e, 0x80, 0x5, 0x44,

    /* U+0029 ")" */
    0x27, 0x0, 0x15, 0x18, 0x2, 0xe4, 0x0, 0xea,
    0x20, 0x24, 0xa0, 0x4, 0xc0, 0x0, 0x88, 0x1,
    0xe6, 0x0, 0xf3, 0x0, 0x8, 0x80, 0xb, 0xa0,
    0x26, 0x80, 0xea, 0x21, 0x72, 0x4, 0xa6, 0x0,

    /* U+002A "*" */
    0x0, 0xb8, 0x3, 0x43, 0xb, 0x40, 0x3, 0x28,
    0x2b, 0x0, 0x8, 0x2c, 0x28, 0x0, 0x18, 0x98,
    0x10,

    /* U+002B "+" */
    0x0, 0x84, 0x80, 0x3c, 0xf2, 0x1, 0xff, 0xc7,
    0x6f, 0xf4, 0xa7, 0xfa, 0xdb, 0xfd, 0x29, 0xfe,
    0xb0, 0xf, 0xfe, 0x20,

    /* U+002C "," */
    0x8, 0xb0, 0x1, 0x22, 0x2, 0x89, 0x82, 0x1c,
    0x83, 0xe8, 0x0,

    /* U+002D "-" */
    0x5f, 0xfa, 0x0,

    /* U+002E "." */
    0xad, 0x0, 0xc0,

    /* U+002F "/" */
    0x0, 0xce, 0xe0, 0xd, 0x4a, 0x1, 0x10, 0x10,
    0x4, 0xaa, 0x0, 0xd7, 0x60, 0x8, 0x48, 0xc0,
    0x27, 0x70, 0x6, 0xdd, 0x0, 0x42, 0xa8, 0x1,
    0x3b, 0x80, 0x36, 0xe8, 0x3, 0x2a, 0x0, 0x4a,
    0x80, 0x1b, 0xfc, 0x1, 0x80,

    /* U+0030 "0" */
    0x0, 0x3f, 0x7d, 0x8, 0x1, 0x62, 0xb9, 0xa8,
    0x1, 0x10, 0x41, 0xe4, 0x21, 0x24, 0x0, 0x10,
    0xa1, 0x1, 0x0, 0x45, 0xc0, 0x1e, 0x71, 0x0,
    0xf3, 0x89, 0x1, 0x0, 0x45, 0xc2, 0x56, 0x0,
    0x21, 0x40, 0x87, 0x42, 0xe4, 0x20, 0x59, 0xad,
    0x6b, 0x0,

    /* U+0031 "1" */
    0x6, 0xbf, 0x20, 0x0, 0xe0, 0x7, 0xd, 0x40,
    0x7, 0xff, 0x88, 0x44, 0xe0, 0x22, 0xa, 0xeb,
    0xc, 0xe5,

    /* U+0032 "2" */
    0x3, 0xcf, 0xe9, 0x0, 0x16, 0x57, 0x6b, 0xc8,
    0x17, 0x30, 0x9c, 0xb0, 0x0, 0x40, 0x22, 0x0,
    0xfb, 0xc, 0x3, 0x85, 0xa8, 0x3, 0xac, 0xd8,
    0x3, 0x42, 0x70, 0x6, 0x77, 0x69, 0x0, 0x51,
    0xb, 0x30, 0x9, 0x5c, 0x2f, 0xfe, 0x90,

    /* U+0033 "3" */
    0x3, 0xbf, 0xea, 0x10, 0x7, 0x67, 0x6b, 0xe8,
    0x3, 0x5c, 0x4e, 0xc, 0x40, 0x38, 0xc0, 0x40,
    0x21, 0x58, 0x80, 0x4, 0xbd, 0x4e, 0xe0, 0x9,
    0x7f, 0xb, 0x0, 0x38, 0xec, 0xd8, 0x4, 0x3,
    0xcb, 0xea, 0x47, 0x60, 0xeb, 0x73, 0xb8, 0x18,
    0x20,

    /* U+0034 "4" */
    0x0, 0xcf, 0xec, 0x1, 0x86, 0x0, 0x3d, 0x4a,
    0x40, 0x19, 0x52, 0xcc, 0x3, 0x5c, 0x88, 0x6,
    0x95, 0x60, 0xc, 0x6d, 0x20, 0x1d, 0x21, 0x9d,
    0xc1, 0x9c, 0xbe, 0xff, 0x81, 0xf4, 0x47, 0xdc,
    0x20, 0x1f, 0x80,

    /* U+0035 "5" */
    0x6, 0xff, 0xe0, 0x0, 0x97, 0x76, 0x0, 0x7b,
    0x8, 0xe0, 0x0, 0x88, 0x3, 0xc6, 0xfd, 0xf8,
    0x60, 0xe, 0xbf, 0xd7, 0xc1, 0x4, 0x61, 0x2b,
    0x7, 0x0, 0xf0, 0x88, 0x3, 0x84, 0x44, 0xba,
    0xa4, 0x7a, 0x4a, 0xa8, 0x9d, 0xd3, 0x60, 0x0,

    /* U+0036 "6" */
    0x0, 0x15, 0xff, 0x48, 0x0, 0x70, 0xb7, 0x40,
    0x41, 0x5, 0x24, 0x72, 0x40, 0xf4, 0x1, 0xc2,
    0x23, 0xbf, 0xd5, 0x3, 0x8, 0x87, 0xc5, 0x19,
    0x82, 0x4c, 0x14, 0xe8, 0x40, 0x39, 0x8c, 0x13,
    0x40, 0x27, 0x20, 0x86, 0x51, 0x72, 0xa0, 0x3b,
    0x8e, 0xbc, 0x20,

    /* U+0037 "7" */
    0x4f, 0xff, 0x4a, 0x77, 0x6b, 0xb, 0x1, 0x1d,
    0x10, 0x20, 0xc, 0xa4, 0xe0, 0x1d, 0x32, 0x0,
    0xe2, 0x36, 0x0, 0xe4, 0x11, 0x0, 0x76, 0x28,
    0x7, 0x98, 0x80, 0x3c, 0x5c, 0x1, 0xe1, 0x10,
    0x4,

    /* U+0038 "8" */
    0x0, 0x3f, 0x7e, 0x10, 0x1, 0xeb, 0x39, 0x30,
    0x1, 0x8a, 0x43, 0x2, 0x60, 0x26, 0x0, 0x10,
    0x20, 0xb6, 0xb3, 0x86, 0x10, 0x17, 0x76, 0x35,
    0x80, 0x2c, 0xb3, 0x93, 0x4, 0xd2, 0x0, 0x6c,
    0x25, 0xc0, 0x39, 0x45, 0xa, 0x88, 0x19, 0x34,
    0x30, 0x33, 0xea, 0xd0,

    /* U+0039 "9" */
    0x1, 0xaf, 0xe8, 0x0, 0xb4, 0x7b, 0x16, 0x40,
    0xcd, 0x22, 0x5c, 0xc2, 0xc0, 0x40, 0x3, 0x14,
    0x60, 0x10, 0xc, 0x46, 0x56, 0x3, 0x42, 0x0,
    0xf1, 0xfc, 0xe2, 0x10, 0x2b, 0xfd, 0x52, 0x50,
    0xe, 0x71, 0x30, 0x95, 0x25, 0x9b, 0x0, 0x64,
    0x6c, 0x52, 0x80,

    /* U+003A ":" */
    0xad, 0x1, 0x0, 0x5e, 0x80, 0x7f, 0xab, 0x40,
    0x30,

    /* U+003B ";" */
    0xa, 0xd0, 0x0, 0x80, 0x57, 0xa0, 0x1f, 0xfc,
    0x28, 0xb0, 0x1, 0x22, 0x2, 0x89, 0x82, 0x1c,
    0x83, 0xe8, 0x0,

    /* U+003C "<" */
    0x0, 0xf0, 0xa8, 0x6, 0x5b, 0xed, 0x3, 0x9e,
    0xe6, 0xfc, 0x36, 0x7, 0xdb, 0x0, 0x1d, 0xed,
    0x61, 0x0, 0xc, 0x74, 0x67, 0x5a, 0x0, 0x49,
    0x5d, 0xba,

    /* U+003D "=" */
    0x6f, 0xff, 0x5b, 0x7f, 0xfa, 0xc0, 0x3f, 0x37,
    0xff, 0xac,

    /* U+003E ">" */
    0x33, 0x0, 0x79, 0xf7, 0x4e, 0x20, 0x12, 0x74,
    0xef, 0xda, 0x80, 0x49, 0x5d, 0xb7, 0x60, 0x9,
    0x2a, 0x13, 0xca, 0x7a, 0x33, 0xe9, 0x1c, 0x73,
    0xc, 0x20, 0x0,

    /* U+003F "?" */
    0x5, 0xdf, 0xd5, 0x1, 0x98, 0xd4, 0xa1, 0x16,
    0x29, 0x40, 0x28, 0x6, 0x50, 0x50, 0x8, 0x6a,
    0x44, 0x2, 0xd4, 0x60, 0x8, 0xcd, 0x60, 0x1c,
    0xc2, 0x1, 0x8e, 0x40, 0x39, 0xf8, 0x80, 0x3f,
    0x80,

    /* U+0040 "@" */
    0x0, 0xc5, 0x3b, 0xb6, 0x30, 0x7, 0xa3, 0xf3,
    0x76, 0xec, 0xb0, 0xd, 0x7, 0xaa, 0x1, 0x15,
    0x14, 0x0, 0xd, 0x6c, 0xb, 0x3a, 0x2c, 0x21,
    0x80, 0x13, 0x60, 0xc, 0x9e, 0x32, 0x1, 0x53,
    0x5, 0x60, 0x74, 0x50, 0x1f, 0x0, 0xb, 0x88,
    0x80, 0x19, 0xe0, 0x6, 0x50, 0x0, 0xb9, 0x80,
    0x4e, 0x20, 0x2, 0x20, 0xa, 0x99, 0x8, 0x1,
    0x74, 0x20, 0x14, 0x2e, 0x40, 0x8, 0xa1, 0x5,
    0xba, 0xa9, 0xdd, 0x38, 0x2, 0x2c, 0x86, 0xf5,
    0x53, 0x74, 0xe0, 0x11, 0xde, 0x30, 0x80, 0xd,
    0x40, 0x3c, 0xb9, 0xf9, 0xdb, 0x22, 0x1, 0x80,

    /* U+0041 "A" */
    0x0, 0x9b, 0xdc, 0x3, 0xed, 0x3a, 0x0, 0xf0,
    0xa7, 0x91, 0x0, 0x39, 0xc8, 0xcd, 0x40, 0x1d,
    0xaa, 0x16, 0xa0, 0x18, 0x52, 0xc1, 0x48, 0xc0,
    0x27, 0x13, 0x2, 0x25, 0x80, 0x54, 0x3d, 0xd1,
    0x30, 0x0, 0x4e, 0xbf, 0xeb, 0x13, 0x7, 0x15,
    0x11, 0x90, 0x6c, 0x29, 0xc0, 0x39, 0xd8, 0x0,

    /* U+0042 "B" */
    0x7f, 0xfd, 0x88, 0x1, 0xf, 0xfb, 0x56, 0xcc,
    0x3, 0x8a, 0x45, 0x0, 0x3f, 0xf8, 0x70, 0x2c,
    0x0, 0x1e, 0xe7, 0xbc, 0x88, 0x0, 0x7f, 0xdb,
    0x51, 0x20, 0x10, 0x88, 0x96, 0x98, 0x40, 0x3c,
    0x20, 0x18, 0x44, 0x4b, 0x68, 0x20, 0x3d, 0xcd,
    0x86, 0xb0,

    /* U+0043 "C" */
    0x0, 0x9f, 0x7f, 0xa4, 0x40, 0x2b, 0x9b, 0xca,
    0x56, 0x0, 0x32, 0x6b, 0x1a, 0x63, 0x80, 0x2d,
    0x4c, 0x3, 0xe2, 0xc0, 0xf, 0x84, 0xc, 0x3,
    0xe1, 0x3, 0x0, 0xfc, 0x58, 0x1, 0xfa, 0x94,
    0x80, 0x30, 0x80, 0x1c, 0xf1, 0x8d, 0x33, 0x40,
    0x2c, 0x9b, 0xca, 0x5d, 0x0,

    /* U+0044 "D" */
    0x7f, 0xfb, 0x64, 0x40, 0x21, 0xee, 0x4a, 0xf9,
    0x80, 0x42, 0x24, 0xc2, 0xf0, 0xf, 0xa0, 0xc8,
    0x3, 0xca, 0xe, 0x1, 0xe1, 0x3, 0x0, 0xf0,
    0x81, 0x80, 0x79, 0x1, 0xc0, 0x3d, 0x26, 0x40,
    0x1, 0x24, 0xc2, 0xe0, 0x0, 0xf6, 0xca, 0xf9,
    0x0,

    /* U+0045 "E" */
    0x7f, 0xfe, 0xd0, 0x0, 0xf7, 0x6c, 0x0, 0x84,
    0x78, 0x3, 0xff, 0x8c, 0x3f, 0xf8, 0x2, 0x1d,
    0xdc, 0x1, 0x88, 0xb0, 0x7, 0xff, 0x0, 0x8b,
    0x80, 0x3, 0xbb, 0xc0,

    /* U+0046 "F" */
    0x7f, 0xfe, 0xd0, 0x1e, 0xed, 0x80, 0x1, 0x1e,
    0x0, 0xff, 0xe1, 0x8f, 0xfe, 0x10, 0x1d, 0xdc,
    0x20, 0x2, 0x2c, 0x1, 0xff, 0xca,

    /* U+0047 "G" */
    0x0, 0x9b, 0x3f, 0xd6, 0x60, 0x15, 0x4d, 0xe6,
    0xf, 0xc0, 0xc, 0xb8, 0xe6, 0x68, 0xc0, 0x5,
    0xa9, 0x80, 0x7c, 0x58, 0x1, 0xf0, 0x81, 0x80,
    0x17, 0xfe, 0x31, 0x3, 0x0, 0x2e, 0xe8, 0x2,
    0x2c, 0x0, 0x88, 0x80, 0x15, 0x29, 0x80, 0x7c,
    0xe9, 0xae, 0x66, 0x90, 0xd, 0x71, 0x79, 0x82,
    0xb3,

    /* U+0048 "H" */
    0x7e, 0x0, 0xef, 0x60, 0xf, 0xfe, 0xc8, 0xff,
    0xf0, 0x4, 0x3b, 0xbc, 0x1, 0x88, 0xb8, 0x3,
    0xff, 0xa2,

    /* U+0049 "I" */
    0x7e, 0x0, 0xff, 0xe4, 0x0,

    /* U+004A "J" */
    0x0, 0xed, 0x90, 0xf, 0xff, 0x31, 0x0, 0x47,
    0xc7, 0xac, 0x70, 0x2a, 0x75, 0x78, 0xb4, 0x40,

    /* U+004B "K" */
    0x7e, 0x0, 0xdb, 0x60, 0x1e, 0xb0, 0xb0, 0xe,
    0x85, 0xc0, 0xe, 0x67, 0xd1, 0x0, 0xc9, 0x24,
    0x60, 0x18, 0x69, 0x49, 0x80, 0x39, 0x69, 0xe0,
    0x40, 0x35, 0x84, 0x4, 0x0, 0x42, 0x1, 0x5b,
    0x10, 0x7, 0x94, 0xe4, 0x3, 0xef, 0x45,

    /* U+004C "L" */
    0x7e, 0x0, 0xff, 0xf9, 0x91, 0x61, 0x1, 0xdd,
    0xd4,

    /* U+004D "M" */
    0x7f, 0x50, 0xc, 0x5f, 0x40, 0xe, 0x0, 0xd4,
    0x1, 0x22, 0x4, 0x2, 0x64, 0x0, 0x91, 0xc0,
    0x6, 0x62, 0x0, 0x3f, 0x50, 0x2, 0xa8, 0x1,
    0x94, 0xc8, 0x1d, 0x4c, 0x3, 0x32, 0xa1, 0x10,
    0x3, 0xb6, 0xba, 0x80, 0x3c, 0x86, 0xae, 0x1,
    0xf4, 0xa8, 0x80, 0x7c, 0xf4, 0x1, 0x80,

    /* U+004E "N" */
    0x7f, 0x30, 0xd, 0xea, 0x0, 0xf0, 0xf, 0x90,
    0x94, 0x3, 0xe8, 0xb0, 0xf, 0x3b, 0x1c, 0x0,
    0x7d, 0x2e, 0x40, 0x18, 0x41, 0x16, 0x0, 0x3e,
    0x85, 0x31, 0x0, 0xe2, 0x7f, 0x30, 0xf, 0x41,
    0x10, 0x3, 0xe8, 0x0, 0x0,

    /* U+004F "O" */
    0x0, 0xa3, 0x7f, 0xa0, 0x40, 0x36, 0x35, 0xe5,
    0xae, 0x8, 0x1, 0xcf, 0x18, 0xd7, 0xe, 0x0,
    0x14, 0xc4, 0x1, 0xc, 0xb0, 0x0, 0xbc, 0x3,
    0x8c, 0x8, 0x40, 0xc0, 0x39, 0xc0, 0x44, 0x6,
    0x1, 0xce, 0x2, 0x5, 0x80, 0x1d, 0x82, 0x41,
    0x4a, 0x40, 0x10, 0xb3, 0x80, 0x1c, 0xf1, 0x8d,
    0x70, 0xe4, 0x2, 0xc9, 0xbc, 0xb5, 0xd0, 0x0,

    /* U+0050 "P" */
    0x7f, 0xfb, 0xad, 0x0, 0x3, 0xdc, 0xc2, 0xb3,
    0x0, 0x8, 0x8a, 0x4e, 0x40, 0x3c, 0xc2, 0x1,
    0xe6, 0x20, 0xc, 0x30, 0x74, 0x3, 0xfe, 0xe5,
    0xb3, 0x1, 0xde, 0xfd, 0x40, 0x8, 0x84, 0x3,
    0xff, 0x90,

    /* U+0051 "Q" */
    0x0, 0xa3, 0x7f, 0xa0, 0x40, 0x36, 0x35, 0xe5,
    0xae, 0x8, 0x1, 0xcf, 0x18, 0xd7, 0xe, 0x0,
    0x14, 0xc4, 0x1, 0xc, 0xb0, 0x0, 0xbc, 0x3,
    0x8c, 0x8, 0x40, 0xc0, 0x39, 0xc0, 0x44, 0x6,
    0x1, 0xce, 0x2, 0x5, 0xe0, 0x1c, 0x62, 0x41,
    0x4c, 0x40, 0x10, 0xcb, 0x80, 0x1c, 0xfd, 0x49,
    0x34, 0xe4, 0x2, 0xca, 0xbd, 0xb4, 0xd0, 0xe,
    0x7e, 0x42, 0xc0, 0xf, 0xd6, 0xb7, 0xfe, 0x50,
    0xf, 0x47, 0xf7, 0x14,

    /* U+0052 "R" */
    0x7f, 0xfd, 0xac, 0x1, 0xf, 0x73, 0x6a, 0x58,
    0x2, 0x11, 0x13, 0xae, 0x80, 0x7c, 0x20, 0x1f,
    0x32, 0x68, 0x0, 0x7f, 0xe9, 0x86, 0x0, 0xe,
    0xe8, 0x19, 0xc0, 0x31, 0x12, 0x58, 0x80, 0x3c,
    0xc5, 0x20, 0x1f, 0x4a, 0x20, 0x3, 0xc8, 0x89,
    0x0,

    /* U+0053 "S" */
    0x0, 0x2e, 0xff, 0x48, 0x80, 0x16, 0xa9, 0x94,
    0x56, 0x0, 0xe4, 0x73, 0x4b, 0xa0, 0x0, 0xb0,
    0x80, 0x7a, 0xf, 0xe0, 0x40, 0x31, 0x7b, 0x33,
    0xa4, 0x40, 0x21, 0x8e, 0x96, 0xd0, 0xf, 0x35,
    0x99, 0x81, 0x0, 0x33, 0x80, 0x6, 0xb1, 0x49,
    0x38, 0xcc, 0x38, 0xb7, 0xb4, 0x9a, 0x0,

    /* U+0054 "T" */
    0x8f, 0xff, 0xa2, 0x1d, 0xcb, 0xb, 0xee, 0x40,
    0x8, 0x9c, 0x1c, 0x44, 0x1, 0xff, 0xfd,

    /* U+0055 "U" */
    0x8d, 0x0, 0xef, 0x50, 0xf, 0xff, 0x57, 0x90,
    0x6, 0x10, 0x14, 0x4, 0x0, 0x9c, 0x14, 0xd2,
    0x94, 0x9a, 0x58, 0x42, 0xde, 0x36, 0xde, 0x40,

    /* U+0056 "V" */
    0xd9, 0x0, 0xee, 0x75, 0x70, 0xc, 0x62, 0xb6,
    0x26, 0x1, 0x59, 0x10, 0xca, 0xc0, 0x25, 0x50,
    0x1, 0x54, 0x0, 0x22, 0x58, 0x2, 0xc8, 0x41,
    0x8, 0xc0, 0x6, 0x2e, 0x1a, 0xa0, 0x19, 0xf4,
    0x12, 0xc0, 0x36, 0xa2, 0x89, 0x80, 0x64, 0x18,
    0x70, 0xf, 0x21, 0x68, 0x4,

    /* U+0057 "W" */
    0x8e, 0x0, 0x8b, 0xd8, 0x2, 0xaa, 0x60, 0x88,
    0x0, 0x81, 0x80, 0x13, 0xea, 0x82, 0x80, 0x31,
    0x50, 0x2, 0x24, 0x12, 0x30, 0x2, 0x48, 0x90,
    0x20, 0x18, 0x3e, 0x81, 0x9, 0x99, 0x0, 0xc8,
    0x1, 0xae, 0x8, 0x80, 0x5c, 0xd, 0x70, 0x2,
    0x10, 0xe6, 0x3, 0x10, 0x1f, 0x0, 0x6, 0x4,
    0xe8, 0x8, 0x24, 0x45, 0x0, 0x8a, 0xc8, 0xc0,
    0x4a, 0x80, 0xc0, 0x24, 0x64, 0x0, 0x91, 0x8c,
    0x3, 0x78, 0xe0, 0x5, 0x82, 0xa0, 0x0,

    /* U+0058 "X" */
    0x4f, 0x40, 0xa, 0x74, 0x11, 0x60, 0x0, 0x4d,
    0x20, 0x8, 0x35, 0x8, 0x44, 0x0, 0x9, 0xe0,
    0x96, 0x40, 0x34, 0x9e, 0x31, 0x0, 0x61, 0x51,
    0xd0, 0xe, 0x34, 0x44, 0x0, 0x77, 0xb5, 0x1a,
    0x80, 0x4a, 0x70, 0x2f, 0x60, 0x14, 0x38, 0x84,
    0x83, 0x83, 0x9c, 0x0, 0x6, 0x60, 0x40,

    /* U+0059 "Y" */
    0xc, 0xa0, 0xd, 0x56, 0x10, 0xa4, 0x0, 0x25,
    0x80, 0x43, 0xb0, 0x5, 0x99, 0x80, 0x10, 0xc2,
    0x26, 0x80, 0x9, 0xd, 0xa4, 0xd0, 0x3, 0x4c,
    0x9a, 0x0, 0x39, 0x4c, 0x90, 0x3, 0xcc, 0xc0,
    0xf, 0xfe, 0x90,

    /* U+005A "Z" */
    0xb, 0xff, 0xf2, 0x5, 0x77, 0x63, 0x32, 0x0,
    0x8e, 0x43, 0xe0, 0xe, 0x1b, 0x72, 0x0, 0xe8,
    0x38, 0x0, 0xe4, 0x6e, 0x0, 0xf4, 0xb1, 0x80,
    0x74, 0x1c, 0x80, 0x71, 0xbd, 0x80, 0x7b, 0xcd,
    0xc8, 0xb0, 0x19, 0xdb, 0xbc, 0xa0,

    /* U+005B "[" */
    0x6e, 0xc6, 0x7, 0xc6, 0x0, 0xff, 0xf0, 0x1a,
    0x63, 0x0,

    /* U+005C "\\" */
    0x96, 0x0, 0xdb, 0xa0, 0xc, 0x8a, 0x1, 0xc8,
    0xa0, 0x1b, 0xfc, 0x1, 0x95, 0x0, 0x39, 0x50,
    0x3, 0x6e, 0x80, 0x33, 0xb8, 0x3, 0xa, 0xa0,
    0x6, 0xdd, 0x0, 0x67, 0x70, 0x6, 0x12, 0x30,
    0xd, 0x76,

    /* U+005D "]" */
    0x5c, 0xe8, 0x5c, 0x60, 0xf, 0xff, 0xa, 0xe2,
    0xf8,

    /* U+005E "^" */
    0x0, 0x57, 0x0, 0x61, 0x45, 0x60, 0xa, 0x5f,
    0xec, 0x2, 0x6a, 0x40, 0x40, 0x52, 0x30, 0xae,
    0x9, 0xa0, 0x3, 0x28, 0x80,

    /* U+005F "_" */
    0xbe, 0xef, 0x88,

    /* U+0060 "`" */
    0x12, 0x0, 0x4e, 0x8, 0x43, 0xe0, 0x84, 0xa9,
    0x80,

    /* U+0061 "a" */
    0x2, 0x9e, 0xfc, 0x30, 0x2, 0x8e, 0xe9, 0xf4,
    0x0, 0xf0, 0x65, 0x2, 0x40, 0x3, 0x9c, 0xe0,
    0x10, 0x9e, 0xcd, 0xf0, 0x70, 0x69, 0x51, 0x0,
    0xec, 0x14, 0xe0, 0xa, 0xd7, 0xbf, 0x84, 0x0,

    /* U+0062 "b" */
    0xac, 0x0, 0xff, 0xe5, 0xbb, 0x6f, 0xd9, 0x0,
    0x13, 0x3f, 0x1f, 0xc0, 0x7, 0x44, 0x7c, 0x48,
    0x1, 0xc4, 0x6, 0x1, 0xf0, 0x80, 0x72, 0x2,
    0x81, 0xb9, 0x24, 0xa1, 0x83, 0x7e, 0x52, 0x58,
    0x0,

    /* U+0063 "c" */
    0x0, 0x2e, 0x7f, 0x30, 0x1, 0xaa, 0xf6, 0x84,
    0x1, 0xe, 0xe2, 0x47, 0x2, 0x1b, 0x0, 0xff,
    0xe0, 0x90, 0x58, 0x7, 0xa1, 0xd8, 0x92, 0x40,
    0xf, 0x37, 0xb3, 0xc0,

    /* U+0064 "d" */
    0x0, 0xf3, 0xf0, 0x7, 0xff, 0x19, 0xb7, 0xef,
    0x80, 0xd, 0x35, 0xbc, 0x80, 0x8, 0x77, 0x12,
    0xd0, 0x10, 0xe0, 0x7, 0xce, 0x1, 0xc4, 0x8,
    0x1, 0xe6, 0x85, 0x26, 0x90, 0x4, 0xbd, 0xee,
    0x58, 0x0,

    /* U+0065 "e" */
    0x0, 0x36, 0xfe, 0xa8, 0x1, 0xa2, 0x7a, 0x68,
    0xc2, 0x2d, 0x5, 0x1a, 0x88, 0x6f, 0xba, 0x73,
    0x0, 0x6f, 0x76, 0xa2, 0x1b, 0x0, 0xf4, 0x3b,
    0x9, 0x40, 0x1, 0xaa, 0x9d, 0x82, 0x20,

    /* U+0066 "f" */
    0x0, 0x47, 0xf1, 0x1, 0xbd, 0xf9, 0x3, 0x2,
    0x8, 0x45, 0x7, 0xd8, 0x44, 0x87, 0xd8, 0x7,
    0xff, 0x64,

    /* U+0067 "g" */
    0x1, 0x9e, 0xff, 0xc2, 0x16, 0xbf, 0xe5, 0x3c,
    0x10, 0x4b, 0x10, 0x93, 0x30, 0x1, 0xec, 0x42,
    0x88, 0x2, 0xb2, 0xce, 0x3f, 0x0, 0xa2, 0x77,
    0xa8, 0x80, 0x36, 0x88, 0xc0, 0x1b, 0x97, 0xba,
    0xf9, 0x1, 0xac, 0xff, 0xa9, 0x8c, 0xc2, 0xc0,
    0x1, 0xc2, 0x32, 0xa9, 0xee, 0x60, 0x60, 0x0,

    /* U+0068 "h" */
    0xac, 0x0, 0xff, 0xe4, 0x3a, 0x6f, 0xd8, 0x82,
    0x7f, 0x5a, 0xc0, 0x15, 0x9a, 0x32, 0x0, 0x80,
    0x5e, 0x60, 0x1f, 0xfd, 0x0,

    /* U+0069 "i" */
    0x9c, 0xf4, 0x68, 0xac, 0x0, 0xff, 0xe1, 0x0,

    /* U+006A "j" */
    0x0, 0x56, 0x0, 0x31, 0x0, 0xd, 0x0, 0x9,
    0xc0, 0xf, 0xfe, 0x9b, 0x80, 0xa1, 0x47, 0x5,
    0x80,

    /* U+006B "k" */
    0xab, 0x0, 0xff, 0xe7, 0x1f, 0xa8, 0x6, 0x1d,
    0x75, 0x0, 0xda, 0x90, 0x1, 0xa4, 0xf8, 0x3,
    0x22, 0x1a, 0x40, 0x30, 0xfc, 0x84, 0x0, 0x4a,
    0x41, 0x2e, 0x40, 0x1c, 0x8b, 0xc0,

    /* U+006C "l" */
    0xac, 0x0, 0xff, 0xe6, 0x98, 0x86, 0x9c, 0x0,

    /* U+006D "m" */
    0xa9, 0x6d, 0xfb, 0x6, 0xde, 0x90, 0x3, 0xe,
    0xe9, 0x38, 0x77, 0x4c, 0xa0, 0x6e, 0x4, 0x8a,
    0xe0, 0x66, 0xd0, 0xf, 0xf8, 0x40, 0x3f, 0xfc,
    0x80,

    /* U+006E "n" */
    0xa9, 0x6d, 0xfb, 0x10, 0x6e, 0xde, 0x68, 0x3,
    0x80, 0x15, 0x40, 0xe, 0xf3, 0x0, 0xff, 0xe8,
    0x0,

    /* U+006F "o" */
    0x0, 0x2e, 0xfe, 0xb0, 0x4, 0xd5, 0x7b, 0x12,
    0xe0, 0x8, 0x76, 0x25, 0x98, 0x12, 0x1b, 0x0,
    0x90, 0x14, 0x3, 0xf8, 0x86, 0xc0, 0x24, 0x5,
    0x9, 0x76, 0x25, 0x97, 0x10, 0x79, 0xbd, 0x89,
    0x80,

    /* U+0070 "p" */
    0xaa, 0x46, 0xf5, 0x90, 0x1, 0x7f, 0x78, 0x70,
    0x0, 0x6e, 0x0, 0xb1, 0x40, 0xe, 0x10, 0x30,
    0xf, 0x84, 0x3, 0x90, 0x14, 0xd, 0xc9, 0x29,
    0xc, 0xf, 0xf2, 0x9e, 0xc0, 0x28, 0xee, 0x48,
    0x7, 0xff, 0x18,

    /* U+0071 "q" */
    0x0, 0x36, 0xfd, 0xb7, 0x3, 0x4d, 0x6f, 0x58,
    0x2, 0x1d, 0xc4, 0xb4, 0x4, 0x38, 0x1, 0xf3,
    0x80, 0x71, 0x2, 0x0, 0x79, 0xa1, 0x49, 0xa0,
    0x1, 0x2f, 0x7b, 0x90, 0x1, 0x47, 0x7d, 0x0,
    0x7f, 0xf1, 0x80,

    /* U+0072 "r" */
    0x0, 0xea, 0x86, 0xeb, 0x6, 0xcf, 0xb0, 0x5,
    0x8, 0x0, 0x80, 0x3f, 0xf9, 0x60,

    /* U+0073 "s" */
    0x3, 0xcf, 0xe8, 0x0, 0x6a, 0x7e, 0x78, 0x0,
    0x7c, 0x9, 0xc0, 0x15, 0x18, 0xa0, 0x12, 0xf5,
    0xdb, 0x44, 0x0, 0x2f, 0xc6, 0xe7, 0x66, 0x8,
    0x24, 0x79, 0xdf, 0x50, 0x80,

    /* U+0074 "t" */
    0x3, 0xf0, 0xc, 0xe0, 0x1a, 0x6c, 0x3f, 0xc7,
    0x32, 0xf, 0xf1, 0x80, 0x7f, 0xf1, 0xcc, 0x3,
    0x98, 0x14, 0x40, 0x6, 0xd5, 0xe8,

    /* U+0075 "u" */
    0xba, 0x0, 0xaa, 0xc0, 0x3f, 0xfa, 0x2, 0x20,
    0x8, 0x43, 0x51, 0x4e, 0x94, 0x1d, 0x6b, 0x72,
    0x40,

    /* U+0076 "v" */
    0xac, 0x0, 0xdc, 0xfc, 0x64, 0x0, 0x31, 0x64,
    0x15, 0x0, 0x52, 0x8, 0x35, 0x80, 0x1f, 0x80,
    0x14, 0x64, 0x82, 0xa0, 0x2, 0x35, 0xd5, 0x0,
    0xd5, 0x6f, 0xc0, 0x19, 0xcc, 0x10, 0x0,

    /* U+0077 "w" */
    0x7e, 0x0, 0xaf, 0x40, 0x2d, 0x85, 0x13, 0x0,
    0x29, 0x90, 0x9, 0x59, 0xa, 0x2, 0x2a, 0x90,
    0x10, 0x4c, 0x1f, 0x3, 0x73, 0x20, 0xc4, 0x0,
    0x62, 0x2, 0x24, 0xa0, 0x98, 0x0, 0x50, 0x53,
    0x38, 0x50, 0x90, 0x2, 0x39, 0x40, 0x2, 0x41,
    0x10, 0x2, 0xb3, 0xc0, 0x7, 0x9a, 0x0, 0x0,

    /* U+0078 "x" */
    0x3f, 0x30, 0x5, 0x58, 0x1b, 0x70, 0x1a, 0xc8,
    0x2, 0x4d, 0xfe, 0x8, 0x2, 0xb8, 0x17, 0x0,
    0xda, 0x20, 0x1c, 0x6f, 0x81, 0x20, 0x17, 0xb9,
    0x73, 0x20, 0x39, 0x40, 0x1b, 0x48, 0x0,

    /* U+0079 "y" */
    0x9d, 0x0, 0xdc, 0xf6, 0x46, 0x0, 0x31, 0x62,
    0x4a, 0x0, 0x52, 0x8, 0x73, 0x80, 0x1f, 0x80,
    0xa, 0xa, 0x80, 0xa0, 0x14, 0xf6, 0x38, 0x6,
    0x64, 0x6a, 0x0, 0xc2, 0xa6, 0x60, 0xe, 0x7a,
    0x0, 0xc3, 0x6, 0xe0, 0x12, 0x72, 0x60, 0x6,

    /* U+007A "z" */
    0xf, 0xfe, 0x80, 0xee, 0x9c, 0x64, 0x4, 0x44,
    0xf6, 0x20, 0x17, 0x2a, 0x80, 0x28, 0x3a, 0x0,
    0x8d, 0xe8, 0x3, 0x73, 0x28, 0x88, 0x1c, 0x9b,
    0xba, 0xb0,

    /* U+007B "{" */
    0x0, 0x4e, 0xb0, 0xb, 0x63, 0x1, 0x80, 0x80,
    0xc, 0x3, 0x8, 0x8, 0x0, 0xc0, 0x41, 0x72,
    0x0, 0xb, 0x72, 0x1, 0x20, 0x88, 0x3, 0x8,
    0x0, 0x40, 0x31, 0x80, 0x62, 0x2, 0x0, 0xa3,
    0x98,

    /* U+007C "|" */
    0x78, 0x0, 0xff, 0xe9, 0x0,

    /* U+007D "}" */
    0x5d, 0xa0, 0x2, 0xea, 0x90, 0x4, 0x22, 0x0,
    0x84, 0x40, 0x18, 0xc0, 0x21, 0x50, 0xa, 0x2d,
    0xc0, 0x17, 0x4e, 0x0, 0x24, 0x0, 0xfe, 0x30,
    0x8, 0x44, 0x0, 0x11, 0x10, 0x2e, 0xc0, 0x80,

    /* U+007E "~" */
    0xa, 0xfd, 0x60, 0x43, 0x1c, 0xfe, 0xdf, 0x80,

    /* U+00B0 "°" */
    0x6, 0xba, 0x23, 0xdb, 0x8e, 0x0, 0xe3, 0xdb,
    0x8e,

    /* U+00B7 "·" */
    0x0, 0xf4, 0xfc, 0x80, 0x18, 0x18, 0x0, 0xc0,
    0xc0,

    /* U+4E0A "上" */
    0x0, 0xf4, 0xc8, 0x3, 0xff, 0xfc, 0xdf, 0xfc,
    0x60, 0x1f, 0x8f, 0x77, 0x8c, 0x3, 0xf2, 0x91,
    0x70, 0x7, 0xff, 0xc8, 0xaa, 0xb9, 0x99, 0x55,
    0xe2, 0x3d, 0xde, 0x88, 0x6e, 0xf8, 0xc0,

    /* U+4E0B "下" */
    0x7, 0x7f, 0xfe, 0x9, 0x6, 0xef, 0x5c, 0x6e,
    0xf8, 0x42, 0xab, 0xa0, 0x6a, 0xbc, 0x60, 0x1f,
    0xfc, 0xa1, 0xb3, 0x0, 0xff, 0xe0, 0x9e, 0x59,
    0x0, 0x7f, 0x86, 0x38, 0x76, 0x0, 0x3f, 0xe1,
    0xab, 0x63, 0x0, 0xff, 0xe0, 0x27, 0x18, 0x7,
    0xff, 0xc4,

    /* U+4E0D "不" */
    0x5, 0x5f, 0xfe, 0x8, 0x2, 0x62, 0x3a, 0xa9,
    0x71, 0x14, 0x80, 0x33, 0x77, 0x8d, 0x3b, 0x76,
    0xc0, 0xf, 0xa0, 0xe4, 0x3, 0xfe, 0x67, 0x6,
    0x80, 0xf, 0xe7, 0x99, 0x3, 0x1e, 0x98, 0x7,
    0xaa, 0x2d, 0xc0, 0xee, 0xd8, 0xe0, 0x12, 0xf3,
    0xea, 0x0, 0x66, 0xc9, 0xa0, 0x1b, 0x6d, 0x20,
    0xf, 0x1f, 0x88, 0xdd, 0x0, 0x1f, 0xc3, 0x62,
    0x1, 0xff, 0xe1,

    /* U+4E2A "个" */
    0x0, 0xfa, 0xc, 0x3, 0xff, 0x80, 0xae, 0x80,
    0x1f, 0xf2, 0x53, 0xc2, 0x80, 0x7f, 0x35, 0xd4,
    0x5d, 0x30, 0x7, 0xd3, 0x2b, 0x55, 0x26, 0x45,
    0x8, 0x4, 0xbc, 0x98, 0x83, 0x42, 0x7e, 0xde,
    0xc0, 0x56, 0xda, 0x60, 0x1c, 0x39, 0x30, 0x65,
    0xd0, 0x1, 0xfc, 0xfc, 0x60, 0x1f, 0xff, 0xf0,
    0xf, 0xfe, 0x18,

    /* U+4E2D "中" */
    0x0, 0xe2, 0xf1, 0x0, 0xff, 0xe9, 0xc7, 0xfe,
    0xd0, 0xef, 0xfc, 0xe2, 0xbb, 0xb5, 0x86, 0x6e,
    0xc8, 0x0, 0x32, 0x29, 0x80, 0x8b, 0x8, 0x7,
    0xff, 0x41, 0xbf, 0xed, 0xe, 0xff, 0x94, 0x0,
    0x9b, 0xb5, 0x86, 0x6e, 0xc4, 0x13, 0x64, 0x53,
    0x1, 0x16, 0xd7, 0x0, 0xff, 0xed, 0x80,

    /* U+4E3B "主" */
    0x0, 0xf2, 0x80, 0x7f, 0xf0, 0x46, 0x70, 0x40,
    0x3f, 0xe1, 0xc7, 0xc1, 0x0, 0xf2, 0x4c, 0xf1,
    0x12, 0x26, 0x64, 0x0, 0x38, 0x8e, 0x6, 0x60,
    0x8e, 0x70, 0x1, 0xc4, 0x70, 0x44, 0x71, 0x80,
    0x7f, 0xf1, 0x84, 0x8a, 0x50, 0x22, 0xc2, 0x1,
    0xab, 0x76, 0xb0, 0xcd, 0xdc, 0x1, 0xaf, 0xfe,
    0xe0, 0xef, 0xfb, 0x0, 0x3f, 0xfa, 0x83, 0x33,
    0xd4, 0x17, 0x33, 0xc4, 0x2, 0x3c, 0x6e, 0x42,
    0x3c, 0x60,

    /* U+5065 "健" */
    0x0, 0xd, 0x80, 0x70, 0xf0, 0x7, 0x90, 0x15,
    0xa4, 0x8a, 0x12, 0x20, 0x6, 0xed, 0xfd, 0x67,
    0x8f, 0x9, 0xd0, 0x8, 0x51, 0xeb, 0xcd, 0x23,
    0xc2, 0x40, 0x80, 0x12, 0x1, 0x44, 0x1b, 0xb8,
    0x1c, 0x1c, 0x22, 0x70, 0x2, 0x82, 0x3e, 0xf0,
    0x70, 0xe0, 0xb3, 0x4, 0xa8, 0xfd, 0x6f, 0xc2,
    0x54, 0x0, 0xd0, 0x5, 0xde, 0x43, 0x5c, 0x37,
    0x60, 0x0, 0x88, 0xd, 0x0, 0x83, 0x74, 0x3b,
    0xa8, 0x0, 0xc7, 0x8, 0x49, 0xbc, 0x3b, 0xa8,
    0x0, 0xea, 0xba, 0x8e, 0xe0, 0xf7, 0x42, 0x1,
    0x94, 0x1, 0x1d, 0xc1, 0xee, 0x84, 0x3, 0x4b,
    0xdd, 0x94, 0xd0, 0x3, 0xe9, 0x38, 0xce, 0xff,
    0x27, 0xfc, 0x20, 0xe, 0x88, 0x0, 0x16, 0xb7,
    0xbf, 0xe1,

    /* U+50A8 "储" */
    0x0, 0xb0, 0x40, 0x33, 0xc0, 0x0, 0xc0, 0x23,
    0x14, 0x80, 0xf, 0x16, 0x80, 0x57, 0x4a, 0xb3,
    0xf4, 0x3f, 0x64, 0x80, 0x4e, 0x81, 0xe4, 0xfc,
    0xed, 0x60, 0xe0, 0x6, 0x2, 0x2, 0x72, 0x29,
    0x6a, 0x8, 0x42, 0x1, 0x3f, 0xc5, 0x9a, 0xa6,
    0x13, 0xae, 0xe5, 0x14, 0xd1, 0xe, 0xf5, 0x4f,
    0xf9, 0x96, 0x40, 0x4, 0x60, 0x3a, 0xb0, 0x66,
    0x10, 0x22, 0x0, 0x66, 0xf2, 0x18, 0x87, 0x48,
    0x7, 0xcd, 0x50, 0xd7, 0x6a, 0x0, 0xfe, 0x40,
    0x7d, 0xd4, 0x0, 0x7c, 0x53, 0x40, 0xfb, 0xa8,
    0x0, 0xf1, 0x0, 0xd0, 0x3e, 0x62, 0x0, 0x3c,
    0x57, 0x40, 0x5, 0xee, 0x28, 0x6, 0xe1, 0x4,
    0x0, 0x3d, 0x11, 0x2a, 0x0,

    /* U+5185 "内" */
    0x0, 0xf7, 0x18, 0x7, 0xff, 0x30, 0x5c, 0x3,
    0x93, 0xff, 0x82, 0xff, 0xf4, 0x81, 0x77, 0x60,
    0xce, 0xe9, 0x80, 0x21, 0x18, 0xc0, 0xc4, 0x70,
    0x7, 0xa8, 0x20, 0x3, 0xfc, 0xd2, 0xb2, 0x1,
    0xfa, 0x95, 0xb1, 0x24, 0x3, 0x86, 0xda, 0xc0,
    0x71, 0x24, 0x3, 0x38, 0xe0, 0x4, 0x3e, 0x20,
    0x19, 0xa8, 0x3, 0x8a, 0x0, 0x3f, 0xe2, 0x20,
    0x80, 0x7f, 0xb3, 0x53, 0x40,

    /* U+5206 "分" */
    0x0, 0xc2, 0xa0, 0x11, 0x90, 0x7, 0xe8, 0x90,
    0xa, 0xa0, 0x3, 0xe1, 0x68, 0x0, 0xa1, 0x50,
    0x3, 0xd4, 0x88, 0x0, 0x86, 0x68, 0x40, 0x34,
    0x2d, 0x0, 0x73, 0x26, 0x0, 0x50, 0xf6, 0x64,
    0x5e, 0x90, 0xc1, 0x12, 0x4d, 0x6e, 0xfd, 0x92,
    0xc0, 0x38, 0xdf, 0xe9, 0x3f, 0xfc, 0xd, 0x42,
    0x1, 0xde, 0xc0, 0x10, 0x81, 0x80, 0x7c, 0xfe,
    0x1, 0x18, 0x8, 0x7, 0x98, 0x14, 0x2, 0x11,
    0x0, 0x78, 0xe6, 0x0, 0x33, 0x18, 0x7, 0x3e,
    0x3b, 0x0, 0x8d, 0xee, 0x1, 0xae, 0xae, 0x0,
    0xf, 0xdc, 0x49, 0x0, 0xd7, 0xa8, 0x1, 0x37,
    0xfb, 0x8c, 0x2,

    /* U+5217 "列" */
    0x0, 0xff, 0xe0, 0x1f, 0xf, 0xff, 0xd2, 0x1,
    0xc3, 0xdc, 0x28, 0xee, 0xa4, 0xb8, 0x3, 0x8,
    0x89, 0x84, 0x60, 0x10, 0xf, 0x28, 0x44, 0xca,
    0xc0, 0x3f, 0x49, 0xf7, 0x1, 0x0, 0x3e, 0x33,
    0x63, 0xbb, 0xd0, 0x3, 0xee, 0x84, 0x0, 0x6e,
    0x80, 0x3e, 0xa6, 0x9a, 0x24, 0x70, 0xf, 0x9c,
    0x70, 0x75, 0x84, 0x3, 0xf8, 0x78, 0x20, 0x0,
    0x50, 0x1, 0xe3, 0xaa, 0x8, 0x0, 0x58, 0x3,
    0x9f, 0x25, 0x40, 0x3c, 0xe0, 0x8, 0xbc, 0x60,
    0xe, 0x1f, 0xb7, 0x8, 0xc3, 0x0, 0xf0, 0xff,
    0xa4,

    /* U+52A8 "动" */
    0x0, 0xfe, 0x1f, 0x0, 0xe1, 0x22, 0xe0, 0xf,
    0xe6, 0xff, 0xe3, 0x3, 0x0, 0xf3, 0xee, 0xf1,
    0x8b, 0x0, 0x88, 0x80, 0x3f, 0x1e, 0x58, 0x66,
    0x35, 0x7, 0xff, 0xc9, 0xb6, 0x5b, 0xa2, 0x71,
    0xec, 0xd, 0xee, 0x38, 0x8, 0x80, 0x6, 0x0,
    0x15, 0x32, 0x52, 0x0, 0x6a, 0x80, 0x4, 0x40,
    0xc, 0xa0, 0x18, 0x0, 0x17, 0x0, 0x46, 0x0,
    0x57, 0x5, 0x41, 0x4, 0x30, 0x8, 0x41, 0xc9,
    0xe7, 0x41, 0xd0, 0x50, 0x8, 0x2, 0x82, 0xde,
    0xe4, 0xff, 0x30, 0x0, 0x44, 0x0, 0xdf, 0xb7,
    0x36, 0xd5, 0xb1, 0x15, 0xa8, 0x0, 0x80, 0x3b,
    0xe0, 0xbf, 0x9b, 0xc0, 0x3f, 0x5b, 0x87, 0x7f,
    0x20, 0x0,

    /* U+52BF "势" */
    0x0, 0xb8, 0x80, 0x24, 0xc0, 0xf, 0xc2, 0x1,
    0x88, 0x0, 0x20, 0x11, 0x7f, 0x83, 0x7e, 0xfa,
    0x4f, 0xb8, 0xa0, 0x2, 0xff, 0xe, 0xfd, 0x73,
    0xc7, 0x20, 0x4, 0x2a, 0xe3, 0xbf, 0x3c, 0xe8,
    0x1, 0xc5, 0xde, 0x15, 0xf0, 0xc1, 0x2, 0x20,
    0x30, 0x3b, 0x81, 0x40, 0x56, 0xc3, 0xdd, 0x7f,
    0x8, 0x37, 0x28, 0x84, 0xe9, 0xc6, 0x33, 0x10,
    0x41, 0xbe, 0x84, 0x46, 0xe2, 0x30, 0x64, 0x80,
    0x27, 0xbb, 0x5, 0xf7, 0x6a, 0x0, 0xa7, 0xfe,
    0x55, 0x7f, 0xe5, 0x20, 0xf, 0x3a, 0xc0, 0x6,
    0x6e, 0x0, 0xcb, 0x93, 0x84, 0x1, 0x9, 0xa0,
    0x0, 0xbe, 0x2f, 0x8c, 0x1, 0xbf, 0xcc, 0x40,
    0x2, 0xed, 0x70, 0xd, 0xbf, 0xe9, 0x0, 0x80,

    /* U+5371 "危" */
    0x0, 0xff, 0xe3, 0xb6, 0x80, 0x7f, 0xf0, 0x6,
    0x4b, 0xff, 0x10, 0x7, 0xd4, 0x9f, 0xf4, 0x91,
    0x0, 0x3d, 0xb, 0x40, 0x14, 0x40, 0x3, 0xd0,
    0xe3, 0xdf, 0xf0, 0xd7, 0xfe, 0x12, 0x36, 0x5f,
    0xff, 0xf0, 0x95, 0xf1, 0x83, 0xfe, 0x66, 0xf1,
    0x0, 0xde, 0x0, 0xe4, 0xff, 0xa0, 0x4, 0x3,
    0x8, 0x80, 0x6, 0x79, 0x80, 0x3c, 0x5c, 0x1,
    0xe7, 0x20, 0xe, 0x55, 0x0, 0x65, 0xfb, 0xb0,
    0x6, 0x40, 0x30, 0xc, 0xbf, 0xcc, 0x16, 0x81,
    0x12, 0x0, 0x12, 0x0, 0xe2, 0x46, 0x41, 0x70,
    0x5, 0xbf, 0xff, 0x6b, 0x12, 0x68, 0x4, 0x7b,
    0xff, 0xe9, 0x0,

    /* U+53D1 "发" */
    0x0, 0xf1, 0x38, 0x0, 0x40, 0x3e, 0xd6, 0x4,
    0x90, 0x4, 0x58, 0x7, 0x11, 0x1c, 0x39, 0x40,
    0x12, 0x12, 0x1, 0xa5, 0xc, 0x98, 0x48, 0xa8,
    0xd2, 0x0, 0xa, 0x23, 0x74, 0x2b, 0xbb, 0x65,
    0xe0, 0x0, 0x7b, 0xfd, 0x41, 0xff, 0xee, 0x0,
    0x84, 0x1, 0x22, 0x89, 0x94, 0x40, 0x3c, 0x46,
    0x31, 0x1a, 0x98, 0x3, 0xd2, 0x7, 0x99, 0x78,
    0x30, 0x7, 0x32, 0x6b, 0xb8, 0x1, 0xd0, 0x20,
    0x19, 0x26, 0x45, 0x52, 0xf6, 0xce, 0x1, 0x9e,
    0xe1, 0x80, 0x62, 0x9, 0x40, 0x18, 0xe2, 0x9c,
    0xa, 0x64, 0xa9, 0xee, 0x20, 0x3, 0xf5, 0x2d,
    0xd0, 0x6d, 0x5d, 0x67, 0x61, 0x0, 0x45, 0x3f,
    0x24, 0x0, 0x4b, 0xe9, 0x20,

    /* U+53EF "可" */
    0x15, 0x5f, 0xfe, 0x8, 0x1c, 0xcf, 0xfa, 0xa9,
    0x24, 0x4c, 0xcf, 0xf1, 0x56, 0x10, 0x4, 0x64,
    0x58, 0x40, 0x3f, 0x3e, 0x6e, 0xef, 0x0, 0xfe,
    0x5f, 0xfb, 0x0, 0x3f, 0xfb, 0x8b, 0xdd, 0x68,
    0x7, 0xf8, 0xb7, 0x76, 0x0, 0x7e, 0x59, 0x33,
    0xc4, 0x1, 0xf8, 0x90, 0x3, 0x9, 0x10, 0xc0,
    0x3f, 0xe4, 0xdd, 0x12, 0x0, 0x7f, 0x97, 0xfd,
    0x82, 0x0,

    /* U+540C "同" */
    0xef, 0xff, 0xf9, 0x82, 0xfb, 0xbf, 0x8c, 0x0,
    0xe2, 0x3f, 0xce, 0x1, 0x47, 0xff, 0xc2, 0x1,
    0xa3, 0xff, 0xe1, 0x0, 0xe6, 0xfd, 0xdc, 0x80,
    0x1e, 0xe6, 0xcc, 0x98, 0x3, 0xf7, 0x8, 0xc0,
    0x1f, 0xfc, 0xa8, 0xee, 0x90, 0x3, 0xf3, 0xf7,
    0x5e, 0x80, 0x1e, 0x98, 0x0, 0xc2, 0x27, 0x0,
    0xc2, 0x1, 0xdb, 0xc2, 0x80,

    /* U+5410 "吐" */
    0x0, 0xfe, 0xe3, 0x0, 0xe3, 0x22, 0x8, 0x7,
    0xfd, 0x9b, 0xae, 0x0, 0xff, 0xe0, 0x7f, 0x0,
    0x7f, 0xf4, 0xcf, 0xfe, 0x1c, 0xff, 0x58, 0x7,
    0x8f, 0x76, 0x9, 0xdd, 0x50, 0x7, 0xc4, 0x50,
    0xa9, 0x10, 0x40, 0x3f, 0xf8, 0xd9, 0x80, 0xf,
    0xfe, 0xc, 0x4d, 0x80, 0x7f, 0xd0, 0x89, 0x0,
    0x7f, 0xce, 0x0, 0x29, 0x9c, 0x3d, 0x33, 0x10,
    0x7, 0x8, 0xe7, 0x51, 0x18, 0x0,

    /* U+541E "吞" */
    0x5, 0xff, 0xff, 0x98, 0x0, 0xbf, 0xf9, 0x17,
    0xff, 0x98, 0x3, 0xc2, 0x92, 0x1, 0xf8, 0x8b,
    0x58, 0x88, 0x8b, 0xc0, 0x79, 0x96, 0xa8, 0xe6,
    0xeb, 0x33, 0x19, 0xbb, 0xa3, 0x6f, 0xef, 0x28,
    0xee, 0x8c, 0x0, 0x38, 0x12, 0x1, 0x7d, 0xc8,
    0x6, 0x4c, 0x33, 0x7f, 0xed, 0x26, 0xe8, 0x13,
    0xaa, 0xd, 0x77, 0x75, 0x85, 0xa1, 0x1f, 0x38,
    0x8, 0xf9, 0xc1, 0x70, 0xc0, 0x3f, 0xf8, 0xc3,
    0x79, 0x9e, 0x0, 0xfc, 0xf1, 0x1c, 0xe0, 0x1f,
    0x7c, 0x22, 0x74, 0x78, 0x4,

    /* U+544A "告" */
    0x0, 0x99, 0x80, 0xe, 0x40, 0xf, 0xd0, 0x1,
    0xff, 0xc0, 0x51, 0x23, 0x30, 0x99, 0xe2, 0x0,
    0xa0, 0x27, 0xb8, 0x11, 0xdd, 0x40, 0x2, 0x3,
    0xf7, 0x61, 0xbd, 0xda, 0x80, 0x1d, 0xc0, 0xf,
    0xf9, 0x27, 0x3f, 0xf0, 0xdf, 0xff, 0x27, 0xff,
    0xff, 0x4, 0x2, 0x44, 0xfe, 0x10, 0x8, 0xee,
    0x23, 0xeb, 0x70, 0xc, 0x39, 0x9f, 0x18, 0x7,
    0xff, 0x1c, 0x73, 0x3e, 0x30, 0xf, 0x44, 0x7c,
    0x1, 0xc7, 0xe8, 0x9f, 0x7b, 0x0,

    /* U+5668 "器" */
    0x1, 0xff, 0xd2, 0x17, 0xff, 0x88, 0x3, 0x7f,
    0x9c, 0x2, 0xaf, 0xf0, 0x7, 0xff, 0x27, 0xb8,
    0xe0, 0x15, 0x77, 0x0, 0x30, 0xff, 0x73, 0xd5,
    0xad, 0xd3, 0x3c, 0x80, 0x2, 0x39, 0xc9, 0xc6,
    0x4b, 0xc4, 0x40, 0x7f, 0xf7, 0x40, 0xff, 0x71,
    0xcb, 0xfc, 0x66, 0xee, 0x40, 0xdf, 0xf7, 0xa9,
    0xef, 0x70, 0xc0, 0xfe, 0x61, 0xc4, 0xa, 0x57,
    0x74, 0x80, 0x78, 0x7, 0x5b, 0x1, 0x1c, 0xa4,
    0x4b, 0x33, 0x70, 0x66, 0x18, 0x2, 0x8c, 0xd0,
    0xd3, 0x0, 0xff, 0xe3, 0x7f, 0x9c, 0xc1, 0xeb,
    0xfc, 0x1, 0x87, 0xbf, 0xea, 0xc, 0xff, 0xc4,
    0x0,

    /* U+5728 "在" */
    0x0, 0xe1, 0x40, 0xf, 0xfe, 0xb, 0x40, 0x7,
    0xf1, 0x16, 0x85, 0x22, 0xf8, 0x1, 0xbb, 0x81,
    0xb7, 0x7e, 0x10, 0xff, 0x8d, 0xbf, 0xec, 0xff,
    0xc2, 0x1, 0x29, 0xc0, 0x5, 0x82, 0x1, 0xe2,
    0xa9, 0x10, 0xf, 0xf0, 0xe0, 0x30, 0xa2, 0x14,
    0x1d, 0x10, 0x40, 0x58, 0x60, 0x5, 0x88, 0x48,
    0x5c, 0x41, 0x0, 0xf, 0xe0, 0x4, 0xcc, 0x83,
    0x32, 0x60, 0x2a, 0x30, 0xf, 0xff, 0x1f, 0xfe,
    0xe, 0xff, 0x84,

    /* U+5931 "失" */
    0x0, 0x99, 0x40, 0xbc, 0x3, 0xfd, 0x66, 0x1,
    0xff, 0xc0, 0x32, 0x70, 0xf, 0xfe, 0x4, 0x87,
    0x7e, 0x87, 0xfe, 0xe0, 0x8, 0x96, 0xb7, 0x54,
    0x1b, 0xbb, 0x0, 0x2e, 0x65, 0x22, 0x30, 0x11,
    0x70, 0x5, 0xd2, 0x1, 0x38, 0x80, 0x7c, 0x5b,
    0xff, 0xac, 0x7f, 0xfc, 0x65, 0xbb, 0xc2, 0x3,
    0xbb, 0xc6, 0x4, 0x59, 0x87, 0x4, 0x44, 0x58,
    0x3, 0x8a, 0x9c, 0xe3, 0x44, 0x3, 0xe4, 0xc5,
    0x80, 0x74, 0xf4, 0x0, 0xc7, 0x56, 0xd6, 0x1,
    0x53, 0x5d, 0x20, 0xe, 0x86, 0xc0, 0x7, 0x46,
    0x85, 0x98, 0xf5, 0x10, 0x7, 0xc5, 0x5e, 0x60,

    /* U+5B58 "存" */
    0x0, 0xe4, 0x80, 0xf, 0xfe, 0xf, 0x8, 0x7,
    0xf6, 0xed, 0xca, 0xdb, 0xbf, 0x8, 0x77, 0x4a,
    0x19, 0xdd, 0xf0, 0x81, 0x9c, 0x96, 0x67, 0xf8,
    0x3, 0x4a, 0x22, 0xbf, 0xfc, 0x40, 0x13, 0xb4,
    0x85, 0x77, 0x56, 0x10, 0x40, 0x4, 0x80, 0x20,
    0x0, 0x8a, 0x2e, 0xce, 0x0, 0x4b, 0x50, 0xf,
    0x34, 0xa0, 0x4, 0xb5, 0x20, 0xf, 0xfc, 0x13,
    0xff, 0x28, 0xa8, 0x5, 0xfd, 0xd0, 0xcf, 0x74,
    0xa0, 0x1e, 0x11, 0x8c, 0xc2, 0x30, 0x7, 0xff,
    0x28, 0x7f, 0xc0, 0xe0, 0x1e, 0x3f, 0x0, 0xf,
    0xfb, 0x48, 0x3, 0x0,

    /* U+5BB9 "容" */
    0x0, 0xf2, 0x20, 0x3, 0xf0, 0x8f, 0x1d, 0x88,
    0xf8, 0x1, 0xfd, 0xda, 0x3, 0xbb, 0xb0, 0x2,
    0xdf, 0xde, 0xff, 0xb7, 0xfd, 0x40, 0x13, 0x99,
    0xb1, 0x40, 0x3, 0xf4, 0x2c, 0xa0, 0x9, 0x6d,
    0xa4, 0x5f, 0x1d, 0xd7, 0xb4, 0x0, 0x22, 0xb5,
    0xe, 0x82, 0xc1, 0xf6, 0x10, 0x1, 0x1a, 0x6d,
    0xb5, 0xe3, 0xa6, 0x6d, 0x40, 0x8, 0xae, 0xda,
    0xa1, 0x51, 0xb4, 0x40, 0x2, 0xad, 0x42, 0xcf,
    0xfa, 0x85, 0x77, 0x8, 0x1, 0x81, 0xdd, 0xe6,
    0x7e, 0xb2, 0x25, 0x10, 0x8, 0xf8, 0x0, 0x2e,
    0x1, 0xc2, 0x3e, 0x30, 0xf, 0xdf, 0xfe, 0x50,
    0xf, 0xf, 0x77, 0xdf, 0x0, 0x10,

    /* U+5DF2 "已" */
    0x6f, 0xff, 0xf4, 0x80, 0x1b, 0x77, 0xf9, 0x40,
    0x3c, 0x45, 0xf1, 0x80, 0x68, 0xa0, 0xf, 0xfe,
    0x7b, 0xee, 0xfc, 0xc0, 0x1c, 0x53, 0x3f, 0x10,
    0x7, 0x2a, 0x27, 0xdb, 0x20, 0x1f, 0xfc, 0x21,
    0x0, 0xff, 0xe0, 0xeb, 0x1, 0x80, 0x7f, 0x88,
    0x80, 0x28, 0x62, 0x3e, 0x28, 0x14, 0x9, 0x7d,
    0xee, 0xf6, 0xad, 0x0,

    /* U+5E27 "帧" */
    0x0, 0xff, 0xe2, 0x70, 0x80, 0x63, 0xe0, 0xf,
    0xfe, 0x8, 0x8c, 0x1, 0xff, 0xc0, 0xee, 0x82,
    0x28, 0x6b, 0x84, 0x2, 0x1f, 0xf7, 0x3, 0x70,
    0x70, 0x16, 0x76, 0xf, 0x70, 0x80, 0x8, 0x28,
    0xa0, 0x59, 0xdc, 0xf3, 0x10, 0xf, 0xc6, 0x18,
    0x20, 0x1f, 0xfc, 0x2, 0x0, 0xff, 0xe5, 0x88,
    0x0, 0xc4, 0x3, 0xe6, 0x53, 0x0, 0x22, 0x80,
    0x6f, 0x0, 0x37, 0xe, 0x14, 0x7b, 0x61, 0x80,
    0x80, 0x61, 0x5d, 0xa5, 0xfc, 0x30, 0xf, 0x6f,
    0x7a, 0xc, 0xca, 0x0, 0x2e, 0x10, 0xc9, 0x10,
    0x9, 0x2c, 0x0,

    /* U+5E38 "常" */
    0x7, 0x50, 0x1, 0xf8, 0x5, 0x46, 0x0, 0x2b,
    0x10, 0xe, 0x96, 0x30, 0x53, 0x33, 0x32, 0x81,
    0x98, 0x96, 0xcb, 0x78, 0x9d, 0xe0, 0xdf, 0xe4,
    0xed, 0x80, 0x89, 0x9f, 0xef, 0x2, 0xd, 0xed,
    0xde, 0xf3, 0x77, 0x61, 0x5, 0x6e, 0xf0, 0x81,
    0xd0, 0x0, 0x67, 0x7b, 0xf7, 0x42, 0x1, 0xd9,
    0xba, 0xf0, 0xdd, 0x79, 0x80, 0x5d, 0xff, 0x70,
    0x7f, 0xf0, 0x0, 0x7b, 0xad, 0xe, 0xe9, 0xc4,
    0x2, 0x11, 0x8c, 0x4, 0x6f, 0x0, 0xff, 0x11,
    0xf0, 0x4, 0x80, 0x1e, 0x4f, 0x28, 0x0,

    /* U+5E74 "年" */
    0x0, 0xca, 0x1, 0xff, 0xc1, 0x5b, 0x0, 0xff,
    0xe0, 0xd0, 0xcc, 0xfe, 0x60, 0x9, 0xc1, 0xc4,
    0x44, 0xc2, 0x38, 0xc0, 0x7, 0x17, 0x11, 0x86,
    0x23, 0x28, 0xe, 0xc3, 0x11, 0x4a, 0x24, 0x58,
    0x0, 0x34, 0xf9, 0x9a, 0x43, 0x33, 0x28, 0x1,
    0x0, 0x1b, 0xdc, 0xc1, 0xee, 0xca, 0x1, 0xff,
    0xc4, 0x38, 0x80, 0xfc, 0x43, 0xc6, 0x23, 0x8c,
    0x2, 0x74, 0x0, 0xff, 0x1c, 0x47, 0xbc, 0x62,
    0x38, 0xc0, 0x3f, 0xfa, 0x40,

    /* U+5EA6 "度" */
    0x0, 0xf9, 0x54, 0x1, 0xf8, 0x84, 0x71, 0x51,
    0x8, 0xe0, 0x0, 0xef, 0x76, 0x80, 0xde, 0xec,
    0x60, 0x17, 0xfb, 0xa7, 0xfe, 0xea, 0xff, 0x18,
    0x4, 0x24, 0xb2, 0x45, 0x3d, 0x11, 0x0, 0x33,
    0x75, 0x87, 0x75, 0x21, 0xdc, 0x30, 0x30, 0x7c,
    0xd1, 0xcc, 0xac, 0xb3, 0x6, 0x1, 0xe1, 0xbb,
    0xa0, 0x3, 0x84, 0x40, 0x2, 0xd9, 0x9b, 0xb0,
    0x3, 0x39, 0x37, 0x7e, 0xe6, 0x6e, 0xf0, 0x8,
    0xd9, 0x9c, 0xcb, 0xdd, 0x61, 0x48, 0x5, 0xba,
    0x0, 0x49, 0xea, 0xc6, 0x43, 0x0, 0x4a, 0x80,
    0x27, 0xc5, 0x4e, 0xe6, 0x0, 0x90, 0x8f, 0x7f,
    0xeb, 0xfd, 0x1f, 0xf7, 0x1a, 0x68, 0x6f, 0x64,
    0x20, 0x14, 0x67, 0xe1, 0x80,

    /* U+5EB7 "康" */
    0x0, 0xfa, 0x10, 0x3, 0xe1, 0x64, 0x4c, 0x76,
    0x89, 0xc2, 0x5, 0x3f, 0xf9, 0x83, 0xff, 0x8c,
    0x0, 0x57, 0x7b, 0x82, 0xef, 0x88, 0x3, 0x6e,
    0xd8, 0x1b, 0xb7, 0x0, 0x7b, 0x76, 0xc0, 0xdd,
    0x78, 0x88, 0x3, 0x56, 0xed, 0x81, 0xbb, 0x7,
    0x28, 0x38, 0xd6, 0xed, 0x81, 0xbb, 0xf, 0xa8,
    0xb, 0x96, 0xed, 0x81, 0xba, 0xf5, 0x0, 0x8c,
    0x4c, 0x67, 0x70, 0x27, 0x7d, 0xcc, 0x1, 0xe4,
    0x3d, 0x9, 0x21, 0x39, 0xd0, 0x60, 0x5, 0xc0,
    0x77, 0x41, 0x86, 0xa, 0xb0, 0x0, 0x8d, 0x77,
    0x23, 0x28, 0x45, 0xbf, 0xda, 0x4c, 0xe3, 0xb2,
    0xbd, 0xa8, 0x0, 0x6c, 0xf2, 0x48, 0x0, 0x9b,
    0xb9, 0x40, 0x18, 0x80,

    /* U+5EF6 "延" */
    0x0, 0xff, 0xa, 0xd3, 0x82, 0x7f, 0xe0, 0x36,
    0xae, 0xeb, 0x50, 0x13, 0xfc, 0xcc, 0x6, 0xe,
    0xb2, 0xb7, 0x30, 0x8, 0x9e, 0x1, 0x59, 0x4,
    0x3, 0xe9, 0x90, 0x80, 0xa8, 0x7, 0xe7, 0x56,
    0x20, 0x59, 0x0, 0x14, 0x44, 0x0, 0xa1, 0xfd,
    0x70, 0xe, 0x11, 0x80, 0x1b, 0xfc, 0x26, 0x1,
    0x8a, 0x66, 0x0, 0x52, 0x8, 0x94, 0x3, 0xfd,
    0x9c, 0xe6, 0x20, 0x1f, 0xe6, 0x79, 0xa0, 0x1,
    0xed, 0x96, 0xec, 0x60, 0x7, 0x0, 0x93, 0x7f,
    0x75, 0xff, 0x18, 0x1a, 0xbc, 0x63, 0x88, 0x19,
    0xf0, 0x1e, 0x44, 0x3a, 0x77, 0xb3, 0xbb, 0x8c,
    0xd8, 0xe0, 0x5, 0xad, 0xef, 0xfe, 0x30,

    /* U+5F85 "待" */
    0x0, 0x9e, 0x0, 0x37, 0x18, 0x7, 0x92, 0x28,
    0x3, 0xfe, 0x5b, 0xb1, 0x1f, 0x74, 0x39, 0xdc,
    0x80, 0x1b, 0xa4, 0x33, 0x66, 0x41, 0x59, 0x89,
    0x1, 0xf5, 0x89, 0x2, 0x28, 0x58, 0x88, 0x20,
    0x1, 0x47, 0x9c, 0xcc, 0x39, 0x98, 0xc0, 0xac,
    0xe, 0x67, 0x55, 0xe, 0xe4, 0x89, 0x8a, 0x0,
    0x55, 0xf0, 0x22, 0x89, 0xb4, 0x0, 0x3f, 0xfc,
    0x19, 0xe6, 0x30, 0x1, 0x7e, 0x63, 0xfe, 0xc,
    0xf3, 0x0, 0xf3, 0x68, 0x80, 0x4, 0x3, 0xf9,
    0x5e, 0x80, 0x3f, 0xf8, 0x31, 0x0, 0x0, 0x88,
    0x3, 0xf8, 0x4f, 0xbc, 0xc8, 0x3, 0x17, 0x80,
    0x77, 0x7e, 0x0, 0x40,

    /* U+6001 "态" */
    0x0, 0xf0, 0xf8, 0x80, 0x7f, 0xf0, 0x8, 0x4,
    0x3, 0xe4, 0x4e, 0x80, 0x44, 0xf0, 0xc, 0x47,
    0x20, 0x5c, 0x47, 0x10, 0xe6, 0x6e, 0xb, 0xe,
    0xcc, 0xc4, 0x1, 0xdc, 0xc9, 0x1e, 0x20, 0x1f,
    0xd, 0x8f, 0x8b, 0xbb, 0xc, 0x3, 0x14, 0x70,
    0xe7, 0x7a, 0x52, 0x65, 0x20, 0xe, 0x1d, 0xd0,
    0xcd, 0xf0, 0x4e, 0x4, 0x88, 0xbb, 0xd1, 0x85,
    0xa6, 0xc0, 0xd, 0xda, 0x20, 0xb, 0x29, 0x37,
    0x4c, 0x0, 0xd, 0x0, 0x4a, 0x44, 0x0, 0xa1,
    0x48, 0xc4, 0x98, 0x1, 0x34, 0x2, 0xc0, 0x8,
    0x2a, 0xc9, 0xb0, 0x2, 0x38, 0x3d, 0xff, 0xe7,
    0xa5, 0xa0,

    /* U+603B "总" */
    0x0, 0xd2, 0x20, 0x1a, 0x48, 0x3, 0xf5, 0x0,
    0x4c, 0xe4, 0x1, 0xf4, 0x29, 0x80, 0x22, 0x80,
    0x3c, 0x59, 0xa1, 0xf9, 0xe3, 0x18, 0x60, 0x18,
    0x4e, 0x2a, 0x21, 0x76, 0x83, 0x70, 0xf, 0x22,
    0x7c, 0x1, 0xff, 0xcb, 0xff, 0xf8, 0x3, 0xc7,
    0xbb, 0x44, 0x37, 0x72, 0x0, 0x65, 0x2a, 0x65,
    0x9a, 0x22, 0x33, 0x0, 0x23, 0xb0, 0x42, 0x27,
    0xab, 0x2, 0xc1, 0x80, 0x29, 0xc0, 0x30, 0xe3,
    0x11, 0x23, 0x80, 0x9a, 0xc0, 0x2, 0x0, 0x10,
    0xa9, 0x61, 0x22, 0x69, 0x5, 0x4f, 0xfe, 0x6e,
    0xc, 0x20,

    /* U+610F "意" */
    0x0, 0xf1, 0x68, 0x80, 0x78, 0xae, 0xf4, 0x97,
    0x5d, 0xe2, 0x2, 0x88, 0x3e, 0xc6, 0x63, 0x5a,
    0x20, 0x40, 0x3, 0x32, 0x79, 0x9d, 0xe8, 0x66,
    0x0, 0x6f, 0x71, 0xdb, 0xba, 0x66, 0x77, 0x41,
    0xbd, 0x13, 0x28, 0x8a, 0x65, 0x1f, 0xc0, 0x2,
    0x93, 0x3f, 0xa1, 0x40, 0x3a, 0x67, 0xe1, 0x0,
    0xe1, 0xcc, 0xf8, 0x80, 0x38, 0x73, 0x1b, 0x99,
    0x88, 0x3, 0xbb, 0xa5, 0x7e, 0xcc, 0x5b, 0x0,
    0x5c, 0xf5, 0x71, 0xde, 0x6, 0x3e, 0x20, 0xe0,
    0xc0, 0x12, 0xe9, 0xf2, 0xaa, 0xc3, 0xf4, 0x31,
    0xff, 0xec, 0xa0, 0x8e,

    /* U+6301 "持" */
    0x0, 0xff, 0xe2, 0x9e, 0x80, 0x71, 0x70, 0x7,
    0xff, 0x35, 0x7f, 0xda, 0x3f, 0xf0, 0x8b, 0x30,
    0x58, 0xaa, 0xdd, 0x50, 0x6e, 0xc2, 0x28, 0x80,
    0x42, 0x1, 0x11, 0xc4, 0x8a, 0x0, 0x22, 0x9,
    0x3, 0x77, 0xe, 0xec, 0xa0, 0x1c, 0x31, 0x15,
    0x54, 0x50, 0xe0, 0x5, 0x2c, 0x65, 0x5e, 0x41,
    0x52, 0x3e, 0x90, 0x91, 0xff, 0xec, 0x1f, 0x52,
    0xac, 0x25, 0x7f, 0xbd, 0xff, 0x60, 0xfa, 0x8a,
    0x0, 0x71, 0x78, 0x7, 0xff, 0x5, 0x98, 0xe0,
    0x1f, 0x38, 0x7, 0x4a, 0x83, 0x80, 0x6b, 0xb5,
    0x0, 0x62, 0xf, 0xb7, 0x0, 0xaf, 0xdc, 0x3,
    0x8b, 0xfd, 0x20, 0x0,

    /* U+636E "据" */
    0x0, 0x26, 0x0, 0x7f, 0xf1, 0x7f, 0xff, 0x8,
    0x7, 0xdd, 0xff, 0xc0, 0x1, 0x9a, 0x39, 0x40,
    0xf, 0xf7, 0x10, 0x70, 0x3, 0xbf, 0xf8, 0x4,
    0x4f, 0x6, 0xe8, 0x1f, 0xf0, 0xef, 0xf8, 0x3,
    0xf1, 0x9c, 0x2e, 0x66, 0x10, 0x0, 0x9c, 0xb0,
    0x7f, 0xc1, 0x5f, 0xe7, 0x2b, 0xa0, 0xe2, 0x1c,
    0xc8, 0x77, 0x30, 0xc5, 0xd4, 0x6e, 0x4, 0xd3,
    0x21, 0x99, 0x84, 0x14, 0x40, 0x6, 0xba, 0x1f,
    0x3b, 0xec, 0x60, 0x1d, 0xbe, 0x1a, 0xcd, 0x84,
    0x0, 0x22, 0x1, 0x47, 0x71, 0x17, 0x8, 0x2,
    0xae, 0x91, 0xc4, 0xa7, 0xbb, 0x0, 0x57, 0xcc,
    0xb2, 0x1d, 0xf9, 0x9b, 0xc8,

    /* U+63A5 "接" */
    0x0, 0x69, 0x80, 0x66, 0x70, 0xf, 0xfe, 0xa,
    0xc0, 0x80, 0x7f, 0x3f, 0xfb, 0x3, 0xbf, 0xd4,
    0xb, 0x25, 0xce, 0xee, 0x5f, 0xf9, 0x36, 0x81,
    0xb0, 0x10, 0xc0, 0x41, 0x81, 0xc4, 0x80, 0x6,
    0xa5, 0x49, 0x76, 0x6d, 0xb8, 0x7b, 0xb0, 0x7,
    0xa2, 0x1e, 0x1b, 0x9d, 0x10, 0x0, 0x9, 0x65,
    0x19, 0x85, 0x58, 0xcf, 0x4, 0xf0, 0x27, 0x75,
    0xa3, 0xdc, 0xff, 0x71, 0xd7, 0x14, 0x27, 0x58,
    0xf7, 0x3c, 0x2f, 0x8c, 0xc2, 0x1, 0xd, 0x11,
    0x2, 0x4d, 0x0, 0x3e, 0x1e, 0xbe, 0xf7, 0xf0,
    0xf, 0xc2, 0xbe, 0x60, 0x7b, 0x0, 0x2, 0xf1,
    0x32, 0xff, 0xb3, 0xf3, 0x6, 0xe0, 0x5f, 0x80,
    0x5d, 0x6e, 0x40, 0x2, 0xb7, 0x0,

    /* U+6536 "收" */
    0x0, 0xfc, 0x20, 0x1f, 0xe3, 0xe0, 0x5, 0xb8,
    0x7, 0x90, 0x40, 0x39, 0xcc, 0x3, 0xd0, 0x80,
    0x18, 0x49, 0x0, 0x3f, 0xf8, 0xe, 0x1d, 0xd7,
    0xf0, 0x80, 0x7d, 0x21, 0x98, 0x80, 0xc1, 0x0,
    0xf1, 0x0, 0x8, 0x80, 0x84, 0x1, 0xf4, 0xb1,
    0x98, 0x33, 0x0, 0x1f, 0xbe, 0x2e, 0x81, 0x54,
    0x1, 0xe6, 0x14, 0x16, 0x78, 0x32, 0x0, 0x8e,
    0x36, 0x80, 0x21, 0x77, 0x48, 0x4, 0x40, 0x33,
    0x82, 0x1, 0x18, 0x7, 0x17, 0x62, 0x0, 0x68,
    0x49, 0xa3, 0x0, 0x84, 0x3, 0x15, 0xb6, 0x35,
    0x63, 0x80, 0x7c, 0x83, 0xe4, 0xb, 0x7a, 0x0,

    /* U+6570 "数" */
    0x3, 0x22, 0x70, 0x21, 0x84, 0x98, 0x7, 0x3c,
    0x80, 0x52, 0x20, 0x82, 0x1, 0xc8, 0x20, 0x27,
    0x44, 0x4, 0x40, 0xc, 0x7c, 0x9a, 0x1b, 0x3c,
    0x81, 0xdc, 0xfe, 0x13, 0xef, 0x0, 0x16, 0xf7,
    0x86, 0x60, 0x30, 0x40, 0xb2, 0x7, 0xf5, 0x14,
    0x8, 0x48, 0x80, 0x59, 0xc, 0x66, 0xc2, 0x21,
    0x92, 0xb8, 0x0, 0xbd, 0x66, 0x40, 0x47, 0x8,
    0xb9, 0xe0, 0x17, 0xf9, 0xef, 0xfc, 0x29, 0x52,
    0x88, 0x0, 0xb9, 0x63, 0xf4, 0x50, 0x8, 0x40,
    0x40, 0x22, 0x5e, 0x2e, 0x80, 0x1, 0x0, 0x80,
    0x62, 0xf1, 0xd3, 0x70, 0x1f, 0x84, 0x90, 0x8,
    0xa1, 0xa1, 0xe0, 0xf1, 0x1e, 0x9e, 0x40, 0x7c,
    0x3d, 0xe2, 0x7a, 0xe4, 0x7, 0xc8, 0x83, 0xb0,
    0x20, 0x16, 0xb0, 0x4, 0x36, 0x40,

    /* U+65E0 "无" */
    0x4, 0xff, 0xff, 0x98, 0x0, 0xe8, 0x98, 0x0,
    0x89, 0xc4, 0x0, 0x3b, 0xbd, 0x47, 0x77, 0xc8,
    0x1, 0xf1, 0xb8, 0x7, 0xe2, 0x2e, 0xd7, 0x22,
    0xf0, 0x1e, 0xef, 0x21, 0xee, 0xf8, 0xcd, 0xff,
    0xc2, 0xc5, 0xff, 0xc6, 0x1, 0xc6, 0x38, 0x1,
    0xff, 0xc0, 0x96, 0x0, 0xff, 0xe0, 0x2a, 0xa0,
    0x3, 0xc8, 0x1, 0x92, 0xa8, 0x20, 0x1e, 0x84,
    0x0, 0x45, 0xca, 0x80, 0x99, 0x8, 0x8c, 0xcc,
    0x3c, 0x98, 0xc0, 0x5, 0x2d, 0xee, 0x62, 0x90,
    0xe6, 0xc, 0x2, 0x1c, 0xff, 0xd4, 0x0,

    /* U+65E7 "旧" */
    0x4e, 0x0, 0x46, 0x67, 0xc8, 0x1, 0x8d, 0x62,
    0x38, 0x84, 0x3, 0xb9, 0x13, 0x8c, 0x3, 0xff,
    0xa9, 0xa6, 0x7e, 0x0, 0xf2, 0xf7, 0x70, 0x80,
    0x7a, 0x37, 0x78, 0x80, 0x3f, 0xfc, 0x31, 0xff,
    0xc4, 0x1, 0xe7, 0xee, 0xe2, 0x4, 0xe0, 0x5,
    0xc0, 0x8f, 0x6a, 0x80,

    /* U+65F6 "时" */
    0x0, 0xff, 0x1f, 0x0, 0x1b, 0xee, 0xe1, 0x0,
    0xfd, 0xe3, 0xba, 0x43, 0x0, 0xfe, 0x66, 0x84,
    0x5b, 0xbb, 0x7, 0x64, 0x3, 0x86, 0x23, 0x38,
    0x45, 0x0, 0x79, 0x51, 0x55, 0x62, 0xa6, 0xf,
    0xfe, 0x10, 0x4c, 0x0, 0xf9, 0xff, 0xc2, 0x8,
    0xf4, 0x1, 0xff, 0xc0, 0xb4, 0x40, 0x7, 0xfc,
    0x36, 0xe0, 0x1c, 0xfb, 0xa1, 0x0, 0x94, 0xc0,
    0x39, 0x3b, 0x98, 0x40, 0x1f, 0xaa, 0xc, 0xe0,
    0x8, 0x44, 0xc0, 0x11, 0x98, 0x3, 0xdd, 0xca,
    0x60, 0xf, 0xf7, 0xfd, 0x0, 0x0,

    /* U+66F2 "曲" */
    0x0, 0xde, 0x60, 0x5c, 0x1, 0xff, 0xd2, 0x6d,
    0xd8, 0x33, 0x74, 0x3b, 0xb3, 0xf3, 0xcc, 0x82,
    0x26, 0x2, 0x64, 0xfc, 0x4, 0x88, 0x4, 0x42,
    0x8a, 0x20, 0x80, 0x3f, 0xf8, 0x64, 0x50, 0x31,
    0x30, 0x91, 0x40, 0x5, 0xdd, 0x5, 0x6d, 0x86,
    0xe9, 0x40, 0xf, 0xfe, 0xc, 0xfd, 0x1f, 0xf3,
    0x80, 0x7f, 0xf4, 0x1f, 0x74, 0x19, 0xba, 0x1d,
    0xd3, 0x80, 0x13, 0xb9, 0x98, 0xec, 0xc7, 0x71,
    0x2, 0x2c, 0xcf, 0xfa, 0xe4,

    /* U+6700 "最" */
    0x0, 0x17, 0xe6, 0x7d, 0xba, 0x0, 0xf4, 0x47,
    0xd4, 0x1, 0xf1, 0x17, 0xde, 0x1, 0xf6, 0x67,
    0xc8, 0x1, 0xc5, 0xd7, 0x7f, 0x6e, 0x0, 0x5b,
    0xfd, 0x98, 0xee, 0x66, 0x76, 0xa8, 0x62, 0x3e,
    0x60, 0x2b, 0x33, 0xca, 0x2, 0x27, 0xcc, 0x6,
    0x77, 0x78, 0x3, 0x4e, 0xe8, 0xaa, 0x89, 0xfe,
    0x87, 0x0, 0xd3, 0xba, 0x20, 0x57, 0x63, 0xa8,
    0x0, 0xd3, 0xbe, 0x14, 0x1b, 0x39, 0xe0, 0x15,
    0xac, 0xf7, 0x1, 0x4a, 0xc4, 0xa4, 0xc0, 0x11,
    0xdf, 0xd8, 0x55, 0xdf, 0xdb, 0xd0, 0xa0,

    /* U+672A "未" */
    0x0, 0xf0, 0xf8, 0x80, 0x7f, 0xf2, 0xc8, 0xb2,
    0x81, 0x17, 0x0, 0x6d, 0xdd, 0x61, 0x9b, 0xb8,
    0x40, 0x2f, 0xfd, 0xc1, 0xdf, 0xf8, 0x40, 0x3f,
    0xf8, 0xa6, 0x7c, 0x80, 0xa6, 0x7c, 0x0, 0xdd,
    0xea, 0xb, 0xdd, 0xe1, 0xe, 0xed, 0x60, 0x15,
    0x77, 0x61, 0x0, 0xcb, 0x74, 0x17, 0x48, 0x1,
    0xf3, 0xd5, 0x10, 0x16, 0xa8, 0xe0, 0x18, 0xae,
    0xb5, 0x0, 0x24, 0xca, 0xb2, 0x2, 0xd3, 0xd2,
    0x0, 0xe2, 0xd2, 0xd2, 0x27, 0xc0, 0x7, 0xf4,
    0xf1, 0x0,

    /* U+673A "机" */
    0x0, 0xb8, 0x80, 0x3f, 0xf8, 0xb5, 0xff, 0x94,
    0x3, 0xfc, 0xfd, 0xc2, 0x0, 0x84, 0x88, 0x2e,
    0x42, 0x1e, 0x23, 0x0, 0x49, 0x98, 0xa, 0xc4,
    0x0, 0xfc, 0xbd, 0x41, 0xbc, 0xa0, 0x20, 0x1f,
    0xb4, 0x2c, 0x3, 0xfe, 0x14, 0x7, 0x60, 0x13,
    0x0, 0xfa, 0x68, 0x6a, 0xd, 0x98, 0x1, 0xe2,
    0x66, 0x3, 0x69, 0x91, 0x0, 0x3d, 0x72, 0x20,
    0x3, 0x42, 0x10, 0xc, 0x2b, 0xe, 0x1, 0xb9,
    0x40, 0x38, 0xfc, 0x40, 0x31, 0xa4, 0x80, 0x63,
    0x70, 0xf, 0x55, 0x88, 0x4, 0x93, 0x5e, 0x1,
    0x71, 0x4a, 0x80, 0x68, 0xff, 0x28,

    /* U+6761 "条" */
    0x0, 0xe3, 0x40, 0xf, 0xfe, 0x0, 0xe1, 0x80,
    0x42, 0x1, 0xf1, 0x70, 0x4f, 0x76, 0x70, 0xe,
    0x4c, 0x5, 0xee, 0x98, 0x98, 0x3, 0x45, 0xc7,
    0x8d, 0x95, 0x2e, 0x8, 0x6, 0x9e, 0x60, 0xa4,
    0xd5, 0xf1, 0x0, 0xe1, 0x36, 0xbe, 0x5a, 0x5d,
    0xb7, 0x30, 0x1, 0xfe, 0x63, 0x7e, 0xbe, 0xbb,
    0x9b, 0xaf, 0x23, 0xdf, 0xb7, 0x12, 0x52, 0x4,
    0xbf, 0xf1, 0x1, 0x57, 0xfd, 0xa1, 0xbf, 0xf5,
    0x0, 0x6b, 0xe8, 0xfe, 0xe, 0xcb, 0xeb, 0x0,
    0xea, 0xd1, 0x0, 0x8e, 0x64, 0x1, 0x8f, 0x4e,
    0xc0, 0x21, 0x16, 0x15, 0x0, 0x47, 0x32, 0x6,
    0xe3, 0x0, 0xaf, 0xc0, 0x32, 0x0, 0x1b, 0xf0,
    0x3, 0x28, 0x0,

    /* U+67E5 "查" */
    0x0, 0xf0, 0xf8, 0x7, 0xff, 0x28, 0xbb, 0xb7,
    0xf0, 0x7f, 0x77, 0x11, 0x3f, 0xf1, 0x98, 0xd,
    0x7f, 0xf1, 0x0, 0x88, 0x35, 0xf8, 0x30, 0x34,
    0xc4, 0x40, 0x13, 0x7b, 0x59, 0x80, 0x2d, 0x76,
    0x4, 0xb, 0x62, 0xe8, 0x7, 0x0, 0x13, 0x4d,
    0xc6, 0x57, 0xdd, 0x6e, 0xbb, 0x75, 0xdf, 0xd4,
    0x60, 0xc0, 0x8, 0xdd, 0xe6, 0x0, 0x28, 0x7,
    0x5e, 0x67, 0x30, 0x7, 0xeb, 0xcc, 0xe6, 0x0,
    0xf8, 0xef, 0x77, 0x94, 0x80, 0x30, 0x8a, 0x73,
    0x3e, 0x91, 0x10, 0x3, 0x3f, 0xff, 0xf8, 0x0,

    /* U+6837 "样" */
    0x0, 0xff, 0xe2, 0x97, 0x0, 0x56, 0x60, 0x14,
    0x40, 0x3, 0xf1, 0xc0, 0x4, 0xf6, 0x1, 0xfa,
    0x58, 0x41, 0xd0, 0xc0, 0x7b, 0x47, 0x9e, 0xb8,
    0xbb, 0xe1, 0x3c, 0xc7, 0x1c, 0x31, 0xaf, 0xb9,
    0x23, 0xdd, 0x18, 0x11, 0x2, 0x84, 0x71, 0x90,
    0x8c, 0x1, 0x28, 0x31, 0x9b, 0x75, 0x47, 0xba,
    0x90, 0x1, 0x8, 0xa6, 0xf, 0xb8, 0xe1, 0xdc,
    0xb0, 0x5, 0xb8, 0x35, 0x1, 0x9b, 0x4c, 0xe2,
    0x1, 0x7a, 0x1, 0x4, 0x4b, 0xd, 0x12, 0x22,
    0x38, 0x80, 0xa, 0x66, 0x60, 0x99, 0x90, 0xe4,
    0x2, 0x3d, 0xda, 0x8f, 0x76, 0x60, 0xf, 0xfe,
    0x90,

    /* U+6838 "核" */
    0x0, 0xff, 0xe2, 0x97, 0x80, 0x74, 0xb8, 0x7,
    0xff, 0x7, 0x24, 0x3, 0xfd, 0x11, 0x70, 0xcc,
    0x40, 0xc7, 0xb4, 0x3a, 0x73, 0x1e, 0x95, 0xb9,
    0x82, 0x1c, 0x70, 0xc8, 0x44, 0x5c, 0xab, 0x31,
    0x4, 0x8, 0x80, 0xa2, 0xe, 0xe6, 0xe, 0x50,
    0xc, 0xa1, 0x65, 0x70, 0x9d, 0xe6, 0xe0, 0x12,
    0x18, 0x4d, 0x46, 0x6b, 0x9f, 0x1b, 0x80, 0x3e,
    0x81, 0x60, 0xca, 0x57, 0x7, 0xbc, 0x11, 0x90,
    0x2, 0x6f, 0x3c, 0xb, 0x68, 0x6, 0x80, 0xe,
    0xc8, 0x1e, 0x4b, 0x0, 0x12, 0x80, 0x66, 0x25,
    0xf5, 0x2a, 0x0, 0xfc, 0xdb, 0x15, 0x7a, 0x38,
    0x1, 0xe7, 0xa8, 0xd4, 0x0, 0x5a, 0x90, 0x0,
    0xbc, 0x1f, 0x14, 0x3, 0xa4, 0x80,

    /* U+68C0 "检" */
    0x0, 0xff, 0xe2, 0x8f, 0x0, 0x77, 0x98, 0x7,
    0xff, 0x1, 0xc2, 0x80, 0x3f, 0xe3, 0x8c, 0x46,
    0x0, 0xdd, 0xc1, 0xe7, 0x1d, 0x93, 0xf8, 0x60,
    0xb, 0x54, 0x34, 0xfd, 0x98, 0x5, 0x91, 0x0,
    0x1, 0x80, 0x1a, 0x99, 0x3f, 0xed, 0xa5, 0x40,
    0x2, 0x4, 0x6c, 0x67, 0xfe, 0x4d, 0x40, 0x32,
    0x14, 0x56, 0x10, 0xc0, 0x3, 0x30, 0x1, 0x34,
    0x10, 0xde, 0xe0, 0x2, 0xb, 0x40, 0x24, 0x40,
    0x8, 0x6e, 0x81, 0x5c, 0xd8, 0x80, 0xa8, 0xc0,
    0x24, 0x50, 0xd1, 0x8f, 0x0, 0x90, 0x3, 0xb8,
    0x11, 0x9d, 0x0, 0x3e, 0xac, 0xcd, 0xa7, 0x98,
    0x0, 0xf4, 0xc4, 0x6b, 0xb4, 0x40, 0x0,

    /* U+6B63 "正" */
    0x3, 0x66, 0xff, 0xe0, 0x0, 0x1b, 0x77, 0xa6,
    0x5b, 0xbb, 0xc0, 0xb, 0x77, 0xce, 0xb7, 0x7a,
    0x40, 0x3f, 0xf8, 0xc2, 0xe0, 0x1f, 0xfc, 0x12,
    0x80, 0xc, 0xc4, 0x58, 0x3, 0xfc, 0x79, 0x99,
    0x0, 0x3f, 0x97, 0xbb, 0x20, 0x7, 0xff, 0x88,
    0x67, 0xc2, 0x66, 0x75, 0x99, 0xe3, 0x1, 0x47,
    0x11, 0x9d, 0xc2, 0x3c, 0x0,

    /* U+6B65 "步" */
    0x0, 0xfb, 0x8c, 0x3, 0xf9, 0xc4, 0x3, 0xff,
    0x83, 0x24, 0x0, 0x1c, 0xff, 0xac, 0x3, 0xf8,
    0x6f, 0xba, 0xb0, 0x8, 0x46, 0x71, 0x18, 0x3,
    0x8, 0x80, 0xbb, 0x81, 0x7d, 0xc0, 0xbe, 0xee,
    0x12, 0xff, 0xb3, 0xf8, 0x3b, 0xff, 0x84, 0x2,
    0x4d, 0x10, 0xe, 0xaa, 0x0, 0x63, 0xbb, 0x8,
    0x6, 0x55, 0x40, 0x4, 0x99, 0x2a, 0x1, 0x96,
    0xa8, 0x40, 0x13, 0x53, 0x0, 0x47, 0x75, 0x45,
    0x0, 0xc4, 0xa0, 0x1, 0x92, 0x6d, 0x50, 0xe,
    0x25, 0x8d, 0xe3, 0xac, 0x20, 0xe, 0x1c, 0x82,
    0xbe, 0xb4, 0x0, 0xf8, 0x7b, 0x69, 0x84, 0x3,
    0xf8,

    /* U+6BD4 "比" */
    0x2e, 0x0, 0xc3, 0xe0, 0x1c, 0x22, 0x0, 0xff,
    0xeb, 0xca, 0x0, 0x7f, 0xad, 0x80, 0x2f, 0xfa,
    0xc0, 0x9, 0xaf, 0xa8, 0x0, 0xdd, 0xa8, 0x1,
    0x75, 0x84, 0x1, 0x11, 0x42, 0x0, 0xd7, 0x0,
    0xff, 0x88, 0x3, 0xff, 0x88, 0xa0, 0x1f, 0xf1,
    0x50, 0x4, 0x2c, 0xe0, 0x1c, 0x24, 0xc1, 0x7d,
    0x62, 0x20, 0x31, 0x12, 0x35, 0x81, 0xee, 0x98,
    0x17, 0x3b, 0x93, 0xff, 0x41, 0x0, 0x55, 0xff,
    0x72, 0x0,

    /* U+6CE8 "注" */
    0x0, 0x8, 0x7, 0x19, 0x80, 0x3c, 0x9d, 0x0,
    0x19, 0x78, 0x3, 0xc9, 0xa7, 0x40, 0x13, 0x1a,
    0x80, 0x78, 0xae, 0xa6, 0x72, 0xe4, 0xcc, 0x1,
    0xee, 0xe8, 0x50, 0x3b, 0xa0, 0x2e, 0x80, 0x3,
    0xbd, 0x1, 0x6e, 0xf0, 0x16, 0x1e, 0x0, 0x7f,
    0xf0, 0xa, 0xf4, 0x0, 0x45, 0x3, 0x11, 0x4,
    0x3, 0x85, 0xb7, 0x60, 0xbd, 0xd4, 0x80, 0x69,
    0x86, 0xff, 0x83, 0x7f, 0xd0, 0x1, 0xb, 0xd8,
    0x7, 0xff, 0x2, 0xd8, 0x80, 0x3f, 0xe4, 0x58,
    0x38, 0x8a, 0x42, 0x23, 0x18, 0x7c, 0xa, 0x3b,
    0xcc, 0xa, 0xef, 0x20, 0x5b, 0x83, 0xff, 0xff,
    0x38,

    /* U+6D3B "活" */
    0x1, 0x10, 0x7, 0xe1, 0x50, 0x9, 0xfa, 0x0,
    0x4d, 0x63, 0x7b, 0x92, 0x80, 0x6, 0xd4, 0x85,
    0xff, 0x1, 0x5f, 0xe2, 0x0, 0x45, 0x90, 0x99,
    0x50, 0x2e, 0x1, 0xc2, 0x1, 0x11, 0x61, 0x62,
    0x28, 0xb, 0xa0, 0x53, 0x77, 0x5, 0xee, 0xc8,
    0x5a, 0x54, 0x9f, 0xf8, 0x77, 0xfe, 0x40, 0x2a,
    0xb0, 0xf, 0xfe, 0x11, 0x88, 0xaa, 0xa1, 0xea,
    0xa1, 0x80, 0x6f, 0x73, 0x5c, 0xc4, 0xd6, 0x3b,
    0x0, 0x4c, 0x2c, 0x0, 0x66, 0xf0, 0x4, 0x31,
    0x0, 0xf, 0xfe, 0x5, 0xaa, 0x80, 0x24, 0x4e,
    0x50, 0xd, 0x20, 0x1a, 0x23, 0x84, 0x2, 0xa2,
    0x0, 0x17, 0x66, 0x77, 0xa8, 0x0,

    /* U+6E29 "温" */
    0x1, 0x40, 0xf, 0xfe, 0x9, 0x46, 0x1b, 0x7f,
    0xfa, 0x80, 0x23, 0xc9, 0x50, 0x4f, 0xfd, 0x40,
    0x1e, 0x56, 0x5, 0xcc, 0xd0, 0x1, 0x90, 0x3,
    0x17, 0x76, 0xa0, 0x8, 0xea, 0xc8, 0x0, 0xe4,
    0x5c, 0x1, 0x1f, 0x14, 0x81, 0xaf, 0x76, 0xb3,
    0x0, 0xd3, 0x60, 0xbd, 0xde, 0x90, 0xe, 0x40,
    0xdf, 0xff, 0x88, 0x3, 0x52, 0x1e, 0xe2, 0xf8,
    0xf8, 0x80, 0x66, 0x24, 0x0, 0xff, 0xe0, 0x44,
    0x0, 0x3f, 0xf8, 0x10, 0x48, 0x2, 0x0, 0x10,
    0x10, 0x11, 0x0, 0x12, 0xf, 0xc3, 0x71, 0x3c,
    0x3c, 0x30, 0xc3, 0x10, 0xff, 0xff, 0xc6,

    /* U+70B9 "点" */
    0x0, 0xf1, 0x78, 0x7, 0xff, 0xc, 0x40, 0x3f,
    0xf8, 0x5d, 0xff, 0xc0, 0x1f, 0xdd, 0xde, 0x0,
    0xfe, 0x11, 0xf0, 0x4, 0x9f, 0xf6, 0x87, 0xfe,
    0xe0, 0xe, 0x3e, 0xef, 0xac, 0x3, 0xe1, 0x1f,
    0x9c, 0x3, 0xe1, 0x1f, 0x9c, 0x3, 0xc7, 0xdd,
    0xf5, 0x80, 0x72, 0x7f, 0xff, 0x80, 0x33, 0xd8,
    0x3b, 0x2, 0xc8, 0xf, 0x98, 0x0, 0x66, 0x3,
    0xfc, 0x8, 0xc4, 0x31, 0xc0, 0xa, 0x73, 0xe,
    0x20, 0x14, 0xa0, 0x61, 0x60, 0x99, 0x0, 0x1e,
    0x80, 0x15, 0x0, 0xd, 0x60,

    /* U+72B6 "状" */
    0x0, 0xff, 0xe3, 0x1f, 0x0, 0x43, 0xe0, 0x42,
    0x1, 0xff, 0xc1, 0x5d, 0x0, 0xa8, 0x40, 0x3f,
    0x38, 0xb0, 0x0, 0xe8, 0x3, 0xfa, 0x7c, 0x1,
    0x2b, 0x60, 0x24, 0x45, 0x2, 0x23, 0x58, 0x5,
    0x5c, 0x13, 0xba, 0xb0, 0xdd, 0xca, 0x0, 0x45,
    0x8, 0xff, 0x58, 0x57, 0xfc, 0xa0, 0x14, 0x88,
    0x4, 0x61, 0xe0, 0x1e, 0x95, 0x0, 0xd8, 0xe8,
    0x1, 0xd6, 0xb6, 0x20, 0x2, 0x49, 0x47, 0x0,
    0x84, 0x58, 0xe0, 0x14, 0x28, 0xcc, 0x84, 0x0,
    0x34, 0x1, 0x91, 0x60, 0xd, 0xe8, 0x3, 0xe3,
    0xb9, 0x20, 0x4, 0xbe, 0x8, 0x7, 0x54, 0x30,
    0x6, 0xd7, 0x50,

    /* U+7528 "用" */
    0x0, 0x24, 0xb3, 0x7e, 0x92, 0x0, 0x73, 0x66,
    0x53, 0x19, 0x93, 0x20, 0x5, 0x15, 0x50, 0x6d,
    0x54, 0x60, 0x1b, 0xc4, 0x60, 0x71, 0x18, 0x3,
    0x9f, 0xba, 0xb, 0xee, 0x8c, 0x3, 0x47, 0xfc,
    0x19, 0xff, 0x18, 0x7, 0xff, 0x14, 0x75, 0x12,
    0x4, 0x4c, 0x40, 0x12, 0xaa, 0x66, 0x8, 0x99,
    0x84, 0x2, 0x1e, 0xdd, 0x83, 0x37, 0x63, 0x0,
    0x29, 0x8, 0x7, 0xfd, 0x34, 0x1, 0xfe, 0x33,
    0xb, 0x80, 0x61, 0x4, 0xff, 0xa, 0x1e, 0x80,
    0x77, 0x1a, 0x7f, 0xb4, 0x40,

    /* U+767E "百" */
    0xf, 0xff, 0xfe, 0x8, 0x87, 0x77, 0x48, 0x77,
    0x78, 0x40, 0x47, 0xc8, 0x23, 0xe0, 0x8, 0x4c,
    0xe9, 0x3, 0x3c, 0x20, 0x19, 0x33, 0xb8, 0x29,
    0xdd, 0x6c, 0x0, 0x71, 0xee, 0xbf, 0xdb, 0xb2,
    0x0, 0x7f, 0xf2, 0x4f, 0xbb, 0xe5, 0x0, 0xf0,
    0xe6, 0x7c, 0x60, 0x1e, 0x22, 0xfc, 0xc0, 0x1f,
    0xfc, 0x93, 0xff, 0xf9, 0x40, 0x3c, 0x5d, 0xdf,
    0x20, 0x4,

    /* U+76D8 "盘" */
    0x0, 0xf4, 0xc0, 0x7, 0xfb, 0xae, 0xcc, 0xcb,
    0xbb, 0xc4, 0x3, 0x87, 0xfc, 0xfb, 0x11, 0x1,
    0x80, 0x71, 0x23, 0x24, 0x99, 0xc0, 0x1f, 0x18,
    0x16, 0x81, 0x80, 0x78, 0xff, 0xc3, 0xfe, 0xe5,
    0xcf, 0xf0, 0x6f, 0xa9, 0xfd, 0xaf, 0xe3, 0x77,
    0xfc, 0x1b, 0xea, 0x3, 0x32, 0x3, 0xdc, 0x23,
    0x30, 0x18, 0x5, 0x74, 0x60, 0x4, 0xc2, 0xa9,
    0x81, 0x0, 0xaa, 0xfb, 0xb7, 0xf3, 0xa4, 0xc0,
    0x6, 0x1d, 0xe0, 0xfe, 0xc, 0xe7, 0x0, 0xff,
    0xe5, 0x89, 0x80, 0x80, 0x42, 0x0, 0x8f, 0x2c,
    0xf0, 0xdf, 0xd, 0xf6, 0x67, 0xa8,

    /* U+78C1 "磁" */
    0x0, 0xf0, 0xc8, 0x4, 0x90, 0x0, 0x5f, 0xfc,
    0x22, 0x56, 0x0, 0x7f, 0x0, 0x17, 0xcb, 0x7c,
    0x42, 0x30, 0x9, 0x58, 0x3, 0x19, 0x4, 0xfd,
    0xaf, 0xe8, 0xff, 0x94, 0x8, 0x80, 0x9, 0xd6,
    0xee, 0x97, 0x79, 0x41, 0x54, 0x1, 0x39, 0x8,
    0x8d, 0x8, 0x40, 0x10, 0xdd, 0xc0, 0xe8, 0x45,
    0xa9, 0x1a, 0x1, 0x7, 0xe0, 0x30, 0x39, 0x5,
    0x69, 0x0, 0x31, 0x0, 0x58, 0x9e, 0x45, 0x6b,
    0xc8, 0x2d, 0x80, 0x5f, 0xe4, 0xb7, 0xf9, 0x43,
    0x2, 0x30, 0xc, 0x81, 0xc0, 0x8, 0xd8, 0x0,
    0x9f, 0x40, 0x13, 0xe, 0x6c, 0xe8, 0xe0, 0x13,
    0x67, 0xf8, 0xb8, 0xa6, 0x4b, 0xc0, 0x80, 0x96,
    0x22, 0x7f, 0xdd, 0x1d, 0x7e, 0x58, 0x0,

    /* U+79BB "离" */
    0x0, 0xf1, 0x20, 0x7, 0xff, 0x5, 0xac, 0x40,
    0x3e, 0xff, 0xeb, 0xe, 0xff, 0xe0, 0x7, 0xe5,
    0x7b, 0xef, 0xeb, 0x7d, 0x67, 0x80, 0x4b, 0xe1,
    0x53, 0xf9, 0x61, 0xe8, 0x1, 0xe1, 0x57, 0x72,
    0xc0, 0x80, 0x7c, 0x2f, 0xdf, 0x71, 0xaa, 0x20,
    0x1c, 0x41, 0xa5, 0xf9, 0xf9, 0xe0, 0x40, 0x10,
    0xbc, 0x44, 0xe1, 0xf1, 0x10, 0x8, 0x1, 0xf6,
    0x21, 0xc8, 0x31, 0xf1, 0xa, 0x70, 0x9, 0x6e,
    0xcd, 0x1d, 0x21, 0x76, 0x40, 0xf, 0x5a, 0x75,
    0x49, 0xd8, 0x7, 0xf4, 0xec, 0x5f, 0xe8, 0x7,
    0xeb, 0x64, 0x20, 0x7, 0xeb, 0x28, 0x1, 0xac,
    0x3, 0xe9, 0xdd, 0x18, 0x0,

    /* U+7A7A "空" */
    0x0, 0xe6, 0x90, 0xf, 0xf9, 0x58, 0x80, 0x3b,
    0xbf, 0xf6, 0x6, 0xff, 0xee, 0xb, 0xee, 0xfe,
    0xb0, 0x3, 0x89, 0xe9, 0xa, 0xe9, 0xb, 0x84,
    0x13, 0x6d, 0x98, 0x25, 0xed, 0x8f, 0x1e, 0x5e,
    0x38, 0x4, 0xfe, 0x5a, 0xc3, 0x5e, 0x24, 0x5c,
    0x77, 0x65, 0x43, 0xcc, 0xb7, 0x59, 0x98, 0xc,
    0x13, 0xba, 0xd0, 0xee, 0xc8, 0x1, 0xff, 0xcf,
    0x78, 0x8d, 0x21, 0x11, 0xce, 0x1, 0xc6, 0xe0,
    0x1e,

    /* U+7AEF "端" */
    0x0, 0x2b, 0x0, 0x72, 0x60, 0x7, 0x9a, 0x0,
    0x13, 0x20, 0xe, 0xf1, 0x0, 0x19, 0xc0, 0x1f,
    0xe1, 0xaa, 0x34, 0xc8, 0x2, 0x11, 0x0, 0x76,
    0xeb, 0x37, 0x85, 0xbe, 0x8b, 0xfc, 0x0, 0x11,
    0x23, 0xf9, 0x4f, 0x77, 0xc2, 0x2, 0x80, 0x65,
    0xdd, 0xfa, 0x40, 0xf8, 0x19, 0xff, 0xe7, 0x5f,
    0xfa, 0x41, 0x88, 0x2, 0xbf, 0xf3, 0xaf, 0xfc,
    0x80, 0x6c, 0x4e, 0xf, 0x58, 0xbe, 0x3e, 0x80,
    0x1, 0x9b, 0x4a, 0x0, 0xfe, 0x1c, 0xb7, 0x4c,
    0x0, 0xfe, 0x1a, 0xde, 0xa6, 0x0, 0xff, 0x31,
    0x0, 0x7f, 0x42, 0xb0, 0x7, 0xb1, 0x4e, 0x83,
    0xa3, 0x88,

    /* U+7B49 "等" */
    0x0, 0x19, 0x0, 0x63, 0x20, 0xf, 0xb5, 0x8,
    0xa0, 0xc7, 0x22, 0x84, 0x0, 0xa3, 0x3b, 0xfe,
    0xa0, 0xad, 0xff, 0x68, 0x15, 0xda, 0x17, 0x6d,
    0x3b, 0xca, 0x37, 0x0, 0xed, 0x1a, 0x40, 0xc4,
    0x41, 0xcc, 0x1, 0xa, 0xe7, 0x67, 0xd0, 0x7f,
    0xb3, 0x1c, 0x1, 0xb3, 0xfe, 0xa2, 0xff, 0xdc,
    0x0, 0x3c, 0xce, 0xa2, 0xcc, 0xf2, 0x1f, 0xff,
    0x66, 0x3e, 0x4f, 0xfe, 0x50, 0xaf, 0xff, 0xac,
    0x3f, 0xd0, 0x21, 0x50, 0xcb, 0x11, 0xc1, 0x11,
    0x0, 0xd, 0x25, 0xf1, 0x13, 0x2, 0x20, 0xc0,
    0x31, 0xfb, 0x20, 0x0, 0x40, 0x3f, 0x87, 0xd2,
    0x3f, 0x10, 0x3, 0xf8, 0x42, 0x3f, 0xd6, 0x1,
    0x80,

    /* U+7CFB "系" */
    0x0, 0xff, 0x10, 0x6, 0x23, 0x45, 0x78, 0xbd,
    0xfc, 0x60, 0x1, 0xff, 0xdd, 0x7, 0xdd, 0x98,
    0x0, 0x7b, 0x92, 0xd3, 0x6a, 0x30, 0x1, 0xe5,
    0xf9, 0x61, 0x6c, 0x10, 0xe, 0x8a, 0x2a, 0xfe,
    0x9d, 0x80, 0xe, 0x9e, 0xf9, 0x18, 0xf3, 0xb6,
    0x0, 0xc2, 0xdb, 0xda, 0x88, 0x5c, 0x98, 0x0,
    0x27, 0xc1, 0x3f, 0x64, 0x67, 0xbb, 0x94, 0x13,
    0x3f, 0x3b, 0x43, 0xe6, 0xe3, 0xc, 0x0, 0x6f,
    0xa2, 0x1, 0x17, 0x49, 0xb0, 0x2, 0x27, 0x44,
    0x2, 0x2c, 0x5b, 0x0, 0x4a, 0xe1, 0x88, 0x80,
    0x21, 0xc0, 0xb0, 0x9c, 0x20, 0xfe, 0x33, 0x0,
    0x57, 0x40, 0x1, 0x0, 0x77, 0xe0, 0x7, 0x8,
    0x0,

    /* U+7D2F "累" */
    0x0, 0x74, 0xc4, 0x27, 0xe2, 0x37, 0x80, 0x6b,
    0x88, 0x82, 0x22, 0x90, 0xe, 0xfd, 0xd7, 0x87,
    0x6e, 0xb0, 0x3, 0xbf, 0x75, 0xe1, 0xdb, 0xac,
    0x0, 0xef, 0xdf, 0xe0, 0xdd, 0xb0, 0x3, 0x77,
    0xb9, 0x5f, 0x71, 0xa3, 0x38, 0x2, 0xad, 0x50,
    0xae, 0xcc, 0x8, 0xc0, 0x17, 0x66, 0xa8, 0x37,
    0x3e, 0xe0, 0x7, 0x46, 0xa4, 0x63, 0xb7, 0x1e,
    0x80, 0x1e, 0xd0, 0xdb, 0x2b, 0x4, 0x52, 0x2c,
    0xf, 0xf4, 0xd5, 0x40, 0x84, 0xc5, 0xc6, 0x5,
    0xce, 0x80, 0xc, 0x7d, 0xf6, 0x40, 0x51, 0x65,
    0x7e, 0x44, 0x4, 0xcd, 0x40, 0x74, 0x0, 0x5f,
    0xe8, 0x6, 0x66, 0x0,

    /* U+7EA7 "级" */
    0x0, 0xa9, 0x0, 0x3f, 0xf8, 0x4, 0xaa, 0xf,
    0xff, 0x30, 0x6, 0x87, 0x10, 0x50, 0x2, 0xa8,
    0x10, 0x2, 0x24, 0x81, 0x2a, 0x94, 0xa8, 0x12,
    0x0, 0xba, 0xc2, 0x2c, 0x4, 0x40, 0xa8, 0x1,
    0x39, 0xc7, 0xb4, 0x85, 0xa8, 0x4a, 0xfc, 0x3,
    0x5f, 0x95, 0x80, 0x18, 0x1, 0x56, 0x40, 0x1,
    0x48, 0x45, 0x30, 0x60, 0x74, 0x41, 0xd8, 0x2,
    0xd5, 0x31, 0x0, 0xaa, 0x41, 0x4c, 0xc0, 0xc8,
    0xff, 0xae, 0x60, 0xa9, 0x31, 0x0, 0x3, 0x7c,
    0x1b, 0x52, 0x20, 0x2d, 0x89, 0x40, 0x25, 0xbe,
    0xce, 0x9e, 0x9, 0x0, 0x20, 0x0, 0xe3, 0x7a,
    0x8c, 0xcd, 0x6b, 0xb5, 0x6e, 0x7, 0xac, 0x21,
    0xb3, 0x65, 0x84, 0xb9, 0x81, 0x0, 0xea, 0x49,
    0x90, 0x80, 0xe, 0xc4,

    /* U+7EBF "线" */
    0x0, 0xa1, 0x0, 0x24, 0xd2, 0x70, 0xe, 0x17,
    0x60, 0xe, 0x20, 0xd1, 0x0, 0x99, 0x48, 0x2,
    0x70, 0x3, 0x41, 0x80, 0x6, 0x60, 0x9c, 0x9f,
    0xcb, 0xb9, 0x28, 0x0, 0xb6, 0x29, 0xf7, 0xe4,
    0xc, 0xfc, 0x60, 0x35, 0x7f, 0x48, 0x59, 0x80,
    0x30, 0x36, 0x3, 0xbd, 0x1c, 0x1, 0x47, 0xe,
    0xfe, 0xc0, 0x2, 0x4c, 0x8c, 0x2a, 0x38, 0x1f,
    0xf7, 0x80, 0x18, 0x9d, 0x95, 0x79, 0x2b, 0xe0,
    0xf0, 0x0, 0x35, 0xff, 0x50, 0x5, 0x98, 0x69,
    0xd0, 0x7, 0xd3, 0x19, 0x80, 0x25, 0x48, 0xc1,
    0x0, 0x13, 0xdf, 0xc8, 0x1, 0x74, 0x24, 0x90,
    0x4b, 0x37, 0xb9, 0x71, 0xd3, 0x54, 0x93, 0xf5,
    0x2e, 0xa5, 0x11, 0xab, 0x11, 0x67, 0x1d, 0x0,

    /* U+7EDC "络" */
    0x0, 0x8c, 0x3, 0x31, 0x80, 0x7e, 0xd4, 0x0,
    0xc, 0x80, 0x8c, 0x1, 0x98, 0xd0, 0x1, 0x1,
    0x9d, 0xd5, 0x80, 0x57, 0x20, 0x4, 0x67, 0xff,
    0x70, 0xc0, 0x1, 0xd9, 0x27, 0x2e, 0x58, 0xc3,
    0x58, 0xc0, 0xe0, 0x71, 0xba, 0xda, 0xb3, 0xda,
    0x0, 0x21, 0x23, 0x92, 0x40, 0x20, 0x1, 0x0,
    0x47, 0xc0, 0x8c, 0x2f, 0xb7, 0x6e, 0x3e, 0x81,
    0x6, 0x7d, 0x86, 0xb4, 0xe7, 0x28, 0x81, 0x81,
    0xc8, 0x67, 0x2e, 0xb7, 0xfe, 0x9e, 0x13, 0xcf,
    0xa6, 0x20, 0x6, 0x66, 0x40, 0x8, 0x96, 0x76,
    0x80, 0x3f, 0x93, 0xbf, 0xd9, 0x40, 0xe, 0xec,
    0x80, 0x4, 0xfa, 0x61, 0x0, 0xbf, 0xf1, 0x0,
    0x7e, 0x1f, 0x11, 0xda, 0xa0,

    /* U+7EDF "统" */
    0x0, 0x94, 0x80, 0x33, 0x88, 0x7, 0xd6, 0xe0,
    0x1b, 0x24, 0x3, 0xce, 0x6a, 0xc, 0xd0, 0xa3,
    0x34, 0x20, 0x9, 0x90, 0x97, 0x7d, 0x28, 0xff,
    0xc0, 0x9, 0x44, 0x5d, 0xa2, 0x46, 0x37, 0xea,
    0x45, 0x58, 0x7d, 0x60, 0x29, 0x9c, 0xf, 0x80,
    0xc, 0x98, 0x14, 0x3a, 0xa5, 0x35, 0x25, 0x0,
    0x77, 0xac, 0xa0, 0x46, 0x6f, 0xc9, 0xc6, 0x0,
    0x4a, 0xfc, 0xaf, 0xd0, 0xb7, 0x61, 0xf0, 0x23,
    0x6, 0x7b, 0x87, 0x8, 0x7, 0x93, 0x7e, 0x98,
    0x80, 0xf4, 0x3, 0xe2, 0x38, 0xd8, 0x14, 0x50,
    0xd, 0x6, 0x6e, 0xd0, 0xe9, 0xd4, 0x20, 0xc,
    0x60, 0x7b, 0xd0, 0x7e, 0xd6, 0x0, 0xc6, 0xf6,
    0x30, 0x30, 0xb, 0xe8, 0x2, 0x4f, 0xf6, 0x80,

    /* U+7EED "续" */
    0x0, 0xa4, 0x80, 0x35, 0xb0, 0x7, 0x85, 0x8c,
    0x3, 0xff, 0x80, 0xcc, 0x10, 0x6f, 0xf2, 0x4f,
    0xf9, 0x0, 0x29, 0x81, 0x6, 0xff, 0x24, 0xff,
    0x90, 0x1, 0x32, 0x1d, 0x5e, 0xe9, 0x27, 0xbf,
    0xc0, 0x8d, 0x9e, 0xeb, 0xf7, 0x98, 0x8f, 0x76,
    0x5, 0x98, 0x19, 0x1, 0xf, 0x4b, 0x12, 0xb0,
    0x16, 0x96, 0x20, 0xad, 0xf2, 0x70, 0xa2, 0x0,
    0x4a, 0xa7, 0x1d, 0x78, 0x98, 0x80, 0x62, 0x65,
    0x8e, 0x7f, 0x8c, 0x95, 0xff, 0x84, 0xbe, 0x91,
    0x9f, 0xfd, 0xa1, 0x7b, 0xfe, 0x10, 0x5a, 0xec,
    0x10, 0x1e, 0x70, 0xc4, 0x0, 0x1c, 0xe7, 0x51,
    0x2f, 0xac, 0x26, 0x4b, 0x81, 0xe3, 0x0, 0x12,
    0x2e, 0x40, 0x5, 0x96, 0x20, 0x1c, 0x9a, 0xa0,
    0x18, 0x70, 0x40,

    /* U+7F51 "网" */
    0xef, 0xff, 0xf9, 0x82, 0xfb, 0xbf, 0x8c, 0x0,
    0xe2, 0x25, 0x81, 0x1b, 0x45, 0xc0, 0xd, 0x41,
    0x83, 0x22, 0x80, 0x1c, 0xc3, 0x7, 0xbf, 0xa6,
    0xa0, 0x1d, 0x4c, 0x88, 0x67, 0x8c, 0x0, 0xe1,
    0x60, 0x10, 0x90, 0x60, 0xf, 0x10, 0x48, 0x20,
    0x78, 0x7, 0x12, 0x73, 0x95, 0xe0, 0x28, 0x4,
    0xfd, 0x3, 0x94, 0xc7, 0x0, 0x1b, 0x59, 0x80,
    0x2d, 0x40, 0x8a, 0x1, 0x55, 0x0, 0x7, 0xc2,
    0x2, 0x27, 0x0, 0xfe, 0x1e, 0xe0, 0xa0,

    /* U+884C "行" */
    0x0, 0x96, 0x80, 0x3f, 0xf8, 0x7, 0x5e, 0xf,
    0xff, 0xee, 0x0, 0x1e, 0x42, 0x83, 0xf7, 0x7b,
    0xc0, 0xf2, 0x1c, 0xc4, 0x4, 0x7e, 0x3, 0xa7,
    0x1d, 0x50, 0xf, 0xf2, 0x86, 0xba, 0x2a, 0xfe,
    0x10, 0x5, 0x9c, 0x8f, 0x76, 0x9a, 0x8e, 0x20,
    0xa4, 0x0, 0xd, 0xde, 0xd0, 0xcb, 0x35, 0x7c,
    0x0, 0xff, 0xe0, 0x2e, 0x88, 0x7, 0xff, 0x98,
    0x40, 0xc0, 0x3f, 0xf8, 0x11, 0xfa, 0x82, 0x1,
    0x8b, 0xc0, 0x34, 0xff, 0xac, 0x2,

    /* U+89C8 "览" */
    0x0, 0xff, 0xe3, 0x78, 0x82, 0xe0, 0x7, 0x17,
    0x0, 0x77, 0xa0, 0x7, 0xff, 0x1, 0x5f, 0xff,
    0x0, 0x7c, 0xc7, 0xcb, 0xbf, 0xe0, 0xf, 0xae,
    0x7, 0xfc, 0x20, 0x2, 0xd0, 0x4, 0x8e, 0xa0,
    0x2c, 0x90, 0x4, 0x79, 0x8a, 0xcc, 0xe8, 0x0,
    0xe3, 0x9f, 0xf4, 0xff, 0xc6, 0xe0, 0x1c, 0xe6,
    0x6a, 0x13, 0x30, 0x80, 0x7e, 0x10, 0x30, 0xf,
    0xc2, 0x0, 0x72, 0xe2, 0x2, 0x70, 0xd, 0xc4,
    0xb3, 0x0, 0x16, 0x1b, 0x80, 0x4b, 0x77, 0x28,
    0x8, 0x0, 0xa4, 0x23, 0xe7, 0x79, 0x1, 0x73,
    0xfd, 0xac, 0x11, 0xd8, 0xc0, 0x15, 0x7f, 0xe8,
    0x0,

    /* U+8B66 "警" */
    0x0, 0x34, 0x86, 0x18, 0x2, 0x50, 0x3, 0x15,
    0xcb, 0x59, 0xe5, 0xb, 0x30, 0x8c, 0x80, 0xac,
    0xf2, 0xf3, 0xaa, 0xc2, 0x27, 0x38, 0x82, 0x4a,
    0xa6, 0xba, 0x58, 0xe7, 0x17, 0x8, 0xd8, 0x4d,
    0x28, 0xeb, 0x3b, 0x22, 0xc0, 0x7, 0x61, 0xa2,
    0xe4, 0x45, 0x91, 0x15, 0x98, 0x1, 0xa1, 0x7e,
    0x11, 0xb6, 0x3b, 0x99, 0xe2, 0x15, 0xd7, 0x4a,
    0x70, 0x55, 0x32, 0xf4, 0x10, 0xcd, 0xde, 0xbe,
    0xdd, 0xd8, 0x0, 0x45, 0xee, 0xfe, 0x54, 0x0,
    0x84, 0xcf, 0xf8, 0x3, 0x88, 0xcf, 0xf8, 0x80,
    0x30, 0xbd, 0x57, 0xcc, 0xe0, 0x1c, 0x55, 0x5f,
    0x18, 0x7, 0x1f, 0xd5, 0x7d, 0xe8, 0x0,

    /* U+8BA1 "计" */
    0x0, 0x39, 0x0, 0x76, 0xa8, 0x7, 0x87, 0x8,
    0x3, 0xff, 0x80, 0xd1, 0xe0, 0x1f, 0xfc, 0x16,
    0xf0, 0xf, 0xf8, 0x88, 0x64, 0x1, 0xfe, 0x5d,
    0xd6, 0x1c, 0x6e, 0xc5, 0x5b, 0xb1, 0x2f, 0xf8,
    0x42, 0xe2, 0x20, 0x58, 0x88, 0x80, 0x38, 0xd5,
    0x62, 0xf5, 0x58, 0x3, 0xff, 0xae, 0xf4, 0x1,
    0xff, 0xc0, 0x1b, 0x30, 0xf, 0xfa, 0x42, 0x24,
    0x3, 0xfe, 0xda, 0x70, 0xf, 0xf0,

    /* U+8BE2 "询" */
    0x0, 0xf8, 0x4c, 0x3, 0xf6, 0x20, 0x5, 0x30,
    0x1, 0xfb, 0xed, 0x0, 0x5f, 0x48, 0xb8, 0x2,
    0x3a, 0x20, 0x80, 0x8c, 0xcd, 0xaa, 0x1, 0x2b,
    0x2b, 0x6f, 0x77, 0x10, 0x97, 0xfc, 0x3c, 0xbb,
    0xdd, 0x20, 0x1, 0xcb, 0x74, 0x0, 0xbf, 0x4e,
    0xe2, 0x80, 0xc, 0x0, 0x44, 0x0, 0xce, 0x22,
    0x70, 0x0, 0x88, 0x3, 0xe3, 0xcc, 0x18, 0x4,
    0x60, 0x1f, 0x26, 0xe9, 0x0, 0x40, 0x40, 0x32,
    0xd8, 0x27, 0xf9, 0x0, 0xc0, 0x30, 0x85, 0xf8,
    0xaf, 0xfc, 0x8c, 0x40, 0x16, 0x6, 0xa2, 0x28,
    0x0, 0x21, 0xce, 0x1, 0x77, 0x90, 0x6, 0x2e,
    0xf7, 0x80, 0x8, 0xc0, 0x3c, 0x5f, 0xed, 0x20,

    /* U+8BEF "误" */
    0x0, 0x8, 0x7, 0xff, 0x4, 0x7d, 0x80, 0x13,
    0xff, 0xe6, 0x0, 0xe, 0xc3, 0x80, 0x23, 0xff,
    0x20, 0x6, 0x3d, 0x20, 0xf, 0xfe, 0x9, 0xa8,
    0x2, 0x3f, 0xf2, 0x0, 0xb, 0xfe, 0x10, 0x9f,
    0xff, 0x30, 0x16, 0xe8, 0x2, 0x88, 0xf9, 0x80,
    0x4, 0x40, 0xf, 0x3a, 0x80, 0x4, 0x3, 0xe8,
    0x88, 0xba, 0x20, 0xe0, 0x1e, 0x1f, 0xf8, 0xb3,
    0xfe, 0xc0, 0xe, 0x5e, 0xe5, 0x0, 0x3b, 0xac,
    0x0, 0xdb, 0xe2, 0x29, 0x83, 0xa1, 0x10, 0x4,
    0xc0, 0x96, 0x78, 0xee, 0xd6, 0xd5, 0x0, 0x9e,
    0xa1, 0x3a, 0xac, 0x7, 0x56, 0x98, 0x0, 0x2a,
    0x9, 0xac, 0x1, 0xa3, 0xd8,

    /* U+8D1F "负" */
    0x0, 0xe4, 0x0, 0xff, 0xe0, 0x35, 0x8, 0x7,
    0xf8, 0xa4, 0x7f, 0xb9, 0xea, 0x1, 0xef, 0x7f,
    0xee, 0x59, 0x28, 0x6, 0x1c, 0x19, 0x11, 0x1d,
    0x48, 0x88, 0x2, 0xc6, 0x3f, 0xfb, 0x2, 0xbf,
    0x90, 0x1, 0xf4, 0x1f, 0xdc, 0xff, 0x77, 0x4,
    0x2, 0x20, 0xc, 0x3e, 0x20, 0x1f, 0xf1, 0x0,
    0x80, 0x7f, 0xc8, 0x40, 0x1f, 0xfc, 0xb, 0xa0,
    0xf, 0xe8, 0x16, 0x35, 0xa6, 0x8, 0x50, 0xc,
    0xb5, 0x16, 0x51, 0x9d, 0xc0, 0xa, 0x7b, 0xb,
    0xd0, 0xa, 0xb0, 0xb9, 0x42, 0xb7, 0xa0, 0x40,
    0x31, 0x56, 0x28,

    /* U+8D25 "败" */
    0x0, 0xfe, 0x70, 0xf, 0x77, 0xfe, 0x40, 0x4a,
    0x0, 0xfb, 0xbf, 0xc8, 0x0, 0xd4, 0x0, 0xfd,
    0xa2, 0x1, 0x33, 0x3f, 0xf0, 0x6, 0x30, 0x9,
    0x4b, 0xfd, 0xa5, 0xe0, 0x1f, 0xa8, 0x80, 0xc,
    0xc0, 0xf, 0xd8, 0x22, 0x0, 0x19, 0x80, 0x3c,
    0x21, 0x9e, 0xaa, 0xb, 0xb0, 0x7, 0x8, 0x4,
    0x3f, 0x22, 0x46, 0x1, 0x88, 0x80, 0x19, 0x3,
    0xd8, 0x3, 0x7a, 0xba, 0x52, 0x0, 0x24, 0x6c,
    0x3, 0xd, 0xf7, 0xb0, 0x0, 0x60, 0xf8, 0x40,
    0x2a, 0x74, 0xa9, 0x43, 0xc5, 0xc5, 0xf4, 0x5,
    0x1a, 0x1, 0xa7, 0xfb, 0x80, 0x8b, 0x90, 0x5b,
    0x0, 0x90, 0xf1, 0x80, 0x25, 0xd0,

    /* U+8D8B "趋" */
    0x0, 0x96, 0xc0, 0x21, 0xa0, 0xf, 0xfe, 0xc,
    0xab, 0xba, 0x0, 0x28, 0xca, 0x4c, 0x81, 0x74,
    0xfc, 0x70, 0xa, 0xbd, 0xc3, 0xea, 0x16, 0xe0,
    0x60, 0x2, 0x32, 0xe3, 0x21, 0x7c, 0x57, 0x51,
    0x20, 0x2e, 0xe4, 0x9f, 0x65, 0x6f, 0x61, 0xdd,
    0x1, 0x7f, 0xb8, 0x3f, 0xc9, 0x77, 0x62, 0x80,
    0x49, 0x40, 0x18, 0x6e, 0xf3, 0x80, 0x42, 0x20,
    0x7, 0xf8, 0x7f, 0xf2, 0x0, 0x46, 0x80, 0xe,
    0xe0, 0x22, 0x63, 0x0, 0x84, 0x14, 0x4, 0x53,
    0xff, 0x9c, 0x2, 0xd7, 0xa0, 0xa, 0x7b, 0xba,
    0x0, 0x9, 0x50, 0x10, 0x84, 0x1, 0xc2, 0x8,
    0x64, 0xda, 0x11, 0x9d, 0xde, 0x44, 0x78, 0x0,
    0xa3, 0x3b, 0xff, 0xc8,

    /* U+8F6E "轮" */
    0x0, 0xc, 0x0, 0x72, 0xc0, 0x7, 0x94, 0xc0,
    0x3a, 0x9c, 0x3, 0x27, 0xda, 0x7f, 0x80, 0xc,
    0x2b, 0x0, 0x12, 0x68, 0xd6, 0xe8, 0x6, 0x6a,
    0xd8, 0xc0, 0x22, 0x6, 0x12, 0xd, 0x54, 0x1b,
    0xd1, 0x0, 0x2b, 0xda, 0x6, 0x5, 0x0, 0x15,
    0xf0, 0x42, 0x74, 0x7c, 0x9a, 0x34, 0x2, 0x8a,
    0x10, 0x3b, 0x67, 0xda, 0x73, 0x1, 0xbd, 0x70,
    0x7, 0xf9, 0xe3, 0xc0, 0x25, 0xf0, 0xd0, 0xf,
    0x88, 0x40, 0x62, 0xec, 0x20, 0x2, 0x7a, 0x78,
    0xf2, 0x0, 0x6a, 0x80, 0x61, 0xdd, 0x1b, 0xe9,
    0x80, 0x80, 0x47, 0x40, 0x74, 0xe9, 0xe0, 0x1,
    0x10, 0x4, 0xa2, 0x1, 0xf8, 0x8f, 0xfe, 0x9e,
    0x0,

    /* U+8F7D "载" */
    0x0, 0xd3, 0x0, 0x16, 0x21, 0x80, 0x61, 0x33,
    0x29, 0x9c, 0x2, 0x15, 0x60, 0x12, 0xc4, 0xd,
    0x22, 0x2, 0x20, 0x90, 0x70, 0x2, 0x5d, 0x99,
    0xee, 0xc2, 0x2, 0x14, 0xc0, 0x5d, 0xd3, 0x3f,
    0x74, 0x75, 0xdf, 0xe3, 0x2e, 0xe3, 0x33, 0xfb,
    0xa5, 0x8e, 0xad, 0x30, 0xef, 0x76, 0xff, 0xac,
    0xbc, 0x21, 0xc0, 0x1d, 0x29, 0xf7, 0xfe, 0xbf,
    0x22, 0x90, 0x0, 0x31, 0x0, 0xb1, 0x0, 0x1b,
    0x5b, 0x0, 0x52, 0x39, 0xe1, 0xde, 0xca, 0x6d,
    0x20, 0x14, 0x7f, 0xc1, 0xfe, 0x61, 0x4, 0x11,
    0x0, 0x19, 0xe2, 0x43, 0x75, 0x4e, 0x4, 0x12,
    0xa1, 0xc1, 0xda, 0x1f, 0xbf, 0x36, 0xc8, 0x62,
    0x10, 0xec, 0x80, 0x44, 0xbd, 0x4a, 0xa3, 0xa0,
    0x7, 0x70, 0x17, 0x18, 0x2f, 0x60, 0x0,

    /* U+8FBE "达" */
    0x4, 0x40, 0x7, 0x1f, 0x0, 0x7d, 0x42, 0x1,
    0x9c, 0xc0, 0x3c, 0x88, 0xb0, 0xc, 0x20, 0x1f,
    0xa0, 0xcb, 0x76, 0xa2, 0xdd, 0xc2, 0x0, 0x29,
    0x2e, 0xe8, 0xcb, 0xbb, 0x8, 0x7, 0x19, 0xc0,
    0x67, 0xc0, 0x9f, 0xf0, 0x6, 0x31, 0x90, 0xc,
    0x9d, 0x60, 0x19, 0x47, 0x9d, 0xc0, 0x18, 0x5c,
    0x3, 0x44, 0x8e, 0xc2, 0x80, 0x7e, 0xa1, 0x70,
    0x3a, 0xa1, 0x80, 0x7b, 0x1f, 0x40, 0x25, 0x7e,
    0x0, 0xf, 0x82, 0xc6, 0x88, 0x6, 0x8f, 0x0,
    0x6a, 0xec, 0xf2, 0x10, 0x8e, 0x36, 0x23, 0x9,
    0x2c, 0xc4, 0x67, 0x76, 0xd9, 0x3, 0xc0, 0x9,
    0xb3, 0xbf, 0xf7, 0x69, 0x0,

    /* U+8FD0 "运" */
    0x0, 0xff, 0xe2, 0x4d, 0x88, 0xf, 0xff, 0xce,
    0x0, 0x80, 0xf3, 0x1e, 0xef, 0x9c, 0x0, 0x36,
    0xc2, 0x2, 0x3f, 0x0, 0x74, 0x11, 0x7f, 0x84,
    0x8, 0x82, 0x2d, 0xdf, 0xe9, 0x3c, 0xc7, 0x8f,
    0xfa, 0xc3, 0x7f, 0x7f, 0xd0, 0x7d, 0x80, 0x1b,
    0x98, 0x8f, 0x4, 0x3, 0xf1, 0xac, 0x1, 0xbc,
    0x0, 0x7e, 0xf6, 0x33, 0x2f, 0x32, 0x0, 0x7a,
    0xd, 0xbf, 0xee, 0x1a, 0x0, 0x94, 0x4e, 0x7b,
    0xf7, 0x2a, 0x7a, 0x0, 0x11, 0x31, 0xd6, 0xa2,
    0x1, 0x9, 0x29, 0xb, 0x63, 0xee, 0xa7, 0xbf,
    0xee, 0xdc, 0x41, 0xe2, 0x0, 0x3e, 0xff, 0xfc,
    0xc0,

    /* U+8FD1 "近" */
    0x3, 0x30, 0x6, 0x12, 0x46, 0x9c, 0x40, 0x3,
    0x69, 0x0, 0x3f, 0xbf, 0xee, 0xf4, 0x0, 0x2c,
    0xe0, 0x83, 0x3e, 0xdc, 0xb9, 0x80, 0x67, 0x60,
    0xf, 0xfe, 0x14, 0x8, 0x0, 0xc8, 0xbc, 0x0,
    0x22, 0x80, 0x6, 0x99, 0x8d, 0xd6, 0x60, 0xf,
    0x76, 0x0, 0xc, 0xf7, 0xa, 0xfb, 0x80, 0x7f,
    0xa0, 0x13, 0x98, 0x7, 0xff, 0x4, 0xdc, 0x3,
    0xff, 0x80, 0x82, 0x40, 0x1f, 0xfc, 0xf, 0x60,
    0xf, 0xe1, 0xe0, 0x42, 0x90, 0x9, 0xdc, 0x1,
    0xe, 0x2e, 0xc1, 0xa1, 0x91, 0x20, 0x11, 0x84,
    0xda, 0x4b, 0x31, 0xdc, 0xcc, 0xba, 0x68, 0x4a,
    0xc0, 0x26, 0xbd, 0xee, 0xb7, 0x58, 0x0,

    /* U+8FDE "连" */
    0x0, 0x10, 0x7, 0x31, 0x0, 0x7c, 0x9a, 0x60,
    0x11, 0x48, 0x7, 0xe4, 0x7d, 0x1b, 0xfd, 0xd,
    0xff, 0xc6, 0x1, 0x41, 0x2d, 0xf9, 0x5f, 0xff,
    0x18, 0x6, 0xc4, 0x5, 0x4, 0x47, 0x0, 0x79,
    0x12, 0x1, 0xaa, 0x11, 0x89, 0x14, 0x0, 0x18,
    0x85, 0x0, 0x53, 0x90, 0x19, 0x89, 0x0, 0xe,
    0x70, 0x0, 0x7f, 0xb9, 0x63, 0xdc, 0xb0, 0xf,
    0x84, 0x71, 0x8, 0xe0, 0xf, 0xb3, 0xba, 0x90,
    0xee, 0x9c, 0x3, 0xdb, 0xff, 0x58, 0xff, 0xce,
    0x1, 0x48, 0xa0, 0x7, 0xff, 0x2, 0xde, 0xaa,
    0x42, 0x10, 0x51, 0x23, 0x30, 0x13, 0x6a, 0xf9,
    0x4e, 0xf5, 0xa7, 0x6e, 0x40, 0x16, 0x88, 0xc,
    0x6f, 0xff, 0xd6, 0x0,

    /* U+8FDF "迟" */
    0x2, 0x20, 0x7, 0xff, 0x5, 0x30, 0x80, 0x1f,
    0xff, 0x18, 0x1, 0xa7, 0xc0, 0x2c, 0xee, 0xc2,
    0x1, 0x9d, 0x44, 0x0, 0x23, 0xc0, 0x1e, 0x81,
    0x0, 0xff, 0x84, 0x60, 0x10, 0xdf, 0xfc, 0x20,
    0x4, 0xee, 0x80, 0xc3, 0x75, 0x5b, 0xb1, 0x82,
    0x7e, 0x0, 0x18, 0x48, 0x93, 0x4, 0x40, 0xf,
    0x8d, 0x40, 0x18, 0xd4, 0x1, 0xfa, 0xf0, 0x2,
    0xd7, 0x90, 0xf, 0x21, 0x30, 0x4, 0x3e, 0xec,
    0x0, 0x1f, 0x1, 0xd1, 0x0, 0xc5, 0xae, 0x3,
    0x8b, 0xb3, 0x25, 0x32, 0x28, 0xdd, 0xc2, 0x6d,
    0x25, 0x98, 0xee, 0x66, 0x5b, 0x34, 0x5, 0x60,
    0x13, 0x5e, 0xf7, 0x6d, 0xc1,

    /* U+9001 "送" */
    0x3, 0x50, 0x9, 0x18, 0x2, 0x2a, 0x0, 0x86,
    0xd4, 0x0, 0xd0, 0x20, 0x8, 0x30, 0x8, 0xaa,
    0x84, 0x4, 0xe8, 0x6, 0x90, 0x1, 0x92, 0x8e,
    0x3d, 0xab, 0xf0, 0x7b, 0x80, 0x19, 0x46, 0x3f,
    0xe0, 0xdf, 0xf7, 0x0, 0x2e, 0xd4, 0x1, 0xe3,
    0x0, 0xee, 0xc4, 0xc, 0xcb, 0x43, 0x33, 0x20,
    0x2a, 0x80, 0x11, 0x15, 0x5, 0x44, 0x4a, 0x1,
    0xc8, 0x97, 0xc, 0xba, 0x20, 0x40, 0x3e, 0x56,
    0xca, 0xd3, 0x0, 0xfd, 0x15, 0x64, 0x97, 0x86,
    0x1, 0x48, 0x94, 0x9e, 0xa0, 0x1, 0x65, 0x0,
    0x18, 0x13, 0x83, 0x6, 0x1, 0xa, 0x20, 0xcc,
    0x36, 0xde, 0x3b, 0xdf, 0xf7, 0x6e, 0x21, 0xe8,
    0x0, 0x67, 0xbf, 0xb9, 0xff, 0x9c,

    /* U+90E8 "部" */
    0x0, 0x86, 0xc0, 0x3f, 0xf8, 0x22, 0xc8, 0x1,
    0x3f, 0xfe, 0x20, 0xaf, 0xf1, 0x5f, 0xf9, 0x41,
    0xbf, 0x0, 0x82, 0x9a, 0xfb, 0x8d, 0x2a, 0x1,
    0x5b, 0x0, 0x5f, 0xe1, 0x13, 0xa0, 0x6, 0x6b,
    0x0, 0x9d, 0x81, 0x54, 0x40, 0x12, 0xa8, 0x80,
    0x7f, 0x8b, 0xe9, 0x3e, 0xc0, 0x2, 0xc2, 0x3,
    0xdd, 0xf5, 0x80, 0x11, 0x6c, 0x0, 0x26, 0x7e,
    0x0, 0xd2, 0xa0, 0x5, 0xdc, 0xcd, 0xa0, 0x18,
    0x44, 0x40, 0x4, 0xee, 0xb4, 0x3, 0x84, 0x46,
    0x1, 0xff, 0x5e, 0x40, 0x80, 0x13, 0x76, 0xc0,
    0xd, 0x7a, 0xe0, 0x11, 0xff, 0xd4, 0x1, 0xf8,

    /* U+91C7 "采" */
    0x0, 0xfc, 0x46, 0xae, 0xe0, 0x9, 0x6e, 0xd9,
    0xbf, 0xed, 0xd4, 0xef, 0x88, 0x1, 0xfb, 0x91,
    0xd5, 0x9f, 0xd9, 0x7a, 0x20, 0x2, 0xd3, 0x43,
    0xd9, 0x0, 0xa6, 0x40, 0x1a, 0xe0, 0x42, 0x94,
    0x0, 0x4f, 0xc0, 0x18, 0xd1, 0x80, 0x90, 0x42,
    0x5c, 0x80, 0x3a, 0xdc, 0x9, 0x0, 0x1b, 0x0,
    0x10, 0xee, 0xb3, 0x76, 0xe, 0xdb, 0xdd, 0x84,
    0x53, 0x39, 0x40, 0x2a, 0x99, 0xc2, 0x8, 0x93,
    0xb4, 0x4, 0x4b, 0xa2, 0x40, 0x19, 0x72, 0x14,
    0x1a, 0x31, 0x40, 0x30, 0xcd, 0x51, 0x80, 0x26,
    0xaa, 0x84, 0xb, 0x97, 0x54, 0x3, 0x97, 0x5b,
    0x88, 0x99, 0x82, 0x0, 0xf8, 0xb3, 0x4,

    /* U+91CF "量" */
    0x0, 0x2f, 0x5d, 0xfd, 0xca, 0x1, 0xe1, 0x1f,
    0x80, 0x3e, 0x28, 0x8f, 0x8c, 0x3, 0x9d, 0x2a,
    0xbe, 0x57, 0x0, 0x1e, 0xfa, 0xaf, 0xf7, 0xe9,
    0x9b, 0x7e, 0x67, 0x44, 0xce, 0xed, 0x30, 0x5,
    0xf1, 0x10, 0xe8, 0xc8, 0x9b, 0xe0, 0x1c, 0xd9,
    0x90, 0x66, 0x4a, 0x1, 0xeb, 0xaa, 0x82, 0xea,
    0x92, 0x1, 0xdf, 0x97, 0x6d, 0xb, 0xbb, 0x90,
    0x3, 0x71, 0x9c, 0xa0, 0x46, 0x70, 0x7, 0x5d,
    0xed, 0xa, 0xbb, 0xc0, 0x4, 0xfc, 0xcd, 0x61,
    0x99, 0xde, 0xa0,

    /* U+949F "钟" */
    0x0, 0x3b, 0x80, 0x38, 0xf8, 0x3, 0xd2, 0x60,
    0x1f, 0xfc, 0x5, 0x1b, 0xff, 0x18, 0x7, 0xe1,
    0xba, 0xee, 0x86, 0x22, 0x18, 0x88, 0x9, 0x18,
    0x88, 0x6c, 0xc2, 0x60, 0x22, 0x38, 0x9f, 0x73,
    0x31, 0x20, 0xb5, 0xc3, 0x54, 0x0, 0x93, 0x47,
    0x6c, 0x3, 0xfc, 0xaa, 0x15, 0x50, 0x80, 0x7e,
    0x1e, 0xe0, 0x57, 0x12, 0x7e, 0xf, 0xf8, 0x0,
    0x37, 0x61, 0xfb, 0x32, 0xda, 0xd, 0xd0, 0x7,
    0xe4, 0xd2, 0x61, 0x22, 0x78, 0x80, 0x67, 0xb4,
    0x0, 0xff, 0x20, 0xd6, 0xa0, 0x7, 0xf8, 0xd7,
    0xd8, 0x3, 0xf8,

    /* U+9519 "错" */
    0x0, 0x3b, 0x0, 0x43, 0xe0, 0xe, 0x10, 0xd,
    0x2a, 0x1, 0xff, 0xc0, 0x61, 0xcf, 0xf2, 0x78,
    0x6e, 0x87, 0xac, 0xa, 0x2f, 0xfe, 0x4d, 0xf,
    0xf0, 0x5c, 0x80, 0x1d, 0xc6, 0x62, 0x2, 0x2,
    0x20, 0xa9, 0x1, 0x67, 0xe7, 0x43, 0xe8, 0x55,
    0x7, 0x68, 0x81, 0x70, 0x32, 0x8e, 0x6b, 0xfd,
    0x53, 0xe6, 0x2, 0x20, 0x31, 0x40, 0xf, 0x20,
    0x87, 0x70, 0x37, 0x8a, 0xbf, 0xf5, 0x20, 0x3,
    0xfc, 0x1d, 0xe4, 0x15, 0x58, 0x80, 0x3f, 0xdd,
    0xd8, 0x80, 0x3c, 0x70, 0x0, 0xee, 0xc4, 0x1,
    0x84, 0x34, 0x2, 0x33, 0xc4, 0x1, 0xa0, 0x7a,
    0x0, 0x1f, 0xf8, 0x3, 0xa7, 0x84, 0x1, 0xd9,
    0x9b, 0xd4, 0x0,

    /* U+957F "长" */
    0x0, 0x93, 0x80, 0x3c, 0xe6, 0x1, 0xff, 0xc0,
    0x9a, 0x20, 0xf, 0xf1, 0x62, 0x60, 0x80, 0x7f,
    0x3e, 0xb6, 0x88, 0x7, 0xf5, 0xd5, 0xd0, 0x7,
    0xfd, 0x7a, 0x80, 0x1e, 0x1f, 0xf5, 0x8f, 0xff,
    0xf1, 0xe, 0xea, 0x43, 0x74, 0x87, 0xbb, 0xc4,
    0x4, 0x50, 0x91, 0x28, 0xc0, 0x8b, 0x0, 0x7e,
    0x17, 0xf1, 0x0, 0xff, 0xe0, 0x43, 0x68, 0x80,
    0x7f, 0x13, 0x2d, 0xbf, 0xb0, 0x7, 0x70, 0xf6,
    0xe8, 0x42, 0xe6, 0x5c, 0x60, 0x10, 0xae, 0xfd,
    0xa0, 0x1, 0xfa, 0xcc,

    /* U+95F4 "间" */
    0x25, 0x0, 0xff, 0xe0, 0x5a, 0x7, 0xff, 0xe7,
    0x2b, 0xf0, 0xee, 0xf9, 0x1, 0x5e, 0xc0, 0x47,
    0xf0, 0x43, 0x0, 0x8f, 0x80, 0x3e, 0xdf, 0xcc,
    0xb8, 0x80, 0x3e, 0xad, 0xd8, 0x3, 0xf8, 0x48,
    0xa0, 0xf, 0xe8, 0xee, 0x80, 0x3f, 0xa7, 0x32,
    0x0, 0xfe, 0x23, 0x38, 0x3, 0xf2, 0xd7, 0xfc,
    0x66, 0x0, 0xf4, 0xe6, 0x70, 0x80, 0x80, 0x7f,
    0x8b, 0xd5, 0x35, 0x0, 0x3e, 0x2f, 0xe3,

    /* U+9635 "阵" */
    0x0, 0xf8, 0xd8, 0x3, 0xbb, 0xfe, 0x40, 0x5,
    0xe0, 0x7, 0xb7, 0x80, 0x7f, 0xce, 0xbf, 0xf8,
    0x2, 0x44, 0x2f, 0x60, 0x6f, 0x76, 0x0, 0xbb,
    0x80, 0x36, 0xc6, 0xa2, 0x30, 0x4, 0xa8, 0x0,
    0x6a, 0x2a, 0x0, 0xf4, 0x58, 0x39, 0x93, 0x88,
    0xe0, 0x9, 0x90, 0x64, 0xba, 0xc3, 0xb9, 0xa0,
    0x18, 0x97, 0xbf, 0xd8, 0x3f, 0xec, 0x0, 0x33,
    0x9a, 0x80, 0x7f, 0x9c, 0x2d, 0xff, 0xec, 0x1f,
    0xf8, 0xc0, 0x5d, 0x1b, 0x76, 0xa0, 0xdd, 0x8c,
    0x3, 0x88, 0xa6, 0x12, 0x28, 0x3, 0xff, 0x86,

    /* U+9648 "陈" */
    0x0, 0xfa, 0xc8, 0x3, 0xbb, 0xfe, 0x20, 0x34,
    0x20, 0xf, 0x76, 0x85, 0x6e, 0x6, 0xee, 0xc0,
    0x9, 0x55, 0x5c, 0xd, 0xdd, 0xbc, 0x2, 0xae,
    0x22, 0x4, 0xb9, 0x9e, 0x0, 0x19, 0x28, 0x32,
    0x85, 0x10, 0x7, 0x1b, 0xd8, 0x4c, 0x80, 0x3f,
    0xa5, 0x54, 0x39, 0xe3, 0xbf, 0xe7, 0x0, 0x84,
    0x4f, 0xbf, 0xe0, 0xcf, 0xf3, 0x80, 0xc, 0xc2,
    0x60, 0x60, 0x22, 0x24, 0x0, 0x9f, 0x9c, 0x79,
    0x40, 0x35, 0x8, 0x1, 0x36, 0x14, 0x18, 0x2,
    0x26, 0xb0, 0xe, 0x8e, 0x11, 0x80, 0x12, 0xe2,
    0x1, 0xb4, 0x9b, 0xd0, 0x80, 0x74, 0x40,

    /* U+964D "降" */
    0x0, 0xf9, 0x18, 0x3, 0xbb, 0xfe, 0x30, 0x1b,
    0x11, 0xc0, 0x17, 0x70, 0x8, 0x30, 0x2b, 0x3b,
    0x82, 0x1, 0x3a, 0x9e, 0x11, 0xef, 0x8c, 0x88,
    0x5, 0x72, 0x29, 0xe9, 0xfb, 0xc, 0x1, 0x11,
    0x9d, 0x8, 0x80, 0x6, 0x18, 0x4, 0x53, 0x27,
    0xe9, 0xae, 0xcd, 0xee, 0x20, 0x1, 0xdc, 0x9b,
    0xa6, 0x5d, 0x7d, 0xd2, 0x0, 0x44, 0x13, 0xfe,
    0xb1, 0xff, 0x80, 0x4, 0xa6, 0x3f, 0x9f, 0x85,
    0xfe, 0xc0, 0x3, 0xfc, 0x94, 0x38, 0x39, 0x80,
    0x72, 0xd3, 0x11, 0x2f, 0xec, 0x7f, 0xe3, 0x0,
    0xc5, 0xff, 0x61, 0x7f, 0xc6, 0x1, 0xff, 0xc2,

    /* U+9669 "险" */
    0x0, 0xfd, 0x2, 0x1, 0xbb, 0xfe, 0x20, 0x2,
    0xbb, 0x80, 0x3b, 0xb0, 0x48, 0x6, 0xe6, 0xc,
    0x3, 0xad, 0x80, 0x72, 0x5a, 0xb5, 0x0, 0x32,
    0xd1, 0x62, 0x38, 0x25, 0x5b, 0x80, 0xc, 0xec,
    0x56, 0xff, 0xae, 0xd4, 0x80, 0x73, 0x1f, 0x1f,
    0xfc, 0x9a, 0x80, 0x7, 0x61, 0x40, 0x5, 0x0,
    0x15, 0x40, 0x18, 0x4b, 0x94, 0x18, 0x82, 0x18,
    0x0, 0x66, 0x12, 0xff, 0x2, 0xba, 0x31, 0x80,
    0x1f, 0xa0, 0x11, 0x1, 0xc7, 0xfe, 0x0, 0x93,
    0x5c, 0x7, 0x41, 0xd4, 0x10, 0x3, 0xd1, 0x9f,
    0x99, 0x2e, 0x60, 0x40, 0x35, 0x44, 0x6b, 0xa8,
    0x80, 0x80,

    /* U+96C6 "集" */
    0x0, 0x8a, 0x0, 0xe, 0x40, 0x1f, 0xd2, 0x20,
    0xe, 0x80, 0xf, 0xd4, 0x8d, 0xdc, 0x65, 0xee,
    0xc8, 0x0, 0x45, 0xf, 0xee, 0x2c, 0x77, 0x64,
    0x3, 0xb3, 0xd, 0xd9, 0x63, 0x76, 0x80, 0x1,
    0xe5, 0x26, 0x64, 0x8f, 0x99, 0x40, 0x4, 0x60,
    0x95, 0x52, 0x3d, 0x55, 0x0, 0x1e, 0xcc, 0x80,
    0x73, 0x2f, 0x50, 0xf, 0xcd, 0x20, 0x1f, 0x12,
    0x6a, 0xa8, 0xd9, 0x15, 0x73, 0x81, 0x77, 0x6f,
    0xb0, 0xcf, 0xee, 0xc4, 0x4c, 0xca, 0xc2, 0x2,
    0x42, 0xf3, 0x22, 0x4, 0x9e, 0xe6, 0x30, 0x36,
    0x7f, 0x52, 0x89, 0x7f, 0xd2, 0x20, 0x10, 0xc7,
    0x7f, 0x80,

    /* U+9879 "项" */
    0x0, 0xe1, 0xff, 0xfd, 0x23, 0xbd, 0xfb, 0x3f,
    0xf2, 0x37, 0xfd, 0x23, 0x6e, 0x17, 0x82, 0x44,
    0x4c, 0x22, 0x8, 0x1, 0xa8, 0x59, 0x27, 0x70,
    0x2f, 0x36, 0x0, 0x3f, 0x37, 0x6e, 0x73, 0x80,
    0x7f, 0xd5, 0x0, 0x1f, 0xfd, 0x13, 0x0, 0xf3,
    0x8d, 0x60, 0x4, 0x22, 0x0, 0xc5, 0x96, 0x19,
    0xbe, 0x20, 0xbc, 0x1e, 0x20, 0x75, 0xde, 0xc2,
    0xf0, 0xa4, 0xb4, 0xd0, 0x2, 0xc2, 0x1, 0xc,
    0x5e, 0x99, 0x7a, 0x80, 0x7a, 0x38, 0xbc, 0xc2,
    0x2a, 0xd4, 0x3, 0xab, 0xa8, 0x40, 0x24, 0xc5,

    /* U+9996 "首" */
    0x0, 0x8e, 0x80, 0x3a, 0x58, 0x3, 0xc6, 0xd0,
    0x1, 0x23, 0xb8, 0x2, 0x2c, 0xc8, 0x97, 0x3b,
    0x2c, 0x77, 0x30, 0x44, 0x88, 0xaa, 0x6c, 0x6a,
    0xed, 0x11, 0x18, 0x22, 0x70, 0x13, 0x22, 0x70,
    0x80, 0x1f, 0xfe, 0x82, 0xff, 0xd0, 0x1, 0xcb,
    0xff, 0xf2, 0x80, 0x79, 0x77, 0x7e, 0x50, 0xf,
    0x26, 0x67, 0xc8, 0x1, 0xe1, 0x1f, 0xe0, 0xf,
    0x2f, 0x77, 0xca, 0x1, 0xe5, 0xee, 0xf9, 0x40,
    0x3c, 0xbd, 0xdf, 0x28, 0x7, 0x93, 0x33, 0xe3,
    0x0, 0x80,

    /* U+9AD8 "高" */
    0x0, 0xf1, 0x38, 0x7, 0xff, 0xa, 0xc, 0x3,
    0xc3, 0xff, 0xda, 0x19, 0xff, 0xc0, 0x3f, 0xff,
    0xfc, 0x10, 0xd, 0xbb, 0xfb, 0xc0, 0x3e, 0x9d,
    0xde, 0xe0, 0xf, 0x9e, 0x77, 0x7b, 0x8c, 0x3,
    0x1b, 0x65, 0xdf, 0xd5, 0x45, 0x0, 0x5e, 0x88,
    0xff, 0x2f, 0x80, 0x46, 0xf9, 0x17, 0x78, 0x1d,
    0xc6, 0x1, 0xcf, 0x3b, 0xb5, 0xf0, 0x7, 0xf1,
    0x80, 0x7f, 0xf0, 0x4a, 0xb7, 0x6b, 0xe0, 0xf,
    0xd1, 0xb9, 0x99, 0x75, 0xb0, 0x1, 0x10, 0x6,
    0x20, 0xc, 0x5b, 0xca, 0x0,

    /* U+9F84 "龄" */
    0x0, 0xff, 0xe3, 0x1e, 0x0, 0x76, 0xa0, 0x6,
    0x78, 0x0, 0xf1, 0x96, 0x80, 0x7c, 0x7d, 0xc0,
    0x4, 0x41, 0xc8, 0x3, 0xc7, 0xdc, 0x4, 0x77,
    0x47, 0x0, 0x7f, 0x15, 0x79, 0x33, 0xc0, 0x2c,
    0x3e, 0x1f, 0x73, 0xec, 0x70, 0xe9, 0x4d, 0x55,
    0xf5, 0x1c, 0xba, 0xa5, 0x4e, 0x3a, 0x60, 0x81,
    0xa2, 0xa, 0x3b, 0xa9, 0x97, 0xc0, 0x6, 0x60,
    0x8, 0x7b, 0xb0, 0x70, 0x6, 0x1b, 0x0, 0x8c,
    0xe5, 0x36, 0x0, 0x99, 0x95, 0x0, 0x9, 0x72,
    0x9f, 0x0, 0xc3, 0xf, 0x40, 0x8, 0xad, 0x73,
    0x0, 0x87, 0x37, 0x3c, 0x40, 0x70, 0x50, 0x3,
    0x5c, 0x76, 0xe8, 0x40, 0x3, 0xe2, 0x60, 0x12,
    0x19, 0x8, 0x70, 0x4, 0x3a, 0x60, 0x0
};


/*---------------------
 *  GLYPH DESCRIPTION
 *--------------------*/

static const lv_font_fmt_txt_glyph_dsc_t glyph_dsc[] = {
    {.bitmap_index = 0, .adv_w = 0, .box_w = 0, .box_h = 0, .ofs_x = 0, .ofs_y = 0} /* id = 0 reserved */,
    {.bitmap_index = 0, .adv_w = 54, .box_w = 0, .box_h = 0, .ofs_x = 0, .ofs_y = 0},
    {.bitmap_index = 0, .adv_w = 78, .box_w = 3, .box_h = 11, .ofs_x = 1, .ofs_y = 0},
    {.bitmap_index = 15, .adv_w = 114, .box_w = 5, .box_h = 5, .ofs_x = 1, .ofs_y = 6},
    {.bitmap_index = 28, .adv_w = 133, .box_w = 8, .box_h = 11, .ofs_x = 0, .ofs_y = 0},
    {.bitmap_index = 72, .adv_w = 133, .box_w = 8, .box_h = 14, .ofs_x = 0, .ofs_y = -2},
    {.bitmap_index = 123, .adv_w = 221, .box_w = 14, .box_h = 11, .ofs_x = 0, .ofs_y = 0},
    {.bitmap_index = 199, .adv_w = 163, .box_w = 10, .box_h = 11, .ofs_x = 0, .ofs_y = 0},
    {.bitmap_index = 250, .adv_w = 67, .box_w = 2, .box_h = 5, .ofs_x = 1, .ofs_y = 6},
    {.bitmap_index = 255, .adv_w = 81, .box_w = 4, .box_h = 15, .ofs_x = 1, .ofs_y = -3},
    {.bitmap_index = 287, .adv_w = 81, .box_w = 4, .box_h = 15, .ofs_x = 0, .ofs_y = -3},
    {.bitmap_index = 319, .adv_w = 112, .box_w = 7, .box_h = 5, .ofs_x = 0, .ofs_y = 6},
    {.bitmap_index = 336, .adv_w = 133, .box_w = 8, .box_h = 8, .ofs_x = 0, .ofs_y = 2},
    {.bitmap_index = 356, .adv_w = 67, .box_w = 4, .box_h = 5, .ofs_x = 0, .ofs_y = -3},
    {.bitmap_index = 367, .adv_w = 83, .box_w = 5, .box_h = 1, .ofs_x = 0, .ofs_y = 4},
    {.bitmap_index = 370, .adv_w = 67, .box_w = 3, .box_h = 2, .ofs_x = 1, .ofs_y = 0},
    {.bitmap_index = 373, .adv_w = 94, .box_w = 6, .box_h = 14, .ofs_x = 0, .ofs_y = -3},
    {.bitmap_index = 410, .adv_w = 133, .box_w = 8, .box_h = 11, .ofs_x = 0, .ofs_y = 0},
    {.bitmap_index = 452, .adv_w = 133, .box_w = 7, .box_h = 11, .ofs_x = 1, .ofs_y = 0},
    {.bitmap_index = 470, .adv_w = 133, .box_w = 8, .box_h = 11, .ofs_x = 0, .ofs_y = 0},
    {.bitmap_index = 509, .adv_w = 133, .box_w = 8, .box_h = 11, .ofs_x = 0, .ofs_y = 0},
    {.bitmap_index = 550, .adv_w = 133, .box_w = 8, .box_h = 11, .ofs_x = 0, .ofs_y = 0},
    {.bitmap_index = 585, .adv_w = 133, .box_w = 8, .box_h = 11, .ofs_x = 0, .ofs_y = 0},
    {.bitmap_index = 625, .adv_w = 133, .box_w = 8, .box_h = 11, .ofs_x = 0, .ofs_y = 0},
    {.bitmap_index = 668, .adv_w = 133, .box_w = 8, .box_h = 11, .ofs_x = 0, .ofs_y = 0},
    {.bitmap_index = 701, .adv_w = 133, .box_w = 8, .box_h = 11, .ofs_x = 0, .ofs_y = 0},
    {.bitmap_index = 745, .adv_w = 133, .box_w = 8, .box_h = 11, .ofs_x = 0, .ofs_y = 0},
    {.bitmap_index = 788, .adv_w = 67, .box_w = 3, .box_h = 8, .ofs_x = 1, .ofs_y = 0},
    {.bitmap_index = 797, .adv_w = 67, .box_w = 4, .box_h = 11, .ofs_x = 0, .ofs_y = -3},
    {.bitmap_index = 816, .adv_w = 133, .box_w = 8, .box_h = 7, .ofs_x = 0, .ofs_y = 2},
    {.bitmap_index = 842, .adv_w = 133, .box_w = 8, .box_h = 4, .ofs_x = 0, .ofs_y = 4},
    {.bitmap_index = 852, .adv_w = 133, .box_w = 8, .box_h = 7, .ofs_x = 0, .ofs_y = 2},
    {.bitmap_index = 879, .adv_w = 114, .box_w = 7, .box_h = 11, .ofs_x = 0, .ofs_y = 0},
    {.bitmap_index = 912, .adv_w = 227, .box_w = 14, .box_h = 13, .ofs_x = 0, .ofs_y = -2},
    {.bitmap_index = 1000, .adv_w = 146, .box_w = 10, .box_h = 11, .ofs_x = 0, .ofs_y = 0},
    {.bitmap_index = 1048, .adv_w = 158, .box_w = 9, .box_h = 11, .ofs_x = 1, .ofs_y = 0},
    {.bitmap_index = 1090, .adv_w = 153, .box_w = 10, .box_h = 11, .ofs_x = 0, .ofs_y = 0},
    {.bitmap_index = 1135, .adv_w = 165, .box_w = 9, .box_h = 11, .ofs_x = 1, .ofs_y = 0},
    {.bitmap_index = 1176, .adv_w = 141, .box_w = 8, .box_h = 11, .ofs_x = 1, .ofs_y = 0},
    {.bitmap_index = 1204, .adv_w = 132, .box_w = 7, .box_h = 11, .ofs_x = 1, .ofs_y = 0},
    {.bitmap_index = 1226, .adv_w = 165, .box_w = 10, .box_h = 11, .ofs_x = 0, .ofs_y = 0},
    {.bitmap_index = 1275, .adv_w = 175, .box_w = 9, .box_h = 11, .ofs_x = 1, .ofs_y = 0},
    {.bitmap_index = 1293, .adv_w = 70, .box_w = 2, .box_h = 11, .ofs_x = 1, .ofs_y = 0},
    {.bitmap_index = 1298, .adv_w = 128, .box_w = 7, .box_h = 11, .ofs_x = 0, .ofs_y = 0},
    {.bitmap_index = 1314, .adv_w = 155, .box_w = 9, .box_h = 11, .ofs_x = 1, .ofs_y = 0},
    {.bitmap_index = 1353, .adv_w = 130, .box_w = 7, .box_h = 11, .ofs_x = 1, .ofs_y = 0},
    {.bitmap_index = 1362, .adv_w = 195, .box_w = 10, .box_h = 11, .ofs_x = 1, .ofs_y = 0},
    {.bitmap_index = 1409, .adv_w = 174, .box_w = 9, .box_h = 11, .ofs_x = 1, .ofs_y = 0},
    {.bitmap_index = 1446, .adv_w = 178, .box_w = 11, .box_h = 11, .ofs_x = 0, .ofs_y = 0},
    {.bitmap_index = 1502, .adv_w = 152, .box_w = 8, .box_h = 11, .ofs_x = 1, .ofs_y = 0},
    {.bitmap_index = 1536, .adv_w = 178, .box_w = 11, .box_h = 14, .ofs_x = 0, .ofs_y = -3},
    {.bitmap_index = 1604, .adv_w = 152, .box_w = 9, .box_h = 11, .ofs_x = 1, .ofs_y = 0},
    {.bitmap_index = 1645, .adv_w = 143, .box_w = 9, .box_h = 11, .ofs_x = 0, .ofs_y = 0},
    {.bitmap_index = 1692, .adv_w = 144, .box_w = 9, .box_h = 11, .ofs_x = 0, .ofs_y = 0},
    {.bitmap_index = 1707, .adv_w = 173, .box_w = 9, .box_h = 11, .ofs_x = 1, .ofs_y = 0},
    {.bitmap_index = 1731, .adv_w = 138, .box_w = 9, .box_h = 11, .ofs_x = 0, .ofs_y = 0},
    {.bitmap_index = 1776, .adv_w = 211, .box_w = 13, .box_h = 11, .ofs_x = 0, .ofs_y = 0},
    {.bitmap_index = 1847, .adv_w = 138, .box_w = 9, .box_h = 11, .ofs_x = 0, .ofs_y = 0},
    {.bitmap_index = 1894, .adv_w = 127, .box_w = 9, .box_h = 11, .ofs_x = -1, .ofs_y = 0},
    {.bitmap_index = 1929, .adv_w = 145, .box_w = 9, .box_h = 11, .ofs_x = 0, .ofs_y = 0},
    {.bitmap_index = 1967, .adv_w = 81, .box_w = 4, .box_h = 14, .ofs_x = 1, .ofs_y = -3},
    {.bitmap_index = 1977, .adv_w = 94, .box_w = 6, .box_h = 14, .ofs_x = 0, .ofs_y = -3},
    {.bitmap_index = 2011, .adv_w = 81, .box_w = 4, .box_h = 14, .ofs_x = 0, .ofs_y = -3},
    {.bitmap_index = 2020, .adv_w = 133, .box_w = 7, .box_h = 6, .ofs_x = 1, .ofs_y = 5},
    {.bitmap_index = 2041, .adv_w = 134, .box_w = 9, .box_h = 1, .ofs_x = 0, .ofs_y = -2},
    {.bitmap_index = 2044, .adv_w = 145, .box_w = 4, .box_h = 4, .ofs_x = 2, .ofs_y = 9},
    {.bitmap_index = 2053, .adv_w = 135, .box_w = 8, .box_h = 8, .ofs_x = 0, .ofs_y = 0},
    {.bitmap_index = 2085, .adv_w = 148, .box_w = 8, .box_h = 11, .ofs_x = 1, .ofs_y = 0},
    {.bitmap_index = 2118, .adv_w = 122, .box_w = 8, .box_h = 8, .ofs_x = 0, .ofs_y = 0},
    {.bitmap_index = 2146, .adv_w = 149, .box_w = 8, .box_h = 11, .ofs_x = 0, .ofs_y = 0},
    {.bitmap_index = 2180, .adv_w = 133, .box_w = 8, .box_h = 8, .ofs_x = 0, .ofs_y = 0},
    {.bitmap_index = 2211, .adv_w = 78, .box_w = 6, .box_h = 11, .ofs_x = 0, .ofs_y = 0},
    {.bitmap_index = 2229, .adv_w = 135, .box_w = 9, .box_h = 11, .ofs_x = 0, .ofs_y = -3},
    {.bitmap_index = 2277, .adv_w = 146, .box_w = 7, .box_h = 11, .ofs_x = 1, .ofs_y = 0},
    {.bitmap_index = 2298, .adv_w = 66, .box_w = 2, .box_h = 11, .ofs_x = 1, .ofs_y = 0},
    {.bitmap_index = 2306, .adv_w = 66, .box_w = 4, .box_h = 14, .ofs_x = -1, .ofs_y = -3},
    {.bitmap_index = 2323, .adv_w = 132, .box_w = 8, .box_h = 11, .ofs_x = 1, .ofs_y = 0},
    {.bitmap_index = 2353, .adv_w = 68, .box_w = 3, .box_h = 11, .ofs_x = 1, .ofs_y = 0},
    {.bitmap_index = 2361, .adv_w = 222, .box_w = 12, .box_h = 8, .ofs_x = 1, .ofs_y = 0},
    {.bitmap_index = 2386, .adv_w = 146, .box_w = 7, .box_h = 8, .ofs_x = 1, .ofs_y = 0},
    {.bitmap_index = 2403, .adv_w = 145, .box_w = 9, .box_h = 8, .ofs_x = 0, .ofs_y = 0},
    {.bitmap_index = 2436, .adv_w = 149, .box_w = 8, .box_h = 11, .ofs_x = 1, .ofs_y = -3},
    {.bitmap_index = 2471, .adv_w = 149, .box_w = 8, .box_h = 11, .ofs_x = 0, .ofs_y = -3},
    {.bitmap_index = 2506, .adv_w = 93, .box_w = 5, .box_h = 9, .ofs_x = 1, .ofs_y = 0},
    {.bitmap_index = 2520, .adv_w = 112, .box_w = 7, .box_h = 8, .ofs_x = 0, .ofs_y = 0},
    {.bitmap_index = 2549, .adv_w = 90, .box_w = 6, .box_h = 10, .ofs_x = 0, .ofs_y = 0},
    {.bitmap_index = 2571, .adv_w = 146, .box_w = 7, .box_h = 8, .ofs_x = 1, .ofs_y = 0},
    {.bitmap_index = 2588, .adv_w = 125, .box_w = 8, .box_h = 8, .ofs_x = 0, .ofs_y = 0},
    {.bitmap_index = 2619, .adv_w = 192, .box_w = 12, .box_h = 8, .ofs_x = 0, .ofs_y = 0},
    {.bitmap_index = 2667, .adv_w = 120, .box_w = 8, .box_h = 8, .ofs_x = 0, .ofs_y = 0},
    {.bitmap_index = 2698, .adv_w = 125, .box_w = 8, .box_h = 11, .ofs_x = 0, .ofs_y = -3},
    {.bitmap_index = 2738, .adv_w = 114, .box_w = 7, .box_h = 8, .ofs_x = 0, .ofs_y = 0},
    {.bitmap_index = 2764, .adv_w = 81, .box_w = 5, .box_h = 14, .ofs_x = 0, .ofs_y = -3},
    {.bitmap_index = 2797, .adv_w = 65, .box_w = 2, .box_h = 16, .ofs_x = 1, .ofs_y = -4},
    {.bitmap_index = 2802, .adv_w = 81, .box_w = 5, .box_h = 14, .ofs_x = 0, .ofs_y = -3},
    {.bitmap_index = 2834, .adv_w = 133, .box_w = 8, .box_h = 2, .ofs_x = 0, .ofs_y = 4},
    {.bitmap_index = 2842, .adv_w = 89, .box_w = 5, .box_h = 4, .ofs_x = 0, .ofs_y = 7},
    {.bitmap_index = 2851, .adv_w = 240, .box_w = 5, .box_h = 4, .ofs_x = 5, .ofs_y = 4},
    {.bitmap_index = 2860, .adv_w = 240, .box_w = 15, .box_h = 14, .ofs_x = 0, .ofs_y = -1},
    {.bitmap_index = 2891, .adv_w = 240, .box_w = 15, .box_h = 13, .ofs_x = 0, .ofs_y = -1},
    {.bitmap_index = 2933, .adv_w = 240, .box_w = 15, .box_h = 13, .ofs_x = 0, .ofs_y = -1},
    {.bitmap_index = 2992, .adv_w = 240, .box_w = 15, .box_h = 14, .ofs_x = 0, .ofs_y = -1},
    {.bitmap_index = 3043, .adv_w = 240, .box_w = 13, .box_h = 14, .ofs_x = 1, .ofs_y = -1},
    {.bitmap_index = 3090, .adv_w = 240, .box_w = 15, .box_h = 14, .ofs_x = 0, .ofs_y = -1},
    {.bitmap_index = 3156, .adv_w = 240, .box_w = 15, .box_h = 15, .ofs_x = 0, .ofs_y = -2},
    {.bitmap_index = 3262, .adv_w = 240, .box_w = 15, .box_h = 15, .ofs_x = 0, .ofs_y = -2},
    {.bitmap_index = 3363, .adv_w = 240, .box_w = 13, .box_h = 14, .ofs_x = 1, .ofs_y = -1},
    {.bitmap_index = 3424, .adv_w = 240, .box_w = 15, .box_h = 15, .ofs_x = 0, .ofs_y = -2},
    {.bitmap_index = 3515, .adv_w = 240, .box_w = 14, .box_h = 15, .ofs_x = 0, .ofs_y = -2},
    {.bitmap_index = 3596, .adv_w = 240, .box_w = 15, .box_h = 15, .ofs_x = 0, .ofs_y = -2},
    {.bitmap_index = 3694, .adv_w = 240, .box_w = 15, .box_h = 15, .ofs_x = 0, .ofs_y = -2},
    {.bitmap_index = 3798, .adv_w = 240, .box_w = 15, .box_h = 16, .ofs_x = 0, .ofs_y = -2},
    {.bitmap_index = 3889, .adv_w = 240, .box_w = 15, .box_h = 15, .ofs_x = 0, .ofs_y = -2},
    {.bitmap_index = 3990, .adv_w = 240, .box_w = 15, .box_h = 14, .ofs_x = 0, .ofs_y = -2},
    {.bitmap_index = 4048, .adv_w = 240, .box_w = 13, .box_h = 13, .ofs_x = 1, .ofs_y = -1},
    {.bitmap_index = 4101, .adv_w = 240, .box_w = 15, .box_h = 14, .ofs_x = 0, .ofs_y = -1},
    {.bitmap_index = 4163, .adv_w = 240, .box_w = 15, .box_h = 14, .ofs_x = 0, .ofs_y = -2},
    {.bitmap_index = 4240, .adv_w = 240, .box_w = 14, .box_h = 15, .ofs_x = 0, .ofs_y = -2},
    {.bitmap_index = 4310, .adv_w = 240, .box_w = 15, .box_h = 14, .ofs_x = 0, .ofs_y = -2},
    {.bitmap_index = 4399, .adv_w = 240, .box_w = 15, .box_h = 14, .ofs_x = 0, .ofs_y = -1},
    {.bitmap_index = 4466, .adv_w = 240, .box_w = 15, .box_h = 15, .ofs_x = 0, .ofs_y = -2},
    {.bitmap_index = 4554, .adv_w = 240, .box_w = 15, .box_h = 15, .ofs_x = 0, .ofs_y = -2},
    {.bitmap_index = 4638, .adv_w = 240, .box_w = 15, .box_h = 15, .ofs_x = 0, .ofs_y = -2},
    {.bitmap_index = 4732, .adv_w = 240, .box_w = 14, .box_h = 13, .ofs_x = 1, .ofs_y = -1},
    {.bitmap_index = 4784, .adv_w = 240, .box_w = 14, .box_h = 16, .ofs_x = 1, .ofs_y = -2},
    {.bitmap_index = 4867, .adv_w = 240, .box_w = 13, .box_h = 14, .ofs_x = 1, .ofs_y = -1},
    {.bitmap_index = 4946, .adv_w = 240, .box_w = 15, .box_h = 14, .ofs_x = 0, .ofs_y = -1},
    {.bitmap_index = 5015, .adv_w = 240, .box_w = 15, .box_h = 15, .ofs_x = 0, .ofs_y = -2},
    {.bitmap_index = 5116, .adv_w = 240, .box_w = 15, .box_h = 15, .ofs_x = 0, .ofs_y = -2},
    {.bitmap_index = 5216, .adv_w = 240, .box_w = 15, .box_h = 15, .ofs_x = 0, .ofs_y = -2},
    {.bitmap_index = 5311, .adv_w = 240, .box_w = 15, .box_h = 15, .ofs_x = 0, .ofs_y = -2},
    {.bitmap_index = 5403, .adv_w = 240, .box_w = 15, .box_h = 14, .ofs_x = 0, .ofs_y = -1},
    {.bitmap_index = 5493, .adv_w = 240, .box_w = 15, .box_h = 14, .ofs_x = 0, .ofs_y = -1},
    {.bitmap_index = 5575, .adv_w = 240, .box_w = 14, .box_h = 14, .ofs_x = 0, .ofs_y = -1},
    {.bitmap_index = 5659, .adv_w = 240, .box_w = 15, .box_h = 16, .ofs_x = 0, .ofs_y = -2},
    {.bitmap_index = 5751, .adv_w = 240, .box_w = 15, .box_h = 15, .ofs_x = 0, .ofs_y = -2},
    {.bitmap_index = 5844, .adv_w = 240, .box_w = 15, .box_h = 15, .ofs_x = 0, .ofs_y = -2},
    {.bitmap_index = 5946, .adv_w = 240, .box_w = 15, .box_h = 15, .ofs_x = 0, .ofs_y = -1},
    {.bitmap_index = 6034, .adv_w = 240, .box_w = 15, .box_h = 15, .ofs_x = 0, .ofs_y = -2},
    {.bitmap_index = 6144, .adv_w = 240, .box_w = 15, .box_h = 14, .ofs_x = 0, .ofs_y = -2},
    {.bitmap_index = 6223, .adv_w = 240, .box_w = 13, .box_h = 14, .ofs_x = 1, .ofs_y = -2},
    {.bitmap_index = 6267, .adv_w = 240, .box_w = 14, .box_h = 15, .ofs_x = 1, .ofs_y = -2},
    {.bitmap_index = 6345, .adv_w = 240, .box_w = 13, .box_h = 15, .ofs_x = 1, .ofs_y = -2},
    {.bitmap_index = 6414, .adv_w = 240, .box_w = 15, .box_h = 13, .ofs_x = 0, .ofs_y = -1},
    {.bitmap_index = 6493, .adv_w = 240, .box_w = 15, .box_h = 14, .ofs_x = 0, .ofs_y = -1},
    {.bitmap_index = 6567, .adv_w = 240, .box_w = 15, .box_h = 15, .ofs_x = 0, .ofs_y = -2},
    {.bitmap_index = 6653, .adv_w = 240, .box_w = 15, .box_h = 15, .ofs_x = 0, .ofs_y = -2},
    {.bitmap_index = 6752, .adv_w = 240, .box_w = 15, .box_h = 14, .ofs_x = 0, .ofs_y = -1},
    {.bitmap_index = 6832, .adv_w = 240, .box_w = 15, .box_h = 15, .ofs_x = 0, .ofs_y = -1},
    {.bitmap_index = 6921, .adv_w = 240, .box_w = 15, .box_h = 16, .ofs_x = 0, .ofs_y = -2},
    {.bitmap_index = 7023, .adv_w = 240, .box_w = 15, .box_h = 15, .ofs_x = 0, .ofs_y = -1},
    {.bitmap_index = 7118, .adv_w = 240, .box_w = 15, .box_h = 13, .ofs_x = 0, .ofs_y = -1},
    {.bitmap_index = 7171, .adv_w = 240, .box_w = 15, .box_h = 15, .ofs_x = 0, .ofs_y = -2},
    {.bitmap_index = 7260, .adv_w = 240, .box_w = 13, .box_h = 15, .ofs_x = 1, .ofs_y = -2},
    {.bitmap_index = 7326, .adv_w = 240, .box_w = 15, .box_h = 15, .ofs_x = 0, .ofs_y = -2},
    {.bitmap_index = 7415, .adv_w = 240, .box_w = 15, .box_h = 15, .ofs_x = 0, .ofs_y = -2},
    {.bitmap_index = 7509, .adv_w = 240, .box_w = 15, .box_h = 15, .ofs_x = 0, .ofs_y = -2},
    {.bitmap_index = 7596, .adv_w = 240, .box_w = 15, .box_h = 15, .ofs_x = 0, .ofs_y = -2},
    {.bitmap_index = 7673, .adv_w = 240, .box_w = 15, .box_h = 15, .ofs_x = 0, .ofs_y = -1},
    {.bitmap_index = 7764, .adv_w = 240, .box_w = 14, .box_h = 14, .ofs_x = 0, .ofs_y = -2},
    {.bitmap_index = 7841, .adv_w = 240, .box_w = 15, .box_h = 13, .ofs_x = 0, .ofs_y = -1},
    {.bitmap_index = 7899, .adv_w = 240, .box_w = 15, .box_h = 14, .ofs_x = 0, .ofs_y = -1},
    {.bitmap_index = 7985, .adv_w = 240, .box_w = 15, .box_h = 14, .ofs_x = 0, .ofs_y = -1},
    {.bitmap_index = 8088, .adv_w = 240, .box_w = 15, .box_h = 15, .ofs_x = 0, .ofs_y = -2},
    {.bitmap_index = 8181, .adv_w = 240, .box_w = 13, .box_h = 14, .ofs_x = 1, .ofs_y = -1},
    {.bitmap_index = 8246, .adv_w = 240, .box_w = 15, .box_h = 15, .ofs_x = 0, .ofs_y = -2},
    {.bitmap_index = 8336, .adv_w = 240, .box_w = 15, .box_h = 15, .ofs_x = 0, .ofs_y = -2},
    {.bitmap_index = 8433, .adv_w = 240, .box_w = 14, .box_h = 15, .ofs_x = 1, .ofs_y = -2},
    {.bitmap_index = 8530, .adv_w = 240, .box_w = 14, .box_h = 14, .ofs_x = 0, .ofs_y = -2},
    {.bitmap_index = 8622, .adv_w = 240, .box_w = 15, .box_h = 15, .ofs_x = 0, .ofs_y = -2},
    {.bitmap_index = 8730, .adv_w = 240, .box_w = 15, .box_h = 14, .ofs_x = 0, .ofs_y = -1},
    {.bitmap_index = 8834, .adv_w = 240, .box_w = 15, .box_h = 15, .ofs_x = 0, .ofs_y = -2},
    {.bitmap_index = 8935, .adv_w = 240, .box_w = 15, .box_h = 15, .ofs_x = 0, .ofs_y = -2},
    {.bitmap_index = 9039, .adv_w = 240, .box_w = 15, .box_h = 15, .ofs_x = 0, .ofs_y = -2},
    {.bitmap_index = 9146, .adv_w = 240, .box_w = 13, .box_h = 13, .ofs_x = 1, .ofs_y = -1},
    {.bitmap_index = 9217, .adv_w = 240, .box_w = 15, .box_h = 15, .ofs_x = 0, .ofs_y = -2},
    {.bitmap_index = 9287, .adv_w = 240, .box_w = 14, .box_h = 16, .ofs_x = 1, .ofs_y = -2},
    {.bitmap_index = 9376, .adv_w = 240, .box_w = 15, .box_h = 15, .ofs_x = 0, .ofs_y = -2},
    {.bitmap_index = 9471, .adv_w = 240, .box_w = 15, .box_h = 14, .ofs_x = 0, .ofs_y = -1},
    {.bitmap_index = 9533, .adv_w = 240, .box_w = 15, .box_h = 15, .ofs_x = 0, .ofs_y = -2},
    {.bitmap_index = 9629, .adv_w = 240, .box_w = 15, .box_h = 15, .ofs_x = 0, .ofs_y = -2},
    {.bitmap_index = 9722, .adv_w = 240, .box_w = 14, .box_h = 15, .ofs_x = 0, .ofs_y = -2},
    {.bitmap_index = 9805, .adv_w = 240, .box_w = 15, .box_h = 15, .ofs_x = 0, .ofs_y = -2},
    {.bitmap_index = 9899, .adv_w = 240, .box_w = 15, .box_h = 15, .ofs_x = 0, .ofs_y = -2},
    {.bitmap_index = 9999, .adv_w = 240, .box_w = 15, .box_h = 14, .ofs_x = 0, .ofs_y = -1},
    {.bitmap_index = 10096, .adv_w = 240, .box_w = 15, .box_h = 15, .ofs_x = 0, .ofs_y = -2},
    {.bitmap_index = 10207, .adv_w = 240, .box_w = 15, .box_h = 15, .ofs_x = 0, .ofs_y = -2},
    {.bitmap_index = 10300, .adv_w = 240, .box_w = 15, .box_h = 15, .ofs_x = 0, .ofs_y = -2},
    {.bitmap_index = 10389, .adv_w = 240, .box_w = 15, .box_h = 15, .ofs_x = 0, .ofs_y = -2},
    {.bitmap_index = 10484, .adv_w = 240, .box_w = 16, .box_h = 15, .ofs_x = 0, .ofs_y = -2},
    {.bitmap_index = 10584, .adv_w = 240, .box_w = 15, .box_h = 15, .ofs_x = 0, .ofs_y = -2},
    {.bitmap_index = 10677, .adv_w = 240, .box_w = 15, .box_h = 15, .ofs_x = 0, .ofs_y = -2},
    {.bitmap_index = 10779, .adv_w = 240, .box_w = 15, .box_h = 14, .ofs_x = 0, .ofs_y = -1},
    {.bitmap_index = 10867, .adv_w = 240, .box_w = 15, .box_h = 14, .ofs_x = 0, .ofs_y = -1},
    {.bitmap_index = 10962, .adv_w = 240, .box_w = 15, .box_h = 13, .ofs_x = 0, .ofs_y = -1},
    {.bitmap_index = 11037, .adv_w = 240, .box_w = 15, .box_h = 14, .ofs_x = 0, .ofs_y = -1},
    {.bitmap_index = 11120, .adv_w = 240, .box_w = 15, .box_h = 15, .ofs_x = 0, .ofs_y = -2},
    {.bitmap_index = 11219, .adv_w = 240, .box_w = 15, .box_h = 14, .ofs_x = 0, .ofs_y = -1},
    {.bitmap_index = 11295, .adv_w = 240, .box_w = 13, .box_h = 15, .ofs_x = 1, .ofs_y = -2},
    {.bitmap_index = 11358, .adv_w = 240, .box_w = 14, .box_h = 14, .ofs_x = 1, .ofs_y = -1},
    {.bitmap_index = 11438, .adv_w = 240, .box_w = 14, .box_h = 14, .ofs_x = 1, .ofs_y = -1},
    {.bitmap_index = 11525, .adv_w = 240, .box_w = 14, .box_h = 14, .ofs_x = 1, .ofs_y = -1},
    {.bitmap_index = 11613, .adv_w = 240, .box_w = 14, .box_h = 14, .ofs_x = 1, .ofs_y = -1},
    {.bitmap_index = 11703, .adv_w = 240, .box_w = 15, .box_h = 14, .ofs_x = 0, .ofs_y = -1},
    {.bitmap_index = 11793, .adv_w = 240, .box_w = 15, .box_h = 14, .ofs_x = 0, .ofs_y = -2},
    {.bitmap_index = 11873, .adv_w = 240, .box_w = 15, .box_h = 14, .ofs_x = 0, .ofs_y = -1},
    {.bitmap_index = 11947, .adv_w = 240, .box_w = 15, .box_h = 15, .ofs_x = 0, .ofs_y = -2},
    {.bitmap_index = 12024, .adv_w = 240, .box_w = 15, .box_h = 16, .ofs_x = 0, .ofs_y = -2}
};

/*---------------------
 *  CHARACTER MAPPING
 *--------------------*/

static const uint16_t unicode_list_1[] = {
    0x0, 0x7, 0x4d5a, 0x4d5b, 0x4d5d, 0x4d7a, 0x4d7d, 0x4d8b,
    0x4fb5, 0x4ff8, 0x50d5, 0x5156, 0x5167, 0x51f8, 0x520f, 0x52c1,
    0x5321, 0x533f, 0x535c, 0x5360, 0x536e, 0x539a, 0x55b8, 0x5678,
    0x5881, 0x5aa8, 0x5b09, 0x5d42, 0x5d77, 0x5d88, 0x5dc4, 0x5df6,
    0x5e07, 0x5e46, 0x5ed5, 0x5f51, 0x5f8b, 0x605f, 0x6251, 0x62be,
    0x62f5, 0x6486, 0x64c0, 0x6530, 0x6537, 0x6546, 0x6642, 0x6650,
    0x667a, 0x668a, 0x66b1, 0x6735, 0x6787, 0x6788, 0x6810, 0x6ab3,
    0x6ab5, 0x6b24, 0x6c38, 0x6c8b, 0x6d79, 0x7009, 0x7206, 0x7478,
    0x75ce, 0x7628, 0x7811, 0x790b, 0x79ca, 0x7a3f, 0x7a99, 0x7c4b,
    0x7c7f, 0x7df7, 0x7e0f, 0x7e2c, 0x7e2f, 0x7e3d, 0x7ea1, 0x879c,
    0x8918, 0x8ab6, 0x8af1, 0x8b32, 0x8b3f, 0x8c6f, 0x8c75, 0x8cdb,
    0x8ebe, 0x8ecd, 0x8f0e, 0x8f20, 0x8f21, 0x8f2e, 0x8f2f, 0x8f51,
    0x9038, 0x9117, 0x911f, 0x93ef, 0x9469, 0x94cf, 0x9544, 0x9585,
    0x9598, 0x959d, 0x95b9, 0x9616, 0x97c9, 0x98e6, 0x9a28, 0x9ed4
};

/*Collect the unicode lists and glyph_id offsets*/
static const lv_font_fmt_txt_cmap_t cmaps[] =
{
    {
        .range_start = 32, .range_length = 95, .glyph_id_start = 1,
        .unicode_list = NULL, .glyph_id_ofs_list = NULL, .list_length = 0, .type = LV_FONT_FMT_TXT_CMAP_FORMAT0_TINY
    },
    {
        .range_start = 176, .range_length = 40661, .glyph_id_start = 96,
        .unicode_list = unicode_list_1, .glyph_id_ofs_list = NULL, .list_length = 112, .type = LV_FONT_FMT_TXT_CMAP_SPARSE_TINY
    }
};

/*-----------------
 *    KERNING
 *----------------*/


/*Map glyph_ids to kern left classes*/
static const uint8_t kern_left_class_mapping[] =
{
    0, 0, 0, 1, 0, 0, 0, 0,
    1, 2, 0, 0, 0, 3, 4, 3,
    5, 0, 0, 0, 0, 0, 0, 0,
    0, 0, 0, 6, 6, 0, 0, 0,
    0, 0, 7, 8, 9, 10, 11, 12,
    13, 0, 0, 14, 15, 16, 0, 0,
    10, 17, 10, 18, 19, 20, 21, 22,
    23, 24, 25, 26, 2, 27, 0, 0,
    0, 0, 28, 29, 30, 0, 31, 32,
    33, 34, 0, 0, 35, 36, 34, 34,
    29, 29, 37, 38, 39, 40, 37, 41,
    42, 43, 44, 45, 2, 0, 0, 0,
    0, 0, 0, 0, 0, 0, 0, 0,
    0, 0, 0, 0, 0, 0, 0, 0,
    0, 0, 0, 0, 0, 0, 0, 0,
    0, 0, 0, 0, 0, 0, 0, 0,
    0, 0, 0, 0, 0, 0, 0, 0,
    0, 0, 0, 0, 0, 0, 0, 0,
    0, 0, 0, 0, 0, 0, 0, 0,
    0, 0, 0, 0, 0, 0, 0, 0,
    0, 0, 0, 0, 0, 0, 0, 0,
    0, 0, 0, 0, 0, 0, 0, 0,
    0, 0, 0, 0, 0, 0, 0, 0,
    0, 0, 0, 0, 0, 0, 0, 0,
    0, 0, 0, 0, 0, 0, 0, 0,
    0, 0, 0, 0, 0, 0, 0, 0
};

/*Map glyph_ids to kern right classes*/
static const uint8_t kern_right_class_mapping[] =
{
    0, 0, 1, 2, 0, 0, 0, 0,
    2, 0, 3, 4, 0, 5, 6, 7,
    8, 0, 0, 0, 0, 0, 0, 0,
    0, 0, 0, 9, 10, 0, 0, 0,
    11, 0, 12, 0, 13, 0, 0, 0,
    13, 0, 0, 14, 0, 0, 0, 0,
    13, 0, 13, 0, 15, 16, 17, 18,
    19, 20, 21, 22, 0, 23, 3, 0,
    0, 0, 24, 0, 25, 25, 25, 26,
    27, 0, 28, 29, 0, 0, 30, 30,
    25, 30, 25, 30, 31, 32, 33, 34,
    35, 36, 37, 38, 0, 0, 3, 0,
    0, 0, 0, 0, 0, 0, 0, 0,
    0, 0, 0, 0, 0, 0, 0, 0,
    0, 0, 0, 0, 0, 0, 0, 0,
    0, 0, 0, 0, 0, 0, 0, 0,
    0, 0, 0, 0, 0, 0, 0, 0,
    0, 0, 0, 0, 0, 0, 0, 0,
    0, 0, 0, 0, 0, 0, 0, 0,
    0, 0, 0, 0, 0, 0, 0, 0,
    0, 0, 0, 0, 0, 0, 0, 0,
    0, 0, 0, 0, 0, 0, 0, 0,
    0, 0, 0, 0, 0, 0, 0, 0,
    0, 0, 0, 0, 0, 0, 0, 0,
    0, 0, 0, 0, 0, 0, 0, 0,
    0, 0, 0, 0, 0, 0, 0, 0
};

/*Kern values between classes*/
static const int8_t kern_class_values[] =
{
    0, 0, 0, 0, -31, 0, -31, 0,
    0, 0, 0, -15, 0, -26, -3, 0,
    0, 0, 0, -3, 0, 0, 0, 0,
    -9, 0, 0, 0, 0, 0, -6, 0,
    0, 0, 0, 0, 0, 0, 0, 0,
    0, 0, 0, 0, 0, 0, 0, 0,
    0, 0, 0, -6, 0, 0, 0, 0,
    0, 0, 0, 0, 0, 0, 0, 0,
    0, 0, 21, 0, 0, 0, 0, 0,
    0, 0, 0, 0, 0, -26, 0, -37,
    0, 0, 0, 0, 0, 0, 0, 0,
    0, 0, 0, -27, -6, -18, -10, 0,
    -25, 0, 0, 0, -4, 0, 0, 0,
    6, 0, 0, -13, 0, -10, -6, 0,
    -6, 0, 0, 0, 0, 0, 0, 0,
    0, 0, 0, 0, 0, 0, 0, -6,
    -5, -13, 0, -6, -3, -8, -18, -6,
    0, 0, 0, 0, 0, 0, 0, 0,
    0, -8, 0, -3, 0, -4, 0, 0,
    0, 0, 0, 0, 0, 0, 0, 0,
    0, 0, 0, -12, -3, -22, 0, 0,
    0, 0, 0, 0, 0, 0, 0, -7,
    -9, 0, -3, 6, 6, 0, 0, 2,
    -6, 0, 0, 0, 0, 0, 0, 0,
    0, -14, 0, 0, 0, 0, 0, 0,
    0, 0, 0, 0, 0, 0, 0, 0,
    0, 0, -8, 0, 0, 0, 0, 0,
    0, 0, 0, 0, 0, 0, 0, 0,
    0, 0, 0, 0, 0, -15, 0, -26,
    0, 0, 0, 0, 0, 0, -8, -2,
    -3, 0, 0, -15, -5, -4, 0, 0,
    -4, -3, -12, 6, 0, -3, 0, 0,
    0, 0, 6, -4, -2, -3, -2, -2,
    -3, 0, 0, 0, 0, -9, 0, 0,
    0, 0, 0, 0, 0, 0, 0, -5,
    -4, -7, 0, -2, -2, -2, -4, -2,
    0, 0, 0, 0, 0, 0, 0, 0,
    0, -3, 0, -4, -3, -3, -4, 0,
    0, 0, 0, 0, 0, -8, 0, 0,
    0, 0, 0, 0, -8, -3, -7, -5,
    -4, -2, -2, -2, -3, -3, 0, 0,
    0, 0, -6, 0, 0, 0, 0, -8,
    -3, -4, -3, 0, -4, 0, 0, 0,
    0, -10, 0, 0, 0, -5, 0, 0,
    0, -3, 0, -11, 0, -7, 0, -3,
    -2, -5, -6, -6, 0, 0, 0, 0,
    0, 0, 0, 0, 0, 0, 0, 0,
    0, -4, 0, -3, 0, 0, 0, 0,
    0, 0, 0, 0, 0, 0, 0, 0,
    0, 0, 0, 0, 0, 0, 0, 0,
    0, 0, 0, 0, -3, 0, 0, 0,
    0, 0, 0, -7, 0, -3, 0, -9,
    -3, 0, 0, 0, 0, 0, -20, 0,
    -20, -20, 0, 0, 0, -11, -3, -38,
    -6, 0, 0, 0, 0, -7, 0, -9,
    0, -10, -4, 0, -7, 0, 0, -6,
    -6, -3, -5, -6, -5, -8, -5, -8,
    0, 0, 0, -8, 0, 0, 0, 0,
    0, 0, 0, -2, 0, 0, 0, -6,
    0, -4, -2, 0, 0, 0, 0, 0,
    0, 0, 0, 0, 0, 0, 0, 0,
    0, 0, 0, 0, 0, 0, 0, 0,
    0, 0, -7, 0, -7, 0, 0, 0,
    0, 0, 0, -12, 0, 0, 0, 0,
    0, 0, 0, 0, 0, 0, 0, 0,
    0, 0, 0, 0, 0, 0, 0, 0,
    0, 0, 0, 0, 0, -6, 0, -12,
    0, -8, 0, 0, 0, 0, -3, -3,
    -6, 0, -3, -5, -4, -4, -3, 0,
    -5, 0, 0, 0, -3, 0, 0, 0,
    -3, 0, 0, -10, -5, -6, -5, -5,
    -6, -4, 0, -24, 0, -41, 0, -15,
    0, 0, 0, 0, -9, 0, -8, 0,
    -7, -33, -8, -21, -16, 0, -21, 0,
    -22, 0, -4, -4, -2, 0, 0, 0,
    0, -6, -3, -10, -10, 0, -10, 0,
    0, 0, 0, 0, -31, -10, -31, -22,
    0, 0, 0, -14, 0, -40, -3, -7,
    0, 0, 0, -7, -3, -23, 0, -12,
    -7, 0, -9, 0, 0, 0, -3, 0,
    0, 0, 0, -4, 0, -6, 0, 0,
    0, -3, 0, -8, 0, 0, 0, 0,
    0, -2, 0, -5, -4, -4, 0, 1,
    1, -2, -1, -3, 0, -2, -3, 0,
    -2, 0, 0, 0, 0, 0, 0, 0,
    0, -3, 0, -3, 0, 0, 0, -5,
    0, 3, 0, 0, 0, 0, 0, 0,
    0, -4, -4, -6, 0, 0, 0, 0,
    -4, 0, 0, 0, 0, 0, 0, 0,
    0, 0, 0, -7, 0, 0, 0, 0,
    0, -1, 0, 0, 0, 0, -29, -20,
    -29, -25, -6, -6, 0, -12, -7, -35,
    -12, 0, 0, 0, 0, -6, -4, -15,
    0, -20, -18, -5, -20, 0, 0, -13,
    -16, -5, -13, -10, -10, -12, -10, -21,
    0, 0, 0, 0, -5, 0, -5, -9,
    0, 0, 0, -5, 0, -13, -3, 0,
    0, -2, 0, -3, -4, 0, 0, -2,
    0, 0, -3, 0, 0, 0, -2, 0,
    0, 0, 0, -3, 0, 0, 0, 0,
    0, 0, -18, -6, -18, -13, 0, 0,
    0, -4, -3, -20, -3, 0, -3, 2,
    0, 0, 0, -6, 0, -6, -5, 0,
    -6, 0, 0, -6, -4, 0, -9, -3,
    -3, -5, -3, -7, 0, 0, 0, 0,
    -10, -3, -10, -9, 0, 0, 0, 0,
    -2, -18, -2, 0, 0, 0, 0, 0,
    0, -2, 0, -5, 0, 0, -4, 0,
    0, 0, 0, 0, 0, 0, 0, 0,
    0, -3, 0, -3, 0, -3, 0, -8,
    0, 0, 0, 0, 0, 0, -5, -1,
    -4, -6, -3, 0, 0, 0, 0, 0,
    0, -3, -3, -5, 0, 0, 0, 0,
    0, -5, -3, -5, -4, -3, -5, -4,
    0, 0, 0, 0, -25, -18, -25, -19,
    -7, -7, -3, -4, -4, -27, -5, -4,
    -3, 0, 0, 0, 0, -8, 0, -19,
    -12, 0, -17, 0, 0, -12, -12, -8,
    -10, -4, -7, -10, -4, -13, 0, 0,
    0, 0, 0, -10, 0, 0, 0, 0,
    0, -2, -6, -10, -9, 0, -3, -2,
    -2, 0, -4, -5, 0, -5, -6, -6,
    -5, 0, 0, 0, 0, -4, -7, -5,
    -5, -7, -5, 0, 0, 0, 0, 0,
    0, 0, 0, 0, 0, 0, 0, 0,
    0, 0, 0, -24, -9, -15, -9, 0,
    -20, 0, 0, 0, 0, 0, 8, 0,
    19, 0, 0, 0, 0, -6, -3, 0,
    3, 0, 0, 0, 0, -15, 0, 0,
    0, 0, 0, 0, -4, 0, 0, 0,
    0, -7, 0, -5, -2, 0, -7, 0,
    0, 0, 0, 0, 0, 0, 0, 0,
    0, -4, 0, 0, 0, 0, 0, 0,
    0, -9, 0, -8, -3, 1, -3, 0,
    0, 0, -4, 0, 0, 0, 0, -16,
    0, -6, 0, -2, -13, 0, -8, -5,
    0, -1, 0, 0, 0, 0, -1, -5,
    0, -2, -2, -5, -2, -2, 0, 0,
    0, 0, 0, -6, 0, 0, 0, 0,
    0, 0, 0, 0, 0, -6, 0, -4,
    0, 0, -7, 0, 0, -3, -6, 0,
    -3, 0, 0, 0, 0, -3, 0, 1,
    1, 1, 1, 0, 0, 0, 0, -10,
    0, 2, 0, 0, 0, 0, -3, 0,
    0, -6, -6, -7, 0, -5, -3, 0,
    -8, 0, -6, -5, 0, -1, -3, 0,
    0, 0, 0, -3, 0, 1, 1, -3,
    1, 0, 3, 10, 13, 0, -14, -4,
    -14, -5, 0, 0, 6, 0, 0, 0,
    0, 12, 0, 17, 12, 8, 15, 0,
    16, -6, -3, 0, -5, 0, -3, 0,
    -2, 0, 0, 3, 0, -2, 0, -4,
    0, 0, 3, -10, 0, 0, 0, 12,
    0, 0, -10, 0, 0, 0, 0, -8,
    0, 0, 0, 0, -4, 0, 0, -5,
    -4, 0, 0, 0, 9, 0, 0, 0,
    0, -2, -2, 0, 3, -4, 0, 0,
    0, -10, 0, 0, 0, 0, 0, 0,
    -3, 0, 0, 0, 0, -7, 0, -3,
    0, 0, -5, 0, 0, 0, 0, 0,
    0, 0, 0, 0, 0, 0, 0, 0,
    0, 0, 0, 0, 0, 0, 0, -6,
    3, -12, 3, 0, 3, 3, -4, 0,
    0, 0, 0, -10, 0, 0, 0, 0,
    -4, 0, 0, -3, -6, 0, -3, 0,
    -3, 0, 0, -6, -4, 0, 0, -3,
    0, -3, 0, 0, 0, 0, 0, 0,
    0, 0, 0, 0, 0, 0, 0, 0,
    0, 0, 0, 0, 0, 0, 0, 0,
    0, 0, 0, 0, 0, 0, 1, 0,
    0, 0, 0, 0, 0, 0, 0, 0,
    0, 0, 0, -7, 0, 0, 0, 0,
    0, 0, 0, 0, 0, 0, 0, -6,
    0, -4, 0, 0, -9, 0, 0, 0,
    0, 0, 0, 0, 0, 0, 0, 0,
    0, 0, 0, 0, 0, 0, 0, 0,
    0, 0, -15, -7, -15, -10, 6, 6,
    0, -4, 0, -15, 0, 0, 0, 0,
    0, 0, 0, -3, 3, -7, -3, 0,
    -3, 0, 0, 0, -2, 0, 0, 6,
    5, 0, 6, -2, 0, 0, 0, -14,
    0, 2, 0, 0, 0, 0, -4, 0,
    0, 0, 0, -7, 0, -3, 0, 0,
    -6, 0, 0, 0, 0, 0, 0, 0,
    0, 0, 0, -6, 0, 0, 0, 0,
    0, 0, 0, 0, 0, 0, 1, -8,
    1, 2, 3, 3, -8, 0, 0, 0,
    0, -4, 0, 0, 0, 0, -2, 0,
    0, -6, -4, 0, -3, 0, 0, 0,
    -3, -6, 0, 0, 0, -5, 0, 0,
    0, 0, 0, -4, -10, -3, -10, -6,
    0, 0, 0, -4, 0, -12, 0, -6,
    0, -3, 0, 0, -4, -3, 0, -6,
    -2, 0, 0, 0, -3, 0, 0, 0,
    0, 0, 0, 0, 0, -7, 0, 0,
    0, -4, -11, 0, -11, -3, 0, 0,
    0, -2, 0, -9, 0, -7, 0, -3,
    0, -4, -7, 0, 0, -3, -2, 0,
    0, 0, -3, 0, 0, 0, 0, 0,
    0, 0, 0, -5, -4, 0, 0, -7,
    1, -4, -3, 0, 0, 1, 0, 0,
    -3, 0, -2, -10, 0, -5, 0, -3,
    -10, 0, 0, -3, -5, 0, 0, 0,
    0, 0, 0, -7, 0, 0, 0, 0,
    -1, 0, 0, 0, 0, 0, -10, 0,
    -10, -5, 0, 0, 0, 0, 0, -12,
    0, -6, 0, -2, 0, -2, -3, 0,
    0, -6, -2, 0, 0, 0, -3, 0,
    0, 0, 0, 0, 0, -4, 0, -7,
    0, 0, 0, 0, 0, -5, 0, 0,
    0, 0, 0, 0, 0, 0, 0, -8,
    0, 0, 0, 0, -9, 0, 0, -7,
    -3, 0, -2, 0, 0, 0, 0, 0,
    -3, -2, 0, 0, -2, 0
};


/*Collect the kern class' data in one place*/
static const lv_font_fmt_txt_kern_classes_t kern_classes =
{
    .class_pair_values   = kern_class_values,
    .left_class_mapping  = kern_left_class_mapping,
    .right_class_mapping = kern_right_class_mapping,
    .left_class_cnt      = 45,
    .right_class_cnt     = 38,
};

/*--------------------
 *  ALL CUSTOM DATA
 *--------------------*/

#if LV_VERSION_CHECK(8, 0, 0)
/*Store all the custom data of the font*/
static  lv_font_fmt_txt_glyph_cache_t cache;
static const lv_font_fmt_txt_dsc_t font_dsc = {
#else
static lv_font_fmt_txt_dsc_t font_dsc = {
#endif
    .glyph_bitmap = glyph_bitmap,
    .glyph_dsc = glyph_dsc,
    .cmaps = cmaps,
    .kern_dsc = &kern_classes,
    .kern_scale = 16,
    .cmap_num = 2,
    .bpp = 4,
    .kern_classes = 1,
    .bitmap_format = 1,
#if LV_VERSION_CHECK(8, 0, 0)
    .cache = &cache
#endif
};


/*-----------------
 *  PUBLIC FONT
 *----------------*/

/*Initialize a public general font descriptor*/
#if LV_VERSION_CHECK(8, 0, 0)
const lv_font_t ui_font_cjk_15 = {
#else
lv_font_t ui_font_cjk_15 = {
#endif
    .get_glyph_dsc = lv_font_get_glyph_dsc_fmt_txt,    /*Function pointer to get glyph's data*/
    .get_glyph_bitmap = lv_font_get_bitmap_fmt_txt,    /*Function pointer to get glyph's bitmap*/
    .line_height = 18,          /*The maximum line height required by the font*/
    .base_line = 4,             /*Baseline measured from the bottom of the line*/
#if !(LVGL_VERSION_MAJOR == 6 && LVGL_VERSION_MINOR == 0)
    .subpx = LV_FONT_SUBPX_NONE,
#endif
#if LV_VERSION_CHECK(7, 4, 0) || LVGL_VERSION_MAJOR >= 8
    .underline_position = -2,
    .underline_thickness = 1,
#endif
    .dsc = &font_dsc           /*The custom font data. Will be accessed by `get_glyph_bitmap/dsc` */
};



#endif /*#if UI_FONT_CJK_15*/

