/*******************************************************************************
 * Size: 30 px
 * Bpp: 4
 * Opts: --font NotoSansSC-Medium.ttf --size 30 --bpp 4 --format lvgl --no-compress --force-fast-kern-format -r 0x20-0x7E -r 0xB0 -r 0xB7 --symbols 上下中主件余储内写分列刚前动双可合向告命器固在失存容峰已常年度延待态总据数无时最本机核正活温点状用盘硬离秒程空端等系累级线络统网行览警计询误读负败轮载运近进迟采钟错长间阵降集高龄 --lv-include lvgl.h -o /Users/llll/code/esp/p4-7b-fnos-monitor/components/fnos_monitor/fonts/ui_font_cjk_30.c
 ******************************************************************************/

#ifdef LV_LVGL_H_INCLUDE_SIMPLE
#include "lvgl.h"
#else
#include "lvgl.h"
#endif

#ifndef UI_FONT_CJK_30
#define UI_FONT_CJK_30 1
#endif

#if UI_FONT_CJK_30

/*-----------------
 *    BITMAPS
 *----------------*/

/*Store the image of the glyphs*/
static LV_ATTRIBUTE_LARGE_CONST const uint8_t glyph_bitmap[] = {
    /* U+0020 " " */

    /* U+0021 "!" */
    0x9, 0xff, 0xe0, 0x8, 0xff, 0xd0, 0x8, 0xff,
    0xd0, 0x7, 0xff, 0xd0, 0x7, 0xff, 0xc0, 0x6,
    0xff, 0xb0, 0x6, 0xff, 0xa0, 0x5, 0xff, 0xa0,
    0x4, 0xff, 0x90, 0x4, 0xff, 0x80, 0x3, 0xff,
    0x80, 0x2, 0xff, 0x70, 0x2, 0xff, 0x60, 0x1,
    0xff, 0x60, 0x1, 0xff, 0x50, 0x0, 0xaa, 0x30,
    0x0, 0x0, 0x0, 0x0, 0x0, 0x0, 0x3, 0xcd,
    0x60, 0xe, 0xff, 0xf3, 0x1f, 0xff, 0xf6, 0xe,
    0xff, 0xf3, 0x4, 0xde, 0x70,

    /* U+0022 "\"" */
    0x29, 0x99, 0x20, 0x6, 0x99, 0x74, 0xff, 0xf3,
    0x0, 0xbf, 0xfd, 0x4f, 0xff, 0x30, 0xb, 0xff,
    0xc3, 0xff, 0xf2, 0x0, 0xaf, 0xfc, 0x2f, 0xff,
    0x10, 0x9, 0xff, 0xb1, 0xff, 0xf0, 0x0, 0x7f,
    0xf9, 0xf, 0xfe, 0x0, 0x5, 0xff, 0x70, 0xdf,
    0xc0, 0x0, 0x3f, 0xf5, 0xb, 0xfa, 0x0, 0x2,
    0xff, 0x30, 0x9f, 0x80, 0x0, 0xf, 0xf1,

    /* U+0023 "#" */
    0x0, 0x0, 0x5f, 0xc0, 0x0, 0x1f, 0xf1, 0x0,
    0x0, 0x0, 0x7f, 0xa0, 0x0, 0x3f, 0xf0, 0x0,
    0x0, 0x0, 0x9f, 0x80, 0x0, 0x5f, 0xd0, 0x0,
    0x0, 0x0, 0xbf, 0x60, 0x0, 0x7f, 0xb0, 0x0,
    0x0, 0x0, 0xdf, 0x40, 0x0, 0x9f, 0x90, 0x0,
    0x0, 0x0, 0xff, 0x20, 0x0, 0xbf, 0x70, 0x0,
    0x2f, 0xff, 0xff, 0xff, 0xff, 0xff, 0xff, 0xf1,
    0x2f, 0xff, 0xff, 0xff, 0xff, 0xff, 0xff, 0xf1,
    0x5, 0x59, 0xfd, 0x55, 0x56, 0xff, 0x65, 0x50,
    0x0, 0x7, 0xfa, 0x0, 0x3, 0xff, 0x0, 0x0,
    0x0, 0x9, 0xf8, 0x0, 0x5, 0xfd, 0x0, 0x0,
    0x0, 0xb, 0xf6, 0x0, 0x7, 0xfb, 0x0, 0x0,
    0x0, 0xd, 0xf4, 0x0, 0x9, 0xf9, 0x0, 0x0,
    0xdf, 0xff, 0xff, 0xff, 0xff, 0xff, 0xff, 0x60,
    0xdf, 0xff, 0xff, 0xff, 0xff, 0xff, 0xff, 0x60,
    0x45, 0x7f, 0xf5, 0x55, 0x5f, 0xf7, 0x55, 0x20,
    0x0, 0x5f, 0xd0, 0x0, 0xf, 0xf1, 0x0, 0x0,
    0x0, 0x7f, 0xb0, 0x0, 0x2f, 0xf0, 0x0, 0x0,
    0x0, 0x9f, 0x90, 0x0, 0x4f, 0xe0, 0x0, 0x0,
    0x0, 0xbf, 0x70, 0x0, 0x6f, 0xc0, 0x0, 0x0,
    0x0, 0xdf, 0x50, 0x0, 0x8f, 0xa0, 0x0, 0x0,
    0x0, 0xff, 0x30, 0x0, 0xaf, 0x80, 0x0, 0x0,

    /* U+0024 "$" */
    0x0, 0x0, 0x0, 0x48, 0x60, 0x0, 0x0, 0x0,
    0x0, 0x0, 0x9, 0xfd, 0x0, 0x0, 0x0, 0x0,
    0x0, 0x0, 0x9f, 0xd0, 0x0, 0x0, 0x0, 0x0,
    0x0, 0x9, 0xfd, 0x0, 0x0, 0x0, 0x0, 0x0,
    0x4a, 0xff, 0xfd, 0x81, 0x0, 0x0, 0x0, 0x9f,
    0xff, 0xff, 0xff, 0xf6, 0x0, 0x0, 0x8f, 0xff,
    0xfe, 0xef, 0xff, 0xf6, 0x0, 0x1f, 0xff, 0xc2,
    0x0, 0x19, 0xfd, 0x10, 0x6, 0xff, 0xf1, 0x0,
    0x0, 0x5, 0x20, 0x0, 0x8f, 0xfd, 0x0, 0x0,
    0x0, 0x0, 0x0, 0x7, 0xff, 0xe0, 0x0, 0x0,
    0x0, 0x0, 0x0, 0x4f, 0xff, 0x80, 0x0, 0x0,
    0x0, 0x0, 0x0, 0xcf, 0xff, 0xa2, 0x0, 0x0,
    0x0, 0x0, 0x1, 0xdf, 0xff, 0xf9, 0x20, 0x0,
    0x0, 0x0, 0x0, 0x9f, 0xff, 0xff, 0x90, 0x0,
    0x0, 0x0, 0x0, 0x3b, 0xff, 0xff, 0xd2, 0x0,
    0x0, 0x0, 0x0, 0x4, 0xdf, 0xff, 0xe1, 0x0,
    0x0, 0x0, 0x0, 0x0, 0x9f, 0xff, 0x90, 0x0,
    0x0, 0x0, 0x0, 0x0, 0xbf, 0xfe, 0x0, 0x0,
    0x0, 0x0, 0x0, 0x5, 0xff, 0xf0, 0x0, 0x0,
    0x0, 0x0, 0x0, 0x5f, 0xff, 0x0, 0x2b, 0x10,
    0x0, 0x0, 0x9, 0xff, 0xd0, 0xd, 0xff, 0x82,
    0x0, 0x17, 0xff, 0xf7, 0x2, 0xef, 0xff, 0xff,
    0xef, 0xff, 0xfd, 0x0, 0x1, 0xaf, 0xff, 0xff,
    0xff, 0xfc, 0x20, 0x0, 0x0, 0x28, 0xcf, 0xff,
    0xb5, 0x0, 0x0, 0x0, 0x0, 0x0, 0x9f, 0xd0,
    0x0, 0x0, 0x0, 0x0, 0x0, 0x9, 0xfd, 0x0,
    0x0, 0x0, 0x0, 0x0, 0x0, 0x9f, 0xd0, 0x0,
    0x0, 0x0, 0x0, 0x0, 0x4, 0x86, 0x0, 0x0,
    0x0,

    /* U+0025 "%" */
    0x0, 0x3a, 0xef, 0xd7, 0x0, 0x0, 0x0, 0x0,
    0x4, 0xfe, 0x0, 0x0, 0x0, 0x0, 0x4f, 0xff,
    0xff, 0xfb, 0x0, 0x0, 0x0, 0x0, 0xcf, 0x60,
    0x0, 0x0, 0x0, 0x1e, 0xfd, 0x31, 0x8f, 0xf8,
    0x0, 0x0, 0x0, 0x5f, 0xd0, 0x0, 0x0, 0x0,
    0x7, 0xff, 0x20, 0x0, 0xaf, 0xe0, 0x0, 0x0,
    0xe, 0xf4, 0x0, 0x0, 0x0, 0x0, 0xbf, 0xc0,
    0x0, 0x5, 0xff, 0x30, 0x0, 0x7, 0xfb, 0x0,
    0x0, 0x0, 0x0, 0xd, 0xfa, 0x0, 0x0, 0x2f,
    0xf5, 0x0, 0x1, 0xef, 0x30, 0x0, 0x0, 0x0,
    0x0, 0xef, 0x90, 0x0, 0x2, 0xff, 0x60, 0x0,
    0x8f, 0xa0, 0x0, 0x0, 0x0, 0x0, 0xd, 0xfa,
    0x0, 0x0, 0x2f, 0xf5, 0x0, 0x2f, 0xf1, 0x0,
    0x0, 0x0, 0x0, 0x0, 0xbf, 0xc0, 0x0, 0x5,
    0xff, 0x30, 0xa, 0xf8, 0x0, 0x5c, 0xff, 0xc4,
    0x0, 0x6, 0xff, 0x20, 0x0, 0xaf, 0xe0, 0x3,
    0xfe, 0x0, 0x7f, 0xff, 0xff, 0xf5, 0x0, 0x1e,
    0xfd, 0x20, 0x7f, 0xf7, 0x0, 0xbf, 0x70, 0x3f,
    0xfa, 0x11, 0xbf, 0xf1, 0x0, 0x4f, 0xff, 0xff,
    0xfb, 0x0, 0x4f, 0xd0, 0xb, 0xfe, 0x0, 0x1,
    0xff, 0x80, 0x0, 0x3a, 0xef, 0xd7, 0x0, 0xd,
    0xf5, 0x0, 0xff, 0x80, 0x0, 0xa, 0xfd, 0x0,
    0x0, 0x0, 0x0, 0x0, 0x6, 0xfc, 0x0, 0x2f,
    0xf6, 0x0, 0x0, 0x7f, 0xf0, 0x0, 0x0, 0x0,
    0x0, 0x0, 0xef, 0x30, 0x3, 0xff, 0x50, 0x0,
    0x6, 0xff, 0x0, 0x0, 0x0, 0x0, 0x0, 0x7f,
    0xb0, 0x0, 0x3f, 0xf5, 0x0, 0x0, 0x6f, 0xf0,
    0x0, 0x0, 0x0, 0x0, 0x1f, 0xf2, 0x0, 0x1,
    0xff, 0x60, 0x0, 0x8, 0xff, 0x0, 0x0, 0x0,
    0x0, 0x9, 0xf9, 0x0, 0x0, 0xe, 0xf9, 0x0,
    0x0, 0xbf, 0xc0, 0x0, 0x0, 0x0, 0x2, 0xff,
    0x10, 0x0, 0x0, 0xaf, 0xe0, 0x0, 0x1f, 0xf7,
    0x0, 0x0, 0x0, 0x0, 0xbf, 0x70, 0x0, 0x0,
    0x2, 0xff, 0xb2, 0x3c, 0xff, 0x10, 0x0, 0x0,
    0x0, 0x3f, 0xe0, 0x0, 0x0, 0x0, 0x6, 0xff,
    0xff, 0xff, 0x40, 0x0, 0x0, 0x0, 0xc, 0xf6,
    0x0, 0x0, 0x0, 0x0, 0x4, 0xbe, 0xeb, 0x30,
    0x0,

    /* U+0026 "&" */
    0x0, 0x0, 0x4, 0xbe, 0xfd, 0x80, 0x0, 0x0,
    0x0, 0x0, 0x0, 0x0, 0x9f, 0xff, 0xff, 0xfd,
    0x0, 0x0, 0x0, 0x0, 0x0, 0x6, 0xff, 0xf9,
    0x6d, 0xff, 0x80, 0x0, 0x0, 0x0, 0x0, 0xd,
    0xff, 0x40, 0x1, 0xff, 0xd0, 0x0, 0x0, 0x0,
    0x0, 0x1f, 0xfd, 0x0, 0x0, 0xef, 0xe0, 0x0,
    0x0, 0x0, 0x0, 0x1f, 0xfc, 0x0, 0x1, 0xff,
    0xb0, 0x0, 0x0, 0x0, 0x0, 0xf, 0xfe, 0x0,
    0xa, 0xff, 0x50, 0x0, 0x0, 0x0, 0x0, 0xc,
    0xff, 0x30, 0xaf, 0xfa, 0x0, 0x0, 0x0, 0x0,
    0x0, 0x6, 0xff, 0xfe, 0xff, 0xa0, 0x0, 0x0,
    0x0, 0x0, 0x0, 0x0, 0xff, 0xff, 0xf7, 0x0,
    0x0, 0x0, 0x0, 0x0, 0x0, 0x6, 0xff, 0xff,
    0x40, 0x0, 0x0, 0x0, 0xef, 0xf3, 0x0, 0xaf,
    0xff, 0xff, 0xa0, 0x0, 0x0, 0x4, 0xff, 0xd0,
    0xa, 0xff, 0xf7, 0xff, 0xf9, 0x0, 0x0, 0xb,
    0xff, 0x70, 0x5f, 0xff, 0x40, 0x4f, 0xff, 0x80,
    0x0, 0x3f, 0xff, 0x10, 0xbf, 0xfa, 0x0, 0x7,
    0xff, 0xf9, 0x0, 0xdf, 0xf8, 0x0, 0xef, 0xf6,
    0x0, 0x0, 0x8f, 0xff, 0xb9, 0xff, 0xe0, 0x0,
    0xef, 0xf7, 0x0, 0x0, 0x7, 0xff, 0xff, 0xff,
    0x40, 0x0, 0xcf, 0xfd, 0x0, 0x0, 0x0, 0x6f,
    0xff, 0xff, 0x10, 0x0, 0x6f, 0xff, 0xb1, 0x0,
    0x3, 0xcf, 0xff, 0xff, 0xe7, 0x10, 0xc, 0xff,
    0xff, 0xdc, 0xef, 0xff, 0xff, 0xff, 0xff, 0xf7,
    0x1, 0xbf, 0xff, 0xff, 0xff, 0xfe, 0x40, 0x3c,
    0xff, 0xf3, 0x0, 0x4, 0xad, 0xff, 0xda, 0x50,
    0x0, 0x0, 0x39, 0xc0,

    /* U+0027 "'" */
    0x29, 0x99, 0x24, 0xff, 0xf3, 0x4f, 0xff, 0x33,
    0xff, 0xf2, 0x2f, 0xff, 0x11, 0xff, 0xf0, 0xf,
    0xfe, 0x0, 0xdf, 0xc0, 0xb, 0xfa, 0x0, 0x9f,
    0x80,

    /* U+0028 "(" */
    0x0, 0x0, 0x1a, 0x30, 0x0, 0x0, 0x9f, 0xf1,
    0x0, 0x2, 0xff, 0x90, 0x0, 0xa, 0xff, 0x10,
    0x0, 0x1f, 0xf9, 0x0, 0x0, 0x7f, 0xf4, 0x0,
    0x0, 0xdf, 0xe0, 0x0, 0x3, 0xff, 0x90, 0x0,
    0x7, 0xff, 0x50, 0x0, 0xb, 0xff, 0x20, 0x0,
    0xe, 0xff, 0x0, 0x0, 0xf, 0xfc, 0x0, 0x0,
    0x2f, 0xfb, 0x0, 0x0, 0x4f, 0xfa, 0x0, 0x0,
    0x4f, 0xf9, 0x0, 0x0, 0x5f, 0xf8, 0x0, 0x0,
    0x4f, 0xf9, 0x0, 0x0, 0x4f, 0xfa, 0x0, 0x0,
    0x2f, 0xfb, 0x0, 0x0, 0x1f, 0xfc, 0x0, 0x0,
    0xe, 0xff, 0x0, 0x0, 0xb, 0xff, 0x20, 0x0,
    0x8, 0xff, 0x50, 0x0, 0x3, 0xff, 0x80, 0x0,
    0x0, 0xef, 0xe0, 0x0, 0x0, 0x8f, 0xf3, 0x0,
    0x0, 0x2f, 0xf8, 0x0, 0x0, 0xb, 0xff, 0x10,
    0x0, 0x3, 0xff, 0x80, 0x0, 0x0, 0xbf, 0xf1,
    0x0, 0x0, 0x2c, 0x60,

    /* U+0029 ")" */
    0x6, 0x90, 0x0, 0x0, 0x6f, 0xf4, 0x0, 0x0,
    0xe, 0xfc, 0x0, 0x0, 0x6, 0xff, 0x50, 0x0,
    0x0, 0xef, 0xc0, 0x0, 0x0, 0x9f, 0xf2, 0x0,
    0x0, 0x4f, 0xf8, 0x0, 0x0, 0xf, 0xfe, 0x0,
    0x0, 0xb, 0xff, 0x20, 0x0, 0x8, 0xff, 0x60,
    0x0, 0x5, 0xff, 0x90, 0x0, 0x2, 0xff, 0xb0,
    0x0, 0x0, 0xff, 0xd0, 0x0, 0x0, 0xff, 0xf0,
    0x0, 0x0, 0xef, 0xf0, 0x0, 0x0, 0xdf, 0xf0,
    0x0, 0x0, 0xef, 0xf0, 0x0, 0x0, 0xff, 0xf0,
    0x0, 0x0, 0xff, 0xd0, 0x0, 0x1, 0xff, 0xc0,
    0x0, 0x4, 0xff, 0x90, 0x0, 0x7, 0xff, 0x60,
    0x0, 0xa, 0xff, 0x30, 0x0, 0xe, 0xfe, 0x0,
    0x0, 0x3f, 0xf9, 0x0, 0x0, 0x9f, 0xf3, 0x0,
    0x0, 0xef, 0xc0, 0x0, 0x5, 0xff, 0x60, 0x0,
    0xd, 0xfd, 0x0, 0x0, 0x5f, 0xf5, 0x0, 0x0,
    0x18, 0xb0, 0x0, 0x0,

    /* U+002A "*" */
    0x0, 0x0, 0xc, 0xf4, 0x0, 0x0, 0x0, 0x0,
    0xd, 0xf5, 0x0, 0x0, 0x0, 0x0, 0xf, 0xf6,
    0x0, 0x0, 0xd, 0xc9, 0x5f, 0xfa, 0x7b, 0xe5,
    0x1f, 0xff, 0xff, 0xff, 0xff, 0xf9, 0x1, 0x8e,
    0xff, 0xff, 0xfb, 0x40, 0x0, 0x2, 0xff, 0xff,
    0x90, 0x0, 0x0, 0x9, 0xff, 0xef, 0xf2, 0x0,
    0x0, 0x3f, 0xf9, 0x2e, 0xfb, 0x0, 0x0, 0x8f,
    0xb0, 0x3, 0xff, 0x10, 0x0, 0x6, 0x0, 0x0,
    0x52, 0x0,

    /* U+002B "+" */
    0x0, 0x0, 0x0, 0x79, 0x80, 0x0, 0x0, 0x0,
    0x0, 0x0, 0xc, 0xfe, 0x0, 0x0, 0x0, 0x0,
    0x0, 0x0, 0xcf, 0xe0, 0x0, 0x0, 0x0, 0x0,
    0x0, 0xc, 0xfe, 0x0, 0x0, 0x0, 0x0, 0x0,
    0x0, 0xcf, 0xe0, 0x0, 0x0, 0x0, 0x0, 0x0,
    0xc, 0xfe, 0x0, 0x0, 0x0, 0x0, 0x0, 0x0,
    0xcf, 0xe0, 0x0, 0x0, 0xd, 0xff, 0xff, 0xff,
    0xff, 0xff, 0xff, 0xff, 0xdf, 0xff, 0xff, 0xff,
    0xff, 0xff, 0xff, 0xf7, 0x88, 0x88, 0x8e, 0xff,
    0x88, 0x88, 0x88, 0x0, 0x0, 0x0, 0xcf, 0xe0,
    0x0, 0x0, 0x0, 0x0, 0x0, 0xc, 0xfe, 0x0,
    0x0, 0x0, 0x0, 0x0, 0x0, 0xcf, 0xe0, 0x0,
    0x0, 0x0, 0x0, 0x0, 0xc, 0xfe, 0x0, 0x0,
    0x0, 0x0, 0x0, 0x0, 0xcf, 0xe0, 0x0, 0x0,
    0x0, 0x0, 0x0, 0xc, 0xfe, 0x0, 0x0, 0x0,

    /* U+002C "," */
    0x0, 0x26, 0x30, 0x0, 0x5f, 0xff, 0x70, 0xb,
    0xff, 0xff, 0x0, 0x9f, 0xff, 0xf3, 0x1, 0xbf,
    0xff, 0x40, 0x0, 0x3f, 0xf2, 0x0, 0x8, 0xfe,
    0x0, 0x3, 0xff, 0x80, 0x6, 0xff, 0xd0, 0x3,
    0xff, 0xd2, 0x0, 0xc, 0x80, 0x0, 0x0, 0x0,
    0x0, 0x0,

    /* U+002D "-" */
    0x59, 0x99, 0x99, 0x99, 0x29, 0xff, 0xff, 0xff,
    0xf5, 0x9f, 0xff, 0xff, 0xff, 0x50,

    /* U+002E "." */
    0x1a, 0xd9, 0x9, 0xff, 0xf8, 0xcf, 0xff, 0xc9,
    0xff, 0xf9, 0x1b, 0xfb, 0x10,

    /* U+002F "/" */
    0x0, 0x0, 0x0, 0x0, 0x7f, 0xe0, 0x0, 0x0,
    0x0, 0x0, 0xbf, 0xa0, 0x0, 0x0, 0x0, 0x0,
    0xff, 0x50, 0x0, 0x0, 0x0, 0x4, 0xff, 0x10,
    0x0, 0x0, 0x0, 0x9, 0xfc, 0x0, 0x0, 0x0,
    0x0, 0xd, 0xf8, 0x0, 0x0, 0x0, 0x0, 0x2f,
    0xf3, 0x0, 0x0, 0x0, 0x0, 0x6f, 0xf0, 0x0,
    0x0, 0x0, 0x0, 0xbf, 0xa0, 0x0, 0x0, 0x0,
    0x0, 0xff, 0x60, 0x0, 0x0, 0x0, 0x4, 0xff,
    0x10, 0x0, 0x0, 0x0, 0x8, 0xfd, 0x0, 0x0,
    0x0, 0x0, 0xd, 0xf8, 0x0, 0x0, 0x0, 0x0,
    0x1f, 0xf4, 0x0, 0x0, 0x0, 0x0, 0x6f, 0xf0,
    0x0, 0x0, 0x0, 0x0, 0xaf, 0xb0, 0x0, 0x0,
    0x0, 0x0, 0xff, 0x70, 0x0, 0x0, 0x0, 0x3,
    0xff, 0x20, 0x0, 0x0, 0x0, 0x8, 0xfe, 0x0,
    0x0, 0x0, 0x0, 0xd, 0xf9, 0x0, 0x0, 0x0,
    0x0, 0x1f, 0xf5, 0x0, 0x0, 0x0, 0x0, 0x6f,
    0xf0, 0x0, 0x0, 0x0, 0x0, 0xaf, 0xc0, 0x0,
    0x0, 0x0, 0x0, 0xef, 0x70, 0x0, 0x0, 0x0,
    0x3, 0xff, 0x30, 0x0, 0x0, 0x0, 0x8, 0xfe,
    0x0, 0x0, 0x0, 0x0, 0xc, 0xfa, 0x0, 0x0,
    0x0, 0x0, 0x1f, 0xf5, 0x0, 0x0, 0x0, 0x0,
    0x5f, 0xf1, 0x0, 0x0, 0x0, 0x0, 0x48, 0x60,
    0x0, 0x0, 0x0, 0x0,

    /* U+0030 "0" */
    0x0, 0x0, 0x3a, 0xef, 0xeb, 0x40, 0x0, 0x0,
    0x0, 0x8f, 0xff, 0xff, 0xff, 0x90, 0x0, 0x0,
    0x7f, 0xff, 0xfc, 0xef, 0xff, 0x80, 0x0, 0x2f,
    0xff, 0xa1, 0x0, 0x9f, 0xff, 0x30, 0x9, 0xff,
    0xd0, 0x0, 0x0, 0xcf, 0xfa, 0x0, 0xef, 0xf7,
    0x0, 0x0, 0x5, 0xff, 0xf0, 0x2f, 0xff, 0x20,
    0x0, 0x0, 0xf, 0xff, 0x45, 0xff, 0xf0, 0x0,
    0x0, 0x0, 0xdf, 0xf7, 0x7f, 0xfd, 0x0, 0x0,
    0x0, 0xb, 0xff, 0x88, 0xff, 0xc0, 0x0, 0x0,
    0x0, 0xaf, 0xfa, 0x9f, 0xfb, 0x0, 0x0, 0x0,
    0x9, 0xff, 0xa9, 0xff, 0xb0, 0x0, 0x0, 0x0,
    0xaf, 0xfa, 0x8f, 0xfc, 0x0, 0x0, 0x0, 0xa,
    0xff, 0xa7, 0xff, 0xd0, 0x0, 0x0, 0x0, 0xbf,
    0xf8, 0x5f, 0xff, 0x0, 0x0, 0x0, 0xd, 0xff,
    0x62, 0xff, 0xf2, 0x0, 0x0, 0x0, 0xff, 0xf3,
    0xd, 0xff, 0x80, 0x0, 0x0, 0x5f, 0xff, 0x0,
    0x8f, 0xfe, 0x0, 0x0, 0xc, 0xff, 0x90, 0x1,
    0xff, 0xfb, 0x10, 0x9, 0xff, 0xf2, 0x0, 0x6,
    0xff, 0xff, 0xdf, 0xff, 0xf8, 0x0, 0x0, 0x7,
    0xff, 0xff, 0xff, 0xf9, 0x0, 0x0, 0x0, 0x3,
    0xae, 0xfe, 0xb4, 0x0, 0x0,

    /* U+0031 "1" */
    0x0, 0x0, 0x29, 0xff, 0xe0, 0x0, 0x0, 0x3,
    0x8c, 0xff, 0xff, 0xe0, 0x0, 0x0, 0x8, 0xff,
    0xff, 0xff, 0xe0, 0x0, 0x0, 0x7, 0xee, 0xef,
    0xff, 0xe0, 0x0, 0x0, 0x0, 0x0, 0x9, 0xff,
    0xe0, 0x0, 0x0, 0x0, 0x0, 0x9, 0xff, 0xe0,
    0x0, 0x0, 0x0, 0x0, 0x9, 0xff, 0xe0, 0x0,
    0x0, 0x0, 0x0, 0x9, 0xff, 0xe0, 0x0, 0x0,
    0x0, 0x0, 0x9, 0xff, 0xe0, 0x0, 0x0, 0x0,
    0x0, 0x9, 0xff, 0xe0, 0x0, 0x0, 0x0, 0x0,
    0x9, 0xff, 0xe0, 0x0, 0x0, 0x0, 0x0, 0x9,
    0xff, 0xe0, 0x0, 0x0, 0x0, 0x0, 0x9, 0xff,
    0xe0, 0x0, 0x0, 0x0, 0x0, 0x9, 0xff, 0xe0,
    0x0, 0x0, 0x0, 0x0, 0x9, 0xff, 0xe0, 0x0,
    0x0, 0x0, 0x0, 0x9, 0xff, 0xe0, 0x0, 0x0,
    0x0, 0x0, 0x9, 0xff, 0xe0, 0x0, 0x0, 0x0,
    0x0, 0x9, 0xff, 0xe0, 0x0, 0x0, 0x0, 0x0,
    0x9, 0xff, 0xe0, 0x0, 0x0, 0x6d, 0xdd, 0xdf,
    0xff, 0xfd, 0xdd, 0xd2, 0x7f, 0xff, 0xff, 0xff,
    0xff, 0xff, 0xf3, 0x7f, 0xff, 0xff, 0xff, 0xff,
    0xff, 0xf3,

    /* U+0032 "2" */
    0x0, 0x4, 0xad, 0xfe, 0xd8, 0x20, 0x0, 0x0,
    0x1b, 0xff, 0xff, 0xff, 0xff, 0x60, 0x0, 0x2e,
    0xff, 0xff, 0xdf, 0xff, 0xff, 0x40, 0x8, 0xff,
    0xd4, 0x0, 0x5, 0xff, 0xfe, 0x0, 0x9, 0xb0,
    0x0, 0x0, 0x5, 0xff, 0xf4, 0x0, 0x0, 0x0,
    0x0, 0x0, 0xf, 0xff, 0x60, 0x0, 0x0, 0x0,
    0x0, 0x0, 0xdf, 0xf8, 0x0, 0x0, 0x0, 0x0,
    0x0, 0xe, 0xff, 0x70, 0x0, 0x0, 0x0, 0x0,
    0x2, 0xff, 0xf4, 0x0, 0x0, 0x0, 0x0, 0x0,
    0x7f, 0xff, 0x0, 0x0, 0x0, 0x0, 0x0, 0xe,
    0xff, 0x80, 0x0, 0x0, 0x0, 0x0, 0x9, 0xff,
    0xe1, 0x0, 0x0, 0x0, 0x0, 0x4, 0xff, 0xf6,
    0x0, 0x0, 0x0, 0x0, 0x2, 0xef, 0xfb, 0x0,
    0x0, 0x0, 0x0, 0x1, 0xdf, 0xfe, 0x10, 0x0,
    0x0, 0x0, 0x1, 0xdf, 0xfe, 0x20, 0x0, 0x0,
    0x0, 0x1, 0xcf, 0xff, 0x30, 0x0, 0x0, 0x0,
    0x1, 0xdf, 0xff, 0x40, 0x0, 0x0, 0x0, 0x2,
    0xdf, 0xff, 0x40, 0x0, 0x0, 0x0, 0x3, 0xef,
    0xff, 0xed, 0xef, 0xff, 0xff, 0xf9, 0xbf, 0xff,
    0xff, 0xff, 0xff, 0xff, 0xff, 0x9b, 0xff, 0xff,
    0xff, 0xff, 0xff, 0xff, 0xf9,

    /* U+0033 "3" */
    0x0, 0x0, 0x39, 0xdf, 0xfd, 0xa4, 0x0, 0x0,
    0x0, 0x1b, 0xff, 0xff, 0xff, 0xff, 0xc1, 0x0,
    0x2, 0xef, 0xff, 0xfd, 0xef, 0xff, 0xfc, 0x0,
    0x0, 0xaf, 0xd5, 0x0, 0x2, 0xcf, 0xff, 0x50,
    0x0, 0x6, 0x0, 0x0, 0x0, 0x1f, 0xff, 0x90,
    0x0, 0x0, 0x0, 0x0, 0x0, 0xd, 0xff, 0xa0,
    0x0, 0x0, 0x0, 0x0, 0x0, 0xf, 0xff, 0x80,
    0x0, 0x0, 0x0, 0x0, 0x0, 0x8f, 0xff, 0x20,
    0x0, 0x0, 0x0, 0x2, 0x5c, 0xff, 0xf6, 0x0,
    0x0, 0x0, 0x9, 0xff, 0xff, 0xfc, 0x40, 0x0,
    0x0, 0x0, 0x9, 0xff, 0xff, 0xf9, 0x20, 0x0,
    0x0, 0x0, 0x5, 0xab, 0xdf, 0xff, 0xf6, 0x0,
    0x0, 0x0, 0x0, 0x0, 0x2, 0xbf, 0xff, 0x50,
    0x0, 0x0, 0x0, 0x0, 0x0, 0xb, 0xff, 0xe0,
    0x0, 0x0, 0x0, 0x0, 0x0, 0x4, 0xff, 0xf4,
    0x0, 0x0, 0x0, 0x0, 0x0, 0x2, 0xff, 0xf6,
    0x0, 0x0, 0x0, 0x0, 0x0, 0x3, 0xff, 0xf5,
    0x1, 0xe8, 0x0, 0x0, 0x0, 0xb, 0xff, 0xf2,
    0xc, 0xff, 0xc4, 0x0, 0x2, 0xaf, 0xff, 0xb0,
    0x8, 0xff, 0xff, 0xfe, 0xff, 0xff, 0xfe, 0x10,
    0x0, 0x5e, 0xff, 0xff, 0xff, 0xff, 0xc2, 0x0,
    0x0, 0x0, 0x6b, 0xef, 0xfd, 0xa4, 0x0, 0x0,

    /* U+0034 "4" */
    0x0, 0x0, 0x0, 0x0, 0xe, 0xff, 0xf6, 0x0,
    0x0, 0x0, 0x0, 0x0, 0x9, 0xff, 0xff, 0x60,
    0x0, 0x0, 0x0, 0x0, 0x3, 0xff, 0xff, 0xf6,
    0x0, 0x0, 0x0, 0x0, 0x0, 0xdf, 0xfd, 0xff,
    0x60, 0x0, 0x0, 0x0, 0x0, 0x8f, 0xfa, 0xbf,
    0xf6, 0x0, 0x0, 0x0, 0x0, 0x2f, 0xff, 0x2c,
    0xff, 0x60, 0x0, 0x0, 0x0, 0xc, 0xff, 0x90,
    0xcf, 0xf6, 0x0, 0x0, 0x0, 0x7, 0xff, 0xe0,
    0xd, 0xff, 0x60, 0x0, 0x0, 0x1, 0xff, 0xf4,
    0x0, 0xdf, 0xf6, 0x0, 0x0, 0x0, 0xbf, 0xf9,
    0x0, 0xd, 0xff, 0x60, 0x0, 0x0, 0x5f, 0xfe,
    0x0, 0x0, 0xdf, 0xf6, 0x0, 0x0, 0x1e, 0xff,
    0x40, 0x0, 0xd, 0xff, 0x60, 0x0, 0xa, 0xff,
    0xa0, 0x0, 0x0, 0xdf, 0xf6, 0x0, 0x4, 0xff,
    0xfc, 0xbb, 0xbb, 0xbf, 0xff, 0xfb, 0xb2, 0x6f,
    0xff, 0xff, 0xff, 0xff, 0xff, 0xff, 0xff, 0x36,
    0xff, 0xff, 0xff, 0xff, 0xff, 0xff, 0xff, 0xf3,
    0x0, 0x0, 0x0, 0x0, 0x0, 0xdf, 0xf6, 0x0,
    0x0, 0x0, 0x0, 0x0, 0x0, 0xd, 0xff, 0x60,
    0x0, 0x0, 0x0, 0x0, 0x0, 0x0, 0xdf, 0xf6,
    0x0, 0x0, 0x0, 0x0, 0x0, 0x0, 0xd, 0xff,
    0x60, 0x0, 0x0, 0x0, 0x0, 0x0, 0x0, 0xdf,
    0xf6, 0x0, 0x0, 0x0, 0x0, 0x0, 0x0, 0xd,
    0xff, 0x60, 0x0,

    /* U+0035 "5" */
    0x0, 0xc, 0xff, 0xff, 0xff, 0xff, 0xff, 0x70,
    0x0, 0xd, 0xff, 0xff, 0xff, 0xff, 0xff, 0x70,
    0x0, 0xe, 0xff, 0xff, 0xff, 0xff, 0xff, 0x60,
    0x0, 0xf, 0xff, 0x20, 0x0, 0x0, 0x0, 0x0,
    0x0, 0xf, 0xff, 0x10, 0x0, 0x0, 0x0, 0x0,
    0x0, 0x1f, 0xff, 0x0, 0x0, 0x0, 0x0, 0x0,
    0x0, 0x3f, 0xfe, 0x0, 0x0, 0x0, 0x0, 0x0,
    0x0, 0x4f, 0xfc, 0x16, 0x87, 0x51, 0x0, 0x0,
    0x0, 0x5f, 0xff, 0xff, 0xff, 0xff, 0x90, 0x0,
    0x0, 0x6f, 0xff, 0xff, 0xff, 0xff, 0xfc, 0x0,
    0x0, 0x1b, 0xf8, 0x20, 0x15, 0xdf, 0xff, 0x80,
    0x0, 0x0, 0x10, 0x0, 0x0, 0x1d, 0xff, 0xf0,
    0x0, 0x0, 0x0, 0x0, 0x0, 0x5, 0xff, 0xf4,
    0x0, 0x0, 0x0, 0x0, 0x0, 0x1, 0xff, 0xf6,
    0x0, 0x0, 0x0, 0x0, 0x0, 0x0, 0xff, 0xf7,
    0x0, 0x0, 0x0, 0x0, 0x0, 0x1, 0xff, 0xf6,
    0x0, 0x0, 0x0, 0x0, 0x0, 0x6, 0xff, 0xf3,
    0x2, 0xe5, 0x0, 0x0, 0x0, 0x1e, 0xff, 0xe0,
    0xc, 0xff, 0xb4, 0x0, 0x4, 0xdf, 0xff, 0x60,
    0x9, 0xff, 0xff, 0xfe, 0xff, 0xff, 0xf9, 0x0,
    0x0, 0x5e, 0xff, 0xff, 0xff, 0xff, 0x80, 0x0,
    0x0, 0x0, 0x6b, 0xef, 0xfd, 0x82, 0x0, 0x0,

    /* U+0036 "6" */
    0x0, 0x0, 0x2, 0x9d, 0xff, 0xd8, 0x10, 0x0,
    0x0, 0x8, 0xff, 0xff, 0xff, 0xff, 0x60, 0x0,
    0xa, 0xff, 0xff, 0xee, 0xff, 0xff, 0x20, 0x6,
    0xff, 0xfa, 0x20, 0x1, 0x7e, 0x40, 0x1, 0xff,
    0xf9, 0x0, 0x0, 0x0, 0x0, 0x0, 0x7f, 0xfe,
    0x0, 0x0, 0x0, 0x0, 0x0, 0xc, 0xff, 0x70,
    0x0, 0x0, 0x0, 0x0, 0x0, 0xff, 0xf2, 0x1,
    0x68, 0x64, 0x0, 0x0, 0x3f, 0xff, 0x8, 0xff,
    0xff, 0xfd, 0x40, 0x4, 0xff, 0xeb, 0xff, 0xff,
    0xff, 0xff, 0x40, 0x5f, 0xff, 0xfe, 0x61, 0x15,
    0xef, 0xfe, 0x6, 0xff, 0xfc, 0x10, 0x0, 0x2,
    0xff, 0xf5, 0x5f, 0xff, 0x10, 0x0, 0x0, 0xb,
    0xff, 0xa4, 0xff, 0xe0, 0x0, 0x0, 0x0, 0x7f,
    0xfb, 0x2f, 0xff, 0x0, 0x0, 0x0, 0x6, 0xff,
    0xd0, 0xef, 0xf4, 0x0, 0x0, 0x0, 0x7f, 0xfb,
    0xa, 0xff, 0x90, 0x0, 0x0, 0xb, 0xff, 0x90,
    0x4f, 0xff, 0x20, 0x0, 0x1, 0xff, 0xf4, 0x0,
    0xbf, 0xfd, 0x20, 0x1, 0xcf, 0xfd, 0x0, 0x2,
    0xef, 0xff, 0xcb, 0xff, 0xff, 0x30, 0x0, 0x2,
    0xdf, 0xff, 0xff, 0xfe, 0x40, 0x0, 0x0, 0x0,
    0x6c, 0xef, 0xd8, 0x10, 0x0,

    /* U+0037 "7" */
    0x8f, 0xff, 0xff, 0xff, 0xff, 0xff, 0xff, 0xb8,
    0xff, 0xff, 0xff, 0xff, 0xff, 0xff, 0xfb, 0x7f,
    0xff, 0xff, 0xff, 0xff, 0xff, 0xff, 0x60, 0x0,
    0x0, 0x0, 0x0, 0x8, 0xff, 0xa0, 0x0, 0x0,
    0x0, 0x0, 0x3, 0xff, 0xe1, 0x0, 0x0, 0x0,
    0x0, 0x0, 0xcf, 0xf5, 0x0, 0x0, 0x0, 0x0,
    0x0, 0x6f, 0xfb, 0x0, 0x0, 0x0, 0x0, 0x0,
    0xe, 0xff, 0x30, 0x0, 0x0, 0x0, 0x0, 0x6,
    0xff, 0xb0, 0x0, 0x0, 0x0, 0x0, 0x0, 0xdf,
    0xf5, 0x0, 0x0, 0x0, 0x0, 0x0, 0x3f, 0xff,
    0x0, 0x0, 0x0, 0x0, 0x0, 0x9, 0xff, 0xa0,
    0x0, 0x0, 0x0, 0x0, 0x0, 0xdf, 0xf6, 0x0,
    0x0, 0x0, 0x0, 0x0, 0x2f, 0xff, 0x20, 0x0,
    0x0, 0x0, 0x0, 0x5, 0xff, 0xf0, 0x0, 0x0,
    0x0, 0x0, 0x0, 0x8f, 0xfd, 0x0, 0x0, 0x0,
    0x0, 0x0, 0xb, 0xff, 0xb0, 0x0, 0x0, 0x0,
    0x0, 0x0, 0xdf, 0xfa, 0x0, 0x0, 0x0, 0x0,
    0x0, 0xf, 0xff, 0x80, 0x0, 0x0, 0x0, 0x0,
    0x0, 0xff, 0xf7, 0x0, 0x0, 0x0, 0x0, 0x0,
    0x1f, 0xff, 0x60, 0x0, 0x0, 0x0, 0x0, 0x2,
    0xff, 0xf5, 0x0, 0x0, 0x0,

    /* U+0038 "8" */
    0x0, 0x0, 0x4a, 0xef, 0xec, 0x70, 0x0, 0x0,
    0x0, 0xbf, 0xff, 0xff, 0xff, 0xd2, 0x0, 0x0,
    0xaf, 0xff, 0xb8, 0xaf, 0xff, 0xe1, 0x0, 0x3f,
    0xff, 0x50, 0x0, 0x1d, 0xff, 0x70, 0x7, 0xff,
    0xb0, 0x0, 0x0, 0x5f, 0xfc, 0x0, 0x9f, 0xf8,
    0x0, 0x0, 0x0, 0xff, 0xd0, 0x7, 0xff, 0x90,
    0x0, 0x0, 0xf, 0xfc, 0x0, 0x3f, 0xfe, 0x0,
    0x0, 0x3, 0xff, 0x70, 0x0, 0xaf, 0xfc, 0x10,
    0x0, 0xaf, 0xd0, 0x0, 0x0, 0xbf, 0xff, 0x81,
    0x5f, 0xf3, 0x0, 0x0, 0x0, 0xef, 0xff, 0xff,
    0xf4, 0x0, 0x0, 0x2, 0xdf, 0xeb, 0xff, 0xff,
    0xe3, 0x0, 0x3, 0xff, 0xd1, 0x2, 0x9f, 0xff,
    0xf4, 0x0, 0xdf, 0xf2, 0x0, 0x0, 0x2d, 0xff,
    0xe0, 0x4f, 0xfb, 0x0, 0x0, 0x0, 0x1f, 0xff,
    0x68, 0xff, 0x70, 0x0, 0x0, 0x0, 0xaf, 0xfa,
    0x9f, 0xf8, 0x0, 0x0, 0x0, 0x9, 0xff, 0xa7,
    0xff, 0xd0, 0x0, 0x0, 0x0, 0xdf, 0xf8, 0x1f,
    0xff, 0xb1, 0x0, 0x0, 0x8f, 0xff, 0x30, 0x6f,
    0xff, 0xfa, 0x89, 0xef, 0xff, 0x90, 0x0, 0x6f,
    0xff, 0xff, 0xff, 0xff, 0x80, 0x0, 0x0, 0x17,
    0xce, 0xfe, 0xc8, 0x20, 0x0,

    /* U+0039 "9" */
    0x0, 0x1, 0x8d, 0xfe, 0xc7, 0x10, 0x0, 0x0,
    0x4, 0xef, 0xff, 0xff, 0xfe, 0x40, 0x0, 0x3,
    0xff, 0xff, 0xbc, 0xff, 0xff, 0x30, 0x0, 0xef,
    0xfc, 0x10, 0x1, 0xcf, 0xfd, 0x0, 0x5f, 0xff,
    0x10, 0x0, 0x1, 0xef, 0xf6, 0x9, 0xff, 0xa0,
    0x0, 0x0, 0x7, 0xff, 0xc0, 0xaf, 0xf8, 0x0,
    0x0, 0x0, 0x2f, 0xff, 0x1a, 0xff, 0x80, 0x0,
    0x0, 0x0, 0xef, 0xf4, 0x9f, 0xfb, 0x0, 0x0,
    0x0, 0xf, 0xff, 0x65, 0xff, 0xf2, 0x0, 0x0,
    0xa, 0xff, 0xf7, 0xe, 0xff, 0xe5, 0x10, 0x4c,
    0xff, 0xff, 0x70, 0x4f, 0xff, 0xff, 0xff, 0xfb,
    0xcf, 0xf7, 0x0, 0x3d, 0xff, 0xff, 0xf8, 0xd,
    0xff, 0x60, 0x0, 0x3, 0x68, 0x61, 0x0, 0xff,
    0xf4, 0x0, 0x0, 0x0, 0x0, 0x0, 0x2f, 0xff,
    0x10, 0x0, 0x0, 0x0, 0x0, 0x6, 0xff, 0xd0,
    0x0, 0x0, 0x0, 0x0, 0x0, 0xdf, 0xf8, 0x0,
    0x3, 0x0, 0x0, 0x0, 0x7f, 0xff, 0x10, 0x5,
    0xfb, 0x30, 0x2, 0x9f, 0xff, 0x80, 0x1, 0xff,
    0xff, 0xfe, 0xff, 0xff, 0xb0, 0x0, 0x5, 0xef,
    0xff, 0xff, 0xff, 0x90, 0x0, 0x0, 0x1, 0x7c,
    0xef, 0xda, 0x30, 0x0, 0x0,

    /* U+003A ":" */
    0x1b, 0xfb, 0x1a, 0xff, 0xf9, 0xcf, 0xff, 0xc9,
    0xff, 0xf8, 0x9, 0xd9, 0x0, 0x0, 0x0, 0x0,
    0x0, 0x0, 0x0, 0x0, 0x0, 0x0, 0x0, 0x0,
    0x0, 0x0, 0x0, 0x0, 0x0, 0x0, 0x1a, 0xd9,
    0x9, 0xff, 0xf8, 0xcf, 0xff, 0xc9, 0xff, 0xf9,
    0x1b, 0xfb, 0x10,

    /* U+003B ";" */
    0x1, 0xbf, 0xb1, 0x0, 0xaf, 0xff, 0x90, 0xc,
    0xff, 0xfc, 0x0, 0x9f, 0xff, 0x80, 0x0, 0x9d,
    0x90, 0x0, 0x0, 0x0, 0x0, 0x0, 0x0, 0x0,
    0x0, 0x0, 0x0, 0x0, 0x0, 0x0, 0x0, 0x0,
    0x0, 0x0, 0x0, 0x0, 0x0, 0x0, 0x0, 0x0,
    0x0, 0x0, 0x0, 0x26, 0x30, 0x0, 0x5f, 0xff,
    0x70, 0xb, 0xff, 0xff, 0x0, 0x9f, 0xff, 0xf3,
    0x1, 0xbf, 0xff, 0x40, 0x0, 0x3f, 0xf2, 0x0,
    0x8, 0xfe, 0x0, 0x3, 0xff, 0x80, 0x6, 0xff,
    0xd0, 0x3, 0xff, 0xd2, 0x0, 0xc, 0x80, 0x0,
    0x0, 0x0, 0x0, 0x0,

    /* U+003C "<" */
    0x0, 0x0, 0x0, 0x0, 0x0, 0x0, 0x0, 0x20,
    0x0, 0x0, 0x0, 0x0, 0x0, 0x6, 0xcf, 0x0,
    0x0, 0x0, 0x0, 0x3, 0x9f, 0xff, 0xf0, 0x0,
    0x0, 0x1, 0x7d, 0xff, 0xff, 0xfb, 0x0, 0x0,
    0x4a, 0xff, 0xff, 0xfd, 0x71, 0x0, 0x17, 0xdf,
    0xff, 0xfe, 0x82, 0x0, 0x0, 0xaf, 0xff, 0xff,
    0xa4, 0x0, 0x0, 0x0, 0xd, 0xff, 0xe6, 0x0,
    0x0, 0x0, 0x0, 0x0, 0xdf, 0xff, 0xe8, 0x20,
    0x0, 0x0, 0x0, 0x2, 0x9f, 0xff, 0xff, 0xc6,
    0x10, 0x0, 0x0, 0x0, 0x5, 0xcf, 0xff, 0xff,
    0xb5, 0x0, 0x0, 0x0, 0x0, 0x28, 0xef, 0xff,
    0xfe, 0x93, 0x0, 0x0, 0x0, 0x0, 0x5b, 0xff,
    0xff, 0xf0, 0x0, 0x0, 0x0, 0x0, 0x2, 0x8e,
    0xff, 0x0, 0x0, 0x0, 0x0, 0x0, 0x0, 0x4,
    0xa0,

    /* U+003D "=" */
    0xdf, 0xff, 0xff, 0xff, 0xff, 0xff, 0xff, 0xfd,
    0xff, 0xff, 0xff, 0xff, 0xff, 0xff, 0xff, 0x68,
    0x88, 0x88, 0x88, 0x88, 0x88, 0x88, 0x70, 0x0,
    0x0, 0x0, 0x0, 0x0, 0x0, 0x0, 0x0, 0x0,
    0x0, 0x0, 0x0, 0x0, 0x0, 0x0, 0x0, 0x0,
    0x0, 0x0, 0x0, 0x0, 0x0, 0x0, 0x0, 0x0,
    0x0, 0x0, 0x0, 0x0, 0x7, 0x88, 0x88, 0x88,
    0x88, 0x88, 0x88, 0x88, 0xdf, 0xff, 0xff, 0xff,
    0xff, 0xff, 0xff, 0xfd, 0xff, 0xff, 0xff, 0xff,
    0xff, 0xff, 0xff,

    /* U+003E ">" */
    0x20, 0x0, 0x0, 0x0, 0x0, 0x0, 0x0, 0xd,
    0xd6, 0x10, 0x0, 0x0, 0x0, 0x0, 0x0, 0xdf,
    0xff, 0xa4, 0x0, 0x0, 0x0, 0x0, 0x9, 0xff,
    0xff, 0xfd, 0x71, 0x0, 0x0, 0x0, 0x1, 0x6c,
    0xff, 0xff, 0xfb, 0x40, 0x0, 0x0, 0x0, 0x2,
    0x8d, 0xff, 0xff, 0xe8, 0x20, 0x0, 0x0, 0x0,
    0x3, 0x9f, 0xff, 0xff, 0xb0, 0x0, 0x0, 0x0,
    0x0, 0x5, 0xef, 0xff, 0x0, 0x0, 0x0, 0x0,
    0x17, 0xdf, 0xff, 0xf0, 0x0, 0x0, 0x6, 0xcf,
    0xff, 0xff, 0x93, 0x0, 0x4, 0xaf, 0xff, 0xff,
    0xc6, 0x0, 0x3, 0x9e, 0xff, 0xff, 0xf9, 0x30,
    0x0, 0x0, 0xdf, 0xff, 0xfc, 0x50, 0x0, 0x0,
    0x0, 0xd, 0xfe, 0x82, 0x0, 0x0, 0x0, 0x0,
    0x0, 0x95, 0x0, 0x0, 0x0, 0x0, 0x0, 0x0,
    0x0,

    /* U+003F "?" */
    0x0, 0x3, 0x9b, 0xcb, 0x71, 0x0, 0x0, 0x1b,
    0xff, 0xff, 0xff, 0xf6, 0x0, 0x2e, 0xff, 0xff,
    0xff, 0xff, 0xf4, 0x4, 0xff, 0xc4, 0x1, 0x7f,
    0xff, 0xc0, 0x3, 0x90, 0x0, 0x0, 0x8f, 0xff,
    0x0, 0x0, 0x0, 0x0, 0x3, 0xff, 0xf2, 0x0,
    0x0, 0x0, 0x0, 0x3f, 0xff, 0x20, 0x0, 0x0,
    0x0, 0x8, 0xff, 0xe0, 0x0, 0x0, 0x0, 0x2,
    0xff, 0xf7, 0x0, 0x0, 0x0, 0x0, 0xdf, 0xfd,
    0x0, 0x0, 0x0, 0x0, 0x9f, 0xff, 0x20, 0x0,
    0x0, 0x0, 0x5f, 0xff, 0x40, 0x0, 0x0, 0x0,
    0xe, 0xff, 0x80, 0x0, 0x0, 0x0, 0x6, 0xff,
    0xe0, 0x0, 0x0, 0x0, 0x0, 0xaf, 0xf8, 0x0,
    0x0, 0x0, 0x0, 0xb, 0xff, 0x50, 0x0, 0x0,
    0x0, 0x0, 0x47, 0x72, 0x0, 0x0, 0x0, 0x0,
    0x0, 0x0, 0x0, 0x0, 0x0, 0x0, 0x0, 0x0,
    0x0, 0x0, 0x0, 0x0, 0x0, 0x6, 0xdc, 0x40,
    0x0, 0x0, 0x0, 0x2, 0xff, 0xfe, 0x0, 0x0,
    0x0, 0x0, 0x5f, 0xff, 0xf3, 0x0, 0x0, 0x0,
    0x3, 0xff, 0xff, 0x0, 0x0, 0x0, 0x0, 0x7,
    0xee, 0x40, 0x0, 0x0,

    /* U+0040 "@" */
    0x0, 0x0, 0x0, 0x0, 0x0, 0x38, 0xce, 0xff,
    0xec, 0x94, 0x0, 0x0, 0x0, 0x0, 0x0, 0x0,
    0x0, 0x5, 0xdf, 0xff, 0xff, 0xff, 0xff, 0xfd,
    0x50, 0x0, 0x0, 0x0, 0x0, 0x0, 0x2d, 0xff,
    0xfd, 0x85, 0x44, 0x58, 0xdf, 0xff, 0xa0, 0x0,
    0x0, 0x0, 0x0, 0x4f, 0xff, 0xa2, 0x0, 0x0,
    0x0, 0x0, 0x3c, 0xff, 0xa0, 0x0, 0x0, 0x0,
    0x5f, 0xfe, 0x40, 0x0, 0x0, 0x0, 0x0, 0x0,
    0x9, 0xff, 0x70, 0x0, 0x0, 0x2f, 0xfd, 0x20,
    0x0, 0x0, 0x0, 0x0, 0x0, 0x0, 0xb, 0xff,
    0x20, 0x0, 0xd, 0xff, 0x20, 0x0, 0x0, 0x0,
    0x0, 0x0, 0x0, 0x0, 0x1f, 0xf9, 0x0, 0x7,
    0xff, 0x50, 0x0, 0x0, 0x1, 0x44, 0x0, 0x11,
    0x0, 0x0, 0x9f, 0xe0, 0x0, 0xef, 0xb0, 0x0,
    0x0, 0x1a, 0xff, 0xfe, 0x3f, 0xf4, 0x0, 0x3,
    0xff, 0x30, 0x6f, 0xf3, 0x0, 0x0, 0x2e, 0xff,
    0xff, 0xfe, 0xff, 0x10, 0x0, 0xf, 0xf5, 0xb,
    0xfd, 0x0, 0x0, 0xd, 0xff, 0x81, 0x8, 0xff,
    0xe0, 0x0, 0x0, 0xef, 0x70, 0xff, 0x90, 0x0,
    0x8, 0xff, 0x70, 0x0, 0xf, 0xfa, 0x0, 0x0,
    0xd, 0xf7, 0x1f, 0xf5, 0x0, 0x0, 0xef, 0xe0,
    0x0, 0x1, 0xff, 0x70, 0x0, 0x0, 0xef, 0x63,
    0xff, 0x30, 0x0, 0x4f, 0xf7, 0x0, 0x0, 0x4f,
    0xf3, 0x0, 0x0, 0x1f, 0xf4, 0x4f, 0xf2, 0x0,
    0x7, 0xff, 0x30, 0x0, 0x7, 0xff, 0x0, 0x0,
    0x5, 0xff, 0x4, 0xff, 0x20, 0x0, 0x8f, 0xf3,
    0x0, 0x0, 0xaf, 0xe0, 0x0, 0x0, 0xcf, 0xb0,
    0x3f, 0xf3, 0x0, 0x7, 0xff, 0x50, 0x0, 0x2e,
    0xfe, 0x0, 0x0, 0x7f, 0xf3, 0x1, 0xff, 0x50,
    0x0, 0x3f, 0xfd, 0x30, 0x5e, 0xff, 0xf6, 0x2,
    0x9f, 0xf8, 0x0, 0xe, 0xfa, 0x0, 0x0, 0xbf,
    0xff, 0xff, 0xf5, 0xef, 0xff, 0xff, 0xf9, 0x0,
    0x0, 0x9f, 0xf0, 0x0, 0x0, 0xaf, 0xff, 0xc3,
    0x4, 0xdf, 0xff, 0xd5, 0x0, 0x0, 0x4, 0xff,
    0x80, 0x0, 0x0, 0x13, 0x20, 0x0, 0x0, 0x23,
    0x20, 0x0, 0x0, 0x0, 0xb, 0xff, 0x30, 0x0,
    0x0, 0x0, 0x0, 0x0, 0x0, 0x0, 0x0, 0x0,
    0x0, 0x0, 0x2f, 0xfe, 0x30, 0x0, 0x0, 0x0,
    0x0, 0x0, 0x0, 0x0, 0x0, 0x0, 0x0, 0x0,
    0x5f, 0xff, 0x70, 0x0, 0x0, 0x0, 0x0, 0x3,
    0x0, 0x0, 0x0, 0x0, 0x0, 0x0, 0x5f, 0xff,
    0xe9, 0x42, 0x0, 0x14, 0x9e, 0xd0, 0x0, 0x0,
    0x0, 0x0, 0x0, 0x0, 0x2b, 0xff, 0xff, 0xff,
    0xff, 0xff, 0xfe, 0x20, 0x0, 0x0, 0x0, 0x0,
    0x0, 0x0, 0x3, 0x9d, 0xff, 0xff, 0xff, 0xc6,
    0x0, 0x0, 0x0, 0x0, 0x0, 0x0, 0x0, 0x0,
    0x0, 0x1, 0x23, 0x32, 0x0, 0x0, 0x0, 0x0,
    0x0, 0x0,

    /* U+0041 "A" */
    0x0, 0x0, 0x0, 0xd, 0xff, 0xf8, 0x0, 0x0,
    0x0, 0x0, 0x0, 0x0, 0x3, 0xff, 0xff, 0xd0,
    0x0, 0x0, 0x0, 0x0, 0x0, 0x0, 0x8f, 0xff,
    0xff, 0x20, 0x0, 0x0, 0x0, 0x0, 0x0, 0xd,
    0xff, 0x7f, 0xf8, 0x0, 0x0, 0x0, 0x0, 0x0,
    0x2, 0xff, 0xb3, 0xff, 0xd0, 0x0, 0x0, 0x0,
    0x0, 0x0, 0x8f, 0xf7, 0xe, 0xff, 0x20, 0x0,
    0x0, 0x0, 0x0, 0xd, 0xff, 0x20, 0xaf, 0xf8,
    0x0, 0x0, 0x0, 0x0, 0x2, 0xff, 0xe0, 0x5,
    0xff, 0xd0, 0x0, 0x0, 0x0, 0x0, 0x8f, 0xf9,
    0x0, 0x1f, 0xff, 0x20, 0x0, 0x0, 0x0, 0xd,
    0xff, 0x40, 0x0, 0xcf, 0xf7, 0x0, 0x0, 0x0,
    0x2, 0xff, 0xf0, 0x0, 0x7, 0xff, 0xd0, 0x0,
    0x0, 0x0, 0x8f, 0xfb, 0x0, 0x0, 0x2f, 0xff,
    0x20, 0x0, 0x0, 0xd, 0xff, 0x60, 0x0, 0x0,
    0xdf, 0xf7, 0x0, 0x0, 0x2, 0xff, 0xff, 0xff,
    0xff, 0xff, 0xff, 0xd0, 0x0, 0x0, 0x8f, 0xff,
    0xff, 0xff, 0xff, 0xff, 0xff, 0x20, 0x0, 0xd,
    0xff, 0xfc, 0xcc, 0xcc, 0xcc, 0xff, 0xf7, 0x0,
    0x2, 0xff, 0xf3, 0x0, 0x0, 0x0, 0xa, 0xff,
    0xd0, 0x0, 0x8f, 0xfe, 0x0, 0x0, 0x0, 0x0,
    0x6f, 0xff, 0x20, 0xd, 0xff, 0x90, 0x0, 0x0,
    0x0, 0x1, 0xff, 0xf7, 0x2, 0xff, 0xf4, 0x0,
    0x0, 0x0, 0x0, 0xc, 0xff, 0xd0, 0x8f, 0xff,
    0x0, 0x0, 0x0, 0x0, 0x0, 0x7f, 0xff, 0x2d,
    0xff, 0xb0, 0x0, 0x0, 0x0, 0x0, 0x2, 0xff,
    0xf7,

    /* U+0042 "B" */
    0x1f, 0xff, 0xff, 0xff, 0xfe, 0xb8, 0x20, 0x0,
    0x1, 0xff, 0xff, 0xff, 0xff, 0xff, 0xff, 0xa0,
    0x0, 0x1f, 0xff, 0xdc, 0xcc, 0xce, 0xff, 0xff,
    0xa0, 0x1, 0xff, 0xf6, 0x0, 0x0, 0x4, 0xdf,
    0xff, 0x30, 0x1f, 0xff, 0x60, 0x0, 0x0, 0x2,
    0xff, 0xf6, 0x1, 0xff, 0xf6, 0x0, 0x0, 0x0,
    0xe, 0xff, 0x80, 0x1f, 0xff, 0x60, 0x0, 0x0,
    0x0, 0xff, 0xf6, 0x1, 0xff, 0xf6, 0x0, 0x0,
    0x0, 0x6f, 0xff, 0x10, 0x1f, 0xff, 0x60, 0x0,
    0x3, 0x9f, 0xff, 0x70, 0x1, 0xff, 0xff, 0xff,
    0xff, 0xff, 0xfe, 0x60, 0x0, 0x1f, 0xff, 0xff,
    0xff, 0xff, 0xff, 0xd7, 0x10, 0x1, 0xff, 0xfc,
    0xaa, 0xaa, 0xbe, 0xff, 0xfd, 0x20, 0x1f, 0xff,
    0x60, 0x0, 0x0, 0x4, 0xef, 0xfe, 0x11, 0xff,
    0xf6, 0x0, 0x0, 0x0, 0x2, 0xff, 0xf7, 0x1f,
    0xff, 0x60, 0x0, 0x0, 0x0, 0xc, 0xff, 0xa1,
    0xff, 0xf6, 0x0, 0x0, 0x0, 0x0, 0xbf, 0xfb,
    0x1f, 0xff, 0x60, 0x0, 0x0, 0x0, 0xd, 0xff,
    0xa1, 0xff, 0xf6, 0x0, 0x0, 0x0, 0x5, 0xff,
    0xf7, 0x1f, 0xff, 0x60, 0x0, 0x0, 0x18, 0xff,
    0xff, 0x11, 0xff, 0xfd, 0xcc, 0xcc, 0xdf, 0xff,
    0xff, 0x40, 0x1f, 0xff, 0xff, 0xff, 0xff, 0xff,
    0xfd, 0x30, 0x1, 0xff, 0xff, 0xff, 0xff, 0xed,
    0x94, 0x0, 0x0,

    /* U+0043 "C" */
    0x0, 0x0, 0x0, 0x17, 0xce, 0xfe, 0xc7, 0x10,
    0x0, 0x0, 0x0, 0x9, 0xff, 0xff, 0xff, 0xff,
    0xf6, 0x0, 0x0, 0x1, 0xcf, 0xff, 0xff, 0xff,
    0xff, 0xff, 0x80, 0x0, 0xd, 0xff, 0xfe, 0x83,
    0x12, 0x5c, 0xff, 0x50, 0x0, 0x9f, 0xff, 0xc1,
    0x0, 0x0, 0x0, 0x77, 0x0, 0x2, 0xff, 0xfd,
    0x0, 0x0, 0x0, 0x0, 0x0, 0x0, 0x8, 0xff,
    0xf4, 0x0, 0x0, 0x0, 0x0, 0x0, 0x0, 0xd,
    0xff, 0xd0, 0x0, 0x0, 0x0, 0x0, 0x0, 0x0,
    0x1f, 0xff, 0x80, 0x0, 0x0, 0x0, 0x0, 0x0,
    0x0, 0x3f, 0xff, 0x60, 0x0, 0x0, 0x0, 0x0,
    0x0, 0x0, 0x4f, 0xff, 0x50, 0x0, 0x0, 0x0,
    0x0, 0x0, 0x0, 0x4f, 0xff, 0x50, 0x0, 0x0,
    0x0, 0x0, 0x0, 0x0, 0x3f, 0xff, 0x60, 0x0,
    0x0, 0x0, 0x0, 0x0, 0x0, 0x1f, 0xff, 0x80,
    0x0, 0x0, 0x0, 0x0, 0x0, 0x0, 0xd, 0xff,
    0xd0, 0x0, 0x0, 0x0, 0x0, 0x0, 0x0, 0x9,
    0xff, 0xf3, 0x0, 0x0, 0x0, 0x0, 0x0, 0x0,
    0x2, 0xff, 0xfd, 0x0, 0x0, 0x0, 0x0, 0x1,
    0x0, 0x0, 0xaf, 0xff, 0xb0, 0x0, 0x0, 0x0,
    0x6f, 0x40, 0x0, 0x1e, 0xff, 0xfe, 0x73, 0x12,
    0x6c, 0xff, 0xf2, 0x0, 0x2, 0xdf, 0xff, 0xff,
    0xff, 0xff, 0xff, 0xa0, 0x0, 0x0, 0x1a, 0xff,
    0xff, 0xff, 0xff, 0xf7, 0x0, 0x0, 0x0, 0x0,
    0x28, 0xce, 0xfe, 0xc7, 0x10, 0x0,

    /* U+0044 "D" */
    0x1f, 0xff, 0xff, 0xff, 0xeb, 0x72, 0x0, 0x0,
    0x0, 0x1f, 0xff, 0xff, 0xff, 0xff, 0xff, 0xa1,
    0x0, 0x0, 0x1f, 0xff, 0xee, 0xef, 0xff, 0xff,
    0xfe, 0x30, 0x0, 0x1f, 0xff, 0x60, 0x0, 0x16,
    0xdf, 0xff, 0xf2, 0x0, 0x1f, 0xff, 0x60, 0x0,
    0x0, 0x9, 0xff, 0xfc, 0x0, 0x1f, 0xff, 0x60,
    0x0, 0x0, 0x0, 0xbf, 0xff, 0x40, 0x1f, 0xff,
    0x60, 0x0, 0x0, 0x0, 0x2f, 0xff, 0xa0, 0x1f,
    0xff, 0x60, 0x0, 0x0, 0x0, 0xc, 0xff, 0xe0,
    0x1f, 0xff, 0x60, 0x0, 0x0, 0x0, 0x8, 0xff,
    0xf1, 0x1f, 0xff, 0x60, 0x0, 0x0, 0x0, 0x6,
    0xff, 0xf3, 0x1f, 0xff, 0x60, 0x0, 0x0, 0x0,
    0x5, 0xff, 0xf4, 0x1f, 0xff, 0x60, 0x0, 0x0,
    0x0, 0x5, 0xff, 0xf4, 0x1f, 0xff, 0x60, 0x0,
    0x0, 0x0, 0x7, 0xff, 0xf3, 0x1f, 0xff, 0x60,
    0x0, 0x0, 0x0, 0x9, 0xff, 0xf1, 0x1f, 0xff,
    0x60, 0x0, 0x0, 0x0, 0xd, 0xff, 0xe0, 0x1f,
    0xff, 0x60, 0x0, 0x0, 0x0, 0x3f, 0xff, 0xa0,
    0x1f, 0xff, 0x60, 0x0, 0x0, 0x0, 0xcf, 0xff,
    0x40, 0x1f, 0xff, 0x60, 0x0, 0x0, 0xa, 0xff,
    0xfb, 0x0, 0x1f, 0xff, 0x60, 0x0, 0x16, 0xdf,
    0xff, 0xe2, 0x0, 0x1f, 0xff, 0xed, 0xef, 0xff,
    0xff, 0xfe, 0x30, 0x0, 0x1f, 0xff, 0xff, 0xff,
    0xff, 0xff, 0xa1, 0x0, 0x0, 0x1f, 0xff, 0xff,
    0xff, 0xeb, 0x82, 0x0, 0x0, 0x0,

    /* U+0045 "E" */
    0x1f, 0xff, 0xff, 0xff, 0xff, 0xff, 0xff, 0x1,
    0xff, 0xff, 0xff, 0xff, 0xff, 0xff, 0xf0, 0x1f,
    0xff, 0xff, 0xff, 0xff, 0xff, 0xfe, 0x1, 0xff,
    0xf6, 0x0, 0x0, 0x0, 0x0, 0x0, 0x1f, 0xff,
    0x60, 0x0, 0x0, 0x0, 0x0, 0x1, 0xff, 0xf6,
    0x0, 0x0, 0x0, 0x0, 0x0, 0x1f, 0xff, 0x60,
    0x0, 0x0, 0x0, 0x0, 0x1, 0xff, 0xf6, 0x0,
    0x0, 0x0, 0x0, 0x0, 0x1f, 0xff, 0x60, 0x0,
    0x0, 0x0, 0x0, 0x1, 0xff, 0xff, 0xff, 0xff,
    0xff, 0xf7, 0x0, 0x1f, 0xff, 0xff, 0xff, 0xff,
    0xff, 0x70, 0x1, 0xff, 0xff, 0xff, 0xff, 0xff,
    0xf7, 0x0, 0x1f, 0xff, 0x60, 0x0, 0x0, 0x0,
    0x0, 0x1, 0xff, 0xf6, 0x0, 0x0, 0x0, 0x0,
    0x0, 0x1f, 0xff, 0x60, 0x0, 0x0, 0x0, 0x0,
    0x1, 0xff, 0xf6, 0x0, 0x0, 0x0, 0x0, 0x0,
    0x1f, 0xff, 0x60, 0x0, 0x0, 0x0, 0x0, 0x1,
    0xff, 0xf6, 0x0, 0x0, 0x0, 0x0, 0x0, 0x1f,
    0xff, 0x60, 0x0, 0x0, 0x0, 0x0, 0x1, 0xff,
    0xff, 0xff, 0xff, 0xff, 0xff, 0xf4, 0x1f, 0xff,
    0xff, 0xff, 0xff, 0xff, 0xff, 0x41, 0xff, 0xff,
    0xff, 0xff, 0xff, 0xff, 0xf4,

    /* U+0046 "F" */
    0x1f, 0xff, 0xff, 0xff, 0xff, 0xff, 0xff, 0x1f,
    0xff, 0xff, 0xff, 0xff, 0xff, 0xff, 0x1f, 0xff,
    0xff, 0xff, 0xff, 0xff, 0xff, 0x1f, 0xff, 0x60,
    0x0, 0x0, 0x0, 0x0, 0x1f, 0xff, 0x60, 0x0,
    0x0, 0x0, 0x0, 0x1f, 0xff, 0x60, 0x0, 0x0,
    0x0, 0x0, 0x1f, 0xff, 0x60, 0x0, 0x0, 0x0,
    0x0, 0x1f, 0xff, 0x60, 0x0, 0x0, 0x0, 0x0,
    0x1f, 0xff, 0x60, 0x0, 0x0, 0x0, 0x0, 0x1f,
    0xff, 0xff, 0xff, 0xff, 0xff, 0x80, 0x1f, 0xff,
    0xff, 0xff, 0xff, 0xff, 0x90, 0x1f, 0xff, 0xff,
    0xff, 0xff, 0xff, 0x90, 0x1f, 0xff, 0x60, 0x0,
    0x0, 0x0, 0x0, 0x1f, 0xff, 0x60, 0x0, 0x0,
    0x0, 0x0, 0x1f, 0xff, 0x60, 0x0, 0x0, 0x0,
    0x0, 0x1f, 0xff, 0x60, 0x0, 0x0, 0x0, 0x0,
    0x1f, 0xff, 0x60, 0x0, 0x0, 0x0, 0x0, 0x1f,
    0xff, 0x60, 0x0, 0x0, 0x0, 0x0, 0x1f, 0xff,
    0x60, 0x0, 0x0, 0x0, 0x0, 0x1f, 0xff, 0x60,
    0x0, 0x0, 0x0, 0x0, 0x1f, 0xff, 0x60, 0x0,
    0x0, 0x0, 0x0, 0x1f, 0xff, 0x60, 0x0, 0x0,
    0x0, 0x0,

    /* U+0047 "G" */
    0x0, 0x0, 0x0, 0x16, 0xbd, 0xff, 0xda, 0x40,
    0x0, 0x0, 0x0, 0x7, 0xff, 0xff, 0xff, 0xff,
    0xfc, 0x20, 0x0, 0x1, 0xbf, 0xff, 0xff, 0xff,
    0xff, 0xff, 0xf3, 0x0, 0xc, 0xff, 0xff, 0x94,
    0x21, 0x37, 0xef, 0xd1, 0x0, 0x8f, 0xff, 0xd2,
    0x0, 0x0, 0x0, 0x19, 0x10, 0x1, 0xff, 0xfe,
    0x10, 0x0, 0x0, 0x0, 0x0, 0x0, 0x8, 0xff,
    0xf4, 0x0, 0x0, 0x0, 0x0, 0x0, 0x0, 0xd,
    0xff, 0xd0, 0x0, 0x0, 0x0, 0x0, 0x0, 0x0,
    0x1f, 0xff, 0x80, 0x0, 0x0, 0x0, 0x0, 0x0,
    0x0, 0x3f, 0xff, 0x60, 0x0, 0x0, 0x0, 0x0,
    0x0, 0x0, 0x4f, 0xff, 0x50, 0x0, 0x0, 0xaf,
    0xff, 0xff, 0xfe, 0x4f, 0xff, 0x50, 0x0, 0x0,
    0xaf, 0xff, 0xff, 0xfe, 0x3f, 0xff, 0x60, 0x0,
    0x0, 0x8e, 0xee, 0xef, 0xfe, 0x1f, 0xff, 0x90,
    0x0, 0x0, 0x0, 0x0, 0x4f, 0xfe, 0xe, 0xff,
    0xd0, 0x0, 0x0, 0x0, 0x0, 0x4f, 0xfe, 0x9,
    0xff, 0xf4, 0x0, 0x0, 0x0, 0x0, 0x4f, 0xfe,
    0x3, 0xff, 0xfd, 0x0, 0x0, 0x0, 0x0, 0x4f,
    0xfe, 0x0, 0xaf, 0xff, 0xc1, 0x0, 0x0, 0x0,
    0x4f, 0xfe, 0x0, 0x1d, 0xff, 0xff, 0x94, 0x21,
    0x37, 0xef, 0xfe, 0x0, 0x2, 0xdf, 0xff, 0xff,
    0xff, 0xff, 0xff, 0xfa, 0x0, 0x0, 0x9, 0xff,
    0xff, 0xff, 0xff, 0xfe, 0x70, 0x0, 0x0, 0x0,
    0x17, 0xbe, 0xff, 0xdb, 0x60, 0x0,

    /* U+0048 "H" */
    0x1f, 0xff, 0x60, 0x0, 0x0, 0x0, 0x2, 0xff,
    0xf5, 0x1f, 0xff, 0x60, 0x0, 0x0, 0x0, 0x2,
    0xff, 0xf5, 0x1f, 0xff, 0x60, 0x0, 0x0, 0x0,
    0x2, 0xff, 0xf5, 0x1f, 0xff, 0x60, 0x0, 0x0,
    0x0, 0x2, 0xff, 0xf5, 0x1f, 0xff, 0x60, 0x0,
    0x0, 0x0, 0x2, 0xff, 0xf5, 0x1f, 0xff, 0x60,
    0x0, 0x0, 0x0, 0x2, 0xff, 0xf5, 0x1f, 0xff,
    0x60, 0x0, 0x0, 0x0, 0x2, 0xff, 0xf5, 0x1f,
    0xff, 0x60, 0x0, 0x0, 0x0, 0x2, 0xff, 0xf5,
    0x1f, 0xff, 0x60, 0x0, 0x0, 0x0, 0x3, 0xff,
    0xf5, 0x1f, 0xff, 0xff, 0xff, 0xff, 0xff, 0xff,
    0xff, 0xf5, 0x1f, 0xff, 0xff, 0xff, 0xff, 0xff,
    0xff, 0xff, 0xf5, 0x1f, 0xff, 0xff, 0xff, 0xff,
    0xff, 0xff, 0xff, 0xf5, 0x1f, 0xff, 0x60, 0x0,
    0x0, 0x0, 0x2, 0xff, 0xf5, 0x1f, 0xff, 0x60,
    0x0, 0x0, 0x0, 0x2, 0xff, 0xf5, 0x1f, 0xff,
    0x60, 0x0, 0x0, 0x0, 0x2, 0xff, 0xf5, 0x1f,
    0xff, 0x60, 0x0, 0x0, 0x0, 0x2, 0xff, 0xf5,
    0x1f, 0xff, 0x60, 0x0, 0x0, 0x0, 0x2, 0xff,
    0xf5, 0x1f, 0xff, 0x60, 0x0, 0x0, 0x0, 0x2,
    0xff, 0xf5, 0x1f, 0xff, 0x60, 0x0, 0x0, 0x0,
    0x2, 0xff, 0xf5, 0x1f, 0xff, 0x60, 0x0, 0x0,
    0x0, 0x2, 0xff, 0xf5, 0x1f, 0xff, 0x60, 0x0,
    0x0, 0x0, 0x2, 0xff, 0xf5, 0x1f, 0xff, 0x60,
    0x0, 0x0, 0x0, 0x2, 0xff, 0xf5,

    /* U+0049 "I" */
    0x1f, 0xff, 0x61, 0xff, 0xf6, 0x1f, 0xff, 0x61,
    0xff, 0xf6, 0x1f, 0xff, 0x61, 0xff, 0xf6, 0x1f,
    0xff, 0x61, 0xff, 0xf6, 0x1f, 0xff, 0x61, 0xff,
    0xf6, 0x1f, 0xff, 0x61, 0xff, 0xf6, 0x1f, 0xff,
    0x61, 0xff, 0xf6, 0x1f, 0xff, 0x61, 0xff, 0xf6,
    0x1f, 0xff, 0x61, 0xff, 0xf6, 0x1f, 0xff, 0x61,
    0xff, 0xf6, 0x1f, 0xff, 0x61, 0xff, 0xf6,

    /* U+004A "J" */
    0x0, 0x0, 0x0, 0x0, 0x0, 0xcf, 0xfb, 0x0,
    0x0, 0x0, 0x0, 0x0, 0xcf, 0xfb, 0x0, 0x0,
    0x0, 0x0, 0x0, 0xcf, 0xfb, 0x0, 0x0, 0x0,
    0x0, 0x0, 0xcf, 0xfb, 0x0, 0x0, 0x0, 0x0,
    0x0, 0xcf, 0xfb, 0x0, 0x0, 0x0, 0x0, 0x0,
    0xcf, 0xfb, 0x0, 0x0, 0x0, 0x0, 0x0, 0xcf,
    0xfb, 0x0, 0x0, 0x0, 0x0, 0x0, 0xcf, 0xfb,
    0x0, 0x0, 0x0, 0x0, 0x0, 0xcf, 0xfb, 0x0,
    0x0, 0x0, 0x0, 0x0, 0xcf, 0xfb, 0x0, 0x0,
    0x0, 0x0, 0x0, 0xcf, 0xfb, 0x0, 0x0, 0x0,
    0x0, 0x0, 0xcf, 0xfb, 0x0, 0x0, 0x0, 0x0,
    0x0, 0xcf, 0xfb, 0x0, 0x0, 0x0, 0x0, 0x0,
    0xcf, 0xfb, 0x0, 0x0, 0x0, 0x0, 0x0, 0xcf,
    0xfb, 0x0, 0x0, 0x0, 0x0, 0x0, 0xdf, 0xfa,
    0x0, 0x2, 0x0, 0x0, 0x0, 0xff, 0xf9, 0x2,
    0xce, 0x10, 0x0, 0x5, 0xff, 0xf5, 0xd, 0xff,
    0xe6, 0x22, 0x7f, 0xff, 0xf1, 0x4, 0xff, 0xff,
    0xff, 0xff, 0xff, 0x70, 0x0, 0x4f, 0xff, 0xff,
    0xff, 0xf9, 0x0, 0x0, 0x1, 0x7c, 0xef, 0xda,
    0x40, 0x0,

    /* U+004B "K" */
    0x1f, 0xff, 0x60, 0x0, 0x0, 0x0, 0x8f, 0xff,
    0x60, 0x1f, 0xff, 0x60, 0x0, 0x0, 0x5, 0xff,
    0xf9, 0x0, 0x1f, 0xff, 0x60, 0x0, 0x0, 0x3f,
    0xff, 0xb0, 0x0, 0x1f, 0xff, 0x60, 0x0, 0x1,
    0xef, 0xfd, 0x10, 0x0, 0x1f, 0xff, 0x60, 0x0,
    0xb, 0xff, 0xf2, 0x0, 0x0, 0x1f, 0xff, 0x60,
    0x0, 0x9f, 0xff, 0x50, 0x0, 0x0, 0x1f, 0xff,
    0x60, 0x5, 0xff, 0xf8, 0x0, 0x0, 0x0, 0x1f,
    0xff, 0x60, 0x3f, 0xff, 0xb0, 0x0, 0x0, 0x0,
    0x1f, 0xff, 0x61, 0xef, 0xff, 0x10, 0x0, 0x0,
    0x0, 0x1f, 0xff, 0x6c, 0xff, 0xff, 0x70, 0x0,
    0x0, 0x0, 0x1f, 0xff, 0xef, 0xff, 0xff, 0xf1,
    0x0, 0x0, 0x0, 0x1f, 0xff, 0xff, 0xfa, 0xff,
    0xfa, 0x0, 0x0, 0x0, 0x1f, 0xff, 0xff, 0xc0,
    0x7f, 0xff, 0x40, 0x0, 0x0, 0x1f, 0xff, 0xfd,
    0x10, 0xd, 0xff, 0xd0, 0x0, 0x0, 0x1f, 0xff,
    0xf2, 0x0, 0x5, 0xff, 0xf7, 0x0, 0x0, 0x1f,
    0xff, 0x70, 0x0, 0x0, 0xbf, 0xff, 0x10, 0x0,
    0x1f, 0xff, 0x60, 0x0, 0x0, 0x2f, 0xff, 0xa0,
    0x0, 0x1f, 0xff, 0x60, 0x0, 0x0, 0x9, 0xff,
    0xf3, 0x0, 0x1f, 0xff, 0x60, 0x0, 0x0, 0x1,
    0xef, 0xfc, 0x0, 0x1f, 0xff, 0x60, 0x0, 0x0,
    0x0, 0x6f, 0xff, 0x60, 0x1f, 0xff, 0x60, 0x0,
    0x0, 0x0, 0xd, 0xff, 0xe1, 0x1f, 0xff, 0x60,
    0x0, 0x0, 0x0, 0x4, 0xff, 0xf9,

    /* U+004C "L" */
    0x1f, 0xff, 0x60, 0x0, 0x0, 0x0, 0x0, 0x1f,
    0xff, 0x60, 0x0, 0x0, 0x0, 0x0, 0x1f, 0xff,
    0x60, 0x0, 0x0, 0x0, 0x0, 0x1f, 0xff, 0x60,
    0x0, 0x0, 0x0, 0x0, 0x1f, 0xff, 0x60, 0x0,
    0x0, 0x0, 0x0, 0x1f, 0xff, 0x60, 0x0, 0x0,
    0x0, 0x0, 0x1f, 0xff, 0x60, 0x0, 0x0, 0x0,
    0x0, 0x1f, 0xff, 0x60, 0x0, 0x0, 0x0, 0x0,
    0x1f, 0xff, 0x60, 0x0, 0x0, 0x0, 0x0, 0x1f,
    0xff, 0x60, 0x0, 0x0, 0x0, 0x0, 0x1f, 0xff,
    0x60, 0x0, 0x0, 0x0, 0x0, 0x1f, 0xff, 0x60,
    0x0, 0x0, 0x0, 0x0, 0x1f, 0xff, 0x60, 0x0,
    0x0, 0x0, 0x0, 0x1f, 0xff, 0x60, 0x0, 0x0,
    0x0, 0x0, 0x1f, 0xff, 0x60, 0x0, 0x0, 0x0,
    0x0, 0x1f, 0xff, 0x60, 0x0, 0x0, 0x0, 0x0,
    0x1f, 0xff, 0x60, 0x0, 0x0, 0x0, 0x0, 0x1f,
    0xff, 0x60, 0x0, 0x0, 0x0, 0x0, 0x1f, 0xff,
    0x60, 0x0, 0x0, 0x0, 0x0, 0x1f, 0xff, 0xff,
    0xff, 0xff, 0xff, 0xfb, 0x1f, 0xff, 0xff, 0xff,
    0xff, 0xff, 0xfc, 0x1f, 0xff, 0xff, 0xff, 0xff,
    0xff, 0xfc,

    /* U+004D "M" */
    0x1f, 0xff, 0xf1, 0x0, 0x0, 0x0, 0x0, 0x3,
    0xff, 0xff, 0x1, 0xff, 0xff, 0x70, 0x0, 0x0,
    0x0, 0x0, 0x9f, 0xff, 0xf0, 0x1f, 0xff, 0xfd,
    0x0, 0x0, 0x0, 0x0, 0xe, 0xff, 0xff, 0x1,
    0xff, 0xff, 0xf3, 0x0, 0x0, 0x0, 0x4, 0xff,
    0xff, 0xf0, 0x1f, 0xfd, 0xff, 0x80, 0x0, 0x0,
    0x0, 0xaf, 0xfd, 0xff, 0x1, 0xff, 0xbe, 0xfe,
    0x0, 0x0, 0x0, 0xf, 0xfb, 0xdf, 0xf0, 0x1f,
    0xfc, 0x8f, 0xf4, 0x0, 0x0, 0x5, 0xff, 0x5f,
    0xff, 0x1, 0xff, 0xd3, 0xff, 0xa0, 0x0, 0x0,
    0xbf, 0xf1, 0xff, 0xf0, 0x1f, 0xff, 0xd, 0xff,
    0x0, 0x0, 0x1f, 0xfa, 0x1f, 0xff, 0x1, 0xff,
    0xf0, 0x7f, 0xf5, 0x0, 0x6, 0xff, 0x42, 0xff,
    0xf0, 0x1f, 0xff, 0x2, 0xff, 0xb0, 0x0, 0xcf,
    0xe0, 0x3f, 0xff, 0x1, 0xff, 0xf0, 0xc, 0xff,
    0x10, 0x1f, 0xf9, 0x3, 0xff, 0xf0, 0x1f, 0xff,
    0x10, 0x6f, 0xf6, 0x6, 0xff, 0x30, 0x3f, 0xff,
    0x1, 0xff, 0xf1, 0x0, 0xff, 0xc0, 0xcf, 0xd0,
    0x3, 0xff, 0xf0, 0x1f, 0xff, 0x10, 0xa, 0xff,
    0x3f, 0xf7, 0x0, 0x3f, 0xff, 0x1, 0xff, 0xf1,
    0x0, 0x4f, 0xfd, 0xff, 0x10, 0x3, 0xff, 0xf0,
    0x1f, 0xff, 0x10, 0x0, 0xef, 0xff, 0xb0, 0x0,
    0x3f, 0xff, 0x1, 0xff, 0xf1, 0x0, 0x8, 0xff,
    0xf5, 0x0, 0x3, 0xff, 0xf0, 0x1f, 0xff, 0x10,
    0x0, 0x2f, 0xff, 0x0, 0x0, 0x3f, 0xff, 0x1,
    0xff, 0xf1, 0x0, 0x0, 0xbe, 0x90, 0x0, 0x3,
    0xff, 0xf0, 0x1f, 0xff, 0x10, 0x0, 0x0, 0x0,
    0x0, 0x0, 0x3f, 0xff, 0x1, 0xff, 0xf1, 0x0,
    0x0, 0x0, 0x0, 0x0, 0x3, 0xff, 0xf0,

    /* U+004E "N" */
    0x1f, 0xff, 0xc0, 0x0, 0x0, 0x0, 0x3, 0xff,
    0xf1, 0x1f, 0xff, 0xf5, 0x0, 0x0, 0x0, 0x3,
    0xff, 0xf1, 0x1f, 0xff, 0xfd, 0x0, 0x0, 0x0,
    0x3, 0xff, 0xf1, 0x1f, 0xff, 0xff, 0x70, 0x0,
    0x0, 0x3, 0xff, 0xf1, 0x1f, 0xfe, 0xff, 0xf1,
    0x0, 0x0, 0x3, 0xff, 0xf1, 0x1f, 0xfd, 0x9f,
    0xf9, 0x0, 0x0, 0x3, 0xff, 0xf1, 0x1f, 0xff,
    0x1f, 0xff, 0x20, 0x0, 0x3, 0xff, 0xf1, 0x1f,
    0xff, 0x8, 0xff, 0xb0, 0x0, 0x3, 0xff, 0xf1,
    0x1f, 0xff, 0x11, 0xff, 0xf4, 0x0, 0x3, 0xff,
    0xf1, 0x1f, 0xff, 0x10, 0x8f, 0xfd, 0x0, 0x3,
    0xff, 0xf1, 0x1f, 0xff, 0x20, 0xe, 0xff, 0x60,
    0x3, 0xff, 0xf1, 0x1f, 0xff, 0x30, 0x6, 0xff,
    0xe1, 0x2, 0xff, 0xf1, 0x1f, 0xff, 0x30, 0x0,
    0xdf, 0xf8, 0x2, 0xff, 0xf1, 0x1f, 0xff, 0x30,
    0x0, 0x4f, 0xff, 0x11, 0xff, 0xf1, 0x1f, 0xff,
    0x30, 0x0, 0xb, 0xff, 0x90, 0xff, 0xf1, 0x1f,
    0xff, 0x30, 0x0, 0x2, 0xff, 0xf1, 0xef, 0xf1,
    0x1f, 0xff, 0x30, 0x0, 0x0, 0x9f, 0xf9, 0xdf,
    0xf1, 0x1f, 0xff, 0x30, 0x0, 0x0, 0x1e, 0xff,
    0xef, 0xf1, 0x1f, 0xff, 0x30, 0x0, 0x0, 0x6,
    0xff, 0xff, 0xf1, 0x1f, 0xff, 0x30, 0x0, 0x0,
    0x0, 0xdf, 0xff, 0xf1, 0x1f, 0xff, 0x30, 0x0,
    0x0, 0x0, 0x4f, 0xff, 0xf1, 0x1f, 0xff, 0x30,
    0x0, 0x0, 0x0, 0xb, 0xff, 0xf1,

    /* U+004F "O" */
    0x0, 0x0, 0x0, 0x49, 0xdf, 0xfe, 0xc7, 0x10,
    0x0, 0x0, 0x0, 0x0, 0x2c, 0xff, 0xff, 0xff,
    0xff, 0xf8, 0x0, 0x0, 0x0, 0x3, 0xff, 0xff,
    0xff, 0xff, 0xff, 0xff, 0xc0, 0x0, 0x0, 0x2f,
    0xff, 0xfc, 0x52, 0x13, 0x8f, 0xff, 0xfb, 0x0,
    0x0, 0xcf, 0xff, 0x90, 0x0, 0x0, 0x1, 0xdf,
    0xff, 0x50, 0x4, 0xff, 0xfb, 0x0, 0x0, 0x0,
    0x0, 0x1f, 0xff, 0xd0, 0xa, 0xff, 0xf2, 0x0,
    0x0, 0x0, 0x0, 0x8, 0xff, 0xf4, 0xe, 0xff,
    0xc0, 0x0, 0x0, 0x0, 0x0, 0x2, 0xff, 0xf8,
    0x1f, 0xff, 0x80, 0x0, 0x0, 0x0, 0x0, 0x0,
    0xdf, 0xfb, 0x3f, 0xff, 0x60, 0x0, 0x0, 0x0,
    0x0, 0x0, 0xbf, 0xfd, 0x4f, 0xff, 0x50, 0x0,
    0x0, 0x0, 0x0, 0x0, 0xaf, 0xfe, 0x4f, 0xff,
    0x50, 0x0, 0x0, 0x0, 0x0, 0x0, 0xaf, 0xfe,
    0x3f, 0xff, 0x60, 0x0, 0x0, 0x0, 0x0, 0x0,
    0xcf, 0xfd, 0x1f, 0xff, 0x80, 0x0, 0x0, 0x0,
    0x0, 0x0, 0xef, 0xfb, 0xe, 0xff, 0xd0, 0x0,
    0x0, 0x0, 0x0, 0x3, 0xff, 0xf8, 0x9, 0xff,
    0xf3, 0x0, 0x0, 0x0, 0x0, 0x9, 0xff, 0xf3,
    0x3, 0xff, 0xfc, 0x0, 0x0, 0x0, 0x0, 0x2f,
    0xff, 0xd0, 0x0, 0xbf, 0xff, 0xa0, 0x0, 0x0,
    0x2, 0xef, 0xff, 0x40, 0x0, 0x1e, 0xff, 0xfd,
    0x63, 0x13, 0x9f, 0xff, 0xfa, 0x0, 0x0, 0x3,
    0xef, 0xff, 0xff, 0xff, 0xff, 0xff, 0xb0, 0x0,
    0x0, 0x0, 0x2b, 0xff, 0xff, 0xff, 0xff, 0xf8,
    0x0, 0x0, 0x0, 0x0, 0x0, 0x49, 0xdf, 0xfe,
    0xc7, 0x10, 0x0, 0x0,

    /* U+0050 "P" */
    0x1f, 0xff, 0xff, 0xff, 0xed, 0xb7, 0x10, 0x0,
    0x1, 0xff, 0xff, 0xff, 0xff, 0xff, 0xff, 0x80,
    0x0, 0x1f, 0xff, 0xed, 0xdd, 0xef, 0xff, 0xff,
    0xa0, 0x1, 0xff, 0xf6, 0x0, 0x0, 0x5, 0xdf,
    0xff, 0x60, 0x1f, 0xff, 0x60, 0x0, 0x0, 0x1,
    0xef, 0xfc, 0x1, 0xff, 0xf6, 0x0, 0x0, 0x0,
    0x8, 0xff, 0xf0, 0x1f, 0xff, 0x60, 0x0, 0x0,
    0x0, 0x6f, 0xff, 0x1, 0xff, 0xf6, 0x0, 0x0,
    0x0, 0x7, 0xff, 0xf0, 0x1f, 0xff, 0x60, 0x0,
    0x0, 0x0, 0xbf, 0xfe, 0x1, 0xff, 0xf6, 0x0,
    0x0, 0x0, 0x4f, 0xff, 0x90, 0x1f, 0xff, 0x60,
    0x0, 0x3, 0x9f, 0xff, 0xf2, 0x1, 0xff, 0xff,
    0xff, 0xff, 0xff, 0xff, 0xf4, 0x0, 0x1f, 0xff,
    0xff, 0xff, 0xff, 0xff, 0xc3, 0x0, 0x1, 0xff,
    0xfe, 0xdd, 0xdc, 0xa8, 0x30, 0x0, 0x0, 0x1f,
    0xff, 0x60, 0x0, 0x0, 0x0, 0x0, 0x0, 0x1,
    0xff, 0xf6, 0x0, 0x0, 0x0, 0x0, 0x0, 0x0,
    0x1f, 0xff, 0x60, 0x0, 0x0, 0x0, 0x0, 0x0,
    0x1, 0xff, 0xf6, 0x0, 0x0, 0x0, 0x0, 0x0,
    0x0, 0x1f, 0xff, 0x60, 0x0, 0x0, 0x0, 0x0,
    0x0, 0x1, 0xff, 0xf6, 0x0, 0x0, 0x0, 0x0,
    0x0, 0x0, 0x1f, 0xff, 0x60, 0x0, 0x0, 0x0,
    0x0, 0x0, 0x1, 0xff, 0xf6, 0x0, 0x0, 0x0,
    0x0, 0x0, 0x0,

    /* U+0051 "Q" */
    0x0, 0x0, 0x0, 0x49, 0xdf, 0xfe, 0xc7, 0x10,
    0x0, 0x0, 0x0, 0x0, 0x2, 0xcf, 0xff, 0xff,
    0xff, 0xff, 0x80, 0x0, 0x0, 0x0, 0x3, 0xff,
    0xff, 0xff, 0xff, 0xff, 0xff, 0xc0, 0x0, 0x0,
    0x2, 0xff, 0xff, 0xc5, 0x21, 0x38, 0xff, 0xff,
    0xb0, 0x0, 0x0, 0xcf, 0xff, 0x90, 0x0, 0x0,
    0x1, 0xdf, 0xff, 0x50, 0x0, 0x4f, 0xff, 0xb0,
    0x0, 0x0, 0x0, 0x1, 0xff, 0xfd, 0x0, 0xa,
    0xff, 0xf2, 0x0, 0x0, 0x0, 0x0, 0x8, 0xff,
    0xf4, 0x0, 0xef, 0xfc, 0x0, 0x0, 0x0, 0x0,
    0x0, 0x2f, 0xff, 0x80, 0x1f, 0xff, 0x80, 0x0,
    0x0, 0x0, 0x0, 0x0, 0xdf, 0xfb, 0x3, 0xff,
    0xf6, 0x0, 0x0, 0x0, 0x0, 0x0, 0xb, 0xff,
    0xd0, 0x4f, 0xff, 0x50, 0x0, 0x0, 0x0, 0x0,
    0x0, 0xaf, 0xfe, 0x4, 0xff, 0xf5, 0x0, 0x0,
    0x0, 0x0, 0x0, 0xa, 0xff, 0xe0, 0x3f, 0xff,
    0x60, 0x0, 0x0, 0x0, 0x0, 0x0, 0xcf, 0xfd,
    0x1, 0xff, 0xf8, 0x0, 0x0, 0x0, 0x0, 0x0,
    0xe, 0xff, 0xb0, 0xe, 0xff, 0xc0, 0x0, 0x0,
    0x0, 0x0, 0x2, 0xff, 0xf8, 0x0, 0x9f, 0xff,
    0x20, 0x0, 0x0, 0x0, 0x0, 0x8f, 0xff, 0x30,
    0x3, 0xff, 0xfa, 0x0, 0x0, 0x0, 0x0, 0x1f,
    0xff, 0xd0, 0x0, 0xb, 0xff, 0xf7, 0x0, 0x0,
    0x0, 0x1c, 0xff, 0xf4, 0x0, 0x0, 0x1e, 0xff,
    0xfb, 0x30, 0x1, 0x6e, 0xff, 0xfa, 0x0, 0x0,
    0x0, 0x3e, 0xff, 0xff, 0xff, 0xff, 0xff, 0xfb,
    0x0, 0x0, 0x0, 0x0, 0x2b, 0xff, 0xff, 0xff,
    0xff, 0xf8, 0x0, 0x0, 0x0, 0x0, 0x0, 0x4,
    0x9f, 0xff, 0xff, 0x71, 0x0, 0x0, 0x0, 0x0,
    0x0, 0x0, 0x0, 0xe, 0xff, 0xe2, 0x0, 0x0,
    0x0, 0x0, 0x0, 0x0, 0x0, 0x0, 0x4f, 0xff,
    0xf8, 0x20, 0x0, 0x10, 0x0, 0x0, 0x0, 0x0,
    0x0, 0x6f, 0xff, 0xff, 0xfe, 0xff, 0x20, 0x0,
    0x0, 0x0, 0x0, 0x0, 0x4d, 0xff, 0xff, 0xff,
    0xf6, 0x0, 0x0, 0x0, 0x0, 0x0, 0x0, 0x5,
    0xad, 0xff, 0xeb, 0x50,

    /* U+0052 "R" */
    0x1f, 0xff, 0xff, 0xff, 0xfe, 0xc8, 0x30, 0x0,
    0x1, 0xff, 0xff, 0xff, 0xff, 0xff, 0xff, 0xb1,
    0x0, 0x1f, 0xff, 0xed, 0xdd, 0xef, 0xff, 0xff,
    0xd1, 0x1, 0xff, 0xf6, 0x0, 0x0, 0x3, 0xbf,
    0xff, 0x90, 0x1f, 0xff, 0x60, 0x0, 0x0, 0x0,
    0xcf, 0xfe, 0x1, 0xff, 0xf6, 0x0, 0x0, 0x0,
    0x6, 0xff, 0xf1, 0x1f, 0xff, 0x60, 0x0, 0x0,
    0x0, 0x5f, 0xff, 0x11, 0xff, 0xf6, 0x0, 0x0,
    0x0, 0x7, 0xff, 0xf0, 0x1f, 0xff, 0x60, 0x0,
    0x0, 0x1, 0xef, 0xfc, 0x1, 0xff, 0xf6, 0x0,
    0x0, 0x4, 0xdf, 0xff, 0x60, 0x1f, 0xff, 0xec,
    0xcc, 0xdf, 0xff, 0xff, 0xa0, 0x1, 0xff, 0xff,
    0xff, 0xff, 0xff, 0xff, 0x80, 0x0, 0x1f, 0xff,
    0xff, 0xff, 0xff, 0xff, 0x20, 0x0, 0x1, 0xff,
    0xf6, 0x0, 0xb, 0xff, 0xf1, 0x0, 0x0, 0x1f,
    0xff, 0x60, 0x0, 0x2f, 0xff, 0x90, 0x0, 0x1,
    0xff, 0xf6, 0x0, 0x0, 0x9f, 0xff, 0x30, 0x0,
    0x1f, 0xff, 0x60, 0x0, 0x1, 0xff, 0xfc, 0x0,
    0x1, 0xff, 0xf6, 0x0, 0x0, 0x8, 0xff, 0xf5,
    0x0, 0x1f, 0xff, 0x60, 0x0, 0x0, 0xe, 0xff,
    0xd0, 0x1, 0xff, 0xf6, 0x0, 0x0, 0x0, 0x6f,
    0xff, 0x70, 0x1f, 0xff, 0x60, 0x0, 0x0, 0x0,
    0xdf, 0xff, 0x11, 0xff, 0xf6, 0x0, 0x0, 0x0,
    0x4, 0xff, 0xf9,

    /* U+0053 "S" */
    0x0, 0x0, 0x17, 0xce, 0xfe, 0xc7, 0x20, 0x0,
    0x0, 0x6, 0xef, 0xff, 0xff, 0xff, 0xf9, 0x0,
    0x0, 0x6f, 0xff, 0xff, 0xff, 0xff, 0xff, 0xc1,
    0x1, 0xff, 0xff, 0x72, 0x12, 0x5a, 0xff, 0xa0,
    0x7, 0xff, 0xf4, 0x0, 0x0, 0x0, 0x3a, 0x0,
    0x9, 0xff, 0xf0, 0x0, 0x0, 0x0, 0x0, 0x0,
    0x9, 0xff, 0xf1, 0x0, 0x0, 0x0, 0x0, 0x0,
    0x5, 0xff, 0xfb, 0x0, 0x0, 0x0, 0x0, 0x0,
    0x0, 0xdf, 0xff, 0xe7, 0x10, 0x0, 0x0, 0x0,
    0x0, 0x2e, 0xff, 0xff, 0xfa, 0x30, 0x0, 0x0,
    0x0, 0x1, 0x9f, 0xff, 0xff, 0xfd, 0x50, 0x0,
    0x0, 0x0, 0x2, 0x9f, 0xff, 0xff, 0xfc, 0x10,
    0x0, 0x0, 0x0, 0x0, 0x6d, 0xff, 0xff, 0xd0,
    0x0, 0x0, 0x0, 0x0, 0x0, 0x5e, 0xff, 0xf8,
    0x0, 0x0, 0x0, 0x0, 0x0, 0x1, 0xff, 0xfd,
    0x0, 0x0, 0x0, 0x0, 0x0, 0x0, 0xaf, 0xff,
    0x0, 0x50, 0x0, 0x0, 0x0, 0x0, 0xaf, 0xfe,
    0x8, 0xfb, 0x10, 0x0, 0x0, 0x2, 0xff, 0xfb,
    0x6f, 0xff, 0xfa, 0x52, 0x13, 0x8e, 0xff, 0xf4,
    0xa, 0xff, 0xff, 0xff, 0xff, 0xff, 0xff, 0x80,
    0x0, 0x5e, 0xff, 0xff, 0xff, 0xff, 0xf7, 0x0,
    0x0, 0x0, 0x5a, 0xde, 0xfe, 0xc7, 0x10, 0x0,

    /* U+0054 "T" */
    0x1f, 0xff, 0xff, 0xff, 0xff, 0xff, 0xff, 0xff,
    0xf6, 0x1f, 0xff, 0xff, 0xff, 0xff, 0xff, 0xff,
    0xff, 0xf6, 0xf, 0xff, 0xff, 0xff, 0xff, 0xff,
    0xff, 0xff, 0xf6, 0x0, 0x0, 0x0, 0xa, 0xff,
    0xe0, 0x0, 0x0, 0x0, 0x0, 0x0, 0x0, 0xa,
    0xff, 0xe0, 0x0, 0x0, 0x0, 0x0, 0x0, 0x0,
    0xa, 0xff, 0xe0, 0x0, 0x0, 0x0, 0x0, 0x0,
    0x0, 0xa, 0xff, 0xe0, 0x0, 0x0, 0x0, 0x0,
    0x0, 0x0, 0xa, 0xff, 0xe0, 0x0, 0x0, 0x0,
    0x0, 0x0, 0x0, 0xa, 0xff, 0xe0, 0x0, 0x0,
    0x0, 0x0, 0x0, 0x0, 0xa, 0xff, 0xe0, 0x0,
    0x0, 0x0, 0x0, 0x0, 0x0, 0xa, 0xff, 0xe0,
    0x0, 0x0, 0x0, 0x0, 0x0, 0x0, 0xa, 0xff,
    0xe0, 0x0, 0x0, 0x0, 0x0, 0x0, 0x0, 0xa,
    0xff, 0xe0, 0x0, 0x0, 0x0, 0x0, 0x0, 0x0,
    0xa, 0xff, 0xe0, 0x0, 0x0, 0x0, 0x0, 0x0,
    0x0, 0xa, 0xff, 0xe0, 0x0, 0x0, 0x0, 0x0,
    0x0, 0x0, 0xa, 0xff, 0xe0, 0x0, 0x0, 0x0,
    0x0, 0x0, 0x0, 0xa, 0xff, 0xe0, 0x0, 0x0,
    0x0, 0x0, 0x0, 0x0, 0xa, 0xff, 0xe0, 0x0,
    0x0, 0x0, 0x0, 0x0, 0x0, 0xa, 0xff, 0xe0,
    0x0, 0x0, 0x0, 0x0, 0x0, 0x0, 0xa, 0xff,
    0xe0, 0x0, 0x0, 0x0, 0x0, 0x0, 0x0, 0xa,
    0xff, 0xe0, 0x0, 0x0, 0x0, 0x0, 0x0, 0x0,
    0xa, 0xff, 0xe0, 0x0, 0x0, 0x0,

    /* U+0055 "U" */
    0x3f, 0xff, 0x40, 0x0, 0x0, 0x0, 0x2, 0xff,
    0xf3, 0x3f, 0xff, 0x40, 0x0, 0x0, 0x0, 0x2,
    0xff, 0xf3, 0x3f, 0xff, 0x40, 0x0, 0x0, 0x0,
    0x2, 0xff, 0xf3, 0x3f, 0xff, 0x40, 0x0, 0x0,
    0x0, 0x2, 0xff, 0xf3, 0x3f, 0xff, 0x40, 0x0,
    0x0, 0x0, 0x2, 0xff, 0xf3, 0x3f, 0xff, 0x40,
    0x0, 0x0, 0x0, 0x2, 0xff, 0xf3, 0x3f, 0xff,
    0x40, 0x0, 0x0, 0x0, 0x2, 0xff, 0xf3, 0x3f,
    0xff, 0x40, 0x0, 0x0, 0x0, 0x2, 0xff, 0xf3,
    0x3f, 0xff, 0x40, 0x0, 0x0, 0x0, 0x2, 0xff,
    0xf3, 0x3f, 0xff, 0x40, 0x0, 0x0, 0x0, 0x2,
    0xff, 0xf3, 0x3f, 0xff, 0x40, 0x0, 0x0, 0x0,
    0x2, 0xff, 0xf3, 0x3f, 0xff, 0x40, 0x0, 0x0,
    0x0, 0x2, 0xff, 0xf3, 0x3f, 0xff, 0x40, 0x0,
    0x0, 0x0, 0x2, 0xff, 0xf3, 0x2f, 0xff, 0x50,
    0x0, 0x0, 0x0, 0x3, 0xff, 0xf2, 0x1f, 0xff,
    0x60, 0x0, 0x0, 0x0, 0x5, 0xff, 0xf1, 0xe,
    0xff, 0xa0, 0x0, 0x0, 0x0, 0x8, 0xff, 0xe0,
    0xa, 0xff, 0xe1, 0x0, 0x0, 0x0, 0xe, 0xff,
    0xa0, 0x5, 0xff, 0xfa, 0x0, 0x0, 0x0, 0x9f,
    0xff, 0x50, 0x0, 0xdf, 0xff, 0xc5, 0x22, 0x4b,
    0xff, 0xfd, 0x0, 0x0, 0x3f, 0xff, 0xff, 0xff,
    0xff, 0xff, 0xf3, 0x0, 0x0, 0x3, 0xef, 0xff,
    0xff, 0xff, 0xfe, 0x30, 0x0, 0x0, 0x0, 0x6,
    0xbe, 0xff, 0xeb, 0x60, 0x0, 0x0,

    /* U+0056 "V" */
    0xe, 0xff, 0xc0, 0x0, 0x0, 0x0, 0x0, 0xc,
    0xff, 0xb0, 0x9f, 0xff, 0x10, 0x0, 0x0, 0x0,
    0x1, 0xff, 0xf6, 0x4, 0xff, 0xf5, 0x0, 0x0,
    0x0, 0x0, 0x5f, 0xff, 0x10, 0xf, 0xff, 0xa0,
    0x0, 0x0, 0x0, 0xa, 0xff, 0xc0, 0x0, 0xaf,
    0xfe, 0x0, 0x0, 0x0, 0x0, 0xef, 0xf7, 0x0,
    0x5, 0xff, 0xf3, 0x0, 0x0, 0x0, 0x3f, 0xff,
    0x20, 0x0, 0xf, 0xff, 0x70, 0x0, 0x0, 0x8,
    0xff, 0xd0, 0x0, 0x0, 0xbf, 0xfc, 0x0, 0x0,
    0x0, 0xcf, 0xf8, 0x0, 0x0, 0x6, 0xff, 0xf1,
    0x0, 0x0, 0x1f, 0xff, 0x30, 0x0, 0x0, 0x1f,
    0xff, 0x50, 0x0, 0x5, 0xff, 0xe0, 0x0, 0x0,
    0x0, 0xcf, 0xfa, 0x0, 0x0, 0xaf, 0xf9, 0x0,
    0x0, 0x0, 0x7, 0xff, 0xe0, 0x0, 0xe, 0xff,
    0x40, 0x0, 0x0, 0x0, 0x2f, 0xff, 0x30, 0x3,
    0xff, 0xf0, 0x0, 0x0, 0x0, 0x0, 0xcf, 0xf7,
    0x0, 0x7f, 0xfa, 0x0, 0x0, 0x0, 0x0, 0x7,
    0xff, 0xc0, 0xc, 0xff, 0x50, 0x0, 0x0, 0x0,
    0x0, 0x2f, 0xff, 0x11, 0xff, 0xf0, 0x0, 0x0,
    0x0, 0x0, 0x0, 0xdf, 0xf5, 0x5f, 0xfb, 0x0,
    0x0, 0x0, 0x0, 0x0, 0x8, 0xff, 0x9a, 0xff,
    0x60, 0x0, 0x0, 0x0, 0x0, 0x0, 0x3f, 0xfe,
    0xef, 0xf1, 0x0, 0x0, 0x0, 0x0, 0x0, 0x0,
    0xef, 0xff, 0xfc, 0x0, 0x0, 0x0, 0x0, 0x0,
    0x0, 0x9, 0xff, 0xff, 0x70, 0x0, 0x0, 0x0,
    0x0, 0x0, 0x0, 0x4f, 0xff, 0xf2, 0x0, 0x0,
    0x0,

    /* U+0057 "W" */
    0x3f, 0xff, 0x50, 0x0, 0x0, 0x2, 0xff, 0xf2,
    0x0, 0x0, 0x0, 0x5f, 0xff, 0x0, 0xff, 0xf8,
    0x0, 0x0, 0x0, 0x6f, 0xff, 0x60, 0x0, 0x0,
    0x8, 0xff, 0xc0, 0xc, 0xff, 0xb0, 0x0, 0x0,
    0xa, 0xff, 0xfa, 0x0, 0x0, 0x0, 0xbf, 0xf9,
    0x0, 0x9f, 0xfe, 0x0, 0x0, 0x0, 0xef, 0xff,
    0xe0, 0x0, 0x0, 0xe, 0xff, 0x60, 0x6, 0xff,
    0xf1, 0x0, 0x0, 0x2f, 0xff, 0xff, 0x20, 0x0,
    0x1, 0xff, 0xf3, 0x0, 0x3f, 0xff, 0x40, 0x0,
    0x6, 0xff, 0x9f, 0xf6, 0x0, 0x0, 0x3f, 0xff,
    0x0, 0x0, 0xff, 0xf6, 0x0, 0x0, 0xaf, 0xf3,
    0xff, 0xa0, 0x0, 0x6, 0xff, 0xc0, 0x0, 0xc,
    0xff, 0x90, 0x0, 0xe, 0xfc, 0xf, 0xfe, 0x0,
    0x0, 0x9f, 0xf9, 0x0, 0x0, 0x9f, 0xfc, 0x0,
    0x1, 0xff, 0x90, 0xcf, 0xf2, 0x0, 0xc, 0xff,
    0x60, 0x0, 0x6, 0xff, 0xf0, 0x0, 0x5f, 0xf5,
    0x9, 0xff, 0x60, 0x0, 0xff, 0xf3, 0x0, 0x0,
    0x2f, 0xff, 0x20, 0x9, 0xff, 0x20, 0x5f, 0xfa,
    0x0, 0x2f, 0xff, 0x0, 0x0, 0x0, 0xff, 0xf5,
    0x0, 0xdf, 0xe0, 0x1, 0xff, 0xe0, 0x5, 0xff,
    0xd0, 0x0, 0x0, 0xc, 0xff, 0x80, 0x1f, 0xfa,
    0x0, 0xd, 0xff, 0x20, 0x7f, 0xf9, 0x0, 0x0,
    0x0, 0x9f, 0xfa, 0x4, 0xff, 0x60, 0x0, 0x9f,
    0xf5, 0xa, 0xff, 0x60, 0x0, 0x0, 0x5, 0xff,
    0xd0, 0x8f, 0xf2, 0x0, 0x5, 0xff, 0x80, 0xcf,
    0xf3, 0x0, 0x0, 0x0, 0x2f, 0xff, 0xb, 0xfe,
    0x0, 0x0, 0x2f, 0xfc, 0xf, 0xff, 0x0, 0x0,
    0x0, 0x0, 0xff, 0xf3, 0xef, 0xb0, 0x0, 0x0,
    0xef, 0xf2, 0xff, 0xd0, 0x0, 0x0, 0x0, 0xc,
    0xff, 0x7f, 0xf7, 0x0, 0x0, 0xa, 0xff, 0x7f,
    0xfa, 0x0, 0x0, 0x0, 0x0, 0x8f, 0xfe, 0xff,
    0x30, 0x0, 0x0, 0x6f, 0xfe, 0xff, 0x70, 0x0,
    0x0, 0x0, 0x5, 0xff, 0xff, 0xf0, 0x0, 0x0,
    0x2, 0xff, 0xff, 0xf3, 0x0, 0x0, 0x0, 0x0,
    0x2f, 0xff, 0xfb, 0x0, 0x0, 0x0, 0xe, 0xff,
    0xff, 0x0, 0x0, 0x0, 0x0, 0x0, 0xff, 0xff,
    0x80, 0x0, 0x0, 0x0, 0xaf, 0xff, 0xd0, 0x0,
    0x0,

    /* U+0058 "X" */
    0xd, 0xff, 0xe0, 0x0, 0x0, 0x0, 0xe, 0xff,
    0xb0, 0x4, 0xff, 0xf8, 0x0, 0x0, 0x0, 0x6f,
    0xff, 0x30, 0x0, 0xbf, 0xff, 0x10, 0x0, 0x0,
    0xef, 0xfa, 0x0, 0x0, 0x2f, 0xff, 0x80, 0x0,
    0x6, 0xff, 0xf2, 0x0, 0x0, 0x9, 0xff, 0xf1,
    0x0, 0xe, 0xff, 0x80, 0x0, 0x0, 0x1, 0xff,
    0xf9, 0x0, 0x6f, 0xfe, 0x10, 0x0, 0x0, 0x0,
    0x8f, 0xff, 0x10, 0xdf, 0xf7, 0x0, 0x0, 0x0,
    0x0, 0xe, 0xff, 0x95, 0xff, 0xe0, 0x0, 0x0,
    0x0, 0x0, 0x6, 0xff, 0xfd, 0xff, 0x50, 0x0,
    0x0, 0x0, 0x0, 0x0, 0xdf, 0xff, 0xfc, 0x0,
    0x0, 0x0, 0x0, 0x0, 0x0, 0x5f, 0xff, 0xf4,
    0x0, 0x0, 0x0, 0x0, 0x0, 0x0, 0xaf, 0xff,
    0xf7, 0x0, 0x0, 0x0, 0x0, 0x0, 0x3, 0xff,
    0xff, 0xff, 0x10, 0x0, 0x0, 0x0, 0x0, 0xc,
    0xff, 0x7e, 0xff, 0x90, 0x0, 0x0, 0x0, 0x0,
    0x5f, 0xfe, 0x6, 0xff, 0xf3, 0x0, 0x0, 0x0,
    0x0, 0xdf, 0xf7, 0x0, 0xdf, 0xfb, 0x0, 0x0,
    0x0, 0x7, 0xff, 0xe0, 0x0, 0x5f, 0xff, 0x50,
    0x0, 0x0, 0x1e, 0xff, 0x70, 0x0, 0xd, 0xff,
    0xd0, 0x0, 0x0, 0x9f, 0xfe, 0x0, 0x0, 0x4,
    0xff, 0xf7, 0x0, 0x2, 0xff, 0xf7, 0x0, 0x0,
    0x0, 0xcf, 0xfe, 0x10, 0xa, 0xff, 0xe0, 0x0,
    0x0, 0x0, 0x3f, 0xff, 0x90, 0x3f, 0xff, 0x60,
    0x0, 0x0, 0x0, 0xb, 0xff, 0xf2,

    /* U+0059 "Y" */
    0xd, 0xff, 0xd0, 0x0, 0x0, 0x0, 0x2, 0xff,
    0xf7, 0x5, 0xff, 0xf4, 0x0, 0x0, 0x0, 0x9,
    0xff, 0xe0, 0x0, 0xdf, 0xfb, 0x0, 0x0, 0x0,
    0x1f, 0xff, 0x70, 0x0, 0x6f, 0xff, 0x20, 0x0,
    0x0, 0x7f, 0xfe, 0x0, 0x0, 0xe, 0xff, 0x90,
    0x0, 0x0, 0xef, 0xf7, 0x0, 0x0, 0x6, 0xff,
    0xf1, 0x0, 0x6, 0xff, 0xf1, 0x0, 0x0, 0x0,
    0xef, 0xf7, 0x0, 0xd, 0xff, 0x80, 0x0, 0x0,
    0x0, 0x7f, 0xfd, 0x0, 0x3f, 0xff, 0x10, 0x0,
    0x0, 0x0, 0xe, 0xff, 0x40, 0xaf, 0xf8, 0x0,
    0x0, 0x0, 0x0, 0x7, 0xff, 0xb1, 0xff, 0xf1,
    0x0, 0x0, 0x0, 0x0, 0x1, 0xff, 0xfb, 0xff,
    0x90, 0x0, 0x0, 0x0, 0x0, 0x0, 0x8f, 0xff,
    0xff, 0x10, 0x0, 0x0, 0x0, 0x0, 0x0, 0x1f,
    0xff, 0xf9, 0x0, 0x0, 0x0, 0x0, 0x0, 0x0,
    0x9, 0xff, 0xf2, 0x0, 0x0, 0x0, 0x0, 0x0,
    0x0, 0x7, 0xff, 0xf0, 0x0, 0x0, 0x0, 0x0,
    0x0, 0x0, 0x7, 0xff, 0xf0, 0x0, 0x0, 0x0,
    0x0, 0x0, 0x0, 0x7, 0xff, 0xf0, 0x0, 0x0,
    0x0, 0x0, 0x0, 0x0, 0x7, 0xff, 0xf0, 0x0,
    0x0, 0x0, 0x0, 0x0, 0x0, 0x7, 0xff, 0xf0,
    0x0, 0x0, 0x0, 0x0, 0x0, 0x0, 0x7, 0xff,
    0xf0, 0x0, 0x0, 0x0, 0x0, 0x0, 0x0, 0x7,
    0xff, 0xf0, 0x0, 0x0, 0x0, 0x0, 0x0, 0x0,
    0x7, 0xff, 0xf0, 0x0, 0x0, 0x0,

    /* U+005A "Z" */
    0x9, 0xff, 0xff, 0xff, 0xff, 0xff, 0xff, 0xfc,
    0x9, 0xff, 0xff, 0xff, 0xff, 0xff, 0xff, 0xfc,
    0x8, 0xff, 0xff, 0xff, 0xff, 0xff, 0xff, 0xf8,
    0x0, 0x0, 0x0, 0x0, 0x0, 0xd, 0xff, 0xd0,
    0x0, 0x0, 0x0, 0x0, 0x0, 0x8f, 0xff, 0x30,
    0x0, 0x0, 0x0, 0x0, 0x3, 0xff, 0xf8, 0x0,
    0x0, 0x0, 0x0, 0x0, 0xd, 0xff, 0xd0, 0x0,
    0x0, 0x0, 0x0, 0x0, 0x8f, 0xff, 0x40, 0x0,
    0x0, 0x0, 0x0, 0x2, 0xff, 0xf9, 0x0, 0x0,
    0x0, 0x0, 0x0, 0xc, 0xff, 0xe0, 0x0, 0x0,
    0x0, 0x0, 0x0, 0x7f, 0xff, 0x40, 0x0, 0x0,
    0x0, 0x0, 0x2, 0xff, 0xfa, 0x0, 0x0, 0x0,
    0x0, 0x0, 0xc, 0xff, 0xe1, 0x0, 0x0, 0x0,
    0x0, 0x0, 0x6f, 0xff, 0x50, 0x0, 0x0, 0x0,
    0x0, 0x2, 0xff, 0xfa, 0x0, 0x0, 0x0, 0x0,
    0x0, 0xb, 0xff, 0xe1, 0x0, 0x0, 0x0, 0x0,
    0x0, 0x6f, 0xff, 0x50, 0x0, 0x0, 0x0, 0x0,
    0x1, 0xef, 0xfb, 0x0, 0x0, 0x0, 0x0, 0x0,
    0xb, 0xff, 0xf1, 0x0, 0x0, 0x0, 0x0, 0x0,
    0x5f, 0xff, 0xff, 0xff, 0xff, 0xff, 0xff, 0xfe,
    0x9f, 0xff, 0xff, 0xff, 0xff, 0xff, 0xff, 0xfe,
    0x9f, 0xff, 0xff, 0xff, 0xff, 0xff, 0xff, 0xfe,

    /* U+005B "[" */
    0xef, 0xff, 0xff, 0x7e, 0xff, 0xee, 0xe7, 0xef,
    0xb0, 0x0, 0xe, 0xfb, 0x0, 0x0, 0xef, 0xb0,
    0x0, 0xe, 0xfb, 0x0, 0x0, 0xef, 0xb0, 0x0,
    0xe, 0xfb, 0x0, 0x0, 0xef, 0xb0, 0x0, 0xe,
    0xfb, 0x0, 0x0, 0xef, 0xb0, 0x0, 0xe, 0xfb,
    0x0, 0x0, 0xef, 0xb0, 0x0, 0xe, 0xfb, 0x0,
    0x0, 0xef, 0xb0, 0x0, 0xe, 0xfb, 0x0, 0x0,
    0xef, 0xb0, 0x0, 0xe, 0xfb, 0x0, 0x0, 0xef,
    0xb0, 0x0, 0xe, 0xfb, 0x0, 0x0, 0xef, 0xb0,
    0x0, 0xe, 0xfb, 0x0, 0x0, 0xef, 0xb0, 0x0,
    0xe, 0xfb, 0x0, 0x0, 0xef, 0xb0, 0x0, 0xe,
    0xfb, 0x0, 0x0, 0xef, 0xb0, 0x0, 0xe, 0xff,
    0xff, 0xf7, 0xef, 0xff, 0xff, 0x70,

    /* U+005C "\\" */
    0x3f, 0xf2, 0x0, 0x0, 0x0, 0x0, 0xf, 0xf6,
    0x0, 0x0, 0x0, 0x0, 0xa, 0xfb, 0x0, 0x0,
    0x0, 0x0, 0x6, 0xff, 0x0, 0x0, 0x0, 0x0,
    0x1, 0xff, 0x40, 0x0, 0x0, 0x0, 0x0, 0xdf,
    0x80, 0x0, 0x0, 0x0, 0x0, 0x8f, 0xd0, 0x0,
    0x0, 0x0, 0x0, 0x4f, 0xf1, 0x0, 0x0, 0x0,
    0x0, 0xf, 0xf6, 0x0, 0x0, 0x0, 0x0, 0xb,
    0xfa, 0x0, 0x0, 0x0, 0x0, 0x6, 0xff, 0x0,
    0x0, 0x0, 0x0, 0x2, 0xff, 0x30, 0x0, 0x0,
    0x0, 0x0, 0xdf, 0x80, 0x0, 0x0, 0x0, 0x0,
    0x9f, 0xc0, 0x0, 0x0, 0x0, 0x0, 0x4f, 0xf1,
    0x0, 0x0, 0x0, 0x0, 0xf, 0xf5, 0x0, 0x0,
    0x0, 0x0, 0xb, 0xfa, 0x0, 0x0, 0x0, 0x0,
    0x7, 0xfe, 0x0, 0x0, 0x0, 0x0, 0x2, 0xff,
    0x30, 0x0, 0x0, 0x0, 0x0, 0xef, 0x70, 0x0,
    0x0, 0x0, 0x0, 0x9f, 0xc0, 0x0, 0x0, 0x0,
    0x0, 0x5f, 0xf1, 0x0, 0x0, 0x0, 0x0, 0xf,
    0xf5, 0x0, 0x0, 0x0, 0x0, 0xc, 0xf9, 0x0,
    0x0, 0x0, 0x0, 0x7, 0xfe, 0x0, 0x0, 0x0,
    0x0, 0x3, 0xff, 0x20, 0x0, 0x0, 0x0, 0x0,
    0xef, 0x70, 0x0, 0x0, 0x0, 0x0, 0xaf, 0xb0,
    0x0, 0x0, 0x0, 0x0, 0x5f, 0xf0, 0x0, 0x0,
    0x0, 0x0, 0x18, 0x81,

    /* U+005D "]" */
    0xcf, 0xff, 0xff, 0x9b, 0xee, 0xef, 0xf9, 0x0,
    0x0, 0xff, 0x90, 0x0, 0xf, 0xf9, 0x0, 0x0,
    0xff, 0x90, 0x0, 0xf, 0xf9, 0x0, 0x0, 0xff,
    0x90, 0x0, 0xf, 0xf9, 0x0, 0x0, 0xff, 0x90,
    0x0, 0xf, 0xf9, 0x0, 0x0, 0xff, 0x90, 0x0,
    0xf, 0xf9, 0x0, 0x0, 0xff, 0x90, 0x0, 0xf,
    0xf9, 0x0, 0x0, 0xff, 0x90, 0x0, 0xf, 0xf9,
    0x0, 0x0, 0xff, 0x90, 0x0, 0xf, 0xf9, 0x0,
    0x0, 0xff, 0x90, 0x0, 0xf, 0xf9, 0x0, 0x0,
    0xff, 0x90, 0x0, 0xf, 0xf9, 0x0, 0x0, 0xff,
    0x90, 0x0, 0xf, 0xf9, 0x0, 0x0, 0xff, 0x90,
    0x0, 0xf, 0xf9, 0x0, 0x0, 0xff, 0x9b, 0xff,
    0xff, 0xf9, 0xcf, 0xff, 0xff, 0x90,

    /* U+005E "^" */
    0x0, 0x0, 0x2, 0xff, 0xf3, 0x0, 0x0, 0x0,
    0x0, 0x0, 0x8f, 0xff, 0x90, 0x0, 0x0, 0x0,
    0x0, 0xe, 0xff, 0xff, 0x0, 0x0, 0x0, 0x0,
    0x5, 0xff, 0x9f, 0xf6, 0x0, 0x0, 0x0, 0x0,
    0xbf, 0xf0, 0xef, 0xc0, 0x0, 0x0, 0x0, 0x1f,
    0xfa, 0x8, 0xff, 0x30, 0x0, 0x0, 0x8, 0xff,
    0x40, 0x2f, 0xf9, 0x0, 0x0, 0x0, 0xef, 0xe0,
    0x0, 0xcf, 0xf0, 0x0, 0x0, 0x4f, 0xf8, 0x0,
    0x7, 0xff, 0x60, 0x0, 0xb, 0xff, 0x20, 0x0,
    0x1f, 0xfc, 0x0, 0x1, 0xff, 0xc0, 0x0, 0x0,
    0xbf, 0xf3, 0x0, 0x7f, 0xf6, 0x0, 0x0, 0x5,
    0xff, 0x90, 0xd, 0xff, 0x10, 0x0, 0x0, 0xe,
    0xff, 0x0,

    /* U+005F "_" */
    0x12, 0x22, 0x22, 0x22, 0x22, 0x22, 0x22, 0x22,
    0x19, 0xff, 0xff, 0xff, 0xff, 0xff, 0xff, 0xff,
    0xf7, 0x9f, 0xff, 0xff, 0xff, 0xff, 0xff, 0xff,
    0xff, 0x70,

    /* U+0060 "`" */
    0x0, 0x39, 0x0, 0x0, 0x0, 0x4f, 0xf7, 0x0,
    0x0, 0xc, 0xff, 0xf5, 0x0, 0x0, 0x1c, 0xff,
    0xf3, 0x0, 0x0, 0xc, 0xff, 0xe1, 0x0, 0x0,
    0xb, 0xff, 0xd0, 0x0, 0x0, 0xa, 0xf8, 0x0,
    0x0, 0x0, 0x5, 0x0,

    /* U+0061 "a" */
    0x0, 0x0, 0x5a, 0xdf, 0xfd, 0x81, 0x0, 0x0,
    0x7e, 0xff, 0xff, 0xff, 0xfe, 0x30, 0x7, 0xff,
    0xff, 0xed, 0xff, 0xff, 0xd0, 0x0, 0xef, 0x82,
    0x0, 0x8, 0xff, 0xf6, 0x0, 0x31, 0x0, 0x0,
    0x0, 0xdf, 0xfa, 0x0, 0x0, 0x0, 0x0, 0x0,
    0xaf, 0xfd, 0x0, 0x0, 0x0, 0x3, 0x68, 0xdf,
    0xfe, 0x0, 0x0, 0x6b, 0xff, 0xff, 0xff, 0xff,
    0x0, 0x5e, 0xff, 0xff, 0xb9, 0xbf, 0xff, 0x5,
    0xff, 0xfb, 0x40, 0x0, 0x7f, 0xff, 0xe, 0xff,
    0x90, 0x0, 0x0, 0x7f, 0xff, 0x4f, 0xff, 0x10,
    0x0, 0x0, 0x7f, 0xff, 0x4f, 0xff, 0x10, 0x0,
    0x0, 0xbf, 0xff, 0x2f, 0xff, 0x90, 0x0, 0x3c,
    0xff, 0xff, 0xd, 0xff, 0xfe, 0xce, 0xff, 0xef,
    0xff, 0x3, 0xef, 0xff, 0xff, 0xfa, 0x1f, 0xff,
    0x0, 0x19, 0xef, 0xea, 0x40, 0xe, 0xff,

    /* U+0062 "b" */
    0x6f, 0xff, 0x10, 0x0, 0x0, 0x0, 0x0, 0x0,
    0x6f, 0xff, 0x10, 0x0, 0x0, 0x0, 0x0, 0x0,
    0x6f, 0xff, 0x10, 0x0, 0x0, 0x0, 0x0, 0x0,
    0x6f, 0xff, 0x10, 0x0, 0x0, 0x0, 0x0, 0x0,
    0x6f, 0xff, 0x10, 0x0, 0x0, 0x0, 0x0, 0x0,
    0x6f, 0xff, 0x10, 0x0, 0x0, 0x0, 0x0, 0x0,
    0x6f, 0xff, 0x0, 0x0, 0x0, 0x0, 0x0, 0x0,
    0x6f, 0xff, 0x0, 0x7c, 0xff, 0xc7, 0x0, 0x0,
    0x6f, 0xff, 0x4e, 0xff, 0xff, 0xff, 0xd1, 0x0,
    0x6f, 0xff, 0xff, 0xff, 0xff, 0xff, 0xfd, 0x0,
    0x6f, 0xff, 0xfb, 0x30, 0x3, 0xdf, 0xff, 0x60,
    0x6f, 0xff, 0x70, 0x0, 0x0, 0x1f, 0xff, 0xd0,
    0x6f, 0xff, 0x10, 0x0, 0x0, 0x9, 0xff, 0xf1,
    0x6f, 0xff, 0x10, 0x0, 0x0, 0x5, 0xff, 0xf4,
    0x6f, 0xff, 0x10, 0x0, 0x0, 0x3, 0xff, 0xf5,
    0x6f, 0xff, 0x10, 0x0, 0x0, 0x3, 0xff, 0xf6,
    0x6f, 0xff, 0x10, 0x0, 0x0, 0x4, 0xff, 0xf5,
    0x6f, 0xff, 0x10, 0x0, 0x0, 0x7, 0xff, 0xf3,
    0x6f, 0xff, 0x10, 0x0, 0x0, 0xc, 0xff, 0xf0,
    0x6f, 0xff, 0x20, 0x0, 0x0, 0x6f, 0xff, 0x90,
    0x6f, 0xff, 0xe6, 0x10, 0x17, 0xff, 0xfe, 0x10,
    0x6f, 0xff, 0xff, 0xff, 0xff, 0xff, 0xf5, 0x0,
    0x6f, 0xf9, 0x9f, 0xff, 0xff, 0xff, 0x50, 0x0,
    0x6f, 0xf6, 0x3, 0xae, 0xfd, 0x92, 0x0, 0x0,

    /* U+0063 "c" */
    0x0, 0x0, 0x5, 0xbd, 0xfe, 0xb5, 0x0, 0x0,
    0x3, 0xef, 0xff, 0xff, 0xff, 0xc1, 0x0, 0x5f,
    0xff, 0xff, 0xef, 0xff, 0xe1, 0x2, 0xff, 0xff,
    0x81, 0x0, 0x5d, 0x30, 0xb, 0xff, 0xf5, 0x0,
    0x0, 0x0, 0x0, 0x1f, 0xff, 0xb0, 0x0, 0x0,
    0x0, 0x0, 0x5f, 0xff, 0x40, 0x0, 0x0, 0x0,
    0x0, 0x8f, 0xff, 0x10, 0x0, 0x0, 0x0, 0x0,
    0x8f, 0xff, 0x0, 0x0, 0x0, 0x0, 0x0, 0x8f,
    0xff, 0x10, 0x0, 0x0, 0x0, 0x0, 0x6f, 0xff,
    0x40, 0x0, 0x0, 0x0, 0x0, 0x2f, 0xff, 0xa0,
    0x0, 0x0, 0x0, 0x0, 0xc, 0xff, 0xf5, 0x0,
    0x0, 0x0, 0x10, 0x3, 0xff, 0xff, 0x71, 0x0,
    0x4d, 0xc0, 0x0, 0x7f, 0xff, 0xff, 0xef, 0xff,
    0xf6, 0x0, 0x5, 0xff, 0xff, 0xff, 0xff, 0xc2,
    0x0, 0x0, 0x18, 0xcf, 0xfe, 0xa4, 0x0,

    /* U+0064 "d" */
    0x0, 0x0, 0x0, 0x0, 0x0, 0x2, 0xff, 0xf5,
    0x0, 0x0, 0x0, 0x0, 0x0, 0x2, 0xff, 0xf5,
    0x0, 0x0, 0x0, 0x0, 0x0, 0x2, 0xff, 0xf5,
    0x0, 0x0, 0x0, 0x0, 0x0, 0x2, 0xff, 0xf5,
    0x0, 0x0, 0x0, 0x0, 0x0, 0x2, 0xff, 0xf5,
    0x0, 0x0, 0x0, 0x0, 0x0, 0x2, 0xff, 0xf5,
    0x0, 0x0, 0x0, 0x0, 0x0, 0x1, 0xff, 0xf5,
    0x0, 0x0, 0x3a, 0xef, 0xea, 0x31, 0xff, 0xf5,
    0x0, 0x7, 0xff, 0xff, 0xff, 0xf8, 0xff, 0xf5,
    0x0, 0x7f, 0xff, 0xff, 0xef, 0xff, 0xff, 0xf5,
    0x3, 0xff, 0xff, 0x60, 0x1, 0x7f, 0xff, 0xf5,
    0xb, 0xff, 0xf4, 0x0, 0x0, 0x3, 0xff, 0xf5,
    0x1f, 0xff, 0xa0, 0x0, 0x0, 0x2, 0xff, 0xf5,
    0x4f, 0xff, 0x50, 0x0, 0x0, 0x2, 0xff, 0xf5,
    0x6f, 0xff, 0x20, 0x0, 0x0, 0x2, 0xff, 0xf5,
    0x7f, 0xff, 0x10, 0x0, 0x0, 0x2, 0xff, 0xf5,
    0x6f, 0xff, 0x20, 0x0, 0x0, 0x2, 0xff, 0xf5,
    0x5f, 0xff, 0x40, 0x0, 0x0, 0x2, 0xff, 0xf5,
    0x2f, 0xff, 0x90, 0x0, 0x0, 0x2, 0xff, 0xf5,
    0xd, 0xff, 0xf2, 0x0, 0x0, 0x8, 0xff, 0xf5,
    0x6, 0xff, 0xfe, 0x40, 0x2, 0xaf, 0xff, 0xf5,
    0x0, 0xcf, 0xff, 0xff, 0xff, 0xff, 0xff, 0xf5,
    0x0, 0x1c, 0xff, 0xff, 0xff, 0xf5, 0xbf, 0xf5,
    0x0, 0x0, 0x5b, 0xef, 0xd8, 0x10, 0x9f, 0xf5,

    /* U+0065 "e" */
    0x0, 0x0, 0x17, 0xcf, 0xfd, 0x82, 0x0, 0x0,
    0x0, 0x5e, 0xff, 0xff, 0xff, 0xf6, 0x0, 0x0,
    0x6f, 0xff, 0xfc, 0xcf, 0xff, 0xf4, 0x0, 0x2f,
    0xff, 0x91, 0x0, 0x9, 0xff, 0xe0, 0xb, 0xff,
    0xa0, 0x0, 0x0, 0xc, 0xff, 0x41, 0xff, 0xf1,
    0x0, 0x0, 0x0, 0x7f, 0xf8, 0x5f, 0xfe, 0x66,
    0x66, 0x66, 0x69, 0xff, 0xa7, 0xff, 0xff, 0xff,
    0xff, 0xff, 0xff, 0xfb, 0x8f, 0xff, 0xff, 0xff,
    0xff, 0xff, 0xff, 0xa8, 0xff, 0xe0, 0x0, 0x0,
    0x0, 0x0, 0x0, 0x6f, 0xff, 0x20, 0x0, 0x0,
    0x0, 0x0, 0x2, 0xff, 0xf8, 0x0, 0x0, 0x0,
    0x0, 0x0, 0xc, 0xff, 0xf3, 0x0, 0x0, 0x0,
    0x0, 0x0, 0x3f, 0xff, 0xf6, 0x0, 0x0, 0x5d,
    0x20, 0x0, 0x6f, 0xff, 0xff, 0xcc, 0xff, 0xfa,
    0x0, 0x0, 0x4e, 0xff, 0xff, 0xff, 0xff, 0x80,
    0x0, 0x0, 0x17, 0xce, 0xfe, 0xc7, 0x10, 0x0,

    /* U+0066 "f" */
    0x0, 0x0, 0x4, 0xbe, 0xfe, 0xb2, 0x0, 0x0,
    0x7f, 0xff, 0xff, 0xf1, 0x0, 0x2, 0xff, 0xff,
    0xdd, 0xc0, 0x0, 0x8, 0xff, 0xf4, 0x0, 0x0,
    0x0, 0xb, 0xff, 0xc0, 0x0, 0x0, 0x0, 0xc,
    0xff, 0xa0, 0x0, 0x0, 0x0, 0xd, 0xff, 0xa0,
    0x0, 0x0, 0xd, 0xef, 0xff, 0xff, 0xff, 0x0,
    0x1f, 0xff, 0xff, 0xff, 0xff, 0x0, 0xd, 0xdf,
    0xff, 0xfd, 0xdc, 0x0, 0x0, 0xd, 0xff, 0xa0,
    0x0, 0x0, 0x0, 0xd, 0xff, 0xa0, 0x0, 0x0,
    0x0, 0xd, 0xff, 0xa0, 0x0, 0x0, 0x0, 0xd,
    0xff, 0xa0, 0x0, 0x0, 0x0, 0xd, 0xff, 0xa0,
    0x0, 0x0, 0x0, 0xd, 0xff, 0xa0, 0x0, 0x0,
    0x0, 0xd, 0xff, 0xa0, 0x0, 0x0, 0x0, 0xd,
    0xff, 0xa0, 0x0, 0x0, 0x0, 0xd, 0xff, 0xa0,
    0x0, 0x0, 0x0, 0xd, 0xff, 0xa0, 0x0, 0x0,
    0x0, 0xd, 0xff, 0xa0, 0x0, 0x0, 0x0, 0xd,
    0xff, 0xa0, 0x0, 0x0, 0x0, 0xd, 0xff, 0xa0,
    0x0, 0x0, 0x0, 0xd, 0xff, 0xa0, 0x0, 0x0,

    /* U+0067 "g" */
    0x0, 0x0, 0x6b, 0xef, 0xff, 0xff, 0xff, 0xfa,
    0x0, 0x2d, 0xff, 0xff, 0xff, 0xff, 0xff, 0xfa,
    0x1, 0xef, 0xfe, 0x97, 0xaf, 0xff, 0xda, 0xa6,
    0x8, 0xff, 0xe2, 0x0, 0x4, 0xff, 0xe1, 0x0,
    0xd, 0xff, 0x70, 0x0, 0x0, 0xbf, 0xf6, 0x0,
    0xf, 0xff, 0x40, 0x0, 0x0, 0x8f, 0xf8, 0x0,
    0xe, 0xff, 0x50, 0x0, 0x0, 0x9f, 0xf6, 0x0,
    0xa, 0xff, 0xb0, 0x0, 0x1, 0xef, 0xf3, 0x0,
    0x2, 0xff, 0xfa, 0x20, 0x3c, 0xff, 0xc0, 0x0,
    0x0, 0x4f, 0xff, 0xff, 0xff, 0xfd, 0x10, 0x0,
    0x0, 0x6f, 0xfe, 0xff, 0xfe, 0x80, 0x0, 0x0,
    0x3, 0xff, 0x70, 0x23, 0x20, 0x0, 0x0, 0x0,
    0x9, 0xff, 0x30, 0x0, 0x0, 0x0, 0x0, 0x0,
    0xa, 0xff, 0x80, 0x0, 0x0, 0x0, 0x0, 0x0,
    0x6, 0xff, 0xfe, 0xcc, 0xcc, 0xba, 0x83, 0x0,
    0x0, 0x9f, 0xff, 0xff, 0xff, 0xff, 0xff, 0xb0,
    0x1, 0xbf, 0xee, 0xff, 0xff, 0xff, 0xff, 0xf8,
    0xc, 0xfe, 0x10, 0x0, 0x0, 0x15, 0xef, 0xfd,
    0x5f, 0xf8, 0x0, 0x0, 0x0, 0x0, 0x8f, 0xfd,
    0x8f, 0xf6, 0x0, 0x0, 0x0, 0x0, 0xaf, 0xfa,
    0x7f, 0xfd, 0x10, 0x0, 0x0, 0x6, 0xff, 0xf3,
    0x1f, 0xff, 0xf9, 0x64, 0x57, 0xcf, 0xff, 0x70,
    0x3, 0xef, 0xff, 0xff, 0xff, 0xff, 0xd5, 0x0,
    0x0, 0x6, 0xad, 0xff, 0xed, 0x95, 0x0, 0x0,

    /* U+0068 "h" */
    0x6f, 0xff, 0x10, 0x0, 0x0, 0x0, 0x0, 0x6,
    0xff, 0xf1, 0x0, 0x0, 0x0, 0x0, 0x0, 0x6f,
    0xff, 0x10, 0x0, 0x0, 0x0, 0x0, 0x6, 0xff,
    0xf1, 0x0, 0x0, 0x0, 0x0, 0x0, 0x6f, 0xff,
    0x10, 0x0, 0x0, 0x0, 0x0, 0x6, 0xff, 0xf1,
    0x0, 0x0, 0x0, 0x0, 0x0, 0x6f, 0xff, 0x0,
    0x0, 0x0, 0x0, 0x0, 0x6, 0xff, 0xf0, 0x5,
    0xbe, 0xfd, 0x81, 0x0, 0x6f, 0xff, 0x1b, 0xff,
    0xff, 0xff, 0xd0, 0x6, 0xff, 0xfd, 0xff, 0xff,
    0xff, 0xff, 0x80, 0x6f, 0xff, 0xfe, 0x61, 0x16,
    0xff, 0xfe, 0x6, 0xff, 0xfc, 0x10, 0x0, 0x8,
    0xff, 0xf2, 0x6f, 0xff, 0x10, 0x0, 0x0, 0x3f,
    0xff, 0x46, 0xff, 0xf1, 0x0, 0x0, 0x2, 0xff,
    0xf4, 0x6f, 0xff, 0x10, 0x0, 0x0, 0x2f, 0xff,
    0x56, 0xff, 0xf1, 0x0, 0x0, 0x2, 0xff, 0xf5,
    0x6f, 0xff, 0x10, 0x0, 0x0, 0x2f, 0xff, 0x56,
    0xff, 0xf1, 0x0, 0x0, 0x2, 0xff, 0xf5, 0x6f,
    0xff, 0x10, 0x0, 0x0, 0x2f, 0xff, 0x56, 0xff,
    0xf1, 0x0, 0x0, 0x2, 0xff, 0xf5, 0x6f, 0xff,
    0x10, 0x0, 0x0, 0x2f, 0xff, 0x56, 0xff, 0xf1,
    0x0, 0x0, 0x2, 0xff, 0xf5, 0x6f, 0xff, 0x10,
    0x0, 0x0, 0x2f, 0xff, 0x56, 0xff, 0xf1, 0x0,
    0x0, 0x2, 0xff, 0xf5,

    /* U+0069 "i" */
    0x2d, 0xfa, 0xb, 0xff, 0xf5, 0xbf, 0xff, 0x64,
    0xff, 0xc0, 0x0, 0x10, 0x0, 0x0, 0x0, 0x0,
    0x0, 0x6, 0xff, 0xf1, 0x6f, 0xff, 0x16, 0xff,
    0xf1, 0x6f, 0xff, 0x16, 0xff, 0xf1, 0x6f, 0xff,
    0x16, 0xff, 0xf1, 0x6f, 0xff, 0x16, 0xff, 0xf1,
    0x6f, 0xff, 0x16, 0xff, 0xf1, 0x6f, 0xff, 0x16,
    0xff, 0xf1, 0x6f, 0xff, 0x16, 0xff, 0xf1, 0x6f,
    0xff, 0x16, 0xff, 0xf1,

    /* U+006A "j" */
    0x0, 0x0, 0x2c, 0xfa, 0x0, 0x0, 0xb, 0xff,
    0xf5, 0x0, 0x0, 0xbf, 0xff, 0x60, 0x0, 0x4,
    0xff, 0xc0, 0x0, 0x0, 0x0, 0x10, 0x0, 0x0,
    0x0, 0x0, 0x0, 0x0, 0x0, 0x0, 0x0, 0x0,
    0x0, 0x6, 0xff, 0xf1, 0x0, 0x0, 0x6f, 0xff,
    0x10, 0x0, 0x6, 0xff, 0xf1, 0x0, 0x0, 0x6f,
    0xff, 0x10, 0x0, 0x6, 0xff, 0xf1, 0x0, 0x0,
    0x6f, 0xff, 0x10, 0x0, 0x6, 0xff, 0xf1, 0x0,
    0x0, 0x6f, 0xff, 0x10, 0x0, 0x6, 0xff, 0xf1,
    0x0, 0x0, 0x6f, 0xff, 0x10, 0x0, 0x6, 0xff,
    0xf1, 0x0, 0x0, 0x6f, 0xff, 0x10, 0x0, 0x6,
    0xff, 0xf1, 0x0, 0x0, 0x6f, 0xff, 0x10, 0x0,
    0x6, 0xff, 0xf1, 0x0, 0x0, 0x6f, 0xff, 0x10,
    0x0, 0x6, 0xff, 0xf1, 0x0, 0x0, 0x6f, 0xff,
    0x10, 0x0, 0x6, 0xff, 0xf0, 0x0, 0x0, 0x8f,
    0xff, 0x0, 0x0, 0xd, 0xff, 0xc0, 0xd, 0xce,
    0xff, 0xf6, 0x2, 0xff, 0xff, 0xfc, 0x0, 0x3d,
    0xff, 0xd7, 0x0, 0x0,

    /* U+006B "k" */
    0x6f, 0xff, 0x0, 0x0, 0x0, 0x0, 0x0, 0x6,
    0xff, 0xf0, 0x0, 0x0, 0x0, 0x0, 0x0, 0x6f,
    0xff, 0x0, 0x0, 0x0, 0x0, 0x0, 0x6, 0xff,
    0xf0, 0x0, 0x0, 0x0, 0x0, 0x0, 0x6f, 0xff,
    0x0, 0x0, 0x0, 0x0, 0x0, 0x6, 0xff, 0xf0,
    0x0, 0x0, 0x0, 0x0, 0x0, 0x6f, 0xff, 0x0,
    0x0, 0x0, 0x0, 0x0, 0x6, 0xff, 0xf0, 0x0,
    0x0, 0xd, 0xff, 0xd1, 0x6f, 0xff, 0x0, 0x0,
    0xa, 0xff, 0xf2, 0x6, 0xff, 0xf0, 0x0, 0x6,
    0xff, 0xf5, 0x0, 0x6f, 0xff, 0x0, 0x3, 0xff,
    0xf8, 0x0, 0x6, 0xff, 0xf0, 0x1, 0xef, 0xfb,
    0x0, 0x0, 0x6f, 0xff, 0x0, 0xbf, 0xfd, 0x10,
    0x0, 0x6, 0xff, 0xf0, 0x8f, 0xff, 0x20, 0x0,
    0x0, 0x6f, 0xff, 0x4f, 0xff, 0xf2, 0x0, 0x0,
    0x6, 0xff, 0xff, 0xff, 0xff, 0xb0, 0x0, 0x0,
    0x6f, 0xff, 0xff, 0xaf, 0xff, 0x50, 0x0, 0x6,
    0xff, 0xff, 0xb0, 0x8f, 0xfe, 0x0, 0x0, 0x6f,
    0xff, 0xd1, 0x0, 0xef, 0xf9, 0x0, 0x6, 0xff,
    0xf2, 0x0, 0x6, 0xff, 0xf3, 0x0, 0x6f, 0xff,
    0x0, 0x0, 0xc, 0xff, 0xc0, 0x6, 0xff, 0xf0,
    0x0, 0x0, 0x3f, 0xff, 0x70, 0x6f, 0xff, 0x0,
    0x0, 0x0, 0xaf, 0xff, 0x16, 0xff, 0xf0, 0x0,
    0x0, 0x1, 0xff, 0xfa,

    /* U+006C "l" */
    0x6f, 0xff, 0x10, 0x6f, 0xff, 0x10, 0x6f, 0xff,
    0x10, 0x6f, 0xff, 0x10, 0x6f, 0xff, 0x10, 0x6f,
    0xff, 0x10, 0x6f, 0xff, 0x10, 0x6f, 0xff, 0x10,
    0x6f, 0xff, 0x10, 0x6f, 0xff, 0x10, 0x6f, 0xff,
    0x10, 0x6f, 0xff, 0x10, 0x6f, 0xff, 0x10, 0x6f,
    0xff, 0x10, 0x6f, 0xff, 0x10, 0x6f, 0xff, 0x10,
    0x6f, 0xff, 0x10, 0x6f, 0xff, 0x10, 0x6f, 0xff,
    0x10, 0x6f, 0xff, 0x10, 0x5f, 0xff, 0x30, 0x2f,
    0xff, 0xf8, 0xc, 0xff, 0xfb, 0x1, 0xbf, 0xfa,

    /* U+006D "m" */
    0x6f, 0xf7, 0x0, 0x6c, 0xfe, 0xc5, 0x0, 0x0,
    0x6c, 0xfe, 0xb4, 0x0, 0x6f, 0xf9, 0x1c, 0xff,
    0xff, 0xff, 0x80, 0x1c, 0xff, 0xff, 0xff, 0x60,
    0x6f, 0xfc, 0xdf, 0xff, 0xff, 0xff, 0xf4, 0xdf,
    0xff, 0xff, 0xff, 0xf1, 0x6f, 0xff, 0xfd, 0x51,
    0x2a, 0xff, 0xff, 0xfd, 0x41, 0x2b, 0xff, 0xf7,
    0x6f, 0xff, 0xc0, 0x0, 0x0, 0xdf, 0xff, 0xb0,
    0x0, 0x0, 0xff, 0xfb, 0x6f, 0xff, 0x10, 0x0,
    0x0, 0x9f, 0xff, 0x0, 0x0, 0x0, 0xbf, 0xfd,
    0x6f, 0xff, 0x10, 0x0, 0x0, 0x8f, 0xff, 0x0,
    0x0, 0x0, 0x9f, 0xfe, 0x6f, 0xff, 0x10, 0x0,
    0x0, 0x7f, 0xff, 0x0, 0x0, 0x0, 0x9f, 0xfe,
    0x6f, 0xff, 0x10, 0x0, 0x0, 0x7f, 0xff, 0x0,
    0x0, 0x0, 0x9f, 0xfe, 0x6f, 0xff, 0x10, 0x0,
    0x0, 0x7f, 0xff, 0x0, 0x0, 0x0, 0x9f, 0xfe,
    0x6f, 0xff, 0x10, 0x0, 0x0, 0x7f, 0xff, 0x0,
    0x0, 0x0, 0x9f, 0xfe, 0x6f, 0xff, 0x10, 0x0,
    0x0, 0x7f, 0xff, 0x0, 0x0, 0x0, 0x9f, 0xfe,
    0x6f, 0xff, 0x10, 0x0, 0x0, 0x7f, 0xff, 0x0,
    0x0, 0x0, 0x9f, 0xfe, 0x6f, 0xff, 0x10, 0x0,
    0x0, 0x7f, 0xff, 0x0, 0x0, 0x0, 0x9f, 0xfe,
    0x6f, 0xff, 0x10, 0x0, 0x0, 0x7f, 0xff, 0x0,
    0x0, 0x0, 0x9f, 0xfe, 0x6f, 0xff, 0x10, 0x0,
    0x0, 0x7f, 0xff, 0x0, 0x0, 0x0, 0x9f, 0xfe,
    0x6f, 0xff, 0x10, 0x0, 0x0, 0x7f, 0xff, 0x0,
    0x0, 0x0, 0x9f, 0xfe,

    /* U+006E "n" */
    0x6f, 0xf7, 0x0, 0x5b, 0xef, 0xd8, 0x10, 0x6,
    0xff, 0x91, 0xbf, 0xff, 0xff, 0xfd, 0x0, 0x6f,
    0xfd, 0xdf, 0xff, 0xff, 0xff, 0xf8, 0x6, 0xff,
    0xff, 0xe6, 0x11, 0x6f, 0xff, 0xe0, 0x6f, 0xff,
    0xc1, 0x0, 0x0, 0x8f, 0xff, 0x26, 0xff, 0xf1,
    0x0, 0x0, 0x3, 0xff, 0xf4, 0x6f, 0xff, 0x10,
    0x0, 0x0, 0x2f, 0xff, 0x46, 0xff, 0xf1, 0x0,
    0x0, 0x2, 0xff, 0xf5, 0x6f, 0xff, 0x10, 0x0,
    0x0, 0x2f, 0xff, 0x56, 0xff, 0xf1, 0x0, 0x0,
    0x2, 0xff, 0xf5, 0x6f, 0xff, 0x10, 0x0, 0x0,
    0x2f, 0xff, 0x56, 0xff, 0xf1, 0x0, 0x0, 0x2,
    0xff, 0xf5, 0x6f, 0xff, 0x10, 0x0, 0x0, 0x2f,
    0xff, 0x56, 0xff, 0xf1, 0x0, 0x0, 0x2, 0xff,
    0xf5, 0x6f, 0xff, 0x10, 0x0, 0x0, 0x2f, 0xff,
    0x56, 0xff, 0xf1, 0x0, 0x0, 0x2, 0xff, 0xf5,
    0x6f, 0xff, 0x10, 0x0, 0x0, 0x2f, 0xff, 0x50,

    /* U+006F "o" */
    0x0, 0x0, 0x17, 0xce, 0xfd, 0x93, 0x0, 0x0,
    0x0, 0x4, 0xef, 0xff, 0xff, 0xff, 0xa0, 0x0,
    0x0, 0x6f, 0xff, 0xff, 0xef, 0xff, 0xfc, 0x0,
    0x3, 0xff, 0xfe, 0x40, 0x1, 0xaf, 0xff, 0x90,
    0xc, 0xff, 0xf2, 0x0, 0x0, 0xb, 0xff, 0xf2,
    0x2f, 0xff, 0x90, 0x0, 0x0, 0x2, 0xff, 0xf8,
    0x6f, 0xff, 0x40, 0x0, 0x0, 0x0, 0xdf, 0xfc,
    0x8f, 0xff, 0x10, 0x0, 0x0, 0x0, 0xaf, 0xfe,
    0x8f, 0xff, 0x0, 0x0, 0x0, 0x0, 0x9f, 0xff,
    0x8f, 0xff, 0x10, 0x0, 0x0, 0x0, 0xaf, 0xfe,
    0x5f, 0xff, 0x40, 0x0, 0x0, 0x0, 0xdf, 0xfc,
    0x2f, 0xff, 0x90, 0x0, 0x0, 0x2, 0xff, 0xf8,
    0xb, 0xff, 0xf2, 0x0, 0x0, 0xb, 0xff, 0xf2,
    0x2, 0xff, 0xfe, 0x50, 0x2, 0xaf, 0xff, 0x90,
    0x0, 0x6f, 0xff, 0xff, 0xef, 0xff, 0xfc, 0x0,
    0x0, 0x4, 0xef, 0xff, 0xff, 0xff, 0x90, 0x0,
    0x0, 0x0, 0x17, 0xcf, 0xfe, 0xa3, 0x0, 0x0,

    /* U+0070 "p" */
    0x6f, 0xf8, 0x0, 0x7c, 0xff, 0xc7, 0x0, 0x0,
    0x6f, 0xfa, 0x4e, 0xff, 0xff, 0xff, 0xd1, 0x0,
    0x6f, 0xff, 0xff, 0xff, 0xff, 0xff, 0xfd, 0x0,
    0x6f, 0xff, 0xfb, 0x30, 0x3, 0xdf, 0xff, 0x60,
    0x6f, 0xff, 0x70, 0x0, 0x0, 0x1f, 0xff, 0xd0,
    0x6f, 0xff, 0x10, 0x0, 0x0, 0x9, 0xff, 0xf1,
    0x6f, 0xff, 0x10, 0x0, 0x0, 0x5, 0xff, 0xf4,
    0x6f, 0xff, 0x10, 0x0, 0x0, 0x3, 0xff, 0xf5,
    0x6f, 0xff, 0x10, 0x0, 0x0, 0x3, 0xff, 0xf6,
    0x6f, 0xff, 0x10, 0x0, 0x0, 0x4, 0xff, 0xf5,
    0x6f, 0xff, 0x10, 0x0, 0x0, 0x7, 0xff, 0xf3,
    0x6f, 0xff, 0x10, 0x0, 0x0, 0xc, 0xff, 0xf0,
    0x6f, 0xff, 0x20, 0x0, 0x0, 0x6f, 0xff, 0x90,
    0x6f, 0xff, 0xe7, 0x10, 0x17, 0xff, 0xfe, 0x10,
    0x6f, 0xff, 0xff, 0xff, 0xff, 0xff, 0xf5, 0x0,
    0x6f, 0xff, 0x8f, 0xff, 0xff, 0xff, 0x50, 0x0,
    0x6f, 0xff, 0x3, 0xae, 0xfd, 0x92, 0x0, 0x0,
    0x6f, 0xff, 0x0, 0x0, 0x0, 0x0, 0x0, 0x0,
    0x6f, 0xff, 0x0, 0x0, 0x0, 0x0, 0x0, 0x0,
    0x6f, 0xff, 0x10, 0x0, 0x0, 0x0, 0x0, 0x0,
    0x6f, 0xff, 0x10, 0x0, 0x0, 0x0, 0x0, 0x0,
    0x6f, 0xff, 0x10, 0x0, 0x0, 0x0, 0x0, 0x0,
    0x6f, 0xff, 0x10, 0x0, 0x0, 0x0, 0x0, 0x0,
    0x6f, 0xff, 0x10, 0x0, 0x0, 0x0, 0x0, 0x0,

    /* U+0071 "q" */
    0x0, 0x0, 0x3a, 0xef, 0xeb, 0x40, 0x7f, 0xf5,
    0x0, 0x7, 0xff, 0xff, 0xff, 0xfa, 0xbf, 0xf5,
    0x0, 0x7f, 0xff, 0xff, 0xef, 0xff, 0xff, 0xf5,
    0x3, 0xff, 0xff, 0x60, 0x1, 0x7f, 0xff, 0xf5,
    0xb, 0xff, 0xf4, 0x0, 0x0, 0x3, 0xff, 0xf5,
    0x1f, 0xff, 0xa0, 0x0, 0x0, 0x2, 0xff, 0xf5,
    0x4f, 0xff, 0x50, 0x0, 0x0, 0x2, 0xff, 0xf5,
    0x6f, 0xff, 0x20, 0x0, 0x0, 0x2, 0xff, 0xf5,
    0x7f, 0xff, 0x10, 0x0, 0x0, 0x2, 0xff, 0xf5,
    0x6f, 0xff, 0x20, 0x0, 0x0, 0x2, 0xff, 0xf5,
    0x5f, 0xff, 0x40, 0x0, 0x0, 0x2, 0xff, 0xf5,
    0x2f, 0xff, 0x90, 0x0, 0x0, 0x2, 0xff, 0xf5,
    0xd, 0xff, 0xf2, 0x0, 0x0, 0x8, 0xff, 0xf5,
    0x6, 0xff, 0xfe, 0x40, 0x2, 0xaf, 0xff, 0xf5,
    0x0, 0xcf, 0xff, 0xff, 0xff, 0xff, 0xff, 0xf5,
    0x0, 0x1c, 0xff, 0xff, 0xff, 0xe4, 0xff, 0xf5,
    0x0, 0x0, 0x5b, 0xef, 0xd8, 0x11, 0xff, 0xf5,
    0x0, 0x0, 0x0, 0x0, 0x0, 0x1, 0xff, 0xf5,
    0x0, 0x0, 0x0, 0x0, 0x0, 0x2, 0xff, 0xf5,
    0x0, 0x0, 0x0, 0x0, 0x0, 0x2, 0xff, 0xf5,
    0x0, 0x0, 0x0, 0x0, 0x0, 0x2, 0xff, 0xf5,
    0x0, 0x0, 0x0, 0x0, 0x0, 0x2, 0xff, 0xf5,
    0x0, 0x0, 0x0, 0x0, 0x0, 0x2, 0xff, 0xf5,
    0x0, 0x0, 0x0, 0x0, 0x0, 0x2, 0xff, 0xf5,

    /* U+0072 "r" */
    0x6f, 0xf7, 0x0, 0x6d, 0xff, 0x36, 0xff, 0x90,
    0xbf, 0xff, 0xf1, 0x6f, 0xfa, 0x9f, 0xff, 0xfe,
    0x6, 0xff, 0xef, 0xf9, 0x32, 0x30, 0x6f, 0xff,
    0xf5, 0x0, 0x0, 0x6, 0xff, 0xfa, 0x0, 0x0,
    0x0, 0x6f, 0xff, 0x20, 0x0, 0x0, 0x6, 0xff,
    0xf1, 0x0, 0x0, 0x0, 0x6f, 0xff, 0x10, 0x0,
    0x0, 0x6, 0xff, 0xf1, 0x0, 0x0, 0x0, 0x6f,
    0xff, 0x10, 0x0, 0x0, 0x6, 0xff, 0xf1, 0x0,
    0x0, 0x0, 0x6f, 0xff, 0x10, 0x0, 0x0, 0x6,
    0xff, 0xf1, 0x0, 0x0, 0x0, 0x6f, 0xff, 0x10,
    0x0, 0x0, 0x6, 0xff, 0xf1, 0x0, 0x0, 0x0,
    0x6f, 0xff, 0x10, 0x0, 0x0, 0x0,

    /* U+0073 "s" */
    0x0, 0x0, 0x5b, 0xef, 0xec, 0x71, 0x0, 0x0,
    0xb, 0xff, 0xff, 0xff, 0xff, 0x60, 0x0, 0x9f,
    0xff, 0xdb, 0xbf, 0xff, 0x90, 0x0, 0xff, 0xf8,
    0x0, 0x0, 0x8c, 0x0, 0x2, 0xff, 0xf1, 0x0,
    0x0, 0x0, 0x0, 0x1, 0xff, 0xf6, 0x0, 0x0,
    0x0, 0x0, 0x0, 0xbf, 0xff, 0xa3, 0x0, 0x0,
    0x0, 0x0, 0x1d, 0xff, 0xff, 0xd6, 0x0, 0x0,
    0x0, 0x0, 0x8e, 0xff, 0xff, 0xe5, 0x0, 0x0,
    0x0, 0x0, 0x6d, 0xff, 0xff, 0x60, 0x0, 0x0,
    0x0, 0x0, 0x4d, 0xff, 0xf1, 0x0, 0x0, 0x0,
    0x0, 0x2, 0xff, 0xf4, 0x0, 0x40, 0x0, 0x0,
    0x0, 0xff, 0xf4, 0x4, 0xfd, 0x40, 0x0, 0x8,
    0xff, 0xf1, 0xd, 0xff, 0xfe, 0xbb, 0xdf, 0xff,
    0x90, 0x2, 0xbf, 0xff, 0xff, 0xff, 0xfb, 0x0,
    0x0, 0x3, 0x9d, 0xff, 0xea, 0x50, 0x0,

    /* U+0074 "t" */
    0x0, 0x2, 0x88, 0x40, 0x0, 0x0, 0x0, 0x5,
    0xff, 0x90, 0x0, 0x0, 0x0, 0x7, 0xff, 0x90,
    0x0, 0x0, 0x0, 0x8, 0xff, 0x90, 0x0, 0x0,
    0x0, 0xa, 0xff, 0x90, 0x0, 0x0, 0x3d, 0xef,
    0xff, 0xff, 0xff, 0xe0, 0x4f, 0xff, 0xff, 0xff,
    0xff, 0xe0, 0x3d, 0xdf, 0xff, 0xed, 0xdd, 0xb0,
    0x0, 0xd, 0xff, 0x90, 0x0, 0x0, 0x0, 0xd,
    0xff, 0x90, 0x0, 0x0, 0x0, 0xd, 0xff, 0x90,
    0x0, 0x0, 0x0, 0xd, 0xff, 0x90, 0x0, 0x0,
    0x0, 0xd, 0xff, 0x90, 0x0, 0x0, 0x0, 0xd,
    0xff, 0x90, 0x0, 0x0, 0x0, 0xd, 0xff, 0x90,
    0x0, 0x0, 0x0, 0xd, 0xff, 0x90, 0x0, 0x0,
    0x0, 0xd, 0xff, 0xa0, 0x0, 0x0, 0x0, 0xb,
    0xff, 0xc0, 0x0, 0x0, 0x0, 0x8, 0xff, 0xf5,
    0x0, 0x0, 0x0, 0x3, 0xff, 0xff, 0xed, 0xe0,
    0x0, 0x0, 0x9f, 0xff, 0xff, 0xf3, 0x0, 0x0,
    0x6, 0xce, 0xfd, 0xa2,

    /* U+0075 "u" */
    0xaf, 0xfd, 0x0, 0x0, 0x0, 0x7f, 0xff, 0xa,
    0xff, 0xd0, 0x0, 0x0, 0x7, 0xff, 0xf0, 0xaf,
    0xfd, 0x0, 0x0, 0x0, 0x7f, 0xff, 0xa, 0xff,
    0xd0, 0x0, 0x0, 0x7, 0xff, 0xf0, 0xaf, 0xfd,
    0x0, 0x0, 0x0, 0x7f, 0xff, 0xa, 0xff, 0xd0,
    0x0, 0x0, 0x7, 0xff, 0xf0, 0xaf, 0xfd, 0x0,
    0x0, 0x0, 0x7f, 0xff, 0xa, 0xff, 0xd0, 0x0,
    0x0, 0x7, 0xff, 0xf0, 0xaf, 0xfd, 0x0, 0x0,
    0x0, 0x7f, 0xff, 0xa, 0xff, 0xd0, 0x0, 0x0,
    0x7, 0xff, 0xf0, 0x9f, 0xfd, 0x0, 0x0, 0x0,
    0x7f, 0xff, 0x9, 0xff, 0xf0, 0x0, 0x0, 0x8,
    0xff, 0xf0, 0x7f, 0xff, 0x30, 0x0, 0x5, 0xff,
    0xff, 0x3, 0xff, 0xfd, 0x40, 0x28, 0xff, 0xff,
    0xf0, 0xd, 0xff, 0xff, 0xff, 0xff, 0x7f, 0xff,
    0x0, 0x3f, 0xff, 0xff, 0xff, 0x60, 0xef, 0xf0,
    0x0, 0x2a, 0xef, 0xe9, 0x20, 0xd, 0xff, 0x0,

    /* U+0076 "v" */
    0x6f, 0xff, 0x10, 0x0, 0x0, 0x0, 0x9f, 0xfc,
    0x1f, 0xff, 0x60, 0x0, 0x0, 0x0, 0xef, 0xf6,
    0xb, 0xff, 0xb0, 0x0, 0x0, 0x3, 0xff, 0xf1,
    0x6, 0xff, 0xf0, 0x0, 0x0, 0x8, 0xff, 0xc0,
    0x1, 0xff, 0xf5, 0x0, 0x0, 0xd, 0xff, 0x60,
    0x0, 0xbf, 0xf9, 0x0, 0x0, 0x2f, 0xff, 0x10,
    0x0, 0x5f, 0xfe, 0x0, 0x0, 0x6f, 0xfc, 0x0,
    0x0, 0xf, 0xff, 0x30, 0x0, 0xbf, 0xf6, 0x0,
    0x0, 0xb, 0xff, 0x80, 0x1, 0xff, 0xf1, 0x0,
    0x0, 0x5, 0xff, 0xd0, 0x5, 0xff, 0xc0, 0x0,
    0x0, 0x0, 0xff, 0xf2, 0x9, 0xff, 0x60, 0x0,
    0x0, 0x0, 0xaf, 0xf6, 0xe, 0xff, 0x10, 0x0,
    0x0, 0x0, 0x5f, 0xfb, 0x2f, 0xfc, 0x0, 0x0,
    0x0, 0x0, 0xf, 0xff, 0x8f, 0xf6, 0x0, 0x0,
    0x0, 0x0, 0xa, 0xff, 0xff, 0xf1, 0x0, 0x0,
    0x0, 0x0, 0x4, 0xff, 0xff, 0xc0, 0x0, 0x0,
    0x0, 0x0, 0x0, 0xff, 0xff, 0x60, 0x0, 0x0,

    /* U+0077 "w" */
    0x1f, 0xff, 0x60, 0x0, 0x0, 0x3f, 0xff, 0x30,
    0x0, 0x0, 0x5f, 0xfe, 0x0, 0xcf, 0xfa, 0x0,
    0x0, 0x7, 0xff, 0xf7, 0x0, 0x0, 0x8, 0xff,
    0xa0, 0x8, 0xff, 0xe0, 0x0, 0x0, 0xbf, 0xff,
    0xb0, 0x0, 0x0, 0xcf, 0xf6, 0x0, 0x4f, 0xff,
    0x20, 0x0, 0xf, 0xfe, 0xff, 0x0, 0x0, 0xf,
    0xff, 0x20, 0x0, 0xff, 0xf5, 0x0, 0x3, 0xff,
    0x8f, 0xf4, 0x0, 0x4, 0xff, 0xe0, 0x0, 0xc,
    0xff, 0x90, 0x0, 0x7f, 0xf2, 0xff, 0x80, 0x0,
    0x7f, 0xfa, 0x0, 0x0, 0x7f, 0xfd, 0x0, 0xb,
    0xfc, 0xf, 0xfc, 0x0, 0xb, 0xff, 0x60, 0x0,
    0x3, 0xff, 0xf1, 0x0, 0xff, 0x80, 0xbf, 0xf0,
    0x0, 0xff, 0xf2, 0x0, 0x0, 0xf, 0xff, 0x50,
    0x3f, 0xf5, 0x7, 0xff, 0x40, 0x2f, 0xfe, 0x0,
    0x0, 0x0, 0xbf, 0xf8, 0x7, 0xff, 0x10, 0x3f,
    0xf8, 0x6, 0xff, 0xa0, 0x0, 0x0, 0x7, 0xff,
    0xb0, 0xbf, 0xd0, 0x0, 0xff, 0xc0, 0x9f, 0xf6,
    0x0, 0x0, 0x0, 0x3f, 0xfe, 0xf, 0xf9, 0x0,
    0xb, 0xff, 0xc, 0xff, 0x20, 0x0, 0x0, 0x0,
    0xef, 0xf4, 0xff, 0x50, 0x0, 0x7f, 0xf3, 0xff,
    0xe0, 0x0, 0x0, 0x0, 0xa, 0xff, 0xaf, 0xf1,
    0x0, 0x4, 0xff, 0xaf, 0xfa, 0x0, 0x0, 0x0,
    0x0, 0x6f, 0xff, 0xfe, 0x0, 0x0, 0xf, 0xff,
    0xff, 0x60, 0x0, 0x0, 0x0, 0x2, 0xff, 0xff,
    0xa0, 0x0, 0x0, 0xcf, 0xff, 0xf2, 0x0, 0x0,
    0x0, 0x0, 0xe, 0xff, 0xf6, 0x0, 0x0, 0x8,
    0xff, 0xfe, 0x0, 0x0, 0x0,

    /* U+0078 "x" */
    0xd, 0xff, 0xd0, 0x0, 0x0, 0xe, 0xff, 0xa0,
    0x3, 0xff, 0xf7, 0x0, 0x0, 0x6f, 0xff, 0x10,
    0x0, 0xaf, 0xff, 0x10, 0x0, 0xef, 0xf7, 0x0,
    0x0, 0x1e, 0xff, 0x90, 0x7, 0xff, 0xd0, 0x0,
    0x0, 0x6, 0xff, 0xf2, 0xe, 0xff, 0x50, 0x0,
    0x0, 0x0, 0xcf, 0xfa, 0x6f, 0xfb, 0x0, 0x0,
    0x0, 0x0, 0x3f, 0xff, 0xef, 0xf2, 0x0, 0x0,
    0x0, 0x0, 0x9, 0xff, 0xff, 0x90, 0x0, 0x0,
    0x0, 0x0, 0x6, 0xff, 0xff, 0x20, 0x0, 0x0,
    0x0, 0x0, 0x1e, 0xff, 0xff, 0x90, 0x0, 0x0,
    0x0, 0x0, 0x9f, 0xfb, 0xff, 0xf3, 0x0, 0x0,
    0x0, 0x3, 0xff, 0xe0, 0xaf, 0xfd, 0x0, 0x0,
    0x0, 0xc, 0xff, 0x70, 0x1f, 0xff, 0x70, 0x0,
    0x0, 0x6f, 0xfe, 0x0, 0x8, 0xff, 0xf2, 0x0,
    0x1, 0xef, 0xf6, 0x0, 0x0, 0xef, 0xfb, 0x0,
    0x9, 0xff, 0xd0, 0x0, 0x0, 0x5f, 0xff, 0x50,
    0x3f, 0xff, 0x50, 0x0, 0x0, 0xc, 0xff, 0xe1,

    /* U+0079 "y" */
    0x6f, 0xff, 0x10, 0x0, 0x0, 0x0, 0x8f, 0xfc,
    0xf, 0xff, 0x70, 0x0, 0x0, 0x0, 0xdf, 0xf6,
    0x9, 0xff, 0xc0, 0x0, 0x0, 0x2, 0xff, 0xf1,
    0x3, 0xff, 0xf2, 0x0, 0x0, 0x7, 0xff, 0xc0,
    0x0, 0xdf, 0xf7, 0x0, 0x0, 0xc, 0xff, 0x60,
    0x0, 0x7f, 0xfd, 0x0, 0x0, 0x1f, 0xff, 0x10,
    0x0, 0x1f, 0xff, 0x20, 0x0, 0x6f, 0xfb, 0x0,
    0x0, 0xa, 0xff, 0x80, 0x0, 0xaf, 0xf6, 0x0,
    0x0, 0x4, 0xff, 0xd0, 0x0, 0xff, 0xf1, 0x0,
    0x0, 0x0, 0xef, 0xf3, 0x4, 0xff, 0xb0, 0x0,
    0x0, 0x0, 0x8f, 0xf8, 0x9, 0xff, 0x60, 0x0,
    0x0, 0x0, 0x2f, 0xfd, 0xd, 0xff, 0x10, 0x0,
    0x0, 0x0, 0xb, 0xff, 0x4f, 0xfb, 0x0, 0x0,
    0x0, 0x0, 0x5, 0xff, 0xdf, 0xf6, 0x0, 0x0,
    0x0, 0x0, 0x0, 0xef, 0xff, 0xf1, 0x0, 0x0,
    0x0, 0x0, 0x0, 0x9f, 0xff, 0xb0, 0x0, 0x0,
    0x0, 0x0, 0x0, 0x3f, 0xff, 0x50, 0x0, 0x0,
    0x0, 0x0, 0x0, 0x3f, 0xff, 0x0, 0x0, 0x0,
    0x0, 0x0, 0x0, 0x9f, 0xfa, 0x0, 0x0, 0x0,
    0x0, 0x0, 0x2, 0xff, 0xf3, 0x0, 0x0, 0x0,
    0x0, 0x0, 0x2d, 0xff, 0xb0, 0x0, 0x0, 0x0,
    0x2, 0xee, 0xff, 0xff, 0x20, 0x0, 0x0, 0x0,
    0x6, 0xff, 0xff, 0xf4, 0x0, 0x0, 0x0, 0x0,
    0x7, 0xef, 0xd9, 0x20, 0x0, 0x0, 0x0, 0x0,

    /* U+007A "z" */
    0xf, 0xff, 0xff, 0xff, 0xff, 0xff, 0x90, 0xff,
    0xff, 0xff, 0xff, 0xff, 0xf9, 0xc, 0xdd, 0xdd,
    0xdd, 0xff, 0xff, 0x30, 0x0, 0x0, 0x0, 0x3f,
    0xff, 0x80, 0x0, 0x0, 0x0, 0xd, 0xff, 0xd0,
    0x0, 0x0, 0x0, 0x8, 0xff, 0xf3, 0x0, 0x0,
    0x0, 0x3, 0xff, 0xf8, 0x0, 0x0, 0x0, 0x0,
    0xdf, 0xfd, 0x0, 0x0, 0x0, 0x0, 0x8f, 0xff,
    0x30, 0x0, 0x0, 0x0, 0x3f, 0xff, 0x90, 0x0,
    0x0, 0x0, 0xd, 0xff, 0xd0, 0x0, 0x0, 0x0,
    0x7, 0xff, 0xf4, 0x0, 0x0, 0x0, 0x2, 0xff,
    0xf9, 0x0, 0x0, 0x0, 0x0, 0xcf, 0xfe, 0x0,
    0x0, 0x0, 0x0, 0x7f, 0xff, 0xec, 0xcc, 0xcc,
    0xcc, 0xae, 0xff, 0xff, 0xff, 0xff, 0xff, 0xfe,
    0xef, 0xff, 0xff, 0xff, 0xff, 0xff, 0xe0,

    /* U+007B "{" */
    0x0, 0x0, 0x8d, 0xff, 0x70, 0x0, 0xaf, 0xff,
    0xf7, 0x0, 0x1f, 0xff, 0x30, 0x0, 0x3, 0xff,
    0xa0, 0x0, 0x0, 0x4f, 0xf9, 0x0, 0x0, 0x4,
    0xff, 0x80, 0x0, 0x0, 0x4f, 0xf9, 0x0, 0x0,
    0x3, 0xff, 0x90, 0x0, 0x0, 0x2f, 0xfa, 0x0,
    0x0, 0x1, 0xff, 0xa0, 0x0, 0x0, 0xf, 0xfa,
    0x0, 0x0, 0x1, 0xff, 0xa0, 0x0, 0x0, 0x5f,
    0xf8, 0x0, 0x2, 0x6e, 0xff, 0x30, 0x0, 0xdf,
    0xfd, 0x50, 0x0, 0xd, 0xff, 0xf7, 0x0, 0x0,
    0x3, 0xdf, 0xf4, 0x0, 0x0, 0x3, 0xff, 0x90,
    0x0, 0x0, 0xf, 0xfa, 0x0, 0x0, 0x0, 0xff,
    0xa0, 0x0, 0x0, 0x1f, 0xfa, 0x0, 0x0, 0x2,
    0xff, 0x90, 0x0, 0x0, 0x3f, 0xf9, 0x0, 0x0,
    0x4, 0xff, 0x90, 0x0, 0x0, 0x4f, 0xf9, 0x0,
    0x0, 0x3, 0xff, 0xa0, 0x0, 0x0, 0x1f, 0xff,
    0x30, 0x0, 0x0, 0xaf, 0xff, 0xf7, 0x0, 0x0,
    0x9e, 0xff, 0x70,

    /* U+007C "|" */
    0xff, 0x6f, 0xf6, 0xff, 0x6f, 0xf6, 0xff, 0x6f,
    0xf6, 0xff, 0x6f, 0xf6, 0xff, 0x6f, 0xf6, 0xff,
    0x6f, 0xf6, 0xff, 0x6f, 0xf6, 0xff, 0x6f, 0xf6,
    0xff, 0x6f, 0xf6, 0xff, 0x6f, 0xf6, 0xff, 0x6f,
    0xf6, 0xff, 0x6f, 0xf6, 0xff, 0x6f, 0xf6, 0xff,
    0x6f, 0xf6, 0xff, 0x6f, 0xf6, 0xff, 0x6f, 0xf6,
    0xff, 0x6f, 0xf6,

    /* U+007D "}" */
    0xcf, 0xfc, 0x50, 0x0, 0xb, 0xff, 0xff, 0x40,
    0x0, 0x0, 0x7f, 0xfb, 0x0, 0x0, 0x0, 0xff,
    0xd0, 0x0, 0x0, 0xe, 0xfe, 0x0, 0x0, 0x0,
    0xef, 0xe0, 0x0, 0x0, 0xe, 0xfe, 0x0, 0x0,
    0x0, 0xef, 0xd0, 0x0, 0x0, 0xf, 0xfc, 0x0,
    0x0, 0x0, 0xff, 0xb0, 0x0, 0x0, 0xf, 0xfa,
    0x0, 0x0, 0x0, 0xff, 0xb0, 0x0, 0x0, 0xd,
    0xfe, 0x0, 0x0, 0x0, 0x8f, 0xfc, 0x41, 0x0,
    0x0, 0x8f, 0xff, 0x80, 0x0, 0x1b, 0xff, 0xf8,
    0x0, 0xa, 0xff, 0x92, 0x0, 0x0, 0xef, 0xd0,
    0x0, 0x0, 0xf, 0xfa, 0x0, 0x0, 0x0, 0xff,
    0xb0, 0x0, 0x0, 0xf, 0xfb, 0x0, 0x0, 0x0,
    0xff, 0xc0, 0x0, 0x0, 0xe, 0xfd, 0x0, 0x0,
    0x0, 0xef, 0xe0, 0x0, 0x0, 0xe, 0xff, 0x0,
    0x0, 0x0, 0xff, 0xe0, 0x0, 0x0, 0x7f, 0xfb,
    0x0, 0xb, 0xff, 0xff, 0x50, 0x0, 0xcf, 0xfc,
    0x60, 0x0, 0x0,

    /* U+007E "~" */
    0x0, 0x5, 0x86, 0x10, 0x0, 0x0, 0x0, 0x0,
    0x2d, 0xff, 0xfe, 0x50, 0x0, 0x1, 0x70, 0x1d,
    0xff, 0xff, 0xff, 0x90, 0x0, 0xbf, 0xa9, 0xff,
    0x50, 0x4d, 0xff, 0xd9, 0xdf, 0xf6, 0x2d, 0x70,
    0x0, 0x1a, 0xff, 0xff, 0xf9, 0x0, 0x0, 0x0,
    0x0, 0x6, 0xdf, 0xc5, 0x0,

    /* U+00B0 "°" */
    0x0, 0x5c, 0xfe, 0x91, 0x0, 0x8, 0xff, 0xef,
    0xfe, 0x20, 0x3f, 0xf3, 0x0, 0x9f, 0xb0, 0x8f,
    0x80, 0x0, 0xe, 0xf1, 0xaf, 0x50, 0x0, 0xc,
    0xf2, 0x8f, 0x80, 0x0, 0xe, 0xf1, 0x3f, 0xf3,
    0x0, 0x9f, 0xb0, 0x8, 0xff, 0xef, 0xfe, 0x20,
    0x0, 0x5c, 0xfe, 0xa1, 0x0,

    /* U+00B7 "·" */
    0x1, 0x9e, 0xe9, 0x0, 0xc, 0xff, 0xff, 0xc0,
    0x4f, 0xff, 0xff, 0xf4, 0x7f, 0xff, 0xff, 0xf7,
    0x4f, 0xff, 0xff, 0xf4, 0xc, 0xff, 0xff, 0xc0,
    0x1, 0x9e, 0xe9, 0x0,

    /* U+4E0A "上" */
    0x0, 0x0, 0x0, 0x0, 0x0, 0x7, 0xee, 0x70,
    0x0, 0x0, 0x0, 0x0, 0x0, 0x0, 0x0, 0x0,
    0x0, 0x0, 0x0, 0x8, 0xff, 0x80, 0x0, 0x0,
    0x0, 0x0, 0x0, 0x0, 0x0, 0x0, 0x0, 0x0,
    0x0, 0x8, 0xff, 0x80, 0x0, 0x0, 0x0, 0x0,
    0x0, 0x0, 0x0, 0x0, 0x0, 0x0, 0x0, 0x8,
    0xff, 0x80, 0x0, 0x0, 0x0, 0x0, 0x0, 0x0,
    0x0, 0x0, 0x0, 0x0, 0x0, 0x8, 0xff, 0x80,
    0x0, 0x0, 0x0, 0x0, 0x0, 0x0, 0x0, 0x0,
    0x0, 0x0, 0x0, 0x8, 0xff, 0x80, 0x0, 0x0,
    0x0, 0x0, 0x0, 0x0, 0x0, 0x0, 0x0, 0x0,
    0x0, 0x8, 0xff, 0x80, 0x0, 0x0, 0x0, 0x0,
    0x0, 0x0, 0x0, 0x0, 0x0, 0x0, 0x0, 0x8,
    0xff, 0x80, 0x0, 0x0, 0x0, 0x0, 0x0, 0x0,
    0x0, 0x0, 0x0, 0x0, 0x0, 0x8, 0xff, 0x80,
    0x0, 0x0, 0x0, 0x0, 0x0, 0x0, 0x0, 0x0,
    0x0, 0x0, 0x0, 0x8, 0xff, 0xff, 0xff, 0xff,
    0xff, 0xff, 0xf7, 0x0, 0x0, 0x0, 0x0, 0x0,
    0x0, 0x8, 0xff, 0xff, 0xff, 0xff, 0xff, 0xff,
    0xf7, 0x0, 0x0, 0x0, 0x0, 0x0, 0x0, 0x8,
    0xff, 0xfe, 0xee, 0xee, 0xee, 0xee, 0xe6, 0x0,
    0x0, 0x0, 0x0, 0x0, 0x0, 0x8, 0xff, 0x80,
    0x0, 0x0, 0x0, 0x0, 0x0, 0x0, 0x0, 0x0,
    0x0, 0x0, 0x0, 0x8, 0xff, 0x80, 0x0, 0x0,
    0x0, 0x0, 0x0, 0x0, 0x0, 0x0, 0x0, 0x0,
    0x0, 0x8, 0xff, 0x80, 0x0, 0x0, 0x0, 0x0,
    0x0, 0x0, 0x0, 0x0, 0x0, 0x0, 0x0, 0x8,
    0xff, 0x80, 0x0, 0x0, 0x0, 0x0, 0x0, 0x0,
    0x0, 0x0, 0x0, 0x0, 0x0, 0x8, 0xff, 0x80,
    0x0, 0x0, 0x0, 0x0, 0x0, 0x0, 0x0, 0x0,
    0x0, 0x0, 0x0, 0x8, 0xff, 0x80, 0x0, 0x0,
    0x0, 0x0, 0x0, 0x0, 0x0, 0x0, 0x0, 0x0,
    0x0, 0x8, 0xff, 0x80, 0x0, 0x0, 0x0, 0x0,
    0x0, 0x0, 0x0, 0x0, 0x0, 0x0, 0x0, 0x8,
    0xff, 0x80, 0x0, 0x0, 0x0, 0x0, 0x0, 0x0,
    0x0, 0x0, 0x0, 0x0, 0x0, 0x8, 0xff, 0x80,
    0x0, 0x0, 0x0, 0x0, 0x0, 0x0, 0x0, 0x0,
    0x0, 0x0, 0x0, 0x8, 0xff, 0x80, 0x0, 0x0,
    0x0, 0x0, 0x0, 0x0, 0x0, 0x0, 0x0, 0x0,
    0x0, 0x8, 0xff, 0x80, 0x0, 0x0, 0x0, 0x0,
    0x0, 0x0, 0x59, 0x99, 0x99, 0x99, 0x99, 0x9f,
    0xff, 0xf9, 0x99, 0x99, 0x99, 0x99, 0x99, 0x95,
    0x9f, 0xff, 0xff, 0xff, 0xff, 0xff, 0xff, 0xff,
    0xff, 0xff, 0xff, 0xff, 0xff, 0xf8, 0x9f, 0xff,
    0xff, 0xff, 0xff, 0xff, 0xff, 0xff, 0xff, 0xff,
    0xff, 0xff, 0xff, 0xf8, 0x24, 0x44, 0x44, 0x44,
    0x44, 0x44, 0x44, 0x44, 0x44, 0x44, 0x44, 0x44,
    0x44, 0x42,

    /* U+4E0B "下" */
    0x2, 0x22, 0x22, 0x22, 0x22, 0x22, 0x22, 0x22,
    0x22, 0x22, 0x22, 0x22, 0x22, 0x20, 0x5f, 0xff,
    0xff, 0xff, 0xff, 0xff, 0xff, 0xff, 0xff, 0xff,
    0xff, 0xff, 0xff, 0xf6, 0x5f, 0xff, 0xff, 0xff,
    0xff, 0xff, 0xff, 0xff, 0xff, 0xff, 0xff, 0xff,
    0xff, 0xf6, 0x4c, 0xcc, 0xcc, 0xcc, 0xcc, 0xcd,
    0xff, 0xfc, 0xcc, 0xcc, 0xcc, 0xcc, 0xcc, 0xc5,
    0x0, 0x0, 0x0, 0x0, 0x0, 0x1, 0xff, 0xe0,
    0x0, 0x0, 0x0, 0x0, 0x0, 0x0, 0x0, 0x0,
    0x0, 0x0, 0x0, 0x1, 0xff, 0xe0, 0x0, 0x0,
    0x0, 0x0, 0x0, 0x0, 0x0, 0x0, 0x0, 0x0,
    0x0, 0x1, 0xff, 0xe0, 0x0, 0x0, 0x0, 0x0,
    0x0, 0x0, 0x0, 0x0, 0x0, 0x0, 0x0, 0x1,
    0xff, 0xe0, 0x0, 0x0, 0x0, 0x0, 0x0, 0x0,
    0x0, 0x0, 0x0, 0x0, 0x0, 0x1, 0xff, 0xf9,
    0x40, 0x0, 0x0, 0x0, 0x0, 0x0, 0x0, 0x0,
    0x0, 0x0, 0x0, 0x1, 0xff, 0xff, 0xfc, 0x40,
    0x0, 0x0, 0x0, 0x0, 0x0, 0x0, 0x0, 0x0,
    0x0, 0x1, 0xff, 0xff, 0xff, 0xfb, 0x20, 0x0,
    0x0, 0x0, 0x0, 0x0, 0x0, 0x0, 0x0, 0x1,
    0xff, 0xf6, 0xef, 0xff, 0xf9, 0x10, 0x0, 0x0,
    0x0, 0x0, 0x0, 0x0, 0x0, 0x1, 0xff, 0xe0,
    0x9, 0xff, 0xff, 0xe6, 0x0, 0x0, 0x0, 0x0,
    0x0, 0x0, 0x0, 0x1, 0xff, 0xe0, 0x0, 0x2c,
    0xff, 0xff, 0xc2, 0x0, 0x0, 0x0, 0x0, 0x0,
    0x0, 0x1, 0xff, 0xe0, 0x0, 0x0, 0x6f, 0xff,
    0xfa, 0x0, 0x0, 0x0, 0x0, 0x0, 0x0, 0x1,
    0xff, 0xe0, 0x0, 0x0, 0x1, 0xbf, 0xe1, 0x0,
    0x0, 0x0, 0x0, 0x0, 0x0, 0x1, 0xff, 0xe0,
    0x0, 0x0, 0x0, 0x7, 0x30, 0x0, 0x0, 0x0,
    0x0, 0x0, 0x0, 0x1, 0xff, 0xe0, 0x0, 0x0,
    0x0, 0x0, 0x0, 0x0, 0x0, 0x0, 0x0, 0x0,
    0x0, 0x1, 0xff, 0xe0, 0x0, 0x0, 0x0, 0x0,
    0x0, 0x0, 0x0, 0x0, 0x0, 0x0, 0x0, 0x1,
    0xff, 0xe0, 0x0, 0x0, 0x0, 0x0, 0x0, 0x0,
    0x0, 0x0, 0x0, 0x0, 0x0, 0x1, 0xff, 0xe0,
    0x0, 0x0, 0x0, 0x0, 0x0, 0x0, 0x0, 0x0,
    0x0, 0x0, 0x0, 0x1, 0xff, 0xe0, 0x0, 0x0,
    0x0, 0x0, 0x0, 0x0, 0x0, 0x0, 0x0, 0x0,
    0x0, 0x1, 0xff, 0xe0, 0x0, 0x0, 0x0, 0x0,
    0x0, 0x0, 0x0, 0x0, 0x0, 0x0, 0x0, 0x1,
    0xff, 0xe0, 0x0, 0x0, 0x0, 0x0, 0x0, 0x0,
    0x0, 0x0, 0x0, 0x0, 0x0, 0x1, 0xff, 0xe0,
    0x0, 0x0, 0x0, 0x0, 0x0, 0x0, 0x0, 0x0,
    0x0, 0x0, 0x0, 0x1, 0xff, 0xe0, 0x0, 0x0,
    0x0, 0x0, 0x0, 0x0,

    /* U+4E2D "中" */
    0x0, 0x0, 0x0, 0x0, 0x0, 0x4, 0x55, 0x0,
    0x0, 0x0, 0x0, 0x0, 0x0, 0x0, 0x0, 0x0,
    0x0, 0x0, 0xe, 0xff, 0x10, 0x0, 0x0, 0x0,
    0x0, 0x0, 0x0, 0x0, 0x0, 0x0, 0x0, 0xe,
    0xff, 0x10, 0x0, 0x0, 0x0, 0x0, 0x0, 0x0,
    0x0, 0x0, 0x0, 0x0, 0xe, 0xff, 0x10, 0x0,
    0x0, 0x0, 0x0, 0x0, 0x0, 0x0, 0x0, 0x0,
    0x0, 0xe, 0xff, 0x10, 0x0, 0x0, 0x0, 0x0,
    0x0, 0x0, 0x0, 0x0, 0x0, 0x0, 0xf, 0xff,
    0x20, 0x0, 0x0, 0x0, 0x0, 0x0, 0x6f, 0xff,
    0xff, 0xff, 0xff, 0xff, 0xff, 0xff, 0xff, 0xff,
    0xff, 0xff, 0xf0, 0x6f, 0xff, 0xff, 0xff, 0xff,
    0xff, 0xff, 0xff, 0xff, 0xff, 0xff, 0xff, 0xf0,
    0x6f, 0xfd, 0xcc, 0xcc, 0xcc, 0xcf, 0xff, 0xdc,
    0xcc, 0xcc, 0xcc, 0xff, 0xf0, 0x6f, 0xf6, 0x0,
    0x0, 0x0, 0xe, 0xff, 0x10, 0x0, 0x0, 0x0,
    0xef, 0xf0, 0x6f, 0xf6, 0x0, 0x0, 0x0, 0xe,
    0xff, 0x10, 0x0, 0x0, 0x0, 0xef, 0xf0, 0x6f,
    0xf6, 0x0, 0x0, 0x0, 0xe, 0xff, 0x10, 0x0,
    0x0, 0x0, 0xef, 0xf0, 0x6f, 0xf6, 0x0, 0x0,
    0x0, 0xe, 0xff, 0x10, 0x0, 0x0, 0x0, 0xef,
    0xf0, 0x6f, 0xf6, 0x0, 0x0, 0x0, 0xe, 0xff,
    0x10, 0x0, 0x0, 0x0, 0xef, 0xf0, 0x6f, 0xf6,
    0x0, 0x0, 0x0, 0xe, 0xff, 0x10, 0x0, 0x0,
    0x0, 0xef, 0xf0, 0x6f, 0xf6, 0x0, 0x0, 0x0,
    0xe, 0xff, 0x10, 0x0, 0x0, 0x0, 0xef, 0xf0,
    0x6f, 0xff, 0xff, 0xff, 0xff, 0xff, 0xff, 0xff,
    0xff, 0xff, 0xff, 0xff, 0xf0, 0x6f, 0xff, 0xff,
    0xff, 0xff, 0xff, 0xff, 0xff, 0xff, 0xff, 0xff,
    0xff, 0xf0, 0x6f, 0xff, 0xdd, 0xdd, 0xdd, 0xdf,
    0xff, 0xed, 0xdd, 0xdd, 0xdd, 0xff, 0xf0, 0x6f,
    0xf6, 0x0, 0x0, 0x0, 0xe, 0xff, 0x10, 0x0,
    0x0, 0x0, 0xef, 0xf0, 0x4a, 0xa4, 0x0, 0x0,
    0x0, 0xe, 0xff, 0x10, 0x0, 0x0, 0x0, 0x78,
    0x80, 0x0, 0x0, 0x0, 0x0, 0x0, 0xe, 0xff,
    0x10, 0x0, 0x0, 0x0, 0x0, 0x0, 0x0, 0x0,
    0x0, 0x0, 0x0, 0xe, 0xff, 0x10, 0x0, 0x0,
    0x0, 0x0, 0x0, 0x0, 0x0, 0x0, 0x0, 0x0,
    0xe, 0xff, 0x10, 0x0, 0x0, 0x0, 0x0, 0x0,
    0x0, 0x0, 0x0, 0x0, 0x0, 0xe, 0xff, 0x10,
    0x0, 0x0, 0x0, 0x0, 0x0, 0x0, 0x0, 0x0,
    0x0, 0x0, 0xe, 0xff, 0x10, 0x0, 0x0, 0x0,
    0x0, 0x0, 0x0, 0x0, 0x0, 0x0, 0x0, 0xe,
    0xff, 0x10, 0x0, 0x0, 0x0, 0x0, 0x0, 0x0,
    0x0, 0x0, 0x0, 0x0, 0xe, 0xff, 0x10, 0x0,
    0x0, 0x0, 0x0, 0x0,

    /* U+4E3B "主" */
    0x0, 0x0, 0x0, 0x0, 0x0, 0x0, 0x0, 0x0,
    0x0, 0x0, 0x0, 0x0, 0x0, 0x0, 0x0, 0x0,
    0x0, 0x0, 0x0, 0x2c, 0xb1, 0x0, 0x0, 0x0,
    0x0, 0x0, 0x0, 0x0, 0x0, 0x0, 0x0, 0x0,
    0x1, 0xff, 0xfe, 0x30, 0x0, 0x0, 0x0, 0x0,
    0x0, 0x0, 0x0, 0x0, 0x0, 0x0, 0x0, 0x3d,
    0xff, 0xf6, 0x0, 0x0, 0x0, 0x0, 0x0, 0x0,
    0x0, 0x0, 0x0, 0x0, 0x0, 0x1, 0xcf, 0xff,
    0x80, 0x0, 0x0, 0x0, 0x0, 0x0, 0x0, 0x0,
    0x0, 0x0, 0x0, 0x0, 0xb, 0xff, 0xf5, 0x0,
    0x0, 0x0, 0x0, 0x0, 0x1, 0x55, 0x55, 0x55,
    0x55, 0x55, 0x55, 0xff, 0xb5, 0x55, 0x55, 0x55,
    0x53, 0x0, 0x4, 0xff, 0xff, 0xff, 0xff, 0xff,
    0xff, 0xff, 0xff, 0xff, 0xff, 0xff, 0xfc, 0x0,
    0x4, 0xff, 0xff, 0xff, 0xff, 0xff, 0xff, 0xff,
    0xff, 0xff, 0xff, 0xff, 0xfc, 0x0, 0x1, 0x77,
    0x77, 0x77, 0x77, 0x77, 0xff, 0xfd, 0x77, 0x77,
    0x77, 0x77, 0x75, 0x0, 0x0, 0x0, 0x0, 0x0,
    0x0, 0x0, 0xcf, 0xf5, 0x0, 0x0, 0x0, 0x0,
    0x0, 0x0, 0x0, 0x0, 0x0, 0x0, 0x0, 0x0,
    0xcf, 0xf5, 0x0, 0x0, 0x0, 0x0, 0x0, 0x0,
    0x0, 0x0, 0x0, 0x0, 0x0, 0x0, 0xcf, 0xf5,
    0x0, 0x0, 0x0, 0x0, 0x0, 0x0, 0x0, 0x0,
    0x0, 0x0, 0x0, 0x0, 0xcf, 0xf5, 0x0, 0x0,
    0x0, 0x0, 0x0, 0x0, 0x0, 0x0, 0x0, 0x0,
    0x0, 0x0, 0xcf, 0xf5, 0x0, 0x0, 0x0, 0x0,
    0x0, 0x0, 0x0, 0x8, 0xbb, 0xbb, 0xbb, 0xbb,
    0xff, 0xff, 0xbb, 0xbb, 0xbb, 0xbb, 0x40, 0x0,
    0x0, 0xc, 0xff, 0xff, 0xff, 0xff, 0xff, 0xff,
    0xff, 0xff, 0xff, 0xff, 0x70, 0x0, 0x0, 0xc,
    0xff, 0xff, 0xff, 0xff, 0xff, 0xff, 0xff, 0xff,
    0xff, 0xff, 0x70, 0x0, 0x0, 0x0, 0x0, 0x0,
    0x0, 0x0, 0xdf, 0xf6, 0x0, 0x0, 0x0, 0x0,
    0x0, 0x0, 0x0, 0x0, 0x0, 0x0, 0x0, 0x0,
    0xcf, 0xf5, 0x0, 0x0, 0x0, 0x0, 0x0, 0x0,
    0x0, 0x0, 0x0, 0x0, 0x0, 0x0, 0xcf, 0xf5,
    0x0, 0x0, 0x0, 0x0, 0x0, 0x0, 0x0, 0x0,
    0x0, 0x0, 0x0, 0x0, 0xcf, 0xf5, 0x0, 0x0,
    0x0, 0x0, 0x0, 0x0, 0x0, 0x0, 0x0, 0x0,
    0x0, 0x0, 0xcf, 0xf5, 0x0, 0x0, 0x0, 0x0,
    0x0, 0x0, 0x0, 0x0, 0x0, 0x0, 0x0, 0x0,
    0xcf, 0xf5, 0x0, 0x0, 0x0, 0x0, 0x0, 0x0,
    0x23, 0x33, 0x33, 0x33, 0x33, 0x33, 0xff, 0xf9,
    0x33, 0x33, 0x33, 0x33, 0x33, 0x31, 0x9f, 0xff,
    0xff, 0xff, 0xff, 0xff, 0xff, 0xff, 0xff, 0xff,
    0xff, 0xff, 0xff, 0xf4, 0x9f, 0xff, 0xff, 0xff,
    0xff, 0xff, 0xff, 0xff, 0xff, 0xff, 0xff, 0xff,
    0xff, 0xf4, 0x58, 0x88, 0x88, 0x88, 0x88, 0x88,
    0x88, 0x88, 0x88, 0x88, 0x88, 0x88, 0x88, 0x82,

    /* U+4EF6 "件" */
    0x0, 0x0, 0x0, 0x4d, 0x82, 0x0, 0x0, 0x0,
    0xa, 0xbb, 0x0, 0x0, 0x0, 0x0, 0x0, 0x0,
    0x0, 0xaf, 0xf5, 0x0, 0x63, 0x0, 0xe, 0xff,
    0x0, 0x0, 0x0, 0x0, 0x0, 0x0, 0x1, 0xff,
    0xe0, 0x4, 0xff, 0x90, 0xe, 0xff, 0x0, 0x0,
    0x0, 0x0, 0x0, 0x0, 0x9, 0xff, 0x70, 0x8,
    0xff, 0x50, 0xe, 0xff, 0x0, 0x0, 0x0, 0x0,
    0x0, 0x0, 0x1f, 0xff, 0x10, 0xb, 0xff, 0x10,
    0xe, 0xff, 0x0, 0x0, 0x0, 0x0, 0x0, 0x0,
    0xaf, 0xf8, 0x0, 0xf, 0xfe, 0x11, 0x1f, 0xff,
    0x11, 0x11, 0x11, 0x0, 0x0, 0x3, 0xff, 0xf0,
    0x0, 0x5f, 0xff, 0xff, 0xff, 0xff, 0xff, 0xff,
    0xff, 0x90, 0x0, 0xd, 0xff, 0xf0, 0x0, 0xbf,
    0xff, 0xff, 0xff, 0xff, 0xff, 0xff, 0xff, 0x90,
    0x0, 0x8f, 0xff, 0xa0, 0x1, 0xff, 0xfb, 0xbb,
    0xbf, 0xff, 0xbb, 0xbb, 0xbb, 0x60, 0x4, 0xff,
    0xff, 0xa0, 0x8, 0xff, 0x60, 0x0, 0xe, 0xff,
    0x0, 0x0, 0x0, 0x0, 0x2f, 0xff, 0xff, 0xa0,
    0x2f, 0xfe, 0x0, 0x0, 0xe, 0xff, 0x0, 0x0,
    0x0, 0x0, 0xcf, 0xfd, 0xff, 0xa0, 0x4e, 0xf7,
    0x0, 0x0, 0xe, 0xff, 0x0, 0x0, 0x0, 0x0,
    0x5f, 0xe3, 0xff, 0xa0, 0x0, 0x60, 0x0, 0x0,
    0xe, 0xff, 0x0, 0x0, 0x0, 0x0, 0xb, 0x31,
    0xff, 0xa0, 0x0, 0x0, 0x0, 0x0, 0xe, 0xff,
    0x0, 0x0, 0x0, 0x0, 0x0, 0x1, 0xff, 0xa0,
    0x3c, 0xcc, 0xcc, 0xcc, 0xcf, 0xff, 0xcc, 0xcc,
    0xcc, 0xcb, 0x0, 0x1, 0xff, 0xa0, 0x4f, 0xff,
    0xff, 0xff, 0xff, 0xff, 0xff, 0xff, 0xff, 0xff,
    0x0, 0x1, 0xff, 0xa0, 0x4f, 0xff, 0xff, 0xff,
    0xff, 0xff, 0xff, 0xff, 0xff, 0xff, 0x0, 0x1,
    0xff, 0xa0, 0x0, 0x0, 0x0, 0x0, 0xe, 0xff,
    0x0, 0x0, 0x0, 0x0, 0x0, 0x1, 0xff, 0xa0,
    0x0, 0x0, 0x0, 0x0, 0xe, 0xff, 0x0, 0x0,
    0x0, 0x0, 0x0, 0x1, 0xff, 0xa0, 0x0, 0x0,
    0x0, 0x0, 0xe, 0xff, 0x0, 0x0, 0x0, 0x0,
    0x0, 0x1, 0xff, 0xa0, 0x0, 0x0, 0x0, 0x0,
    0xe, 0xff, 0x0, 0x0, 0x0, 0x0, 0x0, 0x1,
    0xff, 0xa0, 0x0, 0x0, 0x0, 0x0, 0xe, 0xff,
    0x0, 0x0, 0x0, 0x0, 0x0, 0x1, 0xff, 0xa0,
    0x0, 0x0, 0x0, 0x0, 0xe, 0xff, 0x0, 0x0,
    0x0, 0x0, 0x0, 0x1, 0xff, 0xa0, 0x0, 0x0,
    0x0, 0x0, 0xe, 0xff, 0x0, 0x0, 0x0, 0x0,
    0x0, 0x1, 0xff, 0xa0, 0x0, 0x0, 0x0, 0x0,
    0xe, 0xff, 0x0, 0x0, 0x0, 0x0, 0x0, 0x1,
    0xff, 0xa0, 0x0, 0x0, 0x0, 0x0, 0xe, 0xff,
    0x0, 0x0, 0x0, 0x0, 0x0, 0x1, 0xff, 0x90,
    0x0, 0x0, 0x0, 0x0, 0xe, 0xff, 0x0, 0x0,
    0x0, 0x0,

    /* U+4F59 "余" */
    0x0, 0x0, 0x0, 0x0, 0x0, 0x0, 0x0, 0x5,
    0x0, 0x0, 0x0, 0x0, 0x0, 0x0, 0x0, 0x0,
    0x0, 0x0, 0x0, 0x0, 0x0, 0x0, 0xbf, 0xd2,
    0x0, 0x0, 0x0, 0x0, 0x0, 0x0, 0x0, 0x0,
    0x0, 0x0, 0x0, 0x0, 0x9, 0xff, 0xf3, 0x0,
    0x0, 0x0, 0x0, 0x0, 0x0, 0x0, 0x0, 0x0,
    0x0, 0x0, 0x0, 0xaf, 0xff, 0xfe, 0x30, 0x0,
    0x0, 0x0, 0x0, 0x0, 0x0, 0x0, 0x0, 0x0,
    0x0, 0x1b, 0xff, 0xc9, 0xff, 0xf5, 0x0, 0x0,
    0x0, 0x0, 0x0, 0x0, 0x0, 0x0, 0x0, 0x3,
    0xef, 0xfc, 0x10, 0x7f, 0xff, 0x80, 0x0, 0x0,
    0x0, 0x0, 0x0, 0x0, 0x0, 0x0, 0x7f, 0xff,
    0xb0, 0x0, 0x5, 0xff, 0xfc, 0x30, 0x0, 0x0,
    0x0, 0x0, 0x0, 0x0, 0x3c, 0xff, 0xf8, 0x0,
    0x0, 0x0, 0x4e, 0xff, 0xf9, 0x10, 0x0, 0x0,
    0x0, 0x0, 0x19, 0xff, 0xff, 0x50, 0x0, 0x0,
    0x0, 0x1, 0xbf, 0xff, 0xf8, 0x10, 0x0, 0x0,
    0x18, 0xff, 0xff, 0xe4, 0x22, 0x22, 0x22, 0x22,
    0x22, 0x28, 0xff, 0xff, 0xf9, 0x20, 0x9, 0xff,
    0xff, 0xff, 0xff, 0xff, 0xff, 0xff, 0xff, 0xff,
    0xff, 0xfa, 0xff, 0xff, 0xf5, 0x8, 0xff, 0xfa,
    0x1a, 0xff, 0xff, 0xff, 0xff, 0xff, 0xff, 0xff,
    0xf0, 0x2b, 0xff, 0xa0, 0x0, 0xbc, 0x30, 0x4,
    0x77, 0x77, 0x7a, 0xff, 0xf7, 0x77, 0x77, 0x60,
    0x0, 0x3a, 0x10, 0x0, 0x0, 0x0, 0x0, 0x0,
    0x0, 0x3, 0xff, 0xd0, 0x0, 0x0, 0x0, 0x0,
    0x0, 0x0, 0x0, 0x0, 0x0, 0x0, 0x0, 0x0,
    0x3, 0xff, 0xd0, 0x0, 0x0, 0x0, 0x0, 0x0,
    0x0, 0x0, 0x0, 0x0, 0x0, 0x0, 0x0, 0x3,
    0xff, 0xd0, 0x0, 0x0, 0x0, 0x0, 0x0, 0x0,
    0x0, 0xd, 0xff, 0xff, 0xff, 0xff, 0xff, 0xff,
    0xff, 0xff, 0xff, 0xff, 0xff, 0xf8, 0x0, 0x0,
    0xd, 0xff, 0xff, 0xff, 0xff, 0xff, 0xff, 0xff,
    0xff, 0xff, 0xff, 0xff, 0xf8, 0x0, 0x0, 0x8,
    0xaa, 0xaa, 0xaa, 0xaa, 0xad, 0xff, 0xfa, 0xaa,
    0xaa, 0xaa, 0xaa, 0xa5, 0x0, 0x0, 0x0, 0x0,
    0x0, 0x0, 0x0, 0x3, 0xff, 0xd0, 0x0, 0x0,
    0x0, 0x0, 0x0, 0x0, 0x0, 0x0, 0x0, 0x8,
    0xf9, 0x30, 0x3, 0xff, 0xd0, 0x0, 0x6e, 0x80,
    0x0, 0x0, 0x0, 0x0, 0x0, 0x0, 0x7f, 0xff,
    0x20, 0x3, 0xff, 0xd0, 0x3, 0xff, 0xfc, 0x10,
    0x0, 0x0, 0x0, 0x0, 0x8, 0xff, 0xf4, 0x0,
    0x3, 0xff, 0xd0, 0x0, 0x2d, 0xff, 0xe3, 0x0,
    0x0, 0x0, 0x1, 0xcf, 0xff, 0x40, 0x0, 0x3,
    0xff, 0xd0, 0x0, 0x1, 0xcf, 0xff, 0x50, 0x0,
    0x0, 0x6e, 0xff, 0xe2, 0x0, 0x0, 0x3, 0xff,
    0xc0, 0x0, 0x0, 0xa, 0xff, 0xf6, 0x0, 0x0,
    0xaf, 0xfc, 0x10, 0x6, 0xbb, 0xbd, 0xff, 0xc0,
    0x0, 0x0, 0x0, 0xaf, 0xfa, 0x0, 0x0, 0x8,
    0x80, 0x0, 0x2, 0xff, 0xff, 0xff, 0x70, 0x0,
    0x0, 0x0, 0x9, 0x50, 0x0, 0x0, 0x0, 0x0,
    0x0, 0x0, 0xbf, 0xfe, 0xb6, 0x0, 0x0, 0x0,
    0x0, 0x0, 0x0, 0x0,

    /* U+50A8 "储" */
    0x0, 0x0, 0x0, 0x40, 0x0, 0x0, 0x0, 0x0,
    0x0, 0x25, 0x50, 0x0, 0x0, 0x0, 0x0, 0x0,
    0x0, 0x4f, 0xf3, 0x0, 0x0, 0x0, 0x0, 0x7,
    0xff, 0x20, 0x0, 0x6, 0x20, 0x0, 0x0, 0xa,
    0xff, 0x1, 0x60, 0x0, 0x0, 0x0, 0x7f, 0xf2,
    0x0, 0x5, 0xff, 0x70, 0x0, 0x0, 0xef, 0xb3,
    0xef, 0x80, 0x0, 0x22, 0x29, 0xff, 0x42, 0x20,
    0xcf, 0xf1, 0x0, 0x0, 0x4f, 0xf5, 0xb, 0xff,
    0x70, 0xf, 0xff, 0xff, 0xff, 0xff, 0x8f, 0xf9,
    0x0, 0x0, 0xa, 0xff, 0x0, 0xd, 0xff, 0x40,
    0xff, 0xff, 0xff, 0xff, 0xff, 0xff, 0x20, 0x0,
    0x1, 0xff, 0xe0, 0x0, 0x2f, 0xfb, 0x4, 0x44,
    0xbf, 0xf7, 0x4a, 0xff, 0x90, 0x0, 0x0, 0x8f,
    0xf7, 0x0, 0x0, 0x79, 0x0, 0x0, 0x7, 0xff,
    0x20, 0xef, 0xe1, 0x0, 0x0, 0xf, 0xff, 0x40,
    0x0, 0x0, 0x0, 0x0, 0x0, 0x7f, 0xf2, 0xaf,
    0xf6, 0x0, 0x0, 0x7, 0xff, 0xf4, 0x0, 0x0,
    0x0, 0x7, 0x77, 0x7e, 0xff, 0xff, 0xff, 0x77,
    0x76, 0x1, 0xff, 0xff, 0x4a, 0xff, 0xff, 0x70,
    0xff, 0xff, 0xff, 0xff, 0xff, 0xff, 0xff, 0xe0,
    0xbf, 0xff, 0xf4, 0xbf, 0xff, 0xf8, 0xf, 0xff,
    0xff, 0xff, 0xff, 0xff, 0xff, 0xfe, 0x3f, 0xfe,
    0xff, 0x48, 0xcc, 0xff, 0x80, 0x22, 0x22, 0x4f,
    0xff, 0x92, 0x22, 0x22, 0x20, 0xdf, 0x5f, 0xf4,
    0x0, 0xe, 0xf8, 0x0, 0x0, 0x3e, 0xff, 0x90,
    0x0, 0x0, 0x0, 0x6, 0x72, 0xff, 0x40, 0x0,
    0xef, 0x80, 0x0, 0x5f, 0xff, 0xa0, 0x0, 0x0,
    0x0, 0x0, 0x0, 0x2f, 0xf4, 0x0, 0xe, 0xf8,
    0x0, 0x9f, 0xff, 0xff, 0xff, 0xff, 0xff, 0x90,
    0x0, 0x2, 0xff, 0x40, 0x0, 0xef, 0x84, 0xef,
    0xff, 0xff, 0xff, 0xff, 0xff, 0xfa, 0x0, 0x0,
    0x2f, 0xf4, 0x0, 0xe, 0xf8, 0x4f, 0xff, 0xff,
    0x85, 0x55, 0x55, 0xff, 0xa0, 0x0, 0x2, 0xff,
    0x40, 0x0, 0xef, 0x80, 0x6c, 0x4f, 0xf5, 0x0,
    0x0, 0xe, 0xfa, 0x0, 0x0, 0x2f, 0xf4, 0x0,
    0xe, 0xf8, 0x0, 0x1, 0xff, 0x50, 0x0, 0x0,
    0xef, 0xa0, 0x0, 0x2, 0xff, 0x40, 0x0, 0xef,
    0x80, 0x0, 0x1f, 0xff, 0xff, 0xff, 0xff, 0xfa,
    0x0, 0x0, 0x2f, 0xf4, 0x0, 0xe, 0xf8, 0x2,
    0x21, 0xff, 0xff, 0xff, 0xff, 0xff, 0xa0, 0x0,
    0x2, 0xff, 0x40, 0x0, 0xef, 0x99, 0xf8, 0x1f,
    0xf6, 0x11, 0x11, 0x1f, 0xfa, 0x0, 0x0, 0x2f,
    0xf4, 0x0, 0xf, 0xff, 0xff, 0xb1, 0xff, 0x50,
    0x0, 0x0, 0xef, 0xa0, 0x0, 0x2, 0xff, 0x40,
    0x8, 0xff, 0xff, 0x80, 0x1f, 0xf9, 0x44, 0x44,
    0x4f, 0xfa, 0x0, 0x0, 0x2f, 0xf4, 0x0, 0xff,
    0xfc, 0x20, 0x1, 0xff, 0xff, 0xff, 0xff, 0xff,
    0xa0, 0x0, 0x2, 0xff, 0x40, 0x2, 0xf6, 0x0,
    0x0, 0x1f, 0xff, 0xff, 0xff, 0xff, 0xfa, 0x0,
    0x0, 0x2f, 0xf4, 0x0, 0x2, 0x0, 0x0, 0x1,
    0xff, 0x50, 0x0, 0x0, 0xff, 0xa0, 0x0, 0x0,
    0x22, 0x0, 0x0, 0x0, 0x0, 0x0, 0x2, 0x20,
    0x0, 0x0, 0x0, 0x0, 0x0,

    /* U+5185 "内" */
    0x0, 0x0, 0x0, 0x0, 0x0, 0x0, 0x11, 0x10,
    0x0, 0x0, 0x0, 0x0, 0x0, 0x0, 0x0, 0x0,
    0x0, 0x0, 0x1, 0xff, 0xd0, 0x0, 0x0, 0x0,
    0x0, 0x0, 0x0, 0x0, 0x0, 0x0, 0x0, 0x1,
    0xff, 0xd0, 0x0, 0x0, 0x0, 0x0, 0x0, 0x0,
    0x0, 0x0, 0x0, 0x0, 0x1, 0xff, 0xd0, 0x0,
    0x0, 0x0, 0x0, 0x0, 0x0, 0x0, 0x0, 0x0,
    0x0, 0x1, 0xff, 0xd0, 0x0, 0x0, 0x0, 0x0,
    0x0, 0x0, 0x0, 0x0, 0x0, 0x0, 0x2, 0xff,
    0xe0, 0x0, 0x0, 0x0, 0x1, 0x0, 0x1f, 0xff,
    0xff, 0xff, 0xff, 0xff, 0xff, 0xff, 0xff, 0xff,
    0xff, 0xff, 0xf7, 0x1f, 0xff, 0xff, 0xff, 0xff,
    0xff, 0xff, 0xff, 0xff, 0xff, 0xff, 0xff, 0xf7,
    0x1f, 0xff, 0xcc, 0xcc, 0xcc, 0xce, 0xff, 0xfc,
    0xcc, 0xcc, 0xcc, 0xff, 0xf7, 0x1f, 0xfc, 0x0,
    0x0, 0x0, 0x3, 0xff, 0xa0, 0x0, 0x0, 0x0,
    0x5f, 0xf7, 0x1f, 0xfc, 0x0, 0x0, 0x0, 0x5,
    0xff, 0x90, 0x0, 0x0, 0x0, 0x5f, 0xf7, 0x1f,
    0xfc, 0x0, 0x0, 0x0, 0x8, 0xff, 0x60, 0x0,
    0x0, 0x0, 0x5f, 0xf7, 0x1f, 0xfc, 0x0, 0x0,
    0x0, 0xc, 0xff, 0xb0, 0x0, 0x0, 0x0, 0x5f,
    0xf7, 0x1f, 0xfc, 0x0, 0x0, 0x0, 0x2f, 0xff,
    0xfa, 0x0, 0x0, 0x0, 0x5f, 0xf7, 0x1f, 0xfc,
    0x0, 0x0, 0x0, 0xaf, 0xff, 0xff, 0xb0, 0x0,
    0x0, 0x5f, 0xf7, 0x1f, 0xfc, 0x0, 0x0, 0x4,
    0xff, 0xf3, 0xdf, 0xfc, 0x10, 0x0, 0x5f, 0xf7,
    0x1f, 0xfc, 0x0, 0x0, 0x1e, 0xff, 0x70, 0x1d,
    0xff, 0xd1, 0x0, 0x5f, 0xf7, 0x1f, 0xfc, 0x0,
    0x2, 0xdf, 0xfc, 0x0, 0x1, 0xdf, 0xfd, 0x10,
    0x5f, 0xf7, 0x1f, 0xfc, 0x0, 0x4e, 0xff, 0xd1,
    0x0, 0x0, 0x1d, 0xff, 0xd1, 0x5f, 0xf7, 0x1f,
    0xfc, 0x1a, 0xff, 0xfd, 0x10, 0x0, 0x0, 0x1,
    0xdf, 0xfc, 0x5f, 0xf7, 0x1f, 0xfc, 0x5f, 0xff,
    0xb0, 0x0, 0x0, 0x0, 0x0, 0x2e, 0xf7, 0x5f,
    0xf7, 0x1f, 0xfc, 0x4, 0xe6, 0x0, 0x0, 0x0,
    0x0, 0x0, 0x3, 0x40, 0x5f, 0xf7, 0x1f, 0xfc,
    0x0, 0x0, 0x0, 0x0, 0x0, 0x0, 0x0, 0x0,
    0x0, 0x5f, 0xf7, 0x1f, 0xfc, 0x0, 0x0, 0x0,
    0x0, 0x0, 0x0, 0x0, 0x0, 0x0, 0x5f, 0xf7,
    0x1f, 0xfc, 0x0, 0x0, 0x0, 0x0, 0x0, 0x0,
    0x0, 0x0, 0x0, 0x6f, 0xf7, 0x1f, 0xfc, 0x0,
    0x0, 0x0, 0x0, 0x0, 0x0, 0x6, 0xdd, 0xdd,
    0xff, 0xf5, 0x1f, 0xfc, 0x0, 0x0, 0x0, 0x0,
    0x0, 0x0, 0x1, 0xff, 0xff, 0xff, 0xf1, 0x1f,
    0xfc, 0x0, 0x0, 0x0, 0x0, 0x0, 0x0, 0x0,
    0xbe, 0xee, 0xc9, 0x20,

    /* U+5199 "写" */
    0x8b, 0xbb, 0xbb, 0xbb, 0xbb, 0xbb, 0xbb, 0xbb,
    0xbb, 0xbb, 0xbb, 0xbb, 0xb9, 0xdf, 0xff, 0xff,
    0xff, 0xff, 0xff, 0xff, 0xff, 0xff, 0xff, 0xff,
    0xff, 0xfd, 0xdf, 0xff, 0xff, 0xff, 0xff, 0xff,
    0xff, 0xff, 0xff, 0xff, 0xff, 0xff, 0xfd, 0xdf,
    0xf0, 0x0, 0x27, 0x63, 0x0, 0x0, 0x0, 0x0,
    0x0, 0x0, 0x1f, 0xfd, 0xdf, 0xf0, 0x0, 0x6f,
    0xf7, 0x0, 0x0, 0x0, 0x0, 0x0, 0x0, 0x1f,
    0xfd, 0xdf, 0xf0, 0x0, 0xaf, 0xf3, 0x0, 0x0,
    0x0, 0x0, 0x0, 0x0, 0x1f, 0xfd, 0x79, 0x90,
    0x0, 0xdf, 0xf8, 0x77, 0x77, 0x77, 0x77, 0x77,
    0x77, 0x19, 0x98, 0x0, 0x0, 0x0, 0xff, 0xff,
    0xff, 0xff, 0xff, 0xff, 0xff, 0xff, 0x0, 0x0,
    0x0, 0x0, 0x4, 0xff, 0xff, 0xff, 0xff, 0xff,
    0xff, 0xff, 0xff, 0x0, 0x0, 0x0, 0x0, 0x7,
    0xff, 0x60, 0x0, 0x0, 0x0, 0x0, 0x0, 0x0,
    0x0, 0x0, 0x0, 0x0, 0xb, 0xff, 0x20, 0x0,
    0x0, 0x0, 0x0, 0x0, 0x0, 0x0, 0x0, 0x0,
    0x0, 0xe, 0xff, 0x0, 0x0, 0x0, 0x0, 0x0,
    0x0, 0x0, 0x0, 0x0, 0x0, 0x0, 0x2f, 0xff,
    0xff, 0xff, 0xff, 0xff, 0xff, 0xff, 0xff, 0xf0,
    0x0, 0x0, 0x0, 0x7f, 0xff, 0xff, 0xff, 0xff,
    0xff, 0xff, 0xff, 0xff, 0xf0, 0x0, 0x0, 0x0,
    0x69, 0xdb, 0x99, 0x99, 0x99, 0x99, 0x99, 0x99,
    0xff, 0xd0, 0x0, 0x0, 0x0, 0x0, 0x0, 0x0,
    0x0, 0x0, 0x0, 0x0, 0x1, 0xff, 0xb0, 0x0,
    0x0, 0x0, 0x0, 0x0, 0x0, 0x0, 0x0, 0x0,
    0x0, 0x3, 0xff, 0xa0, 0x0, 0x29, 0x99, 0x99,
    0x99, 0x99, 0x99, 0x99, 0x99, 0x94, 0x5, 0xff,
    0x80, 0x0, 0x5f, 0xff, 0xff, 0xff, 0xff, 0xff,
    0xff, 0xff, 0xf8, 0x7, 0xff, 0x50, 0x0, 0x5f,
    0xff, 0xff, 0xff, 0xff, 0xff, 0xff, 0xff, 0xf8,
    0xa, 0xff, 0x30, 0x0, 0x0, 0x0, 0x0, 0x0,
    0x0, 0x0, 0x0, 0x0, 0x0, 0xd, 0xff, 0x0,
    0x0, 0x0, 0x0, 0x0, 0x0, 0x0, 0x0, 0x0,
    0x0, 0x0, 0x1f, 0xfd, 0x0, 0x0, 0x0, 0x0,
    0x0, 0x0, 0x0, 0x0, 0x0, 0x0, 0x0, 0x8f,
    0xf9, 0x0, 0x0, 0x0, 0x0, 0x0, 0x0, 0x0,
    0x0, 0xa9, 0x87, 0x79, 0xff, 0xf3, 0x0, 0x0,
    0x0, 0x0, 0x0, 0x0, 0x0, 0x0, 0xaf, 0xff,
    0xff, 0xff, 0xb0, 0x0, 0x0, 0x0, 0x0, 0x0,
    0x0, 0x0, 0x0, 0x6f, 0xff, 0xff, 0xe9, 0x0,
    0x0, 0x0, 0x0, 0x0, 0x0, 0x0, 0x0, 0x0,
    0x0, 0x0, 0x10, 0x0, 0x0, 0x0, 0x0,

    /* U+5206 "分" */
    0x0, 0x0, 0x0, 0x0, 0x6, 0x40, 0x0, 0x0,
    0x0, 0x6, 0x30, 0x0, 0x0, 0x0, 0x0, 0x0,
    0x0, 0x0, 0x2, 0xff, 0xf2, 0x0, 0x0, 0x3f,
    0xfc, 0x0, 0x0, 0x0, 0x0, 0x0, 0x0, 0x0,
    0x0, 0x9f, 0xfc, 0x0, 0x0, 0x0, 0xdf, 0xf5,
    0x0, 0x0, 0x0, 0x0, 0x0, 0x0, 0x0, 0x2f,
    0xff, 0x40, 0x0, 0x0, 0x4, 0xff, 0xe1, 0x0,
    0x0, 0x0, 0x0, 0x0, 0x0, 0xb, 0xff, 0xc0,
    0x0, 0x0, 0x0, 0xc, 0xff, 0xa0, 0x0, 0x0,
    0x0, 0x0, 0x0, 0x5, 0xff, 0xf3, 0x0, 0x0,
    0x0, 0x0, 0x2f, 0xff, 0x50, 0x0, 0x0, 0x0,
    0x0, 0x1, 0xef, 0xfa, 0x0, 0x0, 0x0, 0x0,
    0x0, 0x7f, 0xff, 0x20, 0x0, 0x0, 0x0, 0x0,
    0xbf, 0xfe, 0x10, 0x0, 0x0, 0x0, 0x0, 0x0,
    0xcf, 0xfd, 0x10, 0x0, 0x0, 0x0, 0x9f, 0xff,
    0x50, 0x0, 0x0, 0x0, 0x0, 0x0, 0x2, 0xef,
    0xfc, 0x0, 0x0, 0x0, 0x8f, 0xff, 0x90, 0x0,
    0x0, 0x0, 0x0, 0x0, 0x0, 0x4, 0xff, 0xfb,
    0x0, 0x0, 0x9f, 0xff, 0xc0, 0x0, 0x0, 0x0,
    0x0, 0x0, 0x0, 0x0, 0x7, 0xff, 0xfc, 0x10,
    0xaf, 0xff, 0xff, 0xee, 0xee, 0xff, 0xfe, 0xee,
    0xee, 0xee, 0xff, 0xee, 0xff, 0xf6, 0x3, 0xef,
    0xd9, 0xff, 0xff, 0xff, 0xff, 0xff, 0xff, 0xff,
    0xff, 0xff, 0x3b, 0xf7, 0x0, 0x2, 0xb1, 0x7e,
    0xee, 0xef, 0xff, 0xfe, 0xee, 0xee, 0xee, 0xff,
    0xf2, 0x6, 0x0, 0x0, 0x0, 0x0, 0x0, 0x0,
    0x5f, 0xfa, 0x0, 0x0, 0x0, 0xd, 0xff, 0x10,
    0x0, 0x0, 0x0, 0x0, 0x0, 0x0, 0x7, 0xff,
    0x70, 0x0, 0x0, 0x0, 0xdf, 0xf1, 0x0, 0x0,
    0x0, 0x0, 0x0, 0x0, 0x0, 0xbf, 0xf5, 0x0,
    0x0, 0x0, 0xe, 0xff, 0x0, 0x0, 0x0, 0x0,
    0x0, 0x0, 0x0, 0xf, 0xff, 0x0, 0x0, 0x0,
    0x0, 0xff, 0xf0, 0x0, 0x0, 0x0, 0x0, 0x0,
    0x0, 0x6, 0xff, 0xb0, 0x0, 0x0, 0x0, 0x1f,
    0xfd, 0x0, 0x0, 0x0, 0x0, 0x0, 0x0, 0x0,
    0xef, 0xf5, 0x0, 0x0, 0x0, 0x2, 0xff, 0xc0,
    0x0, 0x0, 0x0, 0x0, 0x0, 0x0, 0x9f, 0xfd,
    0x0, 0x0, 0x0, 0x0, 0x4f, 0xfb, 0x0, 0x0,
    0x0, 0x0, 0x0, 0x0, 0x7f, 0xff, 0x40, 0x0,
    0x0, 0x0, 0x6, 0xff, 0x90, 0x0, 0x0, 0x0,
    0x0, 0x0, 0x8f, 0xff, 0x90, 0x0, 0x0, 0x0,
    0x0, 0x9f, 0xf7, 0x0, 0x0, 0x0, 0x0, 0x3,
    0xcf, 0xff, 0xb0, 0x0, 0x0, 0x0, 0x0, 0xe,
    0xff, 0x40, 0x0, 0x0, 0x0, 0x5c, 0xff, 0xff,
    0xa0, 0x0, 0x0, 0x6c, 0xcb, 0xbe, 0xff, 0xf1,
    0x0, 0x0, 0x0, 0x1d, 0xff, 0xff, 0x60, 0x0,
    0x0, 0x1, 0xff, 0xff, 0xff, 0xf9, 0x0, 0x0,
    0x0, 0x0, 0x2f, 0xf8, 0x10, 0x0, 0x0, 0x0,
    0xd, 0xff, 0xff, 0xd8, 0x0, 0x0, 0x0, 0x0,
    0x0, 0x30, 0x0, 0x0, 0x0, 0x0, 0x0, 0x0,
    0x0, 0x0, 0x0, 0x0, 0x0, 0x0,

    /* U+5217 "列" */
    0x0, 0x0, 0x0, 0x0, 0x0, 0x0, 0x0, 0x0,
    0x0, 0x0, 0x0, 0x0, 0x11, 0x10, 0x0, 0x0,
    0x0, 0x0, 0x0, 0x0, 0x0, 0x0, 0x0, 0x0,
    0x0, 0xe, 0xff, 0x4d, 0xdd, 0xdd, 0xdd, 0xdd,
    0xdd, 0xdd, 0xdd, 0x10, 0x0, 0x0, 0x0, 0xef,
    0xf5, 0xff, 0xff, 0xff, 0xff, 0xff, 0xff, 0xff,
    0xf2, 0x0, 0x0, 0x0, 0xe, 0xff, 0x4e, 0xee,
    0xef, 0xff, 0xfe, 0xee, 0xee, 0xee, 0x10, 0xff,
    0xa0, 0x0, 0xef, 0xf0, 0x0, 0x0, 0xff, 0xe0,
    0x0, 0x0, 0x0, 0x0, 0x1f, 0xfb, 0x0, 0xe,
    0xff, 0x0, 0x0, 0x3f, 0xfa, 0x0, 0x0, 0x0,
    0x0, 0x1, 0xff, 0xb0, 0x0, 0xef, 0xf0, 0x0,
    0x8, 0xff, 0x50, 0x0, 0x0, 0x0, 0x0, 0x1f,
    0xfb, 0x0, 0xe, 0xff, 0x0, 0x0, 0xdf, 0xf3,
    0x22, 0x22, 0x22, 0x0, 0x1, 0xff, 0xb0, 0x0,
    0xef, 0xf0, 0x0, 0x2f, 0xff, 0xff, 0xff, 0xff,
    0xff, 0x30, 0x1f, 0xfb, 0x0, 0xe, 0xff, 0x0,
    0x8, 0xff, 0xff, 0xff, 0xff, 0xff, 0xf2, 0x1,
    0xff, 0xb0, 0x0, 0xef, 0xf0, 0x0, 0xff, 0xf8,
    0x77, 0x77, 0x7f, 0xff, 0x0, 0x1f, 0xfb, 0x0,
    0xe, 0xff, 0x0, 0x7f, 0xf8, 0x0, 0x0, 0x0,
    0xff, 0xc0, 0x1, 0xff, 0xb0, 0x0, 0xef, 0xf0,
    0x1f, 0xff, 0x10, 0x0, 0x0, 0x3f, 0xf8, 0x0,
    0x1f, 0xfb, 0x0, 0xe, 0xff, 0xa, 0xff, 0x90,
    0x0, 0x0, 0x9, 0xff, 0x40, 0x1, 0xff, 0xb0,
    0x0, 0xef, 0xf6, 0xff, 0xf1, 0x68, 0x0, 0x0,
    0xef, 0xe0, 0x0, 0x1f, 0xfb, 0x0, 0xe, 0xff,
    0x2d, 0xf6, 0x3f, 0xfc, 0x10, 0x5f, 0xf9, 0x0,
    0x1, 0xff, 0xb0, 0x0, 0xef, 0xf0, 0x18, 0x4,
    0xff, 0xfe, 0x4d, 0xff, 0x30, 0x0, 0x1f, 0xfb,
    0x0, 0xe, 0xff, 0x0, 0x0, 0x2, 0xdf, 0xff,
    0xff, 0xc0, 0x0, 0x1, 0xff, 0xb0, 0x0, 0xef,
    0xf0, 0x0, 0x0, 0x1, 0xbf, 0xff, 0xf3, 0x0,
    0x0, 0x1f, 0xfb, 0x0, 0xe, 0xff, 0x0, 0x0,
    0x0, 0x0, 0xff, 0xfa, 0x0, 0x0, 0x1, 0xff,
    0xb0, 0x0, 0xef, 0xf0, 0x0, 0x0, 0x0, 0x8f,
    0xfe, 0x10, 0x0, 0x0, 0x0, 0x0, 0x0, 0xe,
    0xff, 0x0, 0x0, 0x0, 0x7f, 0xff, 0x40, 0x0,
    0x0, 0x0, 0x0, 0x0, 0x0, 0xef, 0xf0, 0x0,
    0x0, 0x9f, 0xff, 0x70, 0x0, 0x0, 0x0, 0x0,
    0x0, 0x0, 0xe, 0xff, 0x0, 0x3, 0xcf, 0xff,
    0x80, 0x0, 0x0, 0x0, 0x0, 0x0, 0x0, 0x0,
    0xef, 0xf0, 0x3a, 0xff, 0xff, 0x60, 0x0, 0x0,
    0x0, 0x0, 0x0, 0x1b, 0xbb, 0xbf, 0xfe, 0x6,
    0xff, 0xfd, 0x30, 0x0, 0x0, 0x0, 0x0, 0x0,
    0x0, 0xbf, 0xff, 0xff, 0x90, 0xb, 0xf7, 0x0,
    0x0, 0x0, 0x0, 0x0, 0x0, 0x0, 0x7, 0xff,
    0xec, 0x70, 0x0, 0x11, 0x0, 0x0, 0x0, 0x0,
    0x0, 0x0, 0x0, 0x0, 0x0, 0x0, 0x0, 0x0,

    /* U+521A "刚" */
    0x0, 0x0, 0x0, 0x0, 0x0, 0x0, 0x0, 0x0,
    0x0, 0x0, 0x0, 0xa, 0xb7, 0x7d, 0xdd, 0xdd,
    0xdd, 0xdd, 0xdd, 0xdf, 0xf8, 0x0, 0x0, 0x0,
    0xe, 0xfa, 0x9f, 0xff, 0xff, 0xff, 0xff, 0xff,
    0xff, 0xfa, 0x0, 0x0, 0x0, 0xe, 0xfa, 0x9f,
    0xfb, 0xbb, 0xbb, 0xbb, 0xbb, 0xbf, 0xfa, 0x0,
    0x9f, 0xe0, 0xe, 0xfa, 0x9f, 0xf1, 0x0, 0x0,
    0x0, 0x0, 0xe, 0xfa, 0x0, 0x9f, 0xe0, 0xe,
    0xfa, 0x9f, 0xf1, 0x0, 0x0, 0x4, 0xfc, 0xe,
    0xfa, 0x0, 0x9f, 0xe0, 0xe, 0xfa, 0x9f, 0xf1,
    0x77, 0x0, 0x8, 0xfd, 0xe, 0xfa, 0x0, 0x9f,
    0xe0, 0xe, 0xfa, 0x9f, 0xf6, 0xff, 0x10, 0xc,
    0xf8, 0xe, 0xfa, 0x0, 0x9f, 0xe0, 0xe, 0xfa,
    0x9f, 0xf1, 0xdf, 0xa0, 0x1f, 0xf3, 0xe, 0xfa,
    0x0, 0x9f, 0xe0, 0xe, 0xfa, 0x9f, 0xf1, 0x4f,
    0xf3, 0x6f, 0xe0, 0xe, 0xfa, 0x0, 0x9f, 0xe0,
    0xe, 0xfa, 0x9f, 0xf1, 0xb, 0xfb, 0xaf, 0xa0,
    0xe, 0xfa, 0x0, 0x9f, 0xe0, 0xe, 0xfa, 0x9f,
    0xf1, 0x3, 0xff, 0xff, 0x50, 0xe, 0xfa, 0x0,
    0x9f, 0xe0, 0xe, 0xfa, 0x9f, 0xf1, 0x0, 0xbf,
    0xff, 0x0, 0xe, 0xfa, 0x0, 0x9f, 0xe0, 0xe,
    0xfa, 0x9f, 0xf1, 0x0, 0x3f, 0xff, 0x0, 0xe,
    0xfa, 0x0, 0x9f, 0xe0, 0xe, 0xfa, 0x9f, 0xf1,
    0x0, 0x1f, 0xff, 0x0, 0xe, 0xfa, 0x0, 0x9f,
    0xe0, 0xe, 0xfa, 0x9f, 0xf1, 0x0, 0x7f, 0xff,
    0x30, 0xe, 0xfa, 0x0, 0x9f, 0xe0, 0xe, 0xfa,
    0x9f, 0xf1, 0x0, 0xef, 0xff, 0xa0, 0xe, 0xfa,
    0x0, 0x9f, 0xe0, 0xe, 0xfa, 0x9f, 0xf1, 0x5,
    0xff, 0x8f, 0xf2, 0xe, 0xfa, 0x0, 0x9f, 0xe0,
    0xe, 0xfa, 0x9f, 0xf1, 0xd, 0xfb, 0xe, 0xf8,
    0xe, 0xfa, 0x0, 0x9f, 0xe0, 0xe, 0xfa, 0x9f,
    0xf1, 0x5f, 0xf3, 0x8, 0xfe, 0xe, 0xfa, 0x0,
    0x8f, 0xd0, 0xe, 0xfa, 0x9f, 0xf1, 0xdf, 0xc0,
    0x2, 0xff, 0x3e, 0xfa, 0x0, 0x0, 0x0, 0xe,
    0xfa, 0x9f, 0xf9, 0xff, 0x40, 0x0, 0x92, 0xe,
    0xfa, 0x0, 0x0, 0x0, 0xe, 0xfa, 0x9f, 0xfc,
    0xfa, 0x0, 0x0, 0x0, 0xe, 0xfa, 0x0, 0x0,
    0x0, 0xe, 0xfa, 0x9f, 0xf1, 0x62, 0x0, 0x0,
    0x0, 0xe, 0xf9, 0x0, 0x0, 0x0, 0xe, 0xfa,
    0x9f, 0xf1, 0x0, 0x0, 0x6, 0x66, 0x7f, 0xf9,
    0x0, 0x8, 0x99, 0xaf, 0xf9, 0x9f, 0xf1, 0x0,
    0x0, 0xc, 0xff, 0xff, 0xf5, 0x0, 0xa, 0xff,
    0xff, 0xf5, 0x9f, 0xf1, 0x0, 0x0, 0x7, 0xff,
    0xec, 0x70, 0x0, 0x5, 0xfe, 0xeb, 0x60, 0x0,
    0x0, 0x0, 0x0, 0x0, 0x0, 0x0, 0x0, 0x0,
    0x0, 0x0, 0x0, 0x0,

    /* U+524D "前" */
    0x0, 0x0, 0x0, 0x2, 0x0, 0x0, 0x0, 0x0,
    0x0, 0x0, 0x20, 0x0, 0x0, 0x0, 0x0, 0x0,
    0x8, 0xef, 0x40, 0x0, 0x0, 0x0, 0x0, 0x0,
    0xef, 0xb3, 0x0, 0x0, 0x0, 0x0, 0x7, 0xff,
    0xe1, 0x0, 0x0, 0x0, 0x0, 0x7, 0xff, 0xe0,
    0x0, 0x0, 0x0, 0x0, 0x0, 0xbf, 0xfb, 0x0,
    0x0, 0x0, 0x0, 0x1f, 0xff, 0x40, 0x0, 0x0,
    0x0, 0x0, 0x0, 0x1e, 0xff, 0x40, 0x0, 0x0,
    0x0, 0xaf, 0xfa, 0x0, 0x0, 0x0, 0x2a, 0xaa,
    0xaa, 0xaf, 0xfc, 0xaa, 0xaa, 0xaa, 0xaf, 0xff,
    0xfa, 0xaa, 0xaa, 0xa7, 0x4f, 0xff, 0xff, 0xff,
    0xff, 0xff, 0xff, 0xff, 0xff, 0xff, 0xff, 0xff,
    0xff, 0xfc, 0x4f, 0xff, 0xff, 0xff, 0xff, 0xff,
    0xff, 0xff, 0xff, 0xff, 0xff, 0xff, 0xff, 0xfb,
    0x0, 0x0, 0x0, 0x0, 0x0, 0x0, 0x0, 0x0,
    0x0, 0x0, 0x0, 0x0, 0x0, 0x0, 0x0, 0x0,
    0x0, 0x0, 0x0, 0x0, 0x0, 0x0, 0x0, 0x0,
    0x0, 0x3, 0x33, 0x0, 0x0, 0x7a, 0xaa, 0xaa,
    0xaa, 0xbf, 0xa7, 0x0, 0x6, 0x63, 0x0, 0xf,
    0xfe, 0x0, 0x0, 0xbf, 0xff, 0xff, 0xff, 0xff,
    0xfa, 0x0, 0x1f, 0xf8, 0x0, 0xf, 0xfe, 0x0,
    0x0, 0xbf, 0xfc, 0xcc, 0xcc, 0xdf, 0xfa, 0x0,
    0x1f, 0xf8, 0x0, 0xf, 0xfe, 0x0, 0x0, 0xbf,
    0xf0, 0x0, 0x0, 0x1f, 0xfa, 0x0, 0x1f, 0xf8,
    0x0, 0xf, 0xfe, 0x0, 0x0, 0xbf, 0xf0, 0x0,
    0x0, 0x1f, 0xfa, 0x0, 0x1f, 0xf8, 0x0, 0xf,
    0xfe, 0x0, 0x0, 0xbf, 0xfc, 0xcc, 0xcc, 0xef,
    0xfa, 0x0, 0x1f, 0xf8, 0x0, 0xf, 0xfe, 0x0,
    0x0, 0xbf, 0xff, 0xff, 0xff, 0xff, 0xfa, 0x0,
    0x1f, 0xf8, 0x0, 0xf, 0xfe, 0x0, 0x0, 0xbf,
    0xf6, 0x66, 0x66, 0x7f, 0xfa, 0x0, 0x1f, 0xf8,
    0x0, 0xf, 0xfe, 0x0, 0x0, 0xbf, 0xf0, 0x0,
    0x0, 0x1f, 0xfa, 0x0, 0x1f, 0xf8, 0x0, 0xf,
    0xfe, 0x0, 0x0, 0xbf, 0xf0, 0x0, 0x0, 0x2f,
    0xfa, 0x0, 0x1f, 0xf8, 0x0, 0xf, 0xfe, 0x0,
    0x0, 0xbf, 0xff, 0xff, 0xff, 0xff, 0xfa, 0x0,
    0x1f, 0xf8, 0x0, 0xf, 0xfe, 0x0, 0x0, 0xbf,
    0xff, 0xff, 0xff, 0xff, 0xfa, 0x0, 0x1f, 0xf8,
    0x0, 0xf, 0xfe, 0x0, 0x0, 0xbf, 0xf1, 0x11,
    0x11, 0x2f, 0xfa, 0x0, 0x1f, 0xf8, 0x0, 0xf,
    0xfe, 0x0, 0x0, 0xbf, 0xf0, 0x0, 0x0, 0x1f,
    0xfa, 0x0, 0x0, 0x0, 0x0, 0xf, 0xfe, 0x0,
    0x0, 0xbf, 0xf0, 0x0, 0x0, 0x1f, 0xfa, 0x0,
    0x0, 0x0, 0x0, 0xf, 0xfe, 0x0, 0x0, 0xbf,
    0xf0, 0x3, 0x76, 0x8f, 0xfa, 0x0, 0x0, 0x3a,
    0xaa, 0xbf, 0xfd, 0x0, 0x0, 0xbf, 0xf0, 0x3,
    0xff, 0xff, 0xf7, 0x0, 0x0, 0xe, 0xff, 0xff,
    0xf8, 0x0, 0x0, 0xbf, 0xe0, 0x0, 0xdf, 0xec,
    0x70, 0x0, 0x0, 0x9, 0xff, 0xec, 0x70, 0x0,

    /* U+52A8 "动" */
    0x0, 0x0, 0x0, 0x0, 0x0, 0x0, 0x0, 0x0,
    0x0, 0xad, 0xd0, 0x0, 0x0, 0x0, 0x0, 0x0,
    0x0, 0x0, 0x0, 0x0, 0x0, 0x0, 0x0, 0xcf,
    0xf0, 0x0, 0x0, 0x0, 0x4, 0xff, 0xff, 0xff,
    0xff, 0xff, 0xf5, 0x0, 0x0, 0xcf, 0xf0, 0x0,
    0x0, 0x0, 0x4, 0xff, 0xff, 0xff, 0xff, 0xff,
    0xf6, 0x0, 0x0, 0xcf, 0xf0, 0x0, 0x0, 0x0,
    0x2, 0x99, 0x99, 0x99, 0x99, 0x99, 0x93, 0x0,
    0x0, 0xdf, 0xf0, 0x0, 0x0, 0x0, 0x0, 0x0,
    0x0, 0x0, 0x0, 0x0, 0x0, 0x0, 0x0, 0xdf,
    0xf0, 0x0, 0x0, 0x0, 0x0, 0x0, 0x0, 0x0,
    0x0, 0x0, 0x0, 0x6a, 0xaa, 0xff, 0xfa, 0xaa,
    0xdf, 0xa3, 0x0, 0x0, 0x0, 0x0, 0x0, 0x0,
    0x0, 0xbf, 0xff, 0xff, 0xff, 0xff, 0xff, 0xf6,
    0x0, 0x0, 0x0, 0x0, 0x0, 0x0, 0x0, 0xbf,
    0xff, 0xff, 0xff, 0xff, 0xff, 0xf5, 0x5f, 0xff,
    0xff, 0xff, 0xff, 0xff, 0xfe, 0x1, 0x11, 0xff,
    0xd1, 0x11, 0x8f, 0xf5, 0x5f, 0xff, 0xff, 0xff,
    0xff, 0xff, 0xfe, 0x0, 0x0, 0xff, 0xb0, 0x0,
    0x7f, 0xf4, 0x3a, 0xaa, 0xff, 0xff, 0xaa, 0xaa,
    0xa9, 0x0, 0x1, 0xff, 0xa0, 0x0, 0x8f, 0xf4,
    0x0, 0x0, 0x9f, 0xf4, 0x0, 0x0, 0x0, 0x0,
    0x3, 0xff, 0x90, 0x0, 0x9f, 0xf3, 0x0, 0x0,
    0xcf, 0xf0, 0x0, 0x0, 0x0, 0x0, 0x5, 0xff,
    0x70, 0x0, 0x9f, 0xf2, 0x0, 0x1, 0xff, 0xc0,
    0x4, 0xbe, 0x0, 0x0, 0x7, 0xff, 0x50, 0x0,
    0xaf, 0xf2, 0x0, 0x5, 0xff, 0x70, 0x3, 0xff,
    0x50, 0x0, 0xa, 0xff, 0x30, 0x0, 0xaf, 0xf1,
    0x0, 0xa, 0xff, 0x10, 0x0, 0xdf, 0xb0, 0x0,
    0xd, 0xff, 0x0, 0x0, 0xbf, 0xf0, 0x0, 0xf,
    0xfb, 0x0, 0x0, 0x7f, 0xf2, 0x0, 0x1f, 0xfc,
    0x0, 0x0, 0xcf, 0xf0, 0x0, 0x5f, 0xf6, 0x0,
    0x0, 0x4f, 0xf8, 0x0, 0x6f, 0xf9, 0x0, 0x0,
    0xdf, 0xe0, 0x0, 0xcf, 0xf1, 0x37, 0xae, 0xff,
    0xfd, 0x0, 0xbf, 0xf4, 0x0, 0x0, 0xef, 0xd0,
    0x4, 0xff, 0xff, 0xff, 0xff, 0xff, 0xff, 0x32,
    0xff, 0xf0, 0x0, 0x0, 0xff, 0xc0, 0xf, 0xff,
    0xff, 0xff, 0xea, 0x65, 0xff, 0x89, 0xff, 0x90,
    0x0, 0x2, 0xff, 0xa0, 0xf, 0xff, 0xea, 0x62,
    0x0, 0x0, 0xa7, 0x4f, 0xff, 0x20, 0x0, 0x5,
    0xff, 0x80, 0x7, 0xc3, 0x0, 0x0, 0x0, 0x0,
    0x0, 0xcf, 0xfb, 0x0, 0x0, 0xa, 0xff, 0x60,
    0x0, 0x0, 0x0, 0x0, 0x0, 0x0, 0xa, 0xff,
    0xf2, 0x3c, 0xbb, 0xcf, 0xff, 0x20, 0x0, 0x0,
    0x0, 0x0, 0x0, 0x0, 0x1c, 0xff, 0x60, 0xe,
    0xff, 0xff, 0xfa, 0x0, 0x0, 0x0, 0x0, 0x0,
    0x0, 0x0, 0x0, 0xc9, 0x0, 0xa, 0xff, 0xfd,
    0x80, 0x0, 0x0, 0x0, 0x0, 0x0, 0x0, 0x0,
    0x0, 0x10, 0x0, 0x0, 0x0, 0x0, 0x0, 0x0,

    /* U+53CC "双" */
    0x0, 0x0, 0x0, 0x0, 0x0, 0x2, 0x0, 0x0,
    0x0, 0x0, 0x0, 0x0, 0x1, 0x0, 0x0, 0x2f,
    0xff, 0xff, 0xff, 0xff, 0xff, 0x83, 0xff, 0xff,
    0xff, 0xff, 0xff, 0xff, 0x90, 0x2, 0xff, 0xff,
    0xff, 0xff, 0xff, 0xf9, 0x3f, 0xff, 0xff, 0xff,
    0xff, 0xff, 0xfa, 0x0, 0x1a, 0xaa, 0xaa, 0xaa,
    0xaf, 0xff, 0x71, 0xdf, 0xfa, 0xaa, 0xaa, 0xaf,
    0xff, 0x80, 0x0, 0x0, 0x0, 0x0, 0x0, 0x7f,
    0xf5, 0x8, 0xff, 0x20, 0x0, 0x0, 0x7f, 0xf6,
    0x0, 0x0, 0x0, 0x0, 0x0, 0xa, 0xff, 0x20,
    0x5f, 0xf5, 0x0, 0x0, 0xa, 0xff, 0x30, 0x0,
    0x3, 0x20, 0x0, 0x0, 0xdf, 0xf0, 0x2, 0xff,
    0x80, 0x0, 0x0, 0xdf, 0xf0, 0x0, 0x6, 0xfd,
    0x10, 0x0, 0xf, 0xfd, 0x0, 0xf, 0xfb, 0x0,
    0x0, 0x1f, 0xfd, 0x0, 0x0, 0xbf, 0xfb, 0x0,
    0x4, 0xff, 0xa0, 0x0, 0xcf, 0xf0, 0x0, 0x5,
    0xff, 0x90, 0x0, 0x0, 0xdf, 0xf9, 0x0, 0x8f,
    0xf6, 0x0, 0x8, 0xff, 0x30, 0x0, 0xaf, 0xf4,
    0x0, 0x0, 0x2, 0xef, 0xf6, 0xc, 0xff, 0x20,
    0x0, 0x4f, 0xf8, 0x0, 0xf, 0xff, 0x0, 0x0,
    0x0, 0x4, 0xff, 0xf4, 0xff, 0xe0, 0x0, 0x0,
    0xff, 0xc0, 0x5, 0xff, 0xb0, 0x0, 0x0, 0x0,
    0x8, 0xff, 0xff, 0xf9, 0x0, 0x0, 0xb, 0xff,
    0x10, 0xbf, 0xf5, 0x0, 0x0, 0x0, 0x0, 0xc,
    0xff, 0xff, 0x40, 0x0, 0x0, 0x7f, 0xf7, 0x2f,
    0xfe, 0x0, 0x0, 0x0, 0x0, 0x0, 0x2f, 0xff,
    0xf0, 0x0, 0x0, 0x1, 0xff, 0xea, 0xff, 0x80,
    0x0, 0x0, 0x0, 0x0, 0x0, 0xef, 0xff, 0x20,
    0x0, 0x0, 0xc, 0xff, 0xff, 0xf1, 0x0, 0x0,
    0x0, 0x0, 0x0, 0x1f, 0xff, 0xfd, 0x0, 0x0,
    0x0, 0x5f, 0xff, 0xf9, 0x0, 0x0, 0x0, 0x0,
    0x0, 0x9, 0xff, 0xff, 0xf8, 0x0, 0x0, 0x0,
    0xff, 0xff, 0x10, 0x0, 0x0, 0x0, 0x0, 0x2,
    0xff, 0xf9, 0xff, 0xf2, 0x0, 0x0, 0x3f, 0xff,
    0xf0, 0x0, 0x0, 0x0, 0x0, 0x0, 0xcf, 0xfb,
    0xc, 0xff, 0xb0, 0x0, 0x2e, 0xff, 0xff, 0x90,
    0x0, 0x0, 0x0, 0x0, 0x6f, 0xff, 0x20, 0x3f,
    0xff, 0x10, 0x2e, 0xff, 0xff, 0xff, 0x60, 0x0,
    0x0, 0x0, 0x4f, 0xff, 0x70, 0x0, 0xae, 0x30,
    0x3e, 0xff, 0xf3, 0x9f, 0xff, 0x50, 0x0, 0x0,
    0x3f, 0xff, 0xb0, 0x0, 0x2, 0x10, 0x7f, 0xff,
    0xf3, 0x0, 0xcf, 0xff, 0x70, 0x0, 0x4f, 0xff,
    0xe1, 0x0, 0x0, 0x3, 0xcf, 0xff, 0xe3, 0x0,
    0x1, 0xdf, 0xff, 0xb2, 0xb, 0xff, 0xe2, 0x0,
    0x0, 0x0, 0x8f, 0xff, 0xc1, 0x0, 0x0, 0x1,
    0xcf, 0xff, 0x80, 0xc, 0xe2, 0x0, 0x0, 0x0,
    0x0, 0xbf, 0x70, 0x0, 0x0, 0x0, 0x0, 0xaf,
    0xa0, 0x0, 0x12, 0x0, 0x0, 0x0, 0x0, 0x1,
    0x20, 0x0, 0x0, 0x0, 0x0, 0x0, 0x41, 0x0,

    /* U+53EF "可" */
    0x0, 0x0, 0x0, 0x0, 0x0, 0x0, 0x0, 0x0,
    0x0, 0x0, 0x0, 0x0, 0x0, 0x0, 0x4f, 0xff,
    0xff, 0xff, 0xff, 0xff, 0xff, 0xff, 0xff, 0xff,
    0xff, 0xff, 0xff, 0xfa, 0x4f, 0xff, 0xff, 0xff,
    0xff, 0xff, 0xff, 0xff, 0xff, 0xff, 0xff, 0xff,
    0xff, 0xfa, 0x3d, 0xdd, 0xdd, 0xdd, 0xdd, 0xdd,
    0xdd, 0xdd, 0xdd, 0xdd, 0xdf, 0xff, 0xed, 0xd8,
    0x0, 0x0, 0x0, 0x0, 0x0, 0x0, 0x0, 0x0,
    0x0, 0x0, 0xe, 0xff, 0x10, 0x0, 0x0, 0x0,
    0x0, 0x0, 0x0, 0x0, 0x0, 0x0, 0x0, 0x0,
    0xe, 0xff, 0x10, 0x0, 0x0, 0x0, 0x0, 0x0,
    0x0, 0x0, 0x0, 0x0, 0x0, 0x0, 0xe, 0xff,
    0x10, 0x0, 0x0, 0x2, 0xbf, 0xfa, 0xaa, 0xaa,
    0xaa, 0xaa, 0x0, 0x0, 0xe, 0xff, 0x10, 0x0,
    0x0, 0x4, 0xff, 0xff, 0xff, 0xff, 0xff, 0xff,
    0x10, 0x0, 0xe, 0xff, 0x10, 0x0, 0x0, 0x4,
    0xff, 0xff, 0xff, 0xff, 0xff, 0xff, 0x10, 0x0,
    0xe, 0xff, 0x10, 0x0, 0x0, 0x4, 0xff, 0x90,
    0x0, 0x0, 0xc, 0xff, 0x10, 0x0, 0xe, 0xff,
    0x10, 0x0, 0x0, 0x4, 0xff, 0x80, 0x0, 0x0,
    0xc, 0xff, 0x10, 0x0, 0xe, 0xff, 0x10, 0x0,
    0x0, 0x4, 0xff, 0x80, 0x0, 0x0, 0xc, 0xff,
    0x10, 0x0, 0xe, 0xff, 0x10, 0x0, 0x0, 0x4,
    0xff, 0x80, 0x0, 0x0, 0xc, 0xff, 0x10, 0x0,
    0xe, 0xff, 0x10, 0x0, 0x0, 0x4, 0xff, 0x80,
    0x0, 0x0, 0xc, 0xff, 0x10, 0x0, 0xe, 0xff,
    0x10, 0x0, 0x0, 0x4, 0xff, 0x80, 0x0, 0x0,
    0xc, 0xff, 0x10, 0x0, 0xe, 0xff, 0x10, 0x0,
    0x0, 0x4, 0xff, 0xfb, 0xbb, 0xbb, 0xbe, 0xff,
    0x10, 0x0, 0xe, 0xff, 0x10, 0x0, 0x0, 0x4,
    0xff, 0xff, 0xff, 0xff, 0xff, 0xff, 0x10, 0x0,
    0xe, 0xff, 0x10, 0x0, 0x0, 0x4, 0xff, 0xff,
    0xff, 0xff, 0xff, 0xff, 0x10, 0x0, 0xe, 0xff,
    0x10, 0x0, 0x0, 0x4, 0xff, 0x80, 0x0, 0x0,
    0x0, 0x0, 0x0, 0x0, 0xe, 0xff, 0x10, 0x0,
    0x0, 0x4, 0xff, 0x80, 0x0, 0x0, 0x0, 0x0,
    0x0, 0x0, 0xe, 0xff, 0x10, 0x0, 0x0, 0x1,
    0x55, 0x20, 0x0, 0x0, 0x0, 0x0, 0x0, 0x0,
    0xe, 0xff, 0x10, 0x0, 0x0, 0x0, 0x0, 0x0,
    0x0, 0x0, 0x0, 0x0, 0x0, 0x0, 0xf, 0xff,
    0x0, 0x0, 0x0, 0x0, 0x0, 0x0, 0x0, 0x0,
    0x0, 0x3f, 0xfe, 0xee, 0xff, 0xff, 0x0, 0x0,
    0x0, 0x0, 0x0, 0x0, 0x0, 0x0, 0x0, 0xc,
    0xff, 0xff, 0xff, 0xf9, 0x0, 0x0, 0x0, 0x0,
    0x0, 0x0, 0x0, 0x0, 0x0, 0x6, 0xff, 0xff,
    0xeb, 0x60, 0x0, 0x0, 0x0, 0x0, 0x0, 0x0,
    0x0, 0x0, 0x0, 0x0, 0x0, 0x0, 0x0, 0x0,
    0x0, 0x0,

    /* U+5408 "合" */
    0x0, 0x0, 0x0, 0x0, 0x0, 0x0, 0x0, 0x30,
    0x0, 0x0, 0x0, 0x0, 0x0, 0x0, 0x0, 0x0,
    0x0, 0x0, 0x0, 0x0, 0x0, 0x4f, 0xe6, 0x0,
    0x0, 0x0, 0x0, 0x0, 0x0, 0x0, 0x0, 0x0,
    0x0, 0x0, 0x0, 0x2e, 0xff, 0x70, 0x0, 0x0,
    0x0, 0x0, 0x0, 0x0, 0x0, 0x0, 0x0, 0x0,
    0x0, 0x1e, 0xff, 0xf5, 0x0, 0x0, 0x0, 0x0,
    0x0, 0x0, 0x0, 0x0, 0x0, 0x0, 0x0, 0x1d,
    0xff, 0xff, 0xf6, 0x0, 0x0, 0x0, 0x0, 0x0,
    0x0, 0x0, 0x0, 0x0, 0x0, 0x3e, 0xff, 0xd8,
    0xff, 0xf8, 0x0, 0x0, 0x0, 0x0, 0x0, 0x0,
    0x0, 0x0, 0x0, 0x6f, 0xff, 0xe2, 0x6, 0xff,
    0xfc, 0x20, 0x0, 0x0, 0x0, 0x0, 0x0, 0x0,
    0x1, 0xaf, 0xff, 0xc1, 0x0, 0x4, 0xff, 0xff,
    0x70, 0x0, 0x0, 0x0, 0x0, 0x0, 0x5, 0xef,
    0xff, 0xb0, 0x0, 0x0, 0x2, 0xdf, 0xff, 0xd5,
    0x0, 0x0, 0x0, 0x0, 0x4c, 0xff, 0xff, 0x70,
    0x0, 0x0, 0x0, 0x0, 0x9f, 0xff, 0xfc, 0x40,
    0x0, 0x5, 0xcf, 0xff, 0xff, 0xc9, 0x99, 0x99,
    0x99, 0x99, 0x99, 0xdf, 0xff, 0xff, 0xd6, 0x9,
    0xff, 0xff, 0xff, 0xff, 0xff, 0xff, 0xff, 0xff,
    0xff, 0xff, 0xb7, 0xef, 0xff, 0xc0, 0xd, 0xff,
    0xa2, 0x8f, 0xff, 0xff, 0xff, 0xff, 0xff, 0xff,
    0xfb, 0x1, 0x8f, 0xe1, 0x0, 0x2a, 0x20, 0x0,
    0x0, 0x0, 0x0, 0x0, 0x0, 0x0, 0x0, 0x0,
    0x0, 0x13, 0x0, 0x0, 0x0, 0x0, 0x0, 0x0,
    0x0, 0x0, 0x0, 0x0, 0x0, 0x0, 0x0, 0x0,
    0x0, 0x0, 0x0, 0x0, 0x0, 0x0, 0x0, 0x0,
    0x0, 0x0, 0x0, 0x0, 0x0, 0x0, 0x0, 0x0,
    0x0, 0x0, 0x4f, 0xff, 0xff, 0xff, 0xff, 0xff,
    0xff, 0xff, 0xff, 0xfc, 0x0, 0x0, 0x0, 0x0,
    0x4, 0xff, 0xff, 0xff, 0xff, 0xff, 0xff, 0xff,
    0xff, 0xff, 0xd0, 0x0, 0x0, 0x0, 0x0, 0x4f,
    0xfd, 0x99, 0x99, 0x99, 0x99, 0x99, 0x99, 0xaf,
    0xfd, 0x0, 0x0, 0x0, 0x0, 0x4, 0xff, 0xa0,
    0x0, 0x0, 0x0, 0x0, 0x0, 0x3, 0xff, 0xd0,
    0x0, 0x0, 0x0, 0x0, 0x4f, 0xfa, 0x0, 0x0,
    0x0, 0x0, 0x0, 0x0, 0x3f, 0xfd, 0x0, 0x0,
    0x0, 0x0, 0x4, 0xff, 0xa0, 0x0, 0x0, 0x0,
    0x0, 0x0, 0x3, 0xff, 0xd0, 0x0, 0x0, 0x0,
    0x0, 0x4f, 0xfa, 0x0, 0x0, 0x0, 0x0, 0x0,
    0x0, 0x3f, 0xfd, 0x0, 0x0, 0x0, 0x0, 0x4,
    0xff, 0xa0, 0x0, 0x0, 0x0, 0x0, 0x0, 0x3,
    0xff, 0xd0, 0x0, 0x0, 0x0, 0x0, 0x4f, 0xff,
    0xbb, 0xbb, 0xbb, 0xbb, 0xbb, 0xbb, 0xef, 0xfd,
    0x0, 0x0, 0x0, 0x0, 0x4, 0xff, 0xff, 0xff,
    0xff, 0xff, 0xff, 0xff, 0xff, 0xff, 0xd0, 0x0,
    0x0, 0x0, 0x0, 0x4f, 0xff, 0xff, 0xff, 0xff,
    0xff, 0xff, 0xff, 0xff, 0xfd, 0x0, 0x0, 0x0,
    0x0, 0x4, 0xff, 0xa0, 0x0, 0x0, 0x0, 0x0,
    0x0, 0x3, 0xff, 0xd0, 0x0, 0x0, 0x0, 0x0,
    0x1, 0x11, 0x0, 0x0, 0x0, 0x0, 0x0, 0x0,
    0x0, 0x0, 0x0, 0x0, 0x0,

    /* U+5411 "向" */
    0x0, 0x0, 0x0, 0x0, 0x0, 0x2, 0x0, 0x0,
    0x0, 0x0, 0x0, 0x0, 0x0, 0x0, 0x0, 0x0,
    0x0, 0x0, 0x2f, 0xfd, 0x50, 0x0, 0x0, 0x0,
    0x0, 0x0, 0x0, 0x0, 0x0, 0x0, 0x0, 0x7f,
    0xff, 0x10, 0x0, 0x0, 0x0, 0x0, 0x0, 0x0,
    0x0, 0x0, 0x0, 0x0, 0xcf, 0xfa, 0x0, 0x0,
    0x0, 0x0, 0x0, 0x0, 0x0, 0x0, 0x0, 0x0,
    0x2, 0xff, 0xf2, 0x0, 0x0, 0x0, 0x0, 0x0,
    0x0, 0x0, 0x0, 0x0, 0x0, 0x9, 0xff, 0xb0,
    0x0, 0x0, 0x0, 0x0, 0x1, 0x0, 0x1f, 0xff,
    0xff, 0xff, 0xff, 0xff, 0xff, 0xff, 0xff, 0xff,
    0xff, 0xff, 0xfa, 0x1f, 0xff, 0xff, 0xff, 0xff,
    0xff, 0xff, 0xff, 0xff, 0xff, 0xff, 0xff, 0xfa,
    0x1f, 0xfe, 0xbb, 0xbb, 0xbb, 0xbb, 0xbb, 0xbb,
    0xbb, 0xbb, 0xbb, 0xef, 0xfa, 0x1f, 0xfb, 0x0,
    0x0, 0x0, 0x0, 0x0, 0x0, 0x0, 0x0, 0x0,
    0x2f, 0xfa, 0x1f, 0xfb, 0x0, 0x0, 0x0, 0x0,
    0x0, 0x0, 0x0, 0x0, 0x0, 0x2f, 0xfa, 0x1f,
    0xfb, 0x0, 0x0, 0x0, 0x0, 0x0, 0x0, 0x0,
    0x0, 0x0, 0x2f, 0xfa, 0x1f, 0xfb, 0x0, 0xa,
    0xff, 0xff, 0xff, 0xff, 0xff, 0xf0, 0x0, 0x2f,
    0xfa, 0x1f, 0xfb, 0x0, 0xa, 0xff, 0xff, 0xff,
    0xff, 0xff, 0xf0, 0x0, 0x2f, 0xfa, 0x1f, 0xfb,
    0x0, 0xa, 0xff, 0x99, 0x99, 0x99, 0xdf, 0xf0,
    0x0, 0x2f, 0xfa, 0x1f, 0xfb, 0x0, 0xa, 0xfe,
    0x0, 0x0, 0x0, 0x9f, 0xf0, 0x0, 0x2f, 0xfa,
    0x1f, 0xfb, 0x0, 0xa, 0xfe, 0x0, 0x0, 0x0,
    0x9f, 0xf0, 0x0, 0x2f, 0xfa, 0x1f, 0xfb, 0x0,
    0xa, 0xfe, 0x0, 0x0, 0x0, 0x9f, 0xf0, 0x0,
    0x2f, 0xfa, 0x1f, 0xfb, 0x0, 0xa, 0xfe, 0x0,
    0x0, 0x0, 0x9f, 0xf0, 0x0, 0x2f, 0xfa, 0x1f,
    0xfb, 0x0, 0xa, 0xff, 0x55, 0x55, 0x55, 0xbf,
    0xf0, 0x0, 0x2f, 0xfa, 0x1f, 0xfb, 0x0, 0xa,
    0xff, 0xff, 0xff, 0xff, 0xff, 0xf0, 0x0, 0x2f,
    0xfa, 0x1f, 0xfb, 0x0, 0xa, 0xff, 0xff, 0xff,
    0xff, 0xff, 0xf0, 0x0, 0x2f, 0xfa, 0x1f, 0xfb,
    0x0, 0xa, 0xff, 0x22, 0x22, 0x22, 0x22, 0x20,
    0x0, 0x2f, 0xfa, 0x1f, 0xfb, 0x0, 0xa, 0xfe,
    0x0, 0x0, 0x0, 0x0, 0x0, 0x0, 0x2f, 0xfa,
    0x1f, 0xfb, 0x0, 0x3, 0x54, 0x0, 0x0, 0x0,
    0x0, 0x0, 0x0, 0x2f, 0xfa, 0x1f, 0xfb, 0x0,
    0x0, 0x0, 0x0, 0x0, 0x0, 0x8, 0xdc, 0xcc,
    0xef, 0xf9, 0x1f, 0xfb, 0x0, 0x0, 0x0, 0x0,
    0x0, 0x0, 0x4, 0xff, 0xff, 0xff, 0xf4, 0x1f,
    0xfb, 0x0, 0x0, 0x0, 0x0, 0x0, 0x0, 0x0,
    0xff, 0xff, 0xdb, 0x50, 0x0, 0x0, 0x0, 0x0,
    0x0, 0x0, 0x0, 0x0, 0x0, 0x0, 0x0, 0x0,
    0x0,

    /* U+544A "告" */
    0x0, 0x0, 0x0, 0x0, 0x0, 0x0, 0x2, 0x22,
    0x0, 0x0, 0x0, 0x0, 0x0, 0x0, 0x0, 0x0,
    0x5, 0xd9, 0x40, 0x0, 0xf, 0xff, 0x0, 0x0,
    0x0, 0x0, 0x0, 0x0, 0x0, 0x0, 0xb, 0xff,
    0x60, 0x0, 0xf, 0xff, 0x0, 0x0, 0x0, 0x0,
    0x0, 0x0, 0x0, 0x0, 0x2f, 0xfe, 0x0, 0x0,
    0xf, 0xff, 0x0, 0x0, 0x0, 0x0, 0x0, 0x0,
    0x0, 0x0, 0xaf, 0xf8, 0x0, 0x0, 0xf, 0xff,
    0x0, 0x0, 0x0, 0x0, 0x0, 0x0, 0x0, 0x2,
    0xff, 0xff, 0xff, 0xff, 0xff, 0xff, 0xff, 0xff,
    0xff, 0xff, 0xf0, 0x0, 0x0, 0xc, 0xff, 0xff,
    0xff, 0xff, 0xff, 0xff, 0xff, 0xff, 0xff, 0xff,
    0xf0, 0x0, 0x0, 0x7f, 0xff, 0x99, 0x99, 0x99,
    0x9f, 0xff, 0x99, 0x99, 0x99, 0x99, 0x90, 0x0,
    0x4, 0xff, 0xf4, 0x0, 0x0, 0x0, 0xf, 0xff,
    0x0, 0x0, 0x0, 0x0, 0x0, 0x0, 0x1e, 0xff,
    0x90, 0x0, 0x0, 0x0, 0xf, 0xff, 0x0, 0x0,
    0x0, 0x0, 0x0, 0x0, 0x1, 0x9c, 0x0, 0x0,
    0x0, 0x0, 0xf, 0xff, 0x0, 0x0, 0x0, 0x0,
    0x0, 0x0, 0x38, 0x88, 0x88, 0x88, 0x88, 0x88,
    0x8f, 0xff, 0x88, 0x88, 0x88, 0x88, 0x88, 0x80,
    0x6f, 0xff, 0xff, 0xff, 0xff, 0xff, 0xff, 0xff,
    0xff, 0xff, 0xff, 0xff, 0xff, 0xf1, 0x6f, 0xff,
    0xff, 0xff, 0xff, 0xff, 0xff, 0xff, 0xff, 0xff,
    0xff, 0xff, 0xff, 0xf1, 0x2, 0x22, 0x22, 0x22,
    0x22, 0x22, 0x22, 0x22, 0x22, 0x22, 0x22, 0x22,
    0x22, 0x20, 0x0, 0x0, 0x0, 0x0, 0x0, 0x0,
    0x0, 0x0, 0x0, 0x0, 0x0, 0x0, 0x0, 0x0,
    0x0, 0x0, 0x0, 0x0, 0x0, 0x0, 0x0, 0x0,
    0x0, 0x0, 0x0, 0x0, 0x0, 0x0, 0x0, 0x0,
    0xcf, 0xff, 0xff, 0xff, 0xff, 0xff, 0xff, 0xff,
    0xff, 0xfd, 0x0, 0x0, 0x0, 0x0, 0xcf, 0xff,
    0xff, 0xff, 0xff, 0xff, 0xff, 0xff, 0xff, 0xfd,
    0x0, 0x0, 0x0, 0x0, 0xcf, 0xf9, 0x99, 0x99,
    0x99, 0x99, 0x99, 0x99, 0xaf, 0xfd, 0x0, 0x0,
    0x0, 0x0, 0xcf, 0xf1, 0x0, 0x0, 0x0, 0x0,
    0x0, 0x0, 0x2f, 0xfd, 0x0, 0x0, 0x0, 0x0,
    0xcf, 0xf1, 0x0, 0x0, 0x0, 0x0, 0x0, 0x0,
    0x2f, 0xfd, 0x0, 0x0, 0x0, 0x0, 0xcf, 0xf1,
    0x0, 0x0, 0x0, 0x0, 0x0, 0x0, 0x2f, 0xfd,
    0x0, 0x0, 0x0, 0x0, 0xcf, 0xf1, 0x0, 0x0,
    0x0, 0x0, 0x0, 0x0, 0x2f, 0xfd, 0x0, 0x0,
    0x0, 0x0, 0xcf, 0xfa, 0x99, 0x99, 0x99, 0x99,
    0x99, 0x99, 0xbf, 0xfd, 0x0, 0x0, 0x0, 0x0,
    0xcf, 0xff, 0xff, 0xff, 0xff, 0xff, 0xff, 0xff,
    0xff, 0xfd, 0x0, 0x0, 0x0, 0x0, 0xcf, 0xff,
    0xff, 0xff, 0xff, 0xff, 0xff, 0xff, 0xff, 0xfd,
    0x0, 0x0, 0x0, 0x0, 0xcf, 0xf2, 0x0, 0x0,
    0x0, 0x0, 0x0, 0x0, 0x3f, 0xfd, 0x0, 0x0,
    0x0, 0x0, 0x11, 0x10, 0x0, 0x0, 0x0, 0x0,
    0x0, 0x0, 0x0, 0x0, 0x0, 0x0,

    /* U+547D "命" */
    0x0, 0x0, 0x0, 0x0, 0x0, 0x0, 0x0, 0x28,
    0x0, 0x0, 0x0, 0x0, 0x0, 0x0, 0x0, 0x0,
    0x0, 0x0, 0x0, 0x0, 0x0, 0x1, 0xdf, 0xc2,
    0x0, 0x0, 0x0, 0x0, 0x0, 0x0, 0x0, 0x0,
    0x0, 0x0, 0x0, 0x0, 0x1d, 0xff, 0xf2, 0x0,
    0x0, 0x0, 0x0, 0x0, 0x0, 0x0, 0x0, 0x0,
    0x0, 0x0, 0x2, 0xdf, 0xff, 0xfd, 0x20, 0x0,
    0x0, 0x0, 0x0, 0x0, 0x0, 0x0, 0x0, 0x0,
    0x0, 0x6f, 0xff, 0xed, 0xff, 0xe4, 0x0, 0x0,
    0x0, 0x0, 0x0, 0x0, 0x0, 0x0, 0x0, 0x1a,
    0xff, 0xfd, 0x10, 0xbf, 0xff, 0x91, 0x0, 0x0,
    0x0, 0x0, 0x0, 0x0, 0x0, 0x7, 0xff, 0xff,
    0xa0, 0x0, 0x8, 0xff, 0xfe, 0x81, 0x0, 0x0,
    0x0, 0x0, 0x0, 0x17, 0xef, 0xff, 0xf6, 0x0,
    0x0, 0x0, 0x5f, 0xff, 0xff, 0x92, 0x0, 0x0,
    0x0, 0x4a, 0xff, 0xff, 0xff, 0x98, 0x88, 0x88,
    0x88, 0x8a, 0xff, 0xff, 0xff, 0xc7, 0x20, 0xd,
    0xff, 0xff, 0xfc, 0x8f, 0xff, 0xff, 0xff, 0xff,
    0xff, 0xf5, 0xdf, 0xff, 0xff, 0xe1, 0x4, 0xff,
    0xfd, 0x50, 0x5f, 0xff, 0xff, 0xff, 0xff, 0xff,
    0xf1, 0x6, 0xdf, 0xff, 0x30, 0x0, 0xba, 0x40,
    0x0, 0x0, 0x0, 0x0, 0x0, 0x0, 0x0, 0x0,
    0x0, 0x4, 0x97, 0x0, 0x0, 0x0, 0x0, 0x0,
    0x0, 0x0, 0x0, 0x0, 0x0, 0x0, 0x0, 0x0,
    0x0, 0x0, 0x0, 0x0, 0x3, 0x9f, 0x98, 0x88,
    0x88, 0x81, 0x0, 0x88, 0x88, 0x88, 0x88, 0xf8,
    0x60, 0x0, 0x0, 0x6, 0xff, 0xff, 0xff, 0xff,
    0xf2, 0x1, 0xff, 0xff, 0xff, 0xff, 0xff, 0xc0,
    0x0, 0x0, 0x6, 0xff, 0xff, 0xff, 0xff, 0xf2,
    0x1, 0xff, 0xff, 0xff, 0xff, 0xff, 0xc0, 0x0,
    0x0, 0x6, 0xff, 0x30, 0x0, 0x8f, 0xf2, 0x1,
    0xff, 0xb0, 0x0, 0x0, 0xff, 0xc0, 0x0, 0x0,
    0x6, 0xff, 0x30, 0x0, 0x8f, 0xf2, 0x1, 0xff,
    0xb0, 0x0, 0x0, 0xff, 0xc0, 0x0, 0x0, 0x6,
    0xff, 0x30, 0x0, 0x8f, 0xf2, 0x1, 0xff, 0xb0,
    0x0, 0x0, 0xff, 0xc0, 0x0, 0x0, 0x6, 0xff,
    0x30, 0x0, 0x8f, 0xf2, 0x1, 0xff, 0xb0, 0x0,
    0x0, 0xff, 0xc0, 0x0, 0x0, 0x6, 0xff, 0x30,
    0x0, 0x8f, 0xf2, 0x1, 0xff, 0xb0, 0x0, 0x0,
    0xff, 0xc0, 0x0, 0x0, 0x6, 0xff, 0xeb, 0xbb,
    0xdf, 0xf2, 0x1, 0xff, 0xb0, 0x0, 0x0, 0xff,
    0xb0, 0x0, 0x0, 0x6, 0xff, 0xff, 0xff, 0xff,
    0xf2, 0x1, 0xff, 0xb0, 0xbe, 0xef, 0xff, 0xa0,
    0x0, 0x0, 0x6, 0xff, 0xfc, 0xcc, 0xcc, 0xc1,
    0x1, 0xff, 0xb0, 0x6f, 0xff, 0xff, 0x50, 0x0,
    0x0, 0x6, 0xff, 0x30, 0x0, 0x0, 0x0, 0x1,
    0xff, 0xb0, 0x2a, 0xa9, 0x72, 0x0, 0x0, 0x0,
    0x6, 0xff, 0x30, 0x0, 0x0, 0x0, 0x1, 0xff,
    0xb0, 0x0, 0x0, 0x0, 0x0, 0x0, 0x0, 0x1,
    0x44, 0x10, 0x0, 0x0, 0x0, 0x1, 0xff, 0xb0,
    0x0, 0x0, 0x0, 0x0, 0x0, 0x0, 0x0, 0x0,
    0x0, 0x0, 0x0, 0x0, 0x1, 0xff, 0xb0, 0x0,
    0x0, 0x0, 0x0, 0x0,

    /* U+5668 "器" */
    0x0, 0x0, 0x0, 0x0, 0x0, 0x0, 0x0, 0x0,
    0x0, 0x0, 0x0, 0x0, 0x0, 0x0, 0x0, 0x0,
    0xff, 0xff, 0xff, 0xff, 0xf8, 0x0, 0x6f, 0xff,
    0xff, 0xff, 0xff, 0x90, 0x0, 0x0, 0xf, 0xff,
    0xff, 0xff, 0xff, 0x80, 0x6, 0xff, 0xff, 0xff,
    0xff, 0xf9, 0x0, 0x0, 0x0, 0xff, 0xb6, 0x66,
    0x7f, 0xf8, 0x0, 0x6f, 0xf8, 0x66, 0x67, 0xff,
    0x90, 0x0, 0x0, 0xf, 0xf8, 0x0, 0x2, 0xff,
    0x80, 0x6, 0xff, 0x30, 0x0, 0x2f, 0xf9, 0x0,
    0x0, 0x0, 0xff, 0x80, 0x0, 0x2f, 0xf8, 0x0,
    0x6f, 0xf3, 0x0, 0x2, 0xff, 0x90, 0x0, 0x0,
    0xf, 0xf8, 0x11, 0x13, 0xff, 0x80, 0x6, 0xff,
    0x41, 0x11, 0x3f, 0xf9, 0x0, 0x0, 0x0, 0xff,
    0xff, 0xff, 0xff, 0xf8, 0x0, 0x6f, 0xff, 0xff,
    0xff, 0xff, 0x90, 0x0, 0x0, 0xf, 0xff, 0xff,
    0xff, 0xff, 0x80, 0x6, 0xff, 0xff, 0xff, 0xff,
    0xf9, 0x0, 0x0, 0x0, 0x66, 0x66, 0x66, 0x66,
    0xbf, 0xa5, 0x26, 0x6c, 0xfa, 0x66, 0x66, 0x30,
    0x0, 0x0, 0x0, 0x0, 0x0, 0x0, 0xd, 0xff,
    0x30, 0x2, 0xff, 0xfc, 0x30, 0x0, 0x0, 0x0,
    0x0, 0x0, 0x0, 0x0, 0x8, 0xff, 0xa0, 0x0,
    0x1, 0x8f, 0xff, 0x20, 0x0, 0x0, 0x29, 0x99,
    0x99, 0x99, 0x9e, 0xff, 0xfa, 0x99, 0x99, 0x99,
    0xbf, 0xf9, 0x99, 0x97, 0x5, 0xff, 0xff, 0xff,
    0xff, 0xff, 0xff, 0xff, 0xff, 0xff, 0xff, 0xff,
    0xff, 0xff, 0xc0, 0x4f, 0xff, 0xff, 0xff, 0xff,
    0xff, 0xff, 0xff, 0xff, 0xff, 0xff, 0xff, 0xff,
    0xfb, 0x0, 0x0, 0x0, 0x9, 0xff, 0xf6, 0x0,
    0x0, 0x0, 0xcf, 0xfc, 0x20, 0x0, 0x0, 0x0,
    0x0, 0x0, 0x4d, 0xff, 0xf5, 0x0, 0x0, 0x0,
    0x0, 0xaf, 0xff, 0x91, 0x0, 0x0, 0x0, 0x3,
    0xbf, 0xff, 0xd2, 0x0, 0x0, 0x0, 0x0, 0x0,
    0x6f, 0xff, 0xfa, 0x30, 0x0, 0x5c, 0xff, 0xff,
    0xff, 0xff, 0xff, 0x80, 0x4, 0xff, 0xff, 0xff,
    0xff, 0xff, 0xe9, 0x27, 0xff, 0xff, 0xff, 0xff,
    0xff, 0xf8, 0x0, 0x5f, 0xff, 0xff, 0xff, 0xff,
    0xff, 0xc0, 0xb, 0xaf, 0xfc, 0x88, 0x89, 0xff,
    0x80, 0x5, 0xff, 0xa8, 0x88, 0x9f, 0xff, 0xd2,
    0x0, 0x0, 0xff, 0x90, 0x0, 0x3f, 0xf8, 0x0,
    0x5f, 0xf4, 0x0, 0x2, 0xff, 0xa0, 0x0, 0x0,
    0xf, 0xf9, 0x0, 0x3, 0xff, 0x80, 0x5, 0xff,
    0x40, 0x0, 0x2f, 0xfa, 0x0, 0x0, 0x0, 0xff,
    0x90, 0x0, 0x3f, 0xf8, 0x0, 0x5f, 0xf4, 0x0,
    0x2, 0xff, 0xa0, 0x0, 0x0, 0xf, 0xff, 0xff,
    0xff, 0xff, 0x80, 0x5, 0xff, 0xff, 0xff, 0xff,
    0xfa, 0x0, 0x0, 0x0, 0xff, 0xff, 0xff, 0xff,
    0xf8, 0x0, 0x5f, 0xff, 0xff, 0xff, 0xff, 0xa0,
    0x0, 0x0, 0xf, 0xff, 0x88, 0x8b, 0xff, 0x80,
    0x5, 0xff, 0xc8, 0x88, 0xaf, 0xfa, 0x0, 0x0,
    0x0, 0x22, 0x10, 0x0, 0x0, 0x0, 0x0, 0x2,
    0x20, 0x0, 0x0, 0x0, 0x0, 0x0,

    /* U+56FA "固" */
    0x8f, 0xff, 0xff, 0xff, 0xff, 0xff, 0xff, 0xff,
    0xff, 0xff, 0xff, 0xff, 0xfa, 0x8f, 0xff, 0xff,
    0xff, 0xff, 0xff, 0xff, 0xff, 0xff, 0xff, 0xff,
    0xff, 0xfb, 0x8f, 0xfc, 0xaa, 0xaa, 0xaa, 0xaa,
    0xaa, 0xaa, 0xaa, 0xaa, 0xaa, 0xcf, 0xfb, 0x8f,
    0xf4, 0x0, 0x0, 0x0, 0x2, 0x33, 0x0, 0x0,
    0x0, 0x0, 0x4f, 0xfb, 0x8f, 0xf4, 0x0, 0x0,
    0x0, 0x9, 0xff, 0x10, 0x0, 0x0, 0x0, 0x4f,
    0xfb, 0x8f, 0xf4, 0x0, 0x0, 0x0, 0x9, 0xff,
    0x10, 0x0, 0x0, 0x0, 0x4f, 0xfb, 0x8f, 0xf4,
    0x0, 0x0, 0x0, 0xa, 0xff, 0x20, 0x0, 0x0,
    0x0, 0x4f, 0xfb, 0x8f, 0xf4, 0x4f, 0xff, 0xff,
    0xff, 0xff, 0xff, 0xff, 0xff, 0xf0, 0x4f, 0xfb,
    0x8f, 0xf4, 0x4f, 0xff, 0xff, 0xff, 0xff, 0xff,
    0xff, 0xff, 0xf0, 0x4f, 0xfb, 0x8f, 0xf4, 0x14,
    0x44, 0x44, 0x4d, 0xff, 0x54, 0x44, 0x44, 0x40,
    0x4f, 0xfb, 0x8f, 0xf4, 0x0, 0x0, 0x0, 0x9,
    0xff, 0x10, 0x0, 0x0, 0x0, 0x4f, 0xfb, 0x8f,
    0xf4, 0x0, 0x0, 0x0, 0x9, 0xff, 0x10, 0x0,
    0x0, 0x0, 0x4f, 0xfb, 0x8f, 0xf4, 0x0, 0x6e,
    0xee, 0xef, 0xff, 0xfe, 0xee, 0xe8, 0x0, 0x4f,
    0xfb, 0x8f, 0xf4, 0x0, 0x7f, 0xff, 0xff, 0xff,
    0xff, 0xff, 0xf9, 0x0, 0x4f, 0xfb, 0x8f, 0xf4,
    0x0, 0x7f, 0xf4, 0x33, 0x33, 0x33, 0x4f, 0xf9,
    0x0, 0x4f, 0xfb, 0x8f, 0xf4, 0x0, 0x7f, 0xf1,
    0x0, 0x0, 0x0, 0x1f, 0xf9, 0x0, 0x4f, 0xfb,
    0x8f, 0xf4, 0x0, 0x7f, 0xf1, 0x0, 0x0, 0x0,
    0x1f, 0xf9, 0x0, 0x4f, 0xfb, 0x8f, 0xf4, 0x0,
    0x7f, 0xf1, 0x0, 0x0, 0x0, 0x1f, 0xf9, 0x0,
    0x4f, 0xfb, 0x8f, 0xf4, 0x0, 0x7f, 0xff, 0xff,
    0xff, 0xff, 0xff, 0xf9, 0x0, 0x4f, 0xfb, 0x8f,
    0xf4, 0x0, 0x7f, 0xff, 0xff, 0xff, 0xff, 0xff,
    0xf9, 0x0, 0x4f, 0xfb, 0x8f, 0xf4, 0x0, 0x13,
    0x33, 0x33, 0x33, 0x33, 0x33, 0x31, 0x0, 0x4f,
    0xfb, 0x8f, 0xf4, 0x0, 0x0, 0x0, 0x0, 0x0,
    0x0, 0x0, 0x0, 0x0, 0x4f, 0xfb, 0x8f, 0xfe,
    0x99, 0x99, 0x99, 0x99, 0x99, 0x99, 0x99, 0x99,
    0x99, 0xdf, 0xfb, 0x8f, 0xff, 0xff, 0xff, 0xff,
    0xff, 0xff, 0xff, 0xff, 0xff, 0xff, 0xff, 0xfb,
    0x8f, 0xff, 0xff, 0xff, 0xff, 0xff, 0xff, 0xff,
    0xff, 0xff, 0xff, 0xff, 0xfb, 0x8f, 0xf5, 0x0,
    0x0, 0x0, 0x0, 0x0, 0x0, 0x0, 0x0, 0x0,
    0x4f, 0xfb,

    /* U+5728 "在" */
    0x0, 0x0, 0x0, 0x0, 0x0, 0x32, 0x0, 0x0,
    0x0, 0x0, 0x0, 0x0, 0x0, 0x0, 0x0, 0x0,
    0x0, 0x0, 0x0, 0xcf, 0xe3, 0x0, 0x0, 0x0,
    0x0, 0x0, 0x0, 0x0, 0x0, 0x0, 0x0, 0x0,
    0x1, 0xff, 0xf0, 0x0, 0x0, 0x0, 0x0, 0x0,
    0x0, 0x0, 0x0, 0x0, 0x0, 0x0, 0x6, 0xff,
    0xa0, 0x0, 0x0, 0x0, 0x0, 0x0, 0x0, 0x0,
    0x0, 0x0, 0x0, 0x0, 0xc, 0xff, 0x50, 0x0,
    0x0, 0x0, 0x0, 0x0, 0x0, 0x0, 0x1f, 0xff,
    0xff, 0xff, 0xff, 0xff, 0xff, 0xff, 0xff, 0xff,
    0xff, 0xff, 0xff, 0xf6, 0x1f, 0xff, 0xff, 0xff,
    0xff, 0xff, 0xff, 0xff, 0xff, 0xff, 0xff, 0xff,
    0xff, 0xf6, 0xc, 0xcc, 0xcc, 0xcd, 0xff, 0xfd,
    0xcc, 0xcc, 0xcc, 0xcc, 0xcc, 0xcc, 0xcc, 0xc5,
    0x0, 0x0, 0x0, 0x9, 0xff, 0xa0, 0x0, 0x0,
    0x0, 0x0, 0x0, 0x0, 0x0, 0x0, 0x0, 0x0,
    0x0, 0x2f, 0xff, 0x20, 0x0, 0x0, 0x18, 0x85,
    0x0, 0x0, 0x0, 0x0, 0x0, 0x0, 0x0, 0xbf,
    0xf9, 0x0, 0x0, 0x0, 0x3f, 0xfa, 0x0, 0x0,
    0x0, 0x0, 0x0, 0x0, 0x5, 0xff, 0xf1, 0x0,
    0x0, 0x0, 0x3f, 0xfa, 0x0, 0x0, 0x0, 0x0,
    0x0, 0x0, 0x4f, 0xff, 0x60, 0x0, 0x0, 0x0,
    0x3f, 0xfa, 0x0, 0x0, 0x0, 0x0, 0x0, 0x0,
    0xff, 0xff, 0x0, 0x0, 0x0, 0x0, 0x3f, 0xfa,
    0x0, 0x0, 0x0, 0x0, 0x0, 0xb, 0xff, 0xf8,
    0x0, 0x1, 0x11, 0x11, 0x4f, 0xfb, 0x11, 0x11,
    0x11, 0x0, 0x0, 0xbf, 0xff, 0xf6, 0x0, 0xbf,
    0xff, 0xff, 0xff, 0xff, 0xff, 0xff, 0xff, 0x10,
    0x2d, 0xff, 0xff, 0xf6, 0x0, 0xbf, 0xff, 0xff,
    0xff, 0xff, 0xff, 0xff, 0xff, 0x10, 0xbf, 0xff,
    0xcf, 0xf6, 0x0, 0x68, 0x88, 0x88, 0xcf, 0xff,
    0x88, 0x88, 0x88, 0x0, 0x3f, 0xf4, 0x6f, 0xf6,
    0x0, 0x0, 0x0, 0x0, 0x3f, 0xfa, 0x0, 0x0,
    0x0, 0x0, 0x9, 0x20, 0x6f, 0xf6, 0x0, 0x0,
    0x0, 0x0, 0x3f, 0xfa, 0x0, 0x0, 0x0, 0x0,
    0x0, 0x0, 0x6f, 0xf6, 0x0, 0x0, 0x0, 0x0,
    0x3f, 0xfa, 0x0, 0x0, 0x0, 0x0, 0x0, 0x0,
    0x6f, 0xf6, 0x0, 0x0, 0x0, 0x0, 0x3f, 0xfa,
    0x0, 0x0, 0x0, 0x0, 0x0, 0x0, 0x6f, 0xf6,
    0x0, 0x0, 0x0, 0x0, 0x3f, 0xfa, 0x0, 0x0,
    0x0, 0x0, 0x0, 0x0, 0x6f, 0xf6, 0x0, 0x0,
    0x0, 0x0, 0x3f, 0xfa, 0x0, 0x0, 0x0, 0x0,
    0x0, 0x0, 0x6f, 0xf6, 0x0, 0x0, 0x0, 0x0,
    0x3f, 0xfa, 0x0, 0x0, 0x0, 0x0, 0x0, 0x0,
    0x6f, 0xf6, 0xd, 0xff, 0xff, 0xff, 0xff, 0xff,
    0xff, 0xff, 0xff, 0xf5, 0x0, 0x0, 0x6f, 0xf6,
    0xe, 0xff, 0xff, 0xff, 0xff, 0xff, 0xff, 0xff,
    0xff, 0xf6, 0x0, 0x0, 0x6f, 0xf6, 0x9, 0xbb,
    0xbb, 0xbb, 0xbb, 0xbb, 0xbb, 0xbb, 0xbb, 0xb4,

    /* U+5931 "失" */
    0x0, 0x0, 0x0, 0x0, 0x0, 0x0, 0x1, 0x10,
    0x0, 0x0, 0x0, 0x0, 0x0, 0x0, 0x0, 0x0,
    0x0, 0x39, 0x52, 0x0, 0x8, 0xff, 0x70, 0x0,
    0x0, 0x0, 0x0, 0x0, 0x0, 0x0, 0x0, 0x8,
    0xff, 0x90, 0x0, 0x8f, 0xf7, 0x0, 0x0, 0x0,
    0x0, 0x0, 0x0, 0x0, 0x0, 0x0, 0xdf, 0xf4,
    0x0, 0x8, 0xff, 0x70, 0x0, 0x0, 0x0, 0x0,
    0x0, 0x0, 0x0, 0x0, 0x2f, 0xfe, 0x0, 0x0,
    0x8f, 0xf7, 0x0, 0x0, 0x0, 0x0, 0x0, 0x0,
    0x0, 0x0, 0x9, 0xff, 0xa1, 0x11, 0x19, 0xff,
    0x81, 0x11, 0x11, 0x11, 0x10, 0x0, 0x0, 0x0,
    0x1, 0xff, 0xff, 0xff, 0xff, 0xff, 0xff, 0xff,
    0xff, 0xff, 0xff, 0xe0, 0x0, 0x0, 0x0, 0x8f,
    0xff, 0xff, 0xff, 0xff, 0xff, 0xff, 0xff, 0xff,
    0xff, 0xfe, 0x0, 0x0, 0x0, 0x1f, 0xff, 0xfd,
    0xdd, 0xdd, 0xff, 0xff, 0xdd, 0xdd, 0xdd, 0xdd,
    0xb0, 0x0, 0x0, 0xa, 0xff, 0xc0, 0x0, 0x0,
    0x8, 0xff, 0x70, 0x0, 0x0, 0x0, 0x0, 0x0,
    0x0, 0x5, 0xff, 0xf3, 0x0, 0x0, 0x0, 0x8f,
    0xf6, 0x0, 0x0, 0x0, 0x0, 0x0, 0x0, 0x0,
    0xdf, 0xf9, 0x0, 0x0, 0x0, 0x9, 0xff, 0x50,
    0x0, 0x0, 0x0, 0x0, 0x0, 0x0, 0x0, 0x6b,
    0x0, 0x0, 0x0, 0x0, 0xaf, 0xf4, 0x0, 0x0,
    0x0, 0x0, 0x0, 0x0, 0x0, 0x0, 0x0, 0x0,
    0x0, 0x0, 0xb, 0xff, 0x30, 0x0, 0x0, 0x0,
    0x0, 0x0, 0x0, 0x3f, 0xff, 0xff, 0xff, 0xff,
    0xff, 0xff, 0xff, 0xff, 0xff, 0xff, 0xff, 0xff,
    0xfa, 0x4, 0xff, 0xff, 0xff, 0xff, 0xff, 0xff,
    0xff, 0xff, 0xff, 0xff, 0xff, 0xff, 0xff, 0xb0,
    0x3e, 0xee, 0xee, 0xee, 0xee, 0xef, 0xff, 0xff,
    0xfe, 0xee, 0xee, 0xee, 0xee, 0xe9, 0x0, 0x0,
    0x0, 0x0, 0x0, 0x0, 0xbf, 0xff, 0xfe, 0x0,
    0x0, 0x0, 0x0, 0x0, 0x0, 0x0, 0x0, 0x0,
    0x0, 0x0, 0x3f, 0xff, 0xdf, 0xf7, 0x0, 0x0,
    0x0, 0x0, 0x0, 0x0, 0x0, 0x0, 0x0, 0x0,
    0xc, 0xff, 0xb2, 0xff, 0xf2, 0x0, 0x0, 0x0,
    0x0, 0x0, 0x0, 0x0, 0x0, 0x0, 0x8, 0xff,
    0xf3, 0x9, 0xff, 0xd1, 0x0, 0x0, 0x0, 0x0,
    0x0, 0x0, 0x0, 0x0, 0x8, 0xff, 0xf8, 0x0,
    0x1e, 0xff, 0xc0, 0x0, 0x0, 0x0, 0x0, 0x0,
    0x0, 0x0, 0x9, 0xff, 0xfc, 0x0, 0x0, 0x3f,
    0xff, 0xd2, 0x0, 0x0, 0x0, 0x0, 0x0, 0x0,
    0x3d, 0xff, 0xfd, 0x10, 0x0, 0x0, 0x5f, 0xff,
    0xf7, 0x0, 0x0, 0x0, 0x0, 0x2, 0xaf, 0xff,
    0xfb, 0x10, 0x0, 0x0, 0x0, 0x5f, 0xff, 0xfd,
    0x60, 0x0, 0x1, 0x6c, 0xff, 0xff, 0xf7, 0x0,
    0x0, 0x0, 0x0, 0x0, 0x3e, 0xff, 0xff, 0xfa,
    0x61, 0x4f, 0xff, 0xff, 0xb2, 0x0, 0x0, 0x0,
    0x0, 0x0, 0x0, 0x8, 0xff, 0xff, 0xfd, 0x10,
    0x8f, 0xfa, 0x30, 0x0, 0x0, 0x0, 0x0, 0x0,
    0x0, 0x0, 0x1, 0x8e, 0xff, 0x30, 0x0, 0x50,
    0x0, 0x0, 0x0, 0x0, 0x0, 0x0, 0x0, 0x0,
    0x0, 0x0, 0x3, 0x40, 0x0,

    /* U+5B58 "存" */
    0x0, 0x0, 0x0, 0x0, 0x0, 0x5, 0x40, 0x0,
    0x0, 0x0, 0x0, 0x0, 0x0, 0x0, 0x0, 0x0,
    0x0, 0x0, 0x0, 0x0, 0xef, 0xf2, 0x0, 0x0,
    0x0, 0x0, 0x0, 0x0, 0x0, 0x0, 0x0, 0x0,
    0x0, 0x0, 0x3f, 0xfd, 0x0, 0x0, 0x0, 0x0,
    0x0, 0x0, 0x0, 0x0, 0x0, 0x0, 0x0, 0x0,
    0x9, 0xff, 0x80, 0x0, 0x0, 0x0, 0x0, 0x0,
    0x0, 0x0, 0x0, 0xaa, 0xaa, 0xaa, 0xaa, 0xff,
    0xfc, 0xaa, 0xaa, 0xaa, 0xaa, 0xaa, 0xaa, 0xaa,
    0x40, 0x1f, 0xff, 0xff, 0xff, 0xff, 0xff, 0xff,
    0xff, 0xff, 0xff, 0xff, 0xff, 0xff, 0xf6, 0x1,
    0xff, 0xff, 0xff, 0xff, 0xff, 0xff, 0xff, 0xff,
    0xff, 0xff, 0xff, 0xff, 0xff, 0x60, 0x1, 0x11,
    0x11, 0x15, 0xff, 0xf1, 0x11, 0x11, 0x11, 0x11,
    0x11, 0x11, 0x11, 0x10, 0x0, 0x0, 0x0, 0x0,
    0xbf, 0xf7, 0x0, 0x0, 0x0, 0x0, 0x0, 0x0,
    0x0, 0x0, 0x0, 0x0, 0x0, 0x0, 0x4f, 0xfe,
    0x0, 0x0, 0x0, 0x0, 0x0, 0x0, 0x0, 0x0,
    0x0, 0x0, 0x0, 0x0, 0xd, 0xff, 0x60, 0x3a,
    0xaa, 0xaa, 0xaa, 0xaa, 0xaa, 0xf9, 0x0, 0x0,
    0x0, 0x0, 0x8, 0xff, 0xd0, 0x5, 0xff, 0xff,
    0xff, 0xff, 0xff, 0xff, 0xfc, 0x0, 0x0, 0x0,
    0x8, 0xff, 0xf3, 0x0, 0x4f, 0xff, 0xff, 0xff,
    0xff, 0xff, 0xff, 0x40, 0x0, 0x0, 0x2, 0xff,
    0xfc, 0x0, 0x0, 0x0, 0x0, 0x0, 0x0, 0x9f,
    0xff, 0x40, 0x0, 0x0, 0x1, 0xdf, 0xff, 0x40,
    0x0, 0x0, 0x0, 0x0, 0x2, 0xcf, 0xfd, 0x20,
    0x0, 0x0, 0x1, 0xdf, 0xff, 0xf4, 0x0, 0x0,
    0x0, 0x0, 0x9, 0xff, 0xfa, 0x0, 0x0, 0x0,
    0x3, 0xef, 0xff, 0xff, 0x40, 0x0, 0x0, 0x0,
    0x0, 0xbf, 0xf7, 0x0, 0x0, 0x0, 0x0, 0xef,
    0xff, 0xcf, 0xf4, 0x0, 0x0, 0x0, 0x0, 0xb,
    0xff, 0x40, 0x0, 0x0, 0x0, 0x6, 0xfd, 0x28,
    0xff, 0x40, 0xcf, 0xff, 0xff, 0xff, 0xff, 0xff,
    0xff, 0xff, 0xff, 0xc0, 0xa, 0x10, 0x8f, 0xf4,
    0xc, 0xff, 0xff, 0xff, 0xff, 0xff, 0xff, 0xff,
    0xff, 0xfc, 0x0, 0x0, 0x8, 0xff, 0x40, 0x79,
    0x99, 0x99, 0x99, 0xff, 0xfc, 0x99, 0x99, 0x99,
    0x70, 0x0, 0x0, 0x8f, 0xf4, 0x0, 0x0, 0x0,
    0x0, 0xa, 0xff, 0x30, 0x0, 0x0, 0x0, 0x0,
    0x0, 0x8, 0xff, 0x40, 0x0, 0x0, 0x0, 0x0,
    0xaf, 0xf3, 0x0, 0x0, 0x0, 0x0, 0x0, 0x0,
    0x8f, 0xf4, 0x0, 0x0, 0x0, 0x0, 0xa, 0xff,
    0x30, 0x0, 0x0, 0x0, 0x0, 0x0, 0x8, 0xff,
    0x40, 0x0, 0x0, 0x0, 0x0, 0xaf, 0xf3, 0x0,
    0x0, 0x0, 0x0, 0x0, 0x0, 0x8f, 0xf4, 0x0,
    0x0, 0x39, 0x99, 0x9e, 0xff, 0x20, 0x0, 0x0,
    0x0, 0x0, 0x0, 0x8, 0xff, 0x40, 0x0, 0x0,
    0xff, 0xff, 0xff, 0xe0, 0x0, 0x0, 0x0, 0x0,
    0x0, 0x0, 0x8f, 0xf4, 0x0, 0x0, 0xb, 0xff,
    0xfe, 0xb3, 0x0, 0x0, 0x0, 0x0, 0x0, 0x0,
    0x0, 0x0, 0x0, 0x0, 0x0, 0x0, 0x0, 0x0,
    0x0, 0x0, 0x0, 0x0, 0x0,

    /* U+5BB9 "容" */
    0x0, 0x0, 0x0, 0x0, 0x0, 0x0, 0x0, 0x45,
    0x0, 0x0, 0x0, 0x0, 0x0, 0x0, 0x0, 0x0,
    0x0, 0x0, 0x0, 0x0, 0x0, 0x1f, 0xff, 0x30,
    0x0, 0x0, 0x0, 0x0, 0x0, 0x0, 0x0, 0x0,
    0x0, 0x0, 0x0, 0x0, 0xa, 0xff, 0xb0, 0x0,
    0x0, 0x0, 0x0, 0x0, 0x0, 0x0, 0x6a, 0xaa,
    0xaa, 0xaa, 0xaa, 0xad, 0xff, 0xfc, 0xaa, 0xaa,
    0xaa, 0xaa, 0xa8, 0x0, 0x0, 0xaf, 0xff, 0xff,
    0xff, 0xff, 0xff, 0xff, 0xff, 0xff, 0xff, 0xff,
    0xff, 0xfd, 0x0, 0x0, 0xaf, 0xff, 0xff, 0xff,
    0xff, 0xff, 0xff, 0xff, 0xff, 0xff, 0xff, 0xff,
    0xfd, 0x0, 0x0, 0xaf, 0xf1, 0x0, 0x0, 0x0,
    0x0, 0x0, 0x0, 0x0, 0x0, 0x0, 0x1f, 0xfd,
    0x0, 0x0, 0xaf, 0xf1, 0x0, 0xa, 0xb6, 0x0,
    0x0, 0x0, 0x6b, 0x20, 0x0, 0x1f, 0xfd, 0x0,
    0x0, 0xaf, 0xf1, 0x0, 0x9f, 0xfd, 0x10, 0x0,
    0x6, 0xff, 0xf8, 0x0, 0x1f, 0xfd, 0x0, 0x0,
    0x34, 0x40, 0xa, 0xff, 0xe2, 0x0, 0x10, 0x0,
    0x7f, 0xff, 0xc2, 0x4, 0x43, 0x0, 0x0, 0x0,
    0x3, 0xdf, 0xfe, 0x30, 0x1, 0xef, 0x70, 0x2,
    0xdf, 0xff, 0x60, 0x0, 0x0, 0x0, 0x0, 0x8f,
    0xff, 0xd1, 0x0, 0xc, 0xff, 0xf0, 0x0, 0x9,
    0xff, 0xfa, 0x0, 0x0, 0x0, 0x1e, 0xff, 0xfb,
    0x0, 0x0, 0x9f, 0xff, 0xf8, 0x0, 0x0, 0x5f,
    0xff, 0xb0, 0x0, 0x0, 0x5, 0xff, 0x70, 0x0,
    0x8, 0xff, 0xff, 0xff, 0x90, 0x0, 0x3, 0xef,
    0x40, 0x0, 0x0, 0x0, 0x52, 0x0, 0x0, 0xaf,
    0xfe, 0x21, 0xdf, 0xfc, 0x10, 0x0, 0x23, 0x0,
    0x0, 0x0, 0x0, 0x0, 0x0, 0x2c, 0xff, 0xe3,
    0x0, 0x1c, 0xff, 0xe5, 0x0, 0x0, 0x0, 0x0,
    0x0, 0x0, 0x0, 0x6, 0xff, 0xfd, 0x20, 0x0,
    0x0, 0x9f, 0xff, 0xc3, 0x0, 0x0, 0x0, 0x0,
    0x0, 0x3, 0xcf, 0xff, 0xb1, 0x0, 0x0, 0x0,
    0x5, 0xff, 0xff, 0xb2, 0x0, 0x0, 0x0, 0x3,
    0xbf, 0xff, 0xff, 0x99, 0x99, 0x99, 0x99, 0x99,
    0xaf, 0xff, 0xff, 0xb5, 0x0, 0x6, 0xdf, 0xff,
    0xff, 0xff, 0xff, 0xff, 0xff, 0xff, 0xff, 0xff,
    0xff, 0xff, 0xff, 0xb0, 0x6, 0xff, 0xfd, 0xdf,
    0xff, 0xff, 0xff, 0xff, 0xff, 0xff, 0xff, 0xf9,
    0x5d, 0xfe, 0x20, 0x0, 0x9b, 0x40, 0x8f, 0xf3,
    0x0, 0x0, 0x0, 0x0, 0x0, 0x5f, 0xf9, 0x0,
    0x55, 0x0, 0x0, 0x0, 0x0, 0x8f, 0xf3, 0x0,
    0x0, 0x0, 0x0, 0x0, 0x5f, 0xf9, 0x0, 0x0,
    0x0, 0x0, 0x0, 0x0, 0x8f, 0xf3, 0x0, 0x0,
    0x0, 0x0, 0x0, 0x5f, 0xf9, 0x0, 0x0, 0x0,
    0x0, 0x0, 0x0, 0x8f, 0xf3, 0x0, 0x0, 0x0,
    0x0, 0x0, 0x5f, 0xf9, 0x0, 0x0, 0x0, 0x0,
    0x0, 0x0, 0x8f, 0xff, 0xff, 0xff, 0xff, 0xff,
    0xff, 0xff, 0xf9, 0x0, 0x0, 0x0, 0x0, 0x0,
    0x0, 0x8f, 0xff, 0xff, 0xff, 0xff, 0xff, 0xff,
    0xff, 0xf9, 0x0, 0x0, 0x0, 0x0, 0x0, 0x0,
    0x8f, 0xfc, 0x99, 0x99, 0x99, 0x99, 0x99, 0xef,
    0xf9, 0x0, 0x0, 0x0, 0x0, 0x0, 0x0, 0x1,
    0x10, 0x0, 0x0, 0x0, 0x0, 0x0, 0x0, 0x0,
    0x0, 0x0, 0x0,

    /* U+5CF0 "峰" */
    0x0, 0x0, 0x13, 0x30, 0x0, 0x0, 0x0, 0x0,
    0x25, 0x10, 0x0, 0x0, 0x0, 0x0, 0x0, 0x0,
    0x5, 0xfe, 0x0, 0x0, 0x0, 0x0, 0xa, 0xff,
    0x30, 0x0, 0x0, 0x0, 0x0, 0x0, 0x0, 0x5f,
    0xe0, 0x0, 0x0, 0x0, 0x2, 0xff, 0xd1, 0x11,
    0x12, 0x10, 0x0, 0x0, 0x0, 0x5, 0xfe, 0x0,
    0x0, 0x0, 0x0, 0xcf, 0xff, 0xff, 0xff, 0xff,
    0x90, 0x0, 0x0, 0x0, 0x5f, 0xe0, 0x0, 0x0,
    0x0, 0x9f, 0xff, 0xff, 0xff, 0xff, 0xf8, 0x0,
    0x0, 0x99, 0x5, 0xfe, 0x3, 0x96, 0x0, 0x7f,
    0xff, 0x31, 0x11, 0x2f, 0xff, 0x10, 0x0, 0x1f,
    0xf0, 0x5f, 0xe0, 0x5f, 0xb0, 0x8f, 0xff, 0xfb,
    0x0, 0x8, 0xff, 0x80, 0x0, 0x1, 0xff, 0x5,
    0xfe, 0x5, 0xfb, 0xbf, 0xff, 0xdf, 0xf9, 0x6,
    0xff, 0xd0, 0x0, 0x0, 0x1f, 0xf0, 0x5f, 0xe0,
    0x5f, 0xb6, 0xff, 0x40, 0xcf, 0xff, 0xff, 0xe2,
    0x0, 0x0, 0x1, 0xff, 0x5, 0xfe, 0x5, 0xfb,
    0x9, 0x30, 0x1, 0xdf, 0xff, 0xf3, 0x0, 0x0,
    0x0, 0x1f, 0xf0, 0x5f, 0xe0, 0x5f, 0xb0, 0x0,
    0x0, 0x2e, 0xff, 0xff, 0x81, 0x0, 0x0, 0x1,
    0xff, 0x5, 0xfe, 0x5, 0xfb, 0x0, 0x2, 0xaf,
    0xff, 0xff, 0xff, 0xf9, 0x20, 0x0, 0x1f, 0xf0,
    0x5f, 0xe0, 0x5f, 0xb1, 0x6c, 0xff, 0xff, 0x70,
    0x5e, 0xff, 0xff, 0xe9, 0x1, 0xff, 0x5, 0xfe,
    0x5, 0xfd, 0xff, 0xff, 0xf8, 0x16, 0x65, 0x7,
    0xef, 0xff, 0x60, 0x1f, 0xf0, 0x5f, 0xe0, 0x5f,
    0xb8, 0xfc, 0x60, 0x0, 0xff, 0xd0, 0x0, 0x4a,
    0xa0, 0x1, 0xff, 0x5, 0xfe, 0x5, 0xfb, 0x14,
    0xaa, 0xaa, 0xaf, 0xff, 0xaa, 0xaa, 0xa1, 0x0,
    0x1f, 0xf0, 0x5f, 0xe0, 0x5f, 0xb0, 0x3f, 0xff,
    0xff, 0xff, 0xff, 0xff, 0xff, 0x20, 0x1, 0xff,
    0x5, 0xfe, 0x5, 0xfb, 0x1, 0x66, 0x66, 0x6f,
    0xff, 0x66, 0x66, 0x60, 0x0, 0x1f, 0xf0, 0x5f,
    0xe0, 0x5f, 0xb0, 0x0, 0x0, 0x0, 0xff, 0xd0,
    0x0, 0x0, 0x0, 0x1, 0xff, 0x5, 0xfe, 0x5,
    0xfb, 0x0, 0xff, 0xff, 0xff, 0xff, 0xff, 0xff,
    0xf1, 0x0, 0x1f, 0xf0, 0x5f, 0xe0, 0x5f, 0xb0,
    0xf, 0xff, 0xff, 0xff, 0xff, 0xff, 0xff, 0x10,
    0x1, 0xff, 0x5, 0xff, 0x29, 0xfb, 0x0, 0x11,
    0x11, 0x1f, 0xfe, 0x11, 0x11, 0x10, 0x0, 0x2f,
    0xfe, 0xff, 0xff, 0xff, 0xb0, 0x22, 0x22, 0x22,
    0xff, 0xf2, 0x22, 0x22, 0x20, 0x2, 0xff, 0xff,
    0xff, 0xff, 0xfb, 0x6f, 0xff, 0xff, 0xff, 0xff,
    0xff, 0xff, 0xff, 0x50, 0x8, 0x76, 0x43, 0x10,
    0x5f, 0xb6, 0xff, 0xff, 0xff, 0xff, 0xff, 0xff,
    0xff, 0xf5, 0x0, 0x0, 0x0, 0x0, 0x0, 0x21,
    0x1, 0x11, 0x11, 0x1f, 0xfe, 0x11, 0x11, 0x11,
    0x0, 0x0, 0x0, 0x0, 0x0, 0x0, 0x0, 0x0,
    0x0, 0x0, 0xff, 0xd0, 0x0, 0x0, 0x0, 0x0,
    0x0, 0x0, 0x0, 0x0, 0x0, 0x0, 0x0, 0x0,
    0xf, 0xfd, 0x0, 0x0, 0x0, 0x0,

    /* U+5DF2 "已" */
    0x2b, 0xbb, 0xbb, 0xbb, 0xbb, 0xbb, 0xbb, 0xbb,
    0xbb, 0xbb, 0xbb, 0xa0, 0x0, 0x3, 0xff, 0xff,
    0xff, 0xff, 0xff, 0xff, 0xff, 0xff, 0xff, 0xff,
    0xfe, 0x0, 0x0, 0x3f, 0xff, 0xff, 0xff, 0xff,
    0xff, 0xff, 0xff, 0xff, 0xff, 0xff, 0xe0, 0x0,
    0x0, 0x0, 0x0, 0x0, 0x0, 0x0, 0x0, 0x0,
    0x0, 0x0, 0x1f, 0xfe, 0x0, 0x0, 0x0, 0x0,
    0x0, 0x0, 0x0, 0x0, 0x0, 0x0, 0x0, 0x1,
    0xff, 0xe0, 0x0, 0x0, 0x3, 0x44, 0x0, 0x0,
    0x0, 0x0, 0x0, 0x0, 0x0, 0x1f, 0xfe, 0x0,
    0x0, 0x0, 0xdf, 0xf1, 0x0, 0x0, 0x0, 0x0,
    0x0, 0x0, 0x1, 0xff, 0xe0, 0x0, 0x0, 0xd,
    0xff, 0x10, 0x0, 0x0, 0x0, 0x0, 0x0, 0x0,
    0x1f, 0xfe, 0x0, 0x0, 0x0, 0xdf, 0xf1, 0x0,
    0x0, 0x0, 0x0, 0x0, 0x0, 0x1, 0xff, 0xe0,
    0x0, 0x0, 0xd, 0xff, 0x10, 0x0, 0x0, 0x0,
    0x0, 0x0, 0x0, 0x1f, 0xfe, 0x0, 0x0, 0x0,
    0xdf, 0xfc, 0xbb, 0xbb, 0xbb, 0xbb, 0xbb, 0xbb,
    0xbc, 0xff, 0xe0, 0x0, 0x0, 0xd, 0xff, 0xff,
    0xff, 0xff, 0xff, 0xff, 0xff, 0xff, 0xff, 0xfe,
    0x0, 0x0, 0x0, 0xdf, 0xff, 0xff, 0xff, 0xff,
    0xff, 0xff, 0xff, 0xff, 0xff, 0xe0, 0x0, 0x0,
    0xd, 0xff, 0x21, 0x11, 0x11, 0x11, 0x11, 0x11,
    0x11, 0x2f, 0xfe, 0x0, 0x0, 0x0, 0xdf, 0xf1,
    0x0, 0x0, 0x0, 0x0, 0x0, 0x0, 0x0, 0x99,
    0x80, 0x0, 0x0, 0xd, 0xff, 0x10, 0x0, 0x0,
    0x0, 0x0, 0x0, 0x0, 0x0, 0x0, 0x0, 0x0,
    0x0, 0xdf, 0xf1, 0x0, 0x0, 0x0, 0x0, 0x0,
    0x0, 0x0, 0x0, 0x0, 0x0, 0x0, 0xd, 0xff,
    0x10, 0x0, 0x0, 0x0, 0x0, 0x0, 0x0, 0x0,
    0x0, 0x27, 0x10, 0x0, 0xdf, 0xf1, 0x0, 0x0,
    0x0, 0x0, 0x0, 0x0, 0x0, 0x0, 0x4, 0xff,
    0x80, 0xd, 0xff, 0x10, 0x0, 0x0, 0x0, 0x0,
    0x0, 0x0, 0x0, 0x0, 0x6f, 0xf9, 0x0, 0xdf,
    0xf1, 0x0, 0x0, 0x0, 0x0, 0x0, 0x0, 0x0,
    0x0, 0x9, 0xff, 0x70, 0xc, 0xff, 0x20, 0x0,
    0x0, 0x0, 0x0, 0x0, 0x0, 0x0, 0x0, 0xef,
    0xf3, 0x0, 0x9f, 0xfb, 0x31, 0x0, 0x0, 0x0,
    0x0, 0x0, 0x0, 0x13, 0xbf, 0xfe, 0x0, 0x4,
    0xff, 0xff, 0xff, 0xff, 0xff, 0xff, 0xff, 0xff,
    0xff, 0xff, 0xff, 0x70, 0x0, 0x8, 0xff, 0xff,
    0xff, 0xff, 0xff, 0xff, 0xff, 0xff, 0xff, 0xff,
    0x90, 0x0, 0x0, 0x2, 0x7a, 0xbc, 0xcc, 0xcc,
    0xcc, 0xcc, 0xcc, 0xcb, 0xa8, 0x30, 0x0,

    /* U+5E38 "常" */
    0x0, 0x0, 0x0, 0x0, 0x0, 0x1, 0x66, 0x40,
    0x0, 0x0, 0x0, 0x0, 0x0, 0x0, 0x6, 0xcd,
    0x0, 0x0, 0x2, 0xff, 0xc0, 0x0, 0x0, 0xdd,
    0x81, 0x0, 0x0, 0xc, 0xff, 0xa0, 0x0, 0x2,
    0xff, 0xc0, 0x0, 0x7, 0xff, 0xd1, 0x0, 0x0,
    0x2, 0xff, 0xf4, 0x0, 0x2, 0xff, 0xc0, 0x0,
    0x3f, 0xff, 0x20, 0x0, 0x0, 0x0, 0x7f, 0xc4,
    0x0, 0x2, 0xff, 0xc0, 0x0, 0x6e, 0xf3, 0x0,
    0x0, 0x9f, 0xff, 0xff, 0xff, 0xff, 0xff, 0xff,
    0xff, 0xff, 0xff, 0xff, 0xff, 0xfc, 0xaf, 0xff,
    0xff, 0xff, 0xff, 0xff, 0xff, 0xff, 0xff, 0xff,
    0xff, 0xff, 0xfc, 0xaf, 0xf8, 0x88, 0x88, 0x88,
    0x88, 0x88, 0x88, 0x88, 0x88, 0x88, 0x8f, 0xfc,
    0xaf, 0xf1, 0x0, 0x0, 0x0, 0x0, 0x0, 0x0,
    0x0, 0x0, 0x0, 0xf, 0xfc, 0xaf, 0xf1, 0xc,
    0xdd, 0xdd, 0xdd, 0xdd, 0xdd, 0xdd, 0xdd, 0xd0,
    0xf, 0xfc, 0xaf, 0xf1, 0xe, 0xff, 0xff, 0xff,
    0xff, 0xff, 0xff, 0xff, 0xf0, 0xf, 0xfc, 0x8d,
    0xd1, 0xe, 0xfd, 0x33, 0x33, 0x33, 0x33, 0x33,
    0xef, 0xf0, 0xd, 0xda, 0x0, 0x0, 0xe, 0xfd,
    0x0, 0x0, 0x0, 0x0, 0x0, 0xdf, 0xf0, 0x0,
    0x0, 0x0, 0x0, 0xe, 0xfd, 0x11, 0x11, 0x11,
    0x11, 0x11, 0xdf, 0xf0, 0x0, 0x0, 0x0, 0x0,
    0xe, 0xff, 0xff, 0xff, 0xff, 0xff, 0xff, 0xff,
    0xf0, 0x0, 0x0, 0x0, 0x0, 0xe, 0xff, 0xff,
    0xff, 0xff, 0xff, 0xff, 0xff, 0xf0, 0x0, 0x0,
    0x0, 0x0, 0x0, 0x0, 0x0, 0x0, 0xef, 0xf0,
    0x0, 0x0, 0x0, 0x0, 0x0, 0x0, 0x0, 0x0,
    0x0, 0x0, 0x0, 0xef, 0xf0, 0x0, 0x0, 0x0,
    0x0, 0x0, 0x0, 0xaf, 0xff, 0xff, 0xff, 0xff,
    0xff, 0xff, 0xff, 0xff, 0xff, 0xff, 0x0, 0x0,
    0xaf, 0xff, 0xff, 0xff, 0xff, 0xff, 0xff, 0xff,
    0xff, 0xff, 0xff, 0x0, 0x0, 0xaf, 0xfa, 0x99,
    0x99, 0x99, 0xff, 0xf9, 0x99, 0x99, 0x9f, 0xff,
    0x0, 0x0, 0xaf, 0xf3, 0x0, 0x0, 0x0, 0xef,
    0xf0, 0x0, 0x0, 0xe, 0xff, 0x0, 0x0, 0xaf,
    0xf3, 0x0, 0x0, 0x0, 0xef, 0xf0, 0x0, 0x0,
    0xe, 0xff, 0x0, 0x0, 0xaf, 0xf3, 0x0, 0x0,
    0x0, 0xef, 0xf0, 0x0, 0x0, 0xe, 0xff, 0x0,
    0x0, 0xaf, 0xf3, 0x0, 0x0, 0x0, 0xef, 0xf0,
    0x2, 0x22, 0x2f, 0xff, 0x0, 0x0, 0xaf, 0xf3,
    0x0, 0x0, 0x0, 0xef, 0xf0, 0xc, 0xff, 0xff,
    0xfe, 0x0, 0x0, 0xaf, 0xf3, 0x0, 0x0, 0x0,
    0xef, 0xf0, 0x7, 0xff, 0xff, 0xf5, 0x0, 0x0,
    0x12, 0x20, 0x0, 0x0, 0x0, 0xef, 0xf0, 0x1,
    0x66, 0x54, 0x0, 0x0,

    /* U+5E74 "年" */
    0x0, 0x0, 0x0, 0x3, 0x0, 0x0, 0x0, 0x0,
    0x0, 0x0, 0x0, 0x0, 0x0, 0x0, 0x0, 0x0,
    0x0, 0x6f, 0xf8, 0x0, 0x0, 0x0, 0x0, 0x0,
    0x0, 0x0, 0x0, 0x0, 0x0, 0x0, 0x0, 0xdf,
    0xf5, 0x0, 0x0, 0x0, 0x0, 0x0, 0x0, 0x0,
    0x0, 0x0, 0x0, 0x0, 0x4, 0xff, 0xe0, 0x0,
    0x0, 0x0, 0x0, 0x0, 0x0, 0x0, 0x0, 0x0,
    0x0, 0x0, 0xc, 0xff, 0xfc, 0xcc, 0xcc, 0xcc,
    0xcc, 0xcc, 0xcc, 0xcc, 0xcc, 0x20, 0x0, 0x0,
    0x6f, 0xff, 0xff, 0xff, 0xff, 0xff, 0xff, 0xff,
    0xff, 0xff, 0xff, 0x30, 0x0, 0x1, 0xff, 0xff,
    0xff, 0xff, 0xff, 0xff, 0xff, 0xff, 0xff, 0xff,
    0xff, 0x20, 0x0, 0xb, 0xff, 0xc0, 0x0, 0x0,
    0x0, 0xef, 0xf0, 0x0, 0x0, 0x0, 0x0, 0x0,
    0x0, 0x7f, 0xff, 0x20, 0x0, 0x0, 0x0, 0xef,
    0xf0, 0x0, 0x0, 0x0, 0x0, 0x0, 0x5, 0xff,
    0xf7, 0x0, 0x0, 0x0, 0x0, 0xef, 0xf0, 0x0,
    0x0, 0x0, 0x0, 0x0, 0x4f, 0xff, 0xa0, 0x0,
    0x0, 0x0, 0x0, 0xef, 0xf0, 0x0, 0x0, 0x0,
    0x0, 0x0, 0x9, 0xfc, 0xc, 0xff, 0xff, 0xff,
    0xff, 0xff, 0xff, 0xff, 0xff, 0xff, 0xf7, 0x0,
    0x0, 0x51, 0xc, 0xff, 0xff, 0xff, 0xff, 0xff,
    0xff, 0xff, 0xff, 0xff, 0xf7, 0x0, 0x0, 0x0,
    0xc, 0xff, 0xbb, 0xbb, 0xbb, 0xff, 0xfb, 0xbb,
    0xbb, 0xbb, 0xb5, 0x0, 0x0, 0x0, 0xc, 0xff,
    0x0, 0x0, 0x0, 0xef, 0xf0, 0x0, 0x0, 0x0,
    0x0, 0x0, 0x0, 0x0, 0xc, 0xff, 0x0, 0x0,
    0x0, 0xef, 0xf0, 0x0, 0x0, 0x0, 0x0, 0x0,
    0x0, 0x0, 0xc, 0xff, 0x0, 0x0, 0x0, 0xef,
    0xf0, 0x0, 0x0, 0x0, 0x0, 0x0, 0x0, 0x0,
    0xc, 0xff, 0x0, 0x0, 0x0, 0xef, 0xf0, 0x0,
    0x0, 0x0, 0x0, 0x0, 0x0, 0x0, 0xc, 0xff,
    0x0, 0x0, 0x0, 0xef, 0xf0, 0x0, 0x0, 0x0,
    0x0, 0x0, 0xaf, 0xff, 0xff, 0xff, 0xff, 0xff,
    0xff, 0xff, 0xff, 0xff, 0xff, 0xff, 0xff, 0xfa,
    0xbf, 0xff, 0xff, 0xff, 0xff, 0xff, 0xff, 0xff,
    0xff, 0xff, 0xff, 0xff, 0xff, 0xfb, 0x8d, 0xdd,
    0xdd, 0xdd, 0xdd, 0xdd, 0xdd, 0xff, 0xfd, 0xdd,
    0xdd, 0xdd, 0xdd, 0xd9, 0x0, 0x0, 0x0, 0x0,
    0x0, 0x0, 0x0, 0xef, 0xf0, 0x0, 0x0, 0x0,
    0x0, 0x0, 0x0, 0x0, 0x0, 0x0, 0x0, 0x0,
    0x0, 0xef, 0xf0, 0x0, 0x0, 0x0, 0x0, 0x0,
    0x0, 0x0, 0x0, 0x0, 0x0, 0x0, 0x0, 0xef,
    0xf0, 0x0, 0x0, 0x0, 0x0, 0x0, 0x0, 0x0,
    0x0, 0x0, 0x0, 0x0, 0x0, 0xef, 0xf0, 0x0,
    0x0, 0x0, 0x0, 0x0, 0x0, 0x0, 0x0, 0x0,
    0x0, 0x0, 0x0, 0xef, 0xf0, 0x0, 0x0, 0x0,
    0x0, 0x0, 0x0, 0x0, 0x0, 0x0, 0x0, 0x0,
    0x0, 0xef, 0xf0, 0x0, 0x0, 0x0, 0x0, 0x0,

    /* U+5EA6 "度" */
    0x0, 0x0, 0x0, 0x0, 0x0, 0x0, 0x0, 0x14,
    0x70, 0x0, 0x0, 0x0, 0x0, 0x0, 0x0, 0x0,
    0x0, 0x0, 0x0, 0x0, 0x0, 0xe, 0xff, 0x60,
    0x0, 0x0, 0x0, 0x0, 0x0, 0x0, 0x0, 0x0,
    0x0, 0x0, 0x0, 0x0, 0x7f, 0xfd, 0x0, 0x0,
    0x0, 0x0, 0x0, 0x0, 0x0, 0x3a, 0xfd, 0x99,
    0x99, 0x99, 0x9a, 0xff, 0xfe, 0x99, 0x99, 0x99,
    0x99, 0x95, 0x0, 0x6, 0xff, 0xff, 0xff, 0xff,
    0xff, 0xff, 0xff, 0xff, 0xff, 0xff, 0xff, 0xff,
    0x80, 0x0, 0x6f, 0xff, 0xff, 0xff, 0xff, 0xff,
    0xff, 0xff, 0xff, 0xff, 0xff, 0xff, 0xf8, 0x0,
    0x6, 0xff, 0x70, 0x0, 0x3, 0x55, 0x10, 0x0,
    0x0, 0x15, 0x54, 0x0, 0x0, 0x0, 0x0, 0x6f,
    0xf6, 0x0, 0x0, 0xaf, 0xf1, 0x0, 0x0, 0x1,
    0xff, 0xb0, 0x0, 0x0, 0x0, 0x6, 0xff, 0x60,
    0x0, 0xa, 0xff, 0x10, 0x0, 0x0, 0x1f, 0xfb,
    0x0, 0x0, 0x0, 0x0, 0x6f, 0xf8, 0xff, 0xff,
    0xff, 0xff, 0xff, 0xff, 0xff, 0xff, 0xff, 0xff,
    0xf5, 0x0, 0x6, 0xff, 0x8f, 0xff, 0xff, 0xff,
    0xff, 0xff, 0xff, 0xff, 0xff, 0xff, 0xff, 0x50,
    0x0, 0x6f, 0xf7, 0x55, 0x55, 0xff, 0xf6, 0x55,
    0x55, 0x56, 0xff, 0xf5, 0x55, 0x51, 0x0, 0x6,
    0xff, 0x60, 0x0, 0xa, 0xff, 0x10, 0x0, 0x0,
    0x1f, 0xfb, 0x0, 0x0, 0x0, 0x0, 0x6f, 0xf6,
    0x0, 0x0, 0xaf, 0xf1, 0x0, 0x0, 0x1, 0xff,
    0xb0, 0x0, 0x0, 0x0, 0x7, 0xff, 0x50, 0x0,
    0xa, 0xff, 0xff, 0xff, 0xff, 0xff, 0xfb, 0x0,
    0x0, 0x0, 0x0, 0x8f, 0xf4, 0x0, 0x0, 0xaf,
    0xff, 0xff, 0xff, 0xff, 0xff, 0xb0, 0x0, 0x0,
    0x0, 0x9, 0xff, 0x30, 0x0, 0x2, 0x33, 0x33,
    0x33, 0x33, 0x33, 0x32, 0x0, 0x0, 0x0, 0x0,
    0xaf, 0xf2, 0x0, 0x0, 0x0, 0x0, 0x0, 0x0,
    0x0, 0x0, 0x1, 0x0, 0x0, 0x0, 0xc, 0xff,
    0x9, 0xff, 0xff, 0xff, 0xff, 0xff, 0xff, 0xff,
    0xff, 0xfc, 0x20, 0x0, 0x0, 0xdf, 0xf0, 0x9f,
    0xff, 0xff, 0xff, 0xff, 0xff, 0xff, 0xff, 0xff,
    0xe1, 0x0, 0x0, 0xf, 0xfd, 0x2, 0x34, 0xdf,
    0xf5, 0x33, 0x33, 0x33, 0x36, 0xff, 0xf5, 0x0,
    0x0, 0x2, 0xff, 0xa0, 0x0, 0x7, 0xff, 0xe3,
    0x0, 0x0, 0x4, 0xef, 0xf7, 0x0, 0x0, 0x0,
    0x6f, 0xf7, 0x0, 0x0, 0x7, 0xff, 0xf8, 0x10,
    0x1a, 0xff, 0xf7, 0x0, 0x0, 0x0, 0xa, 0xff,
    0x40, 0x0, 0x0, 0x4, 0xef, 0xff, 0xff, 0xff,
    0xe4, 0x0, 0x0, 0x0, 0x0, 0xef, 0xf0, 0x0,
    0x0, 0x0, 0x5, 0xff, 0xff, 0xff, 0xf3, 0x0,
    0x0, 0x0, 0x0, 0x4f, 0xfb, 0x1, 0x35, 0x7a,
    0xcf, 0xff, 0xff, 0xff, 0xff, 0xfe, 0xb8, 0x53,
    0x10, 0xb, 0xff, 0x60, 0xcf, 0xff, 0xff, 0xff,
    0xea, 0x52, 0x8d, 0xff, 0xff, 0xff, 0xff, 0xa0,
    0x7e, 0xe0, 0x5, 0xff, 0xfd, 0xa6, 0x30, 0x0,
    0x0, 0x3, 0x6a, 0xef, 0xff, 0xe1, 0x0, 0x3,
    0x0, 0x4, 0x20, 0x0, 0x0, 0x0, 0x0, 0x0,
    0x0, 0x0, 0x13, 0x64, 0x0,

    /* U+5EF6 "延" */
    0x0, 0x0, 0x0, 0x0, 0x0, 0x0, 0x0, 0x0,
    0x0, 0x0, 0x0, 0x0, 0x0, 0x0, 0x0, 0x0,
    0x0, 0x0, 0x0, 0x0, 0x0, 0x0, 0x0, 0x0,
    0x0, 0x0, 0x37, 0xbf, 0xb0, 0x0, 0x5, 0x88,
    0x88, 0x8c, 0xc4, 0x0, 0x0, 0x0, 0x14, 0x79,
    0xcf, 0xff, 0xff, 0xfa, 0x0, 0xa, 0xff, 0xff,
    0xff, 0xff, 0x11, 0x9b, 0xdf, 0xff, 0xff, 0xff,
    0xff, 0xfc, 0x83, 0x0, 0xa, 0xff, 0xff, 0xff,
    0xfa, 0x0, 0xdf, 0xff, 0xff, 0xff, 0xff, 0x83,
    0x0, 0x0, 0x0, 0x0, 0x0, 0x0, 0xaf, 0xf2,
    0x0, 0x7b, 0x97, 0x53, 0x1a, 0xff, 0x20, 0x0,
    0x0, 0x0, 0x0, 0x0, 0x2, 0xff, 0x90, 0x0,
    0x0, 0x0, 0x0, 0xa, 0xff, 0x20, 0x0, 0x0,
    0x0, 0x0, 0x0, 0xa, 0xff, 0x20, 0x0, 0x0,
    0x0, 0x0, 0xa, 0xff, 0x20, 0x0, 0x0, 0x0,
    0x0, 0x0, 0x3f, 0xf9, 0x0, 0x0, 0x0, 0x0,
    0x0, 0xa, 0xff, 0x20, 0x0, 0x0, 0x0, 0x0,
    0x0, 0xcf, 0xe1, 0x0, 0x0, 0x1f, 0xf8, 0x0,
    0xa, 0xff, 0x20, 0x0, 0x0, 0x0, 0x0, 0x8,
    0xff, 0x60, 0x0, 0x0, 0x1f, 0xf8, 0x0, 0xa,
    0xff, 0xdb, 0xbb, 0xbb, 0x30, 0x0, 0x5f, 0xff,
    0xff, 0xff, 0xa0, 0x1f, 0xf8, 0x0, 0xa, 0xff,
    0xff, 0xff, 0xff, 0x40, 0x2, 0xff, 0xff, 0xff,
    0xff, 0xc0, 0x1f, 0xf8, 0x0, 0xa, 0xff, 0xec,
    0xcc, 0xcc, 0x30, 0x0, 0xbf, 0xb9, 0x99, 0xff,
    0xa0, 0x1f, 0xf8, 0x0, 0xa, 0xff, 0x20, 0x0,
    0x0, 0x0, 0x0, 0x10, 0x0, 0x2, 0xff, 0x80,
    0x1f, 0xf8, 0x0, 0xa, 0xff, 0x20, 0x0, 0x0,
    0x0, 0x0, 0x3, 0x20, 0x6, 0xff, 0x50, 0x1f,
    0xf8, 0x0, 0xa, 0xff, 0x20, 0x0, 0x0, 0x0,
    0x0, 0xcf, 0x80, 0x9, 0xff, 0x10, 0x1f, 0xf8,
    0x0, 0xa, 0xff, 0x20, 0x0, 0x0, 0x0, 0x0,
    0x9f, 0xe0, 0xd, 0xfe, 0x0, 0x1f, 0xf8, 0x0,
    0xa, 0xff, 0x20, 0x0, 0x0, 0x0, 0x0, 0x3f,
    0xf6, 0x2f, 0xf9, 0x0, 0x1f, 0xf8, 0x0, 0xa,
    0xff, 0x20, 0x0, 0x0, 0x0, 0x0, 0xc, 0xfe,
    0x9f, 0xf4, 0x0, 0x1f, 0xfa, 0x55, 0x5f, 0xff,
    0x75, 0x55, 0x55, 0x30, 0x0, 0x4, 0xff, 0xff,
    0xe0, 0x0, 0x1f, 0xff, 0xff, 0xff, 0xff, 0xff,
    0xff, 0xff, 0x90, 0x0, 0x0, 0xaf, 0xff, 0x80,
    0x0, 0x1f, 0xff, 0xff, 0xff, 0xff, 0xff, 0xff,
    0xff, 0x90, 0x0, 0x0, 0x2f, 0xff, 0xd1, 0x0,
    0x5, 0x55, 0x55, 0x55, 0x55, 0x55, 0x55, 0x55,
    0x20, 0x0, 0x0, 0xbf, 0xff, 0xff, 0x71, 0x0,
    0x0, 0x0, 0x0, 0x0, 0x0, 0x0, 0x0, 0x0,
    0x0, 0x8, 0xff, 0xfe, 0xff, 0xff, 0xc8, 0x52,
    0x10, 0x0, 0x0, 0x0, 0x0, 0x0, 0x0, 0x0,
    0x8f, 0xff, 0x40, 0x8f, 0xff, 0xff, 0xff, 0xff,
    0xfe, 0xee, 0xee, 0xee, 0xff, 0xd0, 0xb, 0xff,
    0xf6, 0x0, 0x0, 0x6c, 0xff, 0xff, 0xff, 0xff,
    0xff, 0xff, 0xff, 0xff, 0x70, 0x4, 0xff, 0x70,
    0x0, 0x0, 0x0, 0x4, 0x68, 0xab, 0xbc, 0xcc,
    0xcc, 0xcc, 0xcc, 0x20, 0x0, 0x34, 0x0, 0x0,
    0x0, 0x0, 0x0, 0x0, 0x0, 0x0, 0x0, 0x0,
    0x0, 0x0, 0x0,

    /* U+5F85 "待" */
    0x0, 0x0, 0x0, 0x1, 0x0, 0x0, 0x0, 0x0,
    0x0, 0x33, 0x20, 0x0, 0x0, 0x0, 0x0, 0x0,
    0x0, 0x2, 0xfc, 0x60, 0x0, 0x0, 0x0, 0xf,
    0xfc, 0x0, 0x0, 0x0, 0x0, 0x0, 0x0, 0x1,
    0xdf, 0xf8, 0x0, 0x0, 0x0, 0x0, 0xff, 0xc0,
    0x0, 0x0, 0x0, 0x0, 0x0, 0x1, 0xdf, 0xfb,
    0x0, 0x0, 0x0, 0x0, 0xf, 0xfc, 0x0, 0x0,
    0x0, 0x0, 0x0, 0x1, 0xdf, 0xfc, 0x0, 0x4,
    0xaa, 0xaa, 0xaa, 0xff, 0xfa, 0xaa, 0xaa, 0xa5,
    0x0, 0x4, 0xef, 0xfc, 0x10, 0x0, 0x7f, 0xff,
    0xff, 0xff, 0xff, 0xff, 0xff, 0xff, 0x80, 0x7,
    0xff, 0xfc, 0x0, 0x0, 0x6, 0xff, 0xff, 0xff,
    0xff, 0xff, 0xff, 0xff, 0xf7, 0x0, 0x6f, 0xfa,
    0x0, 0x17, 0x10, 0x0, 0x0, 0x0, 0xf, 0xfc,
    0x0, 0x0, 0x0, 0x0, 0x0, 0xc6, 0x0, 0xb,
    0xff, 0x30, 0x0, 0x0, 0x0, 0xff, 0xc0, 0x0,
    0x0, 0x0, 0x0, 0x0, 0x0, 0x6, 0xff, 0xc0,
    0x0, 0x0, 0x0, 0xf, 0xfc, 0x0, 0x0, 0x0,
    0x0, 0x0, 0x0, 0x3, 0xff, 0xf5, 0xcc, 0xcc,
    0xcc, 0xcd, 0xff, 0xfc, 0xcc, 0xcc, 0xcc, 0xc0,
    0x0, 0x2, 0xef, 0xf7, 0x3f, 0xff, 0xff, 0xff,
    0xff, 0xff, 0xff, 0xff, 0xff, 0xff, 0x0, 0x1,
    0xdf, 0xff, 0x2, 0xdd, 0xdd, 0xdd, 0xdd, 0xdd,
    0xdd, 0xff, 0xfd, 0xdd, 0xd0, 0x1, 0xdf, 0xff,
    0xf0, 0x0, 0x0, 0x0, 0x0, 0x0, 0x0, 0xd,
    0xff, 0x0, 0x0, 0x2, 0xdf, 0xff, 0xff, 0x0,
    0x0, 0x0, 0x0, 0x0, 0x0, 0x0, 0xdf, 0xf0,
    0x0, 0x1, 0xff, 0xff, 0xef, 0xf0, 0x0, 0x0,
    0x0, 0x0, 0x0, 0x0, 0xe, 0xff, 0x0, 0x0,
    0xb, 0xff, 0x3b, 0xff, 0x0, 0xdf, 0xff, 0xff,
    0xff, 0xff, 0xff, 0xff, 0xff, 0xff, 0xc0, 0x3e,
    0x30, 0xbf, 0xf0, 0xd, 0xff, 0xff, 0xff, 0xff,
    0xff, 0xff, 0xff, 0xff, 0xfc, 0x0, 0x10, 0xb,
    0xff, 0x0, 0x79, 0x99, 0x99, 0x99, 0x99, 0x99,
    0xff, 0xf9, 0x99, 0x60, 0x0, 0x0, 0xbf, 0xf0,
    0x0, 0x0, 0x7b, 0x0, 0x0, 0x0, 0xd, 0xff,
    0x0, 0x0, 0x0, 0x0, 0xb, 0xff, 0x0, 0x0,
    0x8f, 0xfb, 0x0, 0x0, 0x0, 0xdf, 0xf0, 0x0,
    0x0, 0x0, 0x0, 0xbf, 0xf0, 0x0, 0x0, 0xbf,
    0xf8, 0x0, 0x0, 0xd, 0xff, 0x0, 0x0, 0x0,
    0x0, 0xb, 0xff, 0x0, 0x0, 0x1, 0xef, 0xf4,
    0x0, 0x0, 0xdf, 0xf0, 0x0, 0x0, 0x0, 0x0,
    0xbf, 0xf0, 0x0, 0x0, 0x4, 0xff, 0xd0, 0x0,
    0xd, 0xff, 0x0, 0x0, 0x0, 0x0, 0xb, 0xff,
    0x0, 0x0, 0x0, 0xa, 0x91, 0x0, 0x0, 0xdf,
    0xf0, 0x0, 0x0, 0x0, 0x0, 0xbf, 0xf0, 0x0,
    0x0, 0x0, 0x0, 0x19, 0x99, 0x9f, 0xfe, 0x0,
    0x0, 0x0, 0x0, 0xb, 0xff, 0x0, 0x0, 0x0,
    0x0, 0x0, 0xdf, 0xff, 0xff, 0xb0, 0x0, 0x0,
    0x0, 0x0, 0xbf, 0xf0, 0x0, 0x0, 0x0, 0x0,
    0x8, 0xff, 0xfe, 0x91, 0x0, 0x0, 0x0, 0x0,
    0x0, 0x11, 0x0, 0x0, 0x0, 0x0, 0x0, 0x0,
    0x0, 0x0, 0x0, 0x0, 0x0,

    /* U+6001 "态" */
    0x0, 0x0, 0x0, 0x0, 0x0, 0x0, 0x5, 0x54,
    0x0, 0x0, 0x0, 0x0, 0x0, 0x0, 0x0, 0x0,
    0x0, 0x0, 0x0, 0x0, 0x4, 0xff, 0xb0, 0x0,
    0x0, 0x0, 0x0, 0x0, 0x0, 0x0, 0x0, 0x0,
    0x0, 0x0, 0x0, 0x6f, 0xf9, 0x0, 0x0, 0x0,
    0x0, 0x0, 0x0, 0x0, 0x0, 0x0, 0x0, 0x0,
    0x0, 0x8, 0xff, 0x60, 0x0, 0x0, 0x0, 0x0,
    0x0, 0x0, 0x0, 0x0, 0x0, 0x0, 0x0, 0x0,
    0xbf, 0xf5, 0x0, 0x0, 0x0, 0x0, 0x0, 0x0,
    0x3, 0xff, 0xff, 0xff, 0xff, 0xff, 0xff, 0xff,
    0xff, 0xff, 0xff, 0xff, 0xff, 0xff, 0xc0, 0x3f,
    0xff, 0xff, 0xff, 0xff, 0xff, 0xff, 0xff, 0xff,
    0xff, 0xff, 0xff, 0xff, 0xfc, 0x2, 0x99, 0x99,
    0x99, 0x99, 0x99, 0xff, 0xff, 0xff, 0xe9, 0x99,
    0x99, 0x99, 0x99, 0x70, 0x0, 0x0, 0x0, 0x0,
    0x0, 0xe, 0xff, 0x5f, 0xfe, 0x0, 0x0, 0x0,
    0x0, 0x0, 0x0, 0x0, 0x0, 0x0, 0x0, 0x8,
    0xff, 0xc0, 0x9f, 0xfa, 0x0, 0x0, 0x0, 0x0,
    0x0, 0x0, 0x0, 0x0, 0x0, 0x3, 0xff, 0xf3,
    0x1, 0xef, 0xf7, 0x0, 0x0, 0x0, 0x0, 0x0,
    0x0, 0x0, 0x0, 0x3, 0xef, 0xf9, 0x0, 0x5,
    0xff, 0xf7, 0x0, 0x0, 0x0, 0x0, 0x0, 0x0,
    0x0, 0x4, 0xff, 0xfd, 0x21, 0x0, 0x7, 0xff,
    0xfa, 0x0, 0x0, 0x0, 0x0, 0x0, 0x0, 0x1a,
    0xff, 0xfd, 0x8f, 0xf7, 0x0, 0x9, 0xff, 0xfe,
    0x60, 0x0, 0x0, 0x0, 0x2, 0x9f, 0xff, 0xfb,
    0x2b, 0xff, 0xfc, 0x20, 0x6, 0xff, 0xff, 0xe7,
    0x20, 0x2, 0x8d, 0xff, 0xff, 0xf6, 0x0, 0x5,
    0xff, 0xff, 0x50, 0x3, 0xdf, 0xff, 0xff, 0xc0,
    0x1e, 0xff, 0xfe, 0x81, 0x0, 0x0, 0x2, 0xcf,
    0xf7, 0x0, 0x0, 0x6d, 0xff, 0xf3, 0x0, 0x4f,
    0xb5, 0x0, 0x0, 0x0, 0x5, 0xc3, 0x82, 0x0,
    0x0, 0x0, 0x4, 0x98, 0x0, 0x0, 0x1, 0x0,
    0x1, 0x22, 0x4, 0xff, 0xf3, 0x0, 0x0, 0x0,
    0x27, 0x20, 0x0, 0x0, 0x0, 0xae, 0x90, 0xcf,
    0xf0, 0x6, 0xff, 0xf3, 0x0, 0x0, 0x3f, 0xfb,
    0x0, 0x0, 0x0, 0xe, 0xfd, 0xc, 0xff, 0x0,
    0x7, 0xff, 0xf2, 0x0, 0x0, 0xbf, 0xf4, 0x0,
    0x0, 0x3, 0xff, 0x80, 0xcf, 0xf0, 0x0, 0x8,
    0xff, 0xd1, 0x0, 0x3, 0xff, 0xc0, 0x0, 0x0,
    0x9f, 0xf4, 0xc, 0xff, 0x0, 0x0, 0xb, 0xf7,
    0x0, 0xb7, 0x1b, 0xff, 0x40, 0x0, 0xf, 0xfe,
    0x0, 0xcf, 0xf0, 0x0, 0x0, 0x12, 0x0, 0xe,
    0xfb, 0x4f, 0xfb, 0x0, 0x7, 0xff, 0x90, 0xc,
    0xff, 0x0, 0x0, 0x0, 0x0, 0x2, 0xff, 0x90,
    0xdf, 0xf2, 0x1, 0xef, 0xf3, 0x0, 0xaf, 0xfd,
    0x99, 0x99, 0x99, 0x99, 0xef, 0xf5, 0x7, 0xff,
    0x80, 0x19, 0xfc, 0x0, 0x5, 0xff, 0xff, 0xff,
    0xff, 0xff, 0xff, 0xfe, 0x0, 0x2f, 0xc5, 0x0,
    0x2, 0x20, 0x0, 0x5, 0xbe, 0xef, 0xff, 0xff,
    0xff, 0xda, 0x20, 0x0, 0x10, 0x0,

    /* U+603B "总" */
    0x0, 0x0, 0x0, 0x0, 0x4, 0x0, 0x0, 0x0,
    0x0, 0x0, 0x50, 0x0, 0x0, 0x0, 0x0, 0x0,
    0x0, 0x0, 0x5e, 0xf6, 0x0, 0x0, 0x0, 0x0,
    0x5f, 0xf9, 0x0, 0x0, 0x0, 0x0, 0x0, 0x0,
    0x3, 0xff, 0xf2, 0x0, 0x0, 0x0, 0xc, 0xff,
    0x90, 0x0, 0x0, 0x0, 0x0, 0x0, 0x0, 0x8,
    0xff, 0xc0, 0x0, 0x0, 0x4, 0xff, 0xe1, 0x0,
    0x0, 0x0, 0x0, 0x0, 0x0, 0x0, 0xe, 0xff,
    0x60, 0x0, 0x0, 0xcf, 0xf6, 0x0, 0x0, 0x0,
    0x0, 0x0, 0x0, 0x0, 0x0, 0x6f, 0xf9, 0x0,
    0x0, 0x5f, 0xfc, 0x0, 0x0, 0x0, 0x0, 0x0,
    0x0, 0x8, 0x99, 0x99, 0xfc, 0x99, 0x99, 0xaf,
    0xff, 0xc9, 0x99, 0x80, 0x0, 0x0, 0x0, 0x0,
    0xef, 0xff, 0xff, 0xff, 0xff, 0xff, 0xff, 0xff,
    0xff, 0xfe, 0x0, 0x0, 0x0, 0x0, 0xe, 0xff,
    0xff, 0xff, 0xff, 0xff, 0xff, 0xff, 0xff, 0xff,
    0xe0, 0x0, 0x0, 0x0, 0x0, 0xef, 0xf3, 0x11,
    0x11, 0x11, 0x11, 0x11, 0x11, 0x6f, 0xfe, 0x0,
    0x0, 0x0, 0x0, 0xe, 0xff, 0x20, 0x0, 0x0,
    0x0, 0x0, 0x0, 0x5, 0xff, 0xe0, 0x0, 0x0,
    0x0, 0x0, 0xef, 0xf2, 0x0, 0x0, 0x0, 0x0,
    0x0, 0x0, 0x5f, 0xfe, 0x0, 0x0, 0x0, 0x0,
    0xe, 0xff, 0x20, 0x0, 0x0, 0x0, 0x0, 0x0,
    0x5, 0xff, 0xe0, 0x0, 0x0, 0x0, 0x0, 0xef,
    0xf3, 0x0, 0x0, 0x0, 0x0, 0x0, 0x0, 0x5f,
    0xfe, 0x0, 0x0, 0x0, 0x0, 0xe, 0xff, 0xff,
    0xff, 0xff, 0xff, 0xff, 0xff, 0xff, 0xff, 0xe0,
    0x0, 0x0, 0x0, 0x0, 0xef, 0xff, 0xff, 0xff,
    0xff, 0xff, 0xff, 0xff, 0xff, 0xfe, 0x0, 0x0,
    0x0, 0x0, 0x9, 0xaa, 0xaa, 0xaa, 0xaa, 0xda,
    0xaa, 0xaa, 0xaa, 0xaa, 0x90, 0x0, 0x0, 0x0,
    0x0, 0x0, 0x0, 0x0, 0x1, 0xbf, 0x90, 0x0,
    0x0, 0x0, 0x0, 0x0, 0x0, 0x0, 0x0, 0x0,
    0x0, 0x55, 0x50, 0x4e, 0xff, 0xd1, 0x0, 0x0,
    0x0, 0x70, 0x0, 0x0, 0x0, 0x7c, 0x91, 0xf,
    0xff, 0x10, 0x1c, 0xff, 0xe3, 0x0, 0x2, 0xef,
    0xb0, 0x0, 0x0, 0xc, 0xff, 0x10, 0xff, 0xf1,
    0x0, 0xb, 0xff, 0xf3, 0x0, 0xb, 0xff, 0x80,
    0x0, 0x1, 0xff, 0xd0, 0xf, 0xff, 0x10, 0x0,
    0xa, 0xfe, 0x40, 0x0, 0x1e, 0xff, 0x30, 0x0,
    0x7f, 0xf8, 0x0, 0xff, 0xf1, 0x0, 0x0, 0x9,
    0x20, 0x2, 0x0, 0x4f, 0xfd, 0x0, 0xe, 0xff,
    0x20, 0xf, 0xff, 0x10, 0x0, 0x0, 0x0, 0x0,
    0xec, 0x60, 0xaf, 0xf6, 0x7, 0xff, 0xc0, 0x0,
    0xff, 0xf1, 0x0, 0x0, 0x0, 0x0, 0x1f, 0xfb,
    0x1, 0xff, 0xd0, 0xaf, 0xf4, 0x0, 0xd, 0xff,
    0xd9, 0x99, 0x99, 0x99, 0x9d, 0xff, 0x70, 0xa,
    0xa1, 0x0, 0x37, 0x0, 0x0, 0x8f, 0xff, 0xff,
    0xff, 0xff, 0xff, 0xff, 0xf2, 0x0, 0x0, 0x0,
    0x0, 0x0, 0x0, 0x0, 0x7c, 0xef, 0xff, 0xff,
    0xff, 0xfe, 0xc4, 0x0, 0x0, 0x0,

    /* U+636E "据" */
    0x0, 0x0, 0x24, 0x40, 0x0, 0x0, 0x0, 0x0,
    0x0, 0x0, 0x0, 0x0, 0x0, 0x0, 0x0, 0x0,
    0x8, 0xff, 0x10, 0x0, 0x1, 0x21, 0x11, 0x11,
    0x11, 0x11, 0x11, 0x11, 0x0, 0x0, 0x0, 0x8f,
    0xf1, 0x0, 0x8, 0xff, 0xff, 0xff, 0xff, 0xff,
    0xff, 0xff, 0xfa, 0x0, 0x0, 0x8, 0xff, 0x10,
    0x0, 0x8f, 0xff, 0xff, 0xff, 0xff, 0xff, 0xff,
    0xff, 0xa0, 0x0, 0x0, 0x8f, 0xf1, 0x0, 0x8,
    0xff, 0xa6, 0x66, 0x66, 0x66, 0x66, 0x7f, 0xfa,
    0x0, 0x0, 0x8, 0xff, 0x10, 0x0, 0x8f, 0xf3,
    0x0, 0x0, 0x0, 0x0, 0x1, 0xff, 0xa0, 0x8,
    0x88, 0xff, 0xf9, 0x88, 0x28, 0xff, 0x30, 0x0,
    0x0, 0x0, 0x0, 0x1f, 0xfa, 0x0, 0xff, 0xff,
    0xff, 0xff, 0xf5, 0x8f, 0xfa, 0x77, 0x77, 0x77,
    0x77, 0x77, 0xff, 0xa0, 0xf, 0xff, 0xff, 0xff,
    0xff, 0x58, 0xff, 0xff, 0xff, 0xff, 0xff, 0xff,
    0xff, 0xfa, 0x0, 0x11, 0x19, 0xff, 0x21, 0x10,
    0x8f, 0xff, 0xff, 0xff, 0xff, 0xff, 0xff, 0xff,
    0xa0, 0x0, 0x0, 0x8f, 0xf1, 0x0, 0x8, 0xff,
    0x30, 0x0, 0x9, 0xff, 0x10, 0x0, 0x0, 0x0,
    0x0, 0x8, 0xff, 0x10, 0x0, 0x8f, 0xf3, 0x0,
    0x0, 0x9f, 0xf1, 0x0, 0x0, 0x0, 0x0, 0x0,
    0x8f, 0xf1, 0x0, 0x9, 0xff, 0x30, 0x0, 0x9,
    0xff, 0x10, 0x0, 0x0, 0x0, 0x0, 0x8, 0xff,
    0x10, 0x50, 0x9f, 0xff, 0xff, 0xff, 0xff, 0xff,
    0xff, 0xff, 0xf7, 0x0, 0x0, 0x8f, 0xfc, 0xff,
    0x2a, 0xff, 0xff, 0xff, 0xff, 0xff, 0xff, 0xff,
    0xff, 0x80, 0x4, 0x8f, 0xff, 0xff, 0xf4, 0xbf,
    0xf8, 0x77, 0x77, 0xff, 0xf8, 0x77, 0x77, 0x73,
    0x4f, 0xff, 0xff, 0xff, 0xb6, 0x1d, 0xff, 0x0,
    0x0, 0x9, 0xff, 0x10, 0x0, 0x0, 0x1, 0xff,
    0xff, 0xff, 0x20, 0x0, 0xef, 0xd0, 0x0, 0x0,
    0x9f, 0xf1, 0x0, 0x0, 0x0, 0xd, 0xa5, 0x9f,
    0xf1, 0x0, 0xf, 0xfb, 0x1, 0x11, 0x1b, 0xff,
    0x21, 0x11, 0x10, 0x0, 0x0, 0x8, 0xff, 0x10,
    0x2, 0xff, 0x99, 0xff, 0xff, 0xff, 0xff, 0xff,
    0xff, 0xb0, 0x0, 0x0, 0x8f, 0xf1, 0x0, 0x6f,
    0xf6, 0x9f, 0xff, 0xff, 0xff, 0xff, 0xff, 0xfb,
    0x0, 0x0, 0x8, 0xff, 0x10, 0x9, 0xff, 0x29,
    0xff, 0x44, 0x44, 0x44, 0x44, 0xef, 0xb0, 0x0,
    0x0, 0x8f, 0xf1, 0x0, 0xef, 0xe0, 0x9f, 0xe0,
    0x0, 0x0, 0x0, 0xd, 0xfb, 0x0, 0x0, 0x8,
    0xff, 0x10, 0x3f, 0xf9, 0x9, 0xfe, 0x0, 0x0,
    0x0, 0x0, 0xdf, 0xb0, 0x0, 0x0, 0x8f, 0xf1,
    0xa, 0xff, 0x40, 0x9f, 0xe0, 0x0, 0x0, 0x0,
    0xd, 0xfb, 0x0, 0x6d, 0xdf, 0xff, 0x2, 0xff,
    0xd0, 0x9, 0xff, 0xff, 0xff, 0xff, 0xff, 0xff,
    0xb0, 0x2, 0xff, 0xff, 0xb0, 0xaf, 0xf6, 0x0,
    0x9f, 0xff, 0xff, 0xff, 0xff, 0xff, 0xfb, 0x0,
    0xb, 0xcb, 0x70, 0x0, 0x6c, 0x0, 0x9, 0xff,
    0x55, 0x55, 0x55, 0x55, 0xff, 0xb0, 0x0, 0x0,
    0x0, 0x0, 0x0, 0x0, 0x0, 0x1, 0x0, 0x0,
    0x0, 0x0, 0x0, 0x0, 0x0,

    /* U+6570 "数" */
    0x0, 0x0, 0x0, 0x3, 0x55, 0x0, 0x0, 0x0,
    0x0, 0x0, 0x0, 0x0, 0x0, 0x0, 0x0, 0x0,
    0x4, 0x70, 0xa, 0xff, 0x0, 0x1a, 0x40, 0x0,
    0x8f, 0xd0, 0x0, 0x0, 0x0, 0x0, 0x0, 0x4f,
    0xf3, 0xa, 0xff, 0x0, 0x8f, 0xf3, 0x0, 0xbf,
    0xd0, 0x0, 0x0, 0x0, 0x0, 0x0, 0xc, 0xfb,
    0xa, 0xff, 0x1, 0xff, 0x90, 0x0, 0xdf, 0xb0,
    0x0, 0x0, 0x0, 0x0, 0x0, 0x4, 0xff, 0x2a,
    0xff, 0xa, 0xfe, 0x0, 0x0, 0xff, 0x80, 0x0,
    0x0, 0x0, 0x0, 0x0, 0x0, 0xd8, 0x1a, 0xff,
    0x5, 0xb4, 0x0, 0x3, 0xff, 0x40, 0x0, 0x0,
    0x0, 0x0, 0x8, 0xdd, 0xdd, 0xdf, 0xff, 0xed,
    0xdd, 0xdd, 0x6, 0xff, 0xba, 0xaa, 0xaa, 0xaa,
    0x40, 0x9, 0xff, 0xff, 0xff, 0xff, 0xff, 0xff,
    0xff, 0xa, 0xff, 0xff, 0xff, 0xff, 0xff, 0x70,
    0x4, 0x66, 0x66, 0xff, 0xff, 0xf9, 0x66, 0x66,
    0xf, 0xff, 0xff, 0xff, 0xff, 0xff, 0x60, 0x0,
    0x0, 0x8, 0xff, 0xff, 0xff, 0x91, 0x0, 0x4f,
    0xff, 0x0, 0x3, 0xff, 0x50, 0x0, 0x0, 0x0,
    0xaf, 0xff, 0xff, 0x8f, 0xfe, 0x50, 0x9f, 0xff,
    0x0, 0x5, 0xff, 0x30, 0x0, 0x0, 0x3d, 0xff,
    0x9a, 0xff, 0x4, 0xef, 0xd1, 0xff, 0xff, 0x30,
    0x8, 0xff, 0x0, 0x0, 0x9, 0xff, 0xf9, 0xa,
    0xff, 0x0, 0x1c, 0x37, 0xff, 0xff, 0x70, 0xb,
    0xfd, 0x0, 0x0, 0x3, 0xff, 0x60, 0x9, 0xff,
    0x0, 0x0, 0x2f, 0xfb, 0xcf, 0xb0, 0xf, 0xf9,
    0x0, 0x0, 0x0, 0x52, 0x0, 0x49, 0x60, 0x0,
    0x0, 0x5f, 0xf3, 0x7f, 0xf1, 0x3f, 0xf5, 0x0,
    0x0, 0x0, 0x0, 0x0, 0xcf, 0xd0, 0x0, 0x0,
    0x5, 0x90, 0x2f, 0xf5, 0x8f, 0xf1, 0x0, 0x0,
    0x0, 0xcf, 0xff, 0xff, 0xff, 0xff, 0xff, 0xb0,
    0x0, 0xe, 0xfb, 0xdf, 0xc0, 0x0, 0x0, 0x0,
    0xcf, 0xff, 0xff, 0xff, 0xff, 0xff, 0xb0, 0x0,
    0x8, 0xff, 0xff, 0x70, 0x0, 0x0, 0x0, 0x46,
    0xaf, 0xfd, 0x66, 0x67, 0xff, 0x50, 0x0, 0x2,
    0xff, 0xff, 0x10, 0x0, 0x0, 0x0, 0x0, 0xef,
    0xe0, 0x0, 0xa, 0xfe, 0x0, 0x0, 0x0, 0xef,
    0xfc, 0x0, 0x0, 0x0, 0x0, 0x9, 0xff, 0xe1,
    0x0, 0x5f, 0xf6, 0x0, 0x0, 0x0, 0xff, 0xfd,
    0x0, 0x0, 0x0, 0x0, 0xf, 0xff, 0xff, 0x95,
    0xff, 0xc0, 0x0, 0x0, 0x7, 0xff, 0xff, 0x50,
    0x0, 0x0, 0x0, 0x0, 0x17, 0xef, 0xff, 0xff,
    0x10, 0x0, 0x0, 0x5f, 0xff, 0xff, 0xe2, 0x0,
    0x0, 0x0, 0x0, 0x0, 0x1f, 0xff, 0xff, 0x70,
    0x0, 0x5, 0xff, 0xf3, 0x9f, 0xfd, 0x10, 0x0,
    0x0, 0x0, 0x17, 0xef, 0xff, 0xff, 0xfb, 0x0,
    0x8f, 0xff, 0x50, 0xc, 0xff, 0xd2, 0x0, 0x1,
    0x5a, 0xff, 0xff, 0x90, 0x2c, 0xe2, 0x4d, 0xff,
    0xf6, 0x0, 0x1, 0xdf, 0xff, 0x70, 0x9, 0xff,
    0xff, 0xb3, 0x0, 0x0, 0x22, 0xff, 0xfe, 0x40,
    0x0, 0x0, 0x1d, 0xff, 0x80, 0x0, 0xde, 0x93,
    0x0, 0x0, 0x0, 0x0, 0x7f, 0xb1, 0x0, 0x0,
    0x0, 0x0, 0xab, 0x0, 0x0, 0x10, 0x0, 0x0,
    0x0, 0x0, 0x0, 0x4, 0x0, 0x0, 0x0, 0x0,
    0x0, 0x0, 0x0,

    /* U+65E0 "无" */
    0x0, 0x12, 0x22, 0x22, 0x22, 0x22, 0x22, 0x22,
    0x22, 0x22, 0x22, 0x22, 0x22, 0x0, 0x0, 0xaf,
    0xff, 0xff, 0xff, 0xff, 0xff, 0xff, 0xff, 0xff,
    0xff, 0xff, 0xff, 0x0, 0x0, 0xaf, 0xff, 0xff,
    0xff, 0xff, 0xff, 0xff, 0xff, 0xff, 0xff, 0xff,
    0xff, 0x0, 0x0, 0x6a, 0xaa, 0xaa, 0xaa, 0xaa,
    0xff, 0xfa, 0xaa, 0xaa, 0xaa, 0xaa, 0xa9, 0x0,
    0x0, 0x0, 0x0, 0x0, 0x0, 0x0, 0xff, 0xd0,
    0x0, 0x0, 0x0, 0x0, 0x0, 0x0, 0x0, 0x0,
    0x0, 0x0, 0x0, 0x1, 0xff, 0xc0, 0x0, 0x0,
    0x0, 0x0, 0x0, 0x0, 0x0, 0x0, 0x0, 0x0,
    0x0, 0x2, 0xff, 0xb0, 0x0, 0x0, 0x0, 0x0,
    0x0, 0x0, 0x0, 0x0, 0x0, 0x0, 0x0, 0x3,
    0xff, 0xa0, 0x0, 0x0, 0x0, 0x0, 0x0, 0x0,
    0x0, 0x0, 0x0, 0x0, 0x0, 0x5, 0xff, 0x80,
    0x0, 0x0, 0x0, 0x0, 0x0, 0x0, 0x6c, 0xcc,
    0xcc, 0xcc, 0xcc, 0xcf, 0xff, 0xfc, 0xcc, 0xcc,
    0xcc, 0xcc, 0xcc, 0xc8, 0x8f, 0xff, 0xff, 0xff,
    0xff, 0xff, 0xff, 0xff, 0xff, 0xff, 0xff, 0xff,
    0xff, 0xfa, 0x8f, 0xff, 0xff, 0xff, 0xff, 0xff,
    0xff, 0xff, 0xff, 0xff, 0xff, 0xff, 0xff, 0xfa,
    0x0, 0x0, 0x0, 0x0, 0x0, 0xf, 0xfe, 0xcf,
    0xf3, 0x0, 0x0, 0x0, 0x0, 0x0, 0x0, 0x0,
    0x0, 0x0, 0x0, 0x5f, 0xfa, 0xcf, 0xf3, 0x0,
    0x0, 0x0, 0x0, 0x0, 0x0, 0x0, 0x0, 0x0,
    0x0, 0xaf, 0xf5, 0xcf, 0xf3, 0x0, 0x0, 0x0,
    0x0, 0x0, 0x0, 0x0, 0x0, 0x0, 0x1, 0xff,
    0xf0, 0xcf, 0xf3, 0x0, 0x0, 0x0, 0x0, 0x0,
    0x0, 0x0, 0x0, 0x0, 0x9, 0xff, 0x90, 0xcf,
    0xf3, 0x0, 0x0, 0x0, 0x0, 0x0, 0x0, 0x0,
    0x0, 0x0, 0x3f, 0xff, 0x20, 0xcf, 0xf3, 0x0,
    0x0, 0x0, 0x0, 0x0, 0x0, 0x0, 0x0, 0x0,
    0xdf, 0xf9, 0x0, 0xcf, 0xf3, 0x0, 0x0, 0x0,
    0x6, 0x0, 0x0, 0x0, 0x0, 0xb, 0xff, 0xe1,
    0x0, 0xcf, 0xf3, 0x0, 0x0, 0x0, 0xd, 0xf9,
    0x0, 0x0, 0x0, 0xbf, 0xff, 0x40, 0x0, 0xcf,
    0xf3, 0x0, 0x0, 0x0, 0xe, 0xfd, 0x0, 0x0,
    0x2c, 0xff, 0xf6, 0x0, 0x0, 0xbf, 0xf3, 0x0,
    0x0, 0x0, 0x1f, 0xfb, 0x0, 0x7, 0xff, 0xff,
    0x70, 0x0, 0x0, 0xbf, 0xf6, 0x0, 0x0, 0x0,
    0x7f, 0xf8, 0x17, 0xef, 0xff, 0xf5, 0x0, 0x0,
    0x0, 0x8f, 0xff, 0xff, 0xff, 0xff, 0xff, 0xf4,
    0x9f, 0xff, 0xfb, 0x20, 0x0, 0x0, 0x0, 0x2f,
    0xff, 0xff, 0xff, 0xff, 0xff, 0xc0, 0xb, 0xfc,
    0x50, 0x0, 0x0, 0x0, 0x0, 0x2, 0x9b, 0xcc,
    0xcc, 0xcc, 0xb7, 0x0, 0x1, 0x40, 0x0, 0x0,
    0x0, 0x0, 0x0, 0x0, 0x0, 0x0, 0x0, 0x0,
    0x0, 0x0,

    /* U+65F6 "时" */
    0x0, 0x0, 0x0, 0x0, 0x0, 0x0, 0x0, 0x0,
    0x0, 0x0, 0x5, 0x54, 0x0, 0x0, 0x0, 0x0,
    0x0, 0x0, 0x0, 0x0, 0x0, 0x0, 0x0, 0x0,
    0x1f, 0xfd, 0x0, 0x0, 0x12, 0x31, 0x11, 0x11,
    0x11, 0x0, 0x0, 0x0, 0x0, 0x0, 0x1f, 0xfd,
    0x0, 0x0, 0xcf, 0xff, 0xff, 0xff, 0xfd, 0x0,
    0x0, 0x0, 0x0, 0x0, 0x1f, 0xfd, 0x0, 0x0,
    0xcf, 0xff, 0xff, 0xff, 0xfd, 0x0, 0x0, 0x0,
    0x0, 0x0, 0x1f, 0xfd, 0x0, 0x0, 0xcf, 0xf7,
    0x77, 0x7e, 0xfd, 0x0, 0x0, 0x0, 0x0, 0x0,
    0x1f, 0xfd, 0x0, 0x0, 0xcf, 0xe0, 0x0, 0xd,
    0xfd, 0x5, 0xcc, 0xcc, 0xcc, 0xcc, 0xdf, 0xff,
    0xcc, 0xc2, 0xcf, 0xe0, 0x0, 0xd, 0xfd, 0x7,
    0xff, 0xff, 0xff, 0xff, 0xff, 0xff, 0xff, 0xf3,
    0xcf, 0xe0, 0x0, 0xd, 0xfd, 0x7, 0xff, 0xff,
    0xff, 0xff, 0xff, 0xff, 0xff, 0xf3, 0xcf, 0xe0,
    0x0, 0xd, 0xfd, 0x0, 0x11, 0x11, 0x11, 0x11,
    0x2f, 0xfe, 0x11, 0x10, 0xcf, 0xe0, 0x0, 0xd,
    0xfd, 0x0, 0x0, 0x0, 0x0, 0x0, 0x1f, 0xfd,
    0x0, 0x0, 0xcf, 0xf7, 0x77, 0x7f, 0xfd, 0x0,
    0x1, 0x60, 0x0, 0x0, 0x1f, 0xfd, 0x0, 0x0,
    0xcf, 0xff, 0xff, 0xff, 0xfd, 0x0, 0x6f, 0xf5,
    0x0, 0x0, 0x1f, 0xfd, 0x0, 0x0, 0xcf, 0xff,
    0xff, 0xff, 0xfd, 0x0, 0x3f, 0xfe, 0x10, 0x0,
    0x1f, 0xfd, 0x0, 0x0, 0xcf, 0xf0, 0x0, 0xe,
    0xfd, 0x0, 0x8, 0xff, 0xb0, 0x0, 0x1f, 0xfd,
    0x0, 0x0, 0xcf, 0xe0, 0x0, 0xd, 0xfd, 0x0,
    0x0, 0xdf, 0xf6, 0x0, 0x1f, 0xfd, 0x0, 0x0,
    0xcf, 0xe0, 0x0, 0xd, 0xfd, 0x0, 0x0, 0x4f,
    0xff, 0x10, 0x1f, 0xfd, 0x0, 0x0, 0xcf, 0xe0,
    0x0, 0xd, 0xfd, 0x0, 0x0, 0xa, 0xff, 0xa0,
    0x1f, 0xfd, 0x0, 0x0, 0xcf, 0xe0, 0x0, 0xd,
    0xfd, 0x0, 0x0, 0x1, 0xff, 0xc0, 0x1f, 0xfd,
    0x0, 0x0, 0xcf, 0xe0, 0x0, 0xd, 0xfd, 0x0,
    0x0, 0x0, 0x76, 0x0, 0x1f, 0xfd, 0x0, 0x0,
    0xcf, 0xf9, 0x99, 0x9e, 0xfd, 0x0, 0x0, 0x0,
    0x0, 0x0, 0x1f, 0xfd, 0x0, 0x0, 0xcf, 0xff,
    0xff, 0xff, 0xfd, 0x0, 0x0, 0x0, 0x0, 0x0,
    0x1f, 0xfd, 0x0, 0x0, 0xcf, 0xff, 0xff, 0xff,
    0xfd, 0x0, 0x0, 0x0, 0x0, 0x0, 0x1f, 0xfd,
    0x0, 0x0, 0xcf, 0xe0, 0x0, 0x0, 0x0, 0x0,
    0x0, 0x0, 0x0, 0x0, 0x1f, 0xfd, 0x0, 0x0,
    0xcf, 0xe0, 0x0, 0x0, 0x0, 0x0, 0x0, 0x0,
    0x0, 0x0, 0x1f, 0xfc, 0x0, 0x0, 0x46, 0x50,
    0x0, 0x0, 0x0, 0x0, 0x0, 0xa, 0xbb, 0xbb,
    0xdf, 0xfb, 0x0, 0x0, 0x0, 0x0, 0x0, 0x0,
    0x0, 0x0, 0x0, 0x8, 0xff, 0xff, 0xff, 0xf6,
    0x0, 0x0, 0x0, 0x0, 0x0, 0x0, 0x0, 0x0,
    0x0, 0x3, 0xff, 0xff, 0xec, 0x60, 0x0, 0x0,
    0x0, 0x0, 0x0, 0x0, 0x0, 0x0, 0x0, 0x0,
    0x11, 0x0, 0x0, 0x0, 0x0, 0x0,

    /* U+6700 "最" */
    0x0, 0x0, 0x12, 0x22, 0x22, 0x22, 0x22, 0x22,
    0x22, 0x22, 0x22, 0x22, 0x0, 0x0, 0x0, 0x0,
    0xd, 0xff, 0xff, 0xff, 0xff, 0xff, 0xff, 0xff,
    0xff, 0xff, 0xf0, 0x0, 0x0, 0x0, 0x0, 0xdf,
    0xfc, 0xcc, 0xcc, 0xcc, 0xcc, 0xcc, 0xcc, 0xcf,
    0xff, 0x0, 0x0, 0x0, 0x0, 0xd, 0xfe, 0x0,
    0x0, 0x0, 0x0, 0x0, 0x0, 0x0, 0xef, 0xf0,
    0x0, 0x0, 0x0, 0x0, 0xdf, 0xfc, 0xcc, 0xcc,
    0xcc, 0xcc, 0xcc, 0xcc, 0xcf, 0xff, 0x0, 0x0,
    0x0, 0x0, 0xd, 0xff, 0xff, 0xff, 0xff, 0xff,
    0xff, 0xff, 0xff, 0xff, 0xf0, 0x0, 0x0, 0x0,
    0x0, 0xdf, 0xe0, 0x0, 0x0, 0x0, 0x0, 0x0,
    0x0, 0xe, 0xff, 0x0, 0x0, 0x0, 0x0, 0xd,
    0xfe, 0x0, 0x0, 0x0, 0x0, 0x0, 0x0, 0x0,
    0xef, 0xf0, 0x0, 0x0, 0x0, 0x0, 0xdf, 0xff,
    0xff, 0xff, 0xff, 0xff, 0xff, 0xff, 0xff, 0xff,
    0x0, 0x0, 0x0, 0x0, 0xa, 0xdd, 0xdd, 0xdd,
    0xdd, 0xdd, 0xdd, 0xdd, 0xdd, 0xdd, 0xc0, 0x0,
    0x0, 0x0, 0x0, 0x0, 0x0, 0x0, 0x0, 0x0,
    0x0, 0x0, 0x0, 0x0, 0x0, 0x0, 0x0, 0x6,
    0xcc, 0xcc, 0xcc, 0xcc, 0xcc, 0xdd, 0xcc, 0xcc,
    0xcc, 0xcc, 0xcc, 0xcc, 0xcc, 0x70, 0x9f, 0xff,
    0xff, 0xff, 0xff, 0xff, 0xff, 0xff, 0xff, 0xff,
    0xff, 0xff, 0xff, 0xf9, 0x4, 0x88, 0xff, 0xf8,
    0x88, 0x8f, 0xff, 0xd8, 0x88, 0x88, 0x88, 0x88,
    0x88, 0x88, 0x40, 0x0, 0xc, 0xfd, 0x0, 0x0,
    0x6f, 0xf5, 0x0, 0x0, 0x0, 0x0, 0x0, 0x0,
    0x0, 0x0, 0x0, 0xcf, 0xfe, 0xee, 0xef, 0xff,
    0x5a, 0xff, 0xff, 0xff, 0xff, 0xff, 0xf8, 0x0,
    0x0, 0xc, 0xff, 0xff, 0xff, 0xff, 0xf5, 0xaf,
    0xff, 0xff, 0xff, 0xff, 0xff, 0x80, 0x0, 0x0,
    0xcf, 0xf2, 0x22, 0x29, 0xff, 0x52, 0x8f, 0xf4,
    0x33, 0x33, 0xcf, 0xf1, 0x0, 0x0, 0xc, 0xfe,
    0x11, 0x11, 0x7f, 0xf5, 0x2, 0xff, 0x80, 0x0,
    0x2f, 0xfa, 0x0, 0x0, 0x0, 0xcf, 0xff, 0xff,
    0xff, 0xff, 0x50, 0x8, 0xff, 0x30, 0xc, 0xfe,
    0x10, 0x0, 0x0, 0xc, 0xff, 0xff, 0xff, 0xff,
    0xf5, 0x0, 0xd, 0xfe, 0x29, 0xff, 0x60, 0x0,
    0x0, 0x0, 0xcf, 0xd0, 0x0, 0x6, 0xff, 0x50,
    0x0, 0x2f, 0xff, 0xff, 0x80, 0x0, 0x0, 0x0,
    0xc, 0xfd, 0x2, 0x45, 0xef, 0xff, 0xb0, 0x0,
    0x5f, 0xff, 0xf0, 0x0, 0x0, 0x5, 0x9a, 0xff,
    0xff, 0xff, 0xff, 0xff, 0xfd, 0x0, 0x5e, 0xff,
    0xff, 0xc3, 0x0, 0x0, 0x8f, 0xff, 0xff, 0xff,
    0xfd, 0xff, 0xfc, 0x56, 0xcf, 0xfe, 0x6b, 0xff,
    0xfc, 0x61, 0x4, 0x98, 0x65, 0x32, 0x0, 0x6,
    0xff, 0x5a, 0xff, 0xf8, 0x0, 0x4, 0xcf, 0xff,
    0x90, 0x0, 0x0, 0x0, 0x0, 0x0, 0x6f, 0xf5,
    0xb, 0x71, 0x0, 0x0, 0x0, 0x49, 0xa0, 0x0,

    /* U+672C "本" */
    0x0, 0x0, 0x0, 0x0, 0x0, 0x0, 0x1, 0x22,
    0x0, 0x0, 0x0, 0x0, 0x0, 0x0, 0x0, 0x0,
    0x0, 0x0, 0x0, 0x0, 0x0, 0xcf, 0xf4, 0x0,
    0x0, 0x0, 0x0, 0x0, 0x0, 0x0, 0x0, 0x0,
    0x0, 0x0, 0x0, 0xc, 0xff, 0x40, 0x0, 0x0,
    0x0, 0x0, 0x0, 0x0, 0x0, 0x0, 0x0, 0x0,
    0x0, 0x0, 0xcf, 0xf4, 0x0, 0x0, 0x0, 0x0,
    0x0, 0x0, 0x0, 0x0, 0x0, 0x0, 0x0, 0x0,
    0xc, 0xff, 0x40, 0x0, 0x0, 0x0, 0x0, 0x0,
    0x0, 0x0, 0x0, 0x0, 0x0, 0x0, 0x0, 0xcf,
    0xf4, 0x0, 0x0, 0x0, 0x0, 0x0, 0x0, 0x0,
    0x0, 0x0, 0x0, 0x0, 0x0, 0xc, 0xff, 0x40,
    0x0, 0x0, 0x0, 0x0, 0x0, 0x0, 0x5f, 0xff,
    0xff, 0xff, 0xff, 0xff, 0xff, 0xff, 0xff, 0xff,
    0xff, 0xff, 0xff, 0xf0, 0x5, 0xff, 0xff, 0xff,
    0xff, 0xff, 0xff, 0xff, 0xff, 0xff, 0xff, 0xff,
    0xff, 0xff, 0x0, 0x5e, 0xee, 0xee, 0xee, 0xef,
    0xff, 0xff, 0xff, 0xff, 0xfe, 0xee, 0xee, 0xee,
    0xd0, 0x0, 0x0, 0x0, 0x0, 0x5, 0xff, 0x9c,
    0xff, 0x6f, 0xfb, 0x0, 0x0, 0x0, 0x0, 0x0,
    0x0, 0x0, 0x0, 0x0, 0xdf, 0xf2, 0xcf, 0xf4,
    0xbf, 0xf4, 0x0, 0x0, 0x0, 0x0, 0x0, 0x0,
    0x0, 0x0, 0x5f, 0xfb, 0xc, 0xff, 0x44, 0xff,
    0xc0, 0x0, 0x0, 0x0, 0x0, 0x0, 0x0, 0x0,
    0xe, 0xff, 0x30, 0xcf, 0xf4, 0xc, 0xff, 0x60,
    0x0, 0x0, 0x0, 0x0, 0x0, 0x0, 0x9, 0xff,
    0xa0, 0xc, 0xff, 0x40, 0x3f, 0xff, 0x10, 0x0,
    0x0, 0x0, 0x0, 0x0, 0x3, 0xff, 0xf1, 0x0,
    0xcf, 0xf4, 0x0, 0xaf, 0xfb, 0x0, 0x0, 0x0,
    0x0, 0x0, 0x1, 0xef, 0xf7, 0x0, 0xc, 0xff,
    0x40, 0x1, 0xef, 0xf9, 0x0, 0x0, 0x0, 0x0,
    0x0, 0xcf, 0xfc, 0x0, 0x0, 0xcf, 0xf4, 0x0,
    0x5, 0xff, 0xf6, 0x0, 0x0, 0x0, 0x0, 0xbf,
    0xfe, 0x10, 0x0, 0xc, 0xff, 0x40, 0x0, 0x9,
    0xff, 0xf6, 0x0, 0x0, 0x0, 0xbf, 0xff, 0x40,
    0x0, 0x0, 0xcf, 0xf4, 0x0, 0x0, 0xc, 0xff,
    0xf8, 0x0, 0x2, 0xcf, 0xff, 0xbd, 0xdd, 0xdd,
    0xdf, 0xff, 0xfd, 0xdd, 0xdd, 0xed, 0xff, 0xfb,
    0x11, 0xef, 0xff, 0x67, 0xff, 0xff, 0xff, 0xff,
    0xff, 0xff, 0xff, 0xff, 0x1d, 0xff, 0xf7, 0x4,
    0xff, 0x50, 0x7f, 0xff, 0xff, 0xff, 0xff, 0xff,
    0xff, 0xff, 0xf0, 0x1b, 0xf7, 0x0, 0x5, 0x30,
    0x0, 0x0, 0x0, 0x0, 0xcf, 0xf4, 0x0, 0x0,
    0x0, 0x0, 0x6, 0x0, 0x0, 0x0, 0x0, 0x0,
    0x0, 0x0, 0xc, 0xff, 0x40, 0x0, 0x0, 0x0,
    0x0, 0x0, 0x0, 0x0, 0x0, 0x0, 0x0, 0x0,
    0x0, 0xcf, 0xf4, 0x0, 0x0, 0x0, 0x0, 0x0,
    0x0, 0x0, 0x0, 0x0, 0x0, 0x0, 0x0, 0xc,
    0xff, 0x40, 0x0, 0x0, 0x0, 0x0, 0x0, 0x0,
    0x0, 0x0, 0x0, 0x0, 0x0, 0x0, 0xcf, 0xf4,
    0x0, 0x0, 0x0, 0x0, 0x0, 0x0,

    /* U+673A "机" */
    0x0, 0x0, 0x0, 0x35, 0x40, 0x0, 0x0, 0x0,
    0x0, 0x0, 0x0, 0x0, 0x0, 0x0, 0x0, 0x0,
    0x0, 0x0, 0xcf, 0xf0, 0x0, 0x0, 0x0, 0x0,
    0x0, 0x0, 0x0, 0x0, 0x0, 0x0, 0x0, 0x0,
    0x0, 0xcf, 0xf0, 0x0, 0x0, 0xa, 0xdf, 0xaa,
    0xaa, 0xfe, 0xa0, 0x0, 0x0, 0x0, 0x0, 0x0,
    0xcf, 0xf0, 0x0, 0x0, 0xf, 0xff, 0xff, 0xff,
    0xff, 0xf0, 0x0, 0x0, 0x0, 0x0, 0x0, 0xcf,
    0xf0, 0x0, 0x0, 0xf, 0xff, 0xff, 0xff, 0xff,
    0xf0, 0x0, 0x0, 0x0, 0x0, 0x0, 0xcf, 0xf0,
    0x0, 0x0, 0xf, 0xfd, 0x0, 0x0, 0xef, 0xf0,
    0x0, 0x0, 0x0, 0x0, 0x0, 0xcf, 0xf0, 0x0,
    0x0, 0xf, 0xfc, 0x0, 0x0, 0xdf, 0xf0, 0x0,
    0x0, 0x8, 0xff, 0xff, 0xff, 0xff, 0xff, 0xf2,
    0xf, 0xfc, 0x0, 0x0, 0xdf, 0xf0, 0x0, 0x0,
    0x8, 0xff, 0xff, 0xff, 0xff, 0xff, 0xf2, 0xf,
    0xfc, 0x0, 0x0, 0xdf, 0xf0, 0x0, 0x0, 0x5,
    0xbb, 0xbd, 0xff, 0xfb, 0xbb, 0xb1, 0xf, 0xfc,
    0x0, 0x0, 0xdf, 0xf0, 0x0, 0x0, 0x0, 0x0,
    0x6, 0xff, 0xf0, 0x0, 0x0, 0xf, 0xfc, 0x0,
    0x0, 0xdf, 0xf0, 0x0, 0x0, 0x0, 0x0, 0xb,
    0xff, 0xf0, 0x0, 0x0, 0xf, 0xfc, 0x0, 0x0,
    0xdf, 0xf0, 0x0, 0x0, 0x0, 0x0, 0x1f, 0xff,
    0xf7, 0x0, 0x0, 0xf, 0xfb, 0x0, 0x0, 0xdf,
    0xf0, 0x0, 0x0, 0x0, 0x0, 0x7f, 0xff, 0xff,
    0x60, 0x0, 0xf, 0xfb, 0x0, 0x0, 0xdf, 0xf0,
    0x0, 0x0, 0x0, 0x0, 0xdf, 0xff, 0xff, 0xf5,
    0x0, 0x1f, 0xfa, 0x0, 0x0, 0xdf, 0xf0, 0x0,
    0x0, 0x0, 0x5, 0xff, 0xdf, 0xfc, 0xff, 0x30,
    0x1f, 0xf9, 0x0, 0x0, 0xdf, 0xf0, 0x0, 0x0,
    0x0, 0xd, 0xf9, 0xcf, 0xf2, 0xff, 0xe2, 0x3f,
    0xf7, 0x0, 0x0, 0xdf, 0xf0, 0x0, 0x0, 0x0,
    0x5f, 0xf2, 0xcf, 0xf0, 0x6f, 0xe1, 0x5f, 0xf5,
    0x0, 0x0, 0xdf, 0xf0, 0x0, 0x0, 0x0, 0xef,
    0xb0, 0xcf, 0xf0, 0xb, 0x40, 0x8f, 0xf3, 0x0,
    0x0, 0xdf, 0xf0, 0x0, 0x0, 0xa, 0xff, 0x30,
    0xcf, 0xf0, 0x0, 0x0, 0xbf, 0xf0, 0x0, 0x0,
    0xdf, 0xf0, 0x0, 0x0, 0x1f, 0xfb, 0x0, 0xcf,
    0xf0, 0x0, 0x0, 0xff, 0xc0, 0x0, 0x0, 0xdf,
    0xf0, 0x7, 0x40, 0x9, 0xf2, 0x0, 0xcf, 0xf0,
    0x0, 0x5, 0xff, 0x70, 0x0, 0x0, 0xdf, 0xf0,
    0x9, 0xf6, 0x1, 0x60, 0x0, 0xcf, 0xf0, 0x0,
    0xc, 0xff, 0x10, 0x0, 0x0, 0xdf, 0xf0, 0xa,
    0xf7, 0x0, 0x0, 0x0, 0xcf, 0xf0, 0x0, 0x5f,
    0xfa, 0x0, 0x0, 0x0, 0xdf, 0xf0, 0xb, 0xf6,
    0x0, 0x0, 0x0, 0xcf, 0xf0, 0x1, 0xef, 0xf3,
    0x0, 0x0, 0x0, 0xdf, 0xf0, 0xc, 0xf5, 0x0,
    0x0, 0x0, 0xcf, 0xf0, 0xb, 0xff, 0x90, 0x0,
    0x0, 0x0, 0xcf, 0xfb, 0xaf, 0xf3, 0x0, 0x0,
    0x0, 0xcf, 0xf0, 0x4f, 0xfd, 0x0, 0x0, 0x0,
    0x0, 0x8f, 0xff, 0xff, 0xf0, 0x0, 0x0, 0x0,
    0xcf, 0xf0, 0x3, 0xc1, 0x0, 0x0, 0x0, 0x0,
    0xa, 0xff, 0xfd, 0x40,

    /* U+6838 "核" */
    0x0, 0x0, 0x3, 0x55, 0x0, 0x0, 0x0, 0x0,
    0x0, 0x1, 0x60, 0x0, 0x0, 0x0, 0x0, 0x0,
    0x0, 0xa, 0xff, 0x10, 0x0, 0x0, 0x0, 0x0,
    0x9f, 0xf4, 0x0, 0x0, 0x0, 0x0, 0x0, 0x0,
    0xa, 0xff, 0x10, 0x0, 0x0, 0x0, 0x0, 0x5f,
    0xfc, 0x0, 0x0, 0x0, 0x0, 0x0, 0x0, 0xa,
    0xff, 0x10, 0x0, 0x0, 0x0, 0x0, 0xe, 0xff,
    0x20, 0x0, 0x0, 0x0, 0x0, 0x0, 0xa, 0xff,
    0x10, 0x0, 0x77, 0x77, 0x77, 0x7f, 0xff, 0xb7,
    0x77, 0x77, 0x50, 0x0, 0x0, 0xa, 0xff, 0x10,
    0x1, 0xff, 0xff, 0xff, 0xff, 0xff, 0xff, 0xff,
    0xff, 0xd0, 0x4, 0xaa, 0xaf, 0xff, 0xba, 0xa4,
    0xff, 0xff, 0xff, 0xff, 0xff, 0xff, 0xff, 0xff,
    0xd0, 0x7, 0xff, 0xff, 0xff, 0xff, 0xf4, 0x22,
    0x22, 0x2f, 0xff, 0x42, 0x22, 0x22, 0x22, 0x10,
    0x7, 0xff, 0xff, 0xff, 0xff, 0xf4, 0x0, 0x0,
    0x8f, 0xf7, 0x0, 0x0, 0x0, 0x0, 0x0, 0x0,
    0x0, 0xf, 0xff, 0x10, 0x0, 0x0, 0x2, 0xff,
    0xd0, 0x0, 0x8, 0x61, 0x0, 0x0, 0x0, 0x0,
    0x2f, 0xff, 0x70, 0x0, 0x0, 0xc, 0xff, 0x30,
    0x0, 0x4f, 0xfd, 0x0, 0x0, 0x0, 0x0, 0x7f,
    0xff, 0xf2, 0x0, 0x0, 0x8f, 0xf9, 0x0, 0x3,
    0xff, 0xf4, 0x0, 0x0, 0x0, 0x0, 0xcf, 0xff,
    0xfc, 0x0, 0x6f, 0xff, 0xff, 0xff, 0xff, 0xff,
    0x90, 0x0, 0x0, 0x0, 0x2, 0xff, 0xff, 0xff,
    0x60, 0x8f, 0xff, 0xff, 0xff, 0xff, 0xfc, 0x0,
    0x0, 0x0, 0x0, 0x8, 0xff, 0xff, 0x7f, 0xf2,
    0x4f, 0xea, 0x87, 0x6f, 0xff, 0xe1, 0x2, 0x0,
    0x0, 0x0, 0xe, 0xff, 0xff, 0x1e, 0xf5, 0x0,
    0x0, 0x1, 0xcf, 0xfd, 0x10, 0x1e, 0xe9, 0x10,
    0x0, 0x6f, 0xfa, 0xff, 0x16, 0x80, 0x0, 0x0,
    0x3e, 0xff, 0xd1, 0x0, 0xaf, 0xfd, 0x0, 0x0,
    0xdf, 0x9a, 0xff, 0x10, 0x0, 0x0, 0x19, 0xff,
    0xfb, 0x0, 0x7, 0xff, 0xf3, 0x0, 0x7, 0xff,
    0x2a, 0xff, 0x10, 0x0, 0x7, 0xef, 0xff, 0x70,
    0x0, 0x5f, 0xff, 0x70, 0x0, 0x1f, 0xfc, 0xa,
    0xff, 0x10, 0x0, 0xef, 0xff, 0xc3, 0x0, 0x6,
    0xff, 0xf8, 0x0, 0x0, 0xb, 0xf4, 0xa, 0xff,
    0x10, 0x0, 0x6f, 0xe6, 0x0, 0x0, 0x8f, 0xff,
    0xa0, 0x0, 0x0, 0x3, 0xb0, 0xa, 0xff, 0x10,
    0x0, 0x5, 0x0, 0x0, 0x2b, 0xff, 0xff, 0x20,
    0x0, 0x0, 0x0, 0x10, 0xa, 0xff, 0x10, 0x0,
    0x0, 0x0, 0x7, 0xff, 0xff, 0xff, 0xe4, 0x0,
    0x0, 0x0, 0x0, 0xa, 0xff, 0x10, 0x0, 0x0,
    0x6, 0xdf, 0xff, 0xd3, 0xaf, 0xff, 0x60, 0x0,
    0x0, 0x0, 0xa, 0xff, 0x10, 0x0, 0x17, 0xef,
    0xff, 0xf8, 0x0, 0x8, 0xff, 0xf9, 0x0, 0x0,
    0x0, 0xa, 0xff, 0x10, 0x4b, 0xff, 0xff, 0xfa,
    0x20, 0x0, 0x0, 0x6f, 0xff, 0xa0, 0x0, 0x0,
    0xa, 0xff, 0x10, 0x3f, 0xff, 0xfa, 0x20, 0x0,
    0x0, 0x0, 0x4, 0xff, 0x60, 0x0, 0x0, 0xa,
    0xff, 0x10, 0x7, 0xd7, 0x10, 0x0, 0x0, 0x0,
    0x0, 0x0, 0x54, 0x0, 0x0, 0x0, 0x0, 0x0,
    0x0, 0x0, 0x0, 0x0, 0x0, 0x0, 0x0, 0x0,
    0x0, 0x0, 0x0,

    /* U+6B63 "正" */
    0x1, 0x22, 0x22, 0x22, 0x22, 0x22, 0x22, 0x22,
    0x22, 0x22, 0x22, 0x22, 0x22, 0x0, 0xb, 0xff,
    0xff, 0xff, 0xff, 0xff, 0xff, 0xff, 0xff, 0xff,
    0xff, 0xff, 0xff, 0x60, 0xb, 0xff, 0xff, 0xff,
    0xff, 0xff, 0xff, 0xff, 0xff, 0xff, 0xff, 0xff,
    0xff, 0x60, 0x7, 0xaa, 0xaa, 0xaa, 0xaa, 0xaa,
    0xaf, 0xff, 0xca, 0xaa, 0xaa, 0xaa, 0xaa, 0x40,
    0x0, 0x0, 0x0, 0x0, 0x0, 0x0, 0xe, 0xff,
    0x10, 0x0, 0x0, 0x0, 0x0, 0x0, 0x0, 0x0,
    0x0, 0x0, 0x0, 0x0, 0xe, 0xff, 0x10, 0x0,
    0x0, 0x0, 0x0, 0x0, 0x0, 0x0, 0x0, 0x0,
    0x0, 0x0, 0xe, 0xff, 0x10, 0x0, 0x0, 0x0,
    0x0, 0x0, 0x0, 0x0, 0x0, 0x0, 0x0, 0x0,
    0xe, 0xff, 0x10, 0x0, 0x0, 0x0, 0x0, 0x0,
    0x0, 0x0, 0x34, 0x40, 0x0, 0x0, 0xe, 0xff,
    0x10, 0x0, 0x0, 0x0, 0x0, 0x0, 0x0, 0x0,
    0xdf, 0xf1, 0x0, 0x0, 0xe, 0xff, 0x10, 0x0,
    0x0, 0x0, 0x0, 0x0, 0x0, 0x0, 0xdf, 0xf1,
    0x0, 0x0, 0xe, 0xff, 0x20, 0x0, 0x0, 0x0,
    0x0, 0x0, 0x0, 0x0, 0xdf, 0xf1, 0x0, 0x0,
    0xe, 0xff, 0xff, 0xff, 0xff, 0xff, 0xf1, 0x0,
    0x0, 0x0, 0xdf, 0xf1, 0x0, 0x0, 0xe, 0xff,
    0xff, 0xff, 0xff, 0xff, 0xf1, 0x0, 0x0, 0x0,
    0xdf, 0xf1, 0x0, 0x0, 0xe, 0xff, 0xcb, 0xbb,
    0xbb, 0xbb, 0xb0, 0x0, 0x0, 0x0, 0xdf, 0xf1,
    0x0, 0x0, 0xe, 0xff, 0x10, 0x0, 0x0, 0x0,
    0x0, 0x0, 0x0, 0x0, 0xdf, 0xf1, 0x0, 0x0,
    0xe, 0xff, 0x10, 0x0, 0x0, 0x0, 0x0, 0x0,
    0x0, 0x0, 0xdf, 0xf1, 0x0, 0x0, 0xe, 0xff,
    0x10, 0x0, 0x0, 0x0, 0x0, 0x0, 0x0, 0x0,
    0xdf, 0xf1, 0x0, 0x0, 0xe, 0xff, 0x10, 0x0,
    0x0, 0x0, 0x0, 0x0, 0x0, 0x0, 0xdf, 0xf1,
    0x0, 0x0, 0xe, 0xff, 0x10, 0x0, 0x0, 0x0,
    0x0, 0x0, 0x0, 0x0, 0xdf, 0xf1, 0x0, 0x0,
    0xe, 0xff, 0x10, 0x0, 0x0, 0x0, 0x0, 0x0,
    0x0, 0x0, 0xdf, 0xf1, 0x0, 0x0, 0xe, 0xff,
    0x10, 0x0, 0x0, 0x0, 0x0, 0x0, 0x0, 0x0,
    0xdf, 0xf1, 0x0, 0x0, 0xe, 0xff, 0x10, 0x0,
    0x0, 0x0, 0x0, 0x0, 0x46, 0x66, 0xff, 0xf7,
    0x66, 0x66, 0x6f, 0xff, 0x76, 0x66, 0x66, 0x66,
    0x66, 0x62, 0xcf, 0xff, 0xff, 0xff, 0xff, 0xff,
    0xff, 0xff, 0xff, 0xff, 0xff, 0xff, 0xff, 0xf5,
    0xcf, 0xff, 0xff, 0xff, 0xff, 0xff, 0xff, 0xff,
    0xff, 0xff, 0xff, 0xff, 0xff, 0xf5, 0x56, 0x66,
    0x66, 0x66, 0x66, 0x66, 0x66, 0x66, 0x66, 0x66,
    0x66, 0x66, 0x66, 0x62,

    /* U+6D3B "活" */
    0x0, 0x0, 0x0, 0x0, 0x0, 0x0, 0x0, 0x0,
    0x0, 0x0, 0x0, 0x0, 0x22, 0x0, 0x0, 0x0,
    0x6d, 0x50, 0x0, 0x0, 0x0, 0x0, 0x0, 0x0,
    0x1, 0x59, 0xdf, 0xe2, 0x0, 0x0, 0x3f, 0xff,
    0xc3, 0x0, 0x0, 0x0, 0x13, 0x68, 0xbe, 0xff,
    0xff, 0xff, 0xe1, 0x0, 0x1, 0x9f, 0xff, 0xfb,
    0x10, 0xbd, 0xff, 0xff, 0xff, 0xff, 0xff, 0xeb,
    0x61, 0x0, 0x0, 0x0, 0x2b, 0xff, 0xf4, 0xb,
    0xff, 0xff, 0xff, 0xff, 0xf5, 0x20, 0x0, 0x0,
    0x0, 0x0, 0x0, 0x5, 0xe8, 0x0, 0x5a, 0x97,
    0x53, 0x2f, 0xf9, 0x0, 0x0, 0x0, 0x0, 0x0,
    0x0, 0x0, 0x0, 0x0, 0x0, 0x0, 0x0, 0x1,
    0xff, 0x90, 0x0, 0x0, 0x0, 0x0, 0x0, 0x0,
    0x0, 0x0, 0x0, 0x0, 0x0, 0x0, 0x1f, 0xf9,
    0x0, 0x0, 0x0, 0x0, 0x0, 0x0, 0x0, 0x0,
    0x0, 0x0, 0x0, 0x0, 0x1, 0xff, 0x90, 0x0,
    0x0, 0x0, 0x0, 0x9, 0x50, 0x0, 0x0, 0x5b,
    0xbb, 0xbb, 0xbb, 0xcf, 0xff, 0xbb, 0xbb, 0xbb,
    0xb6, 0x7, 0xff, 0xd5, 0x0, 0x7, 0xff, 0xff,
    0xff, 0xff, 0xff, 0xff, 0xff, 0xff, 0xff, 0xa0,
    0x8f, 0xff, 0xfc, 0x30, 0x7f, 0xff, 0xff, 0xff,
    0xff, 0xff, 0xff, 0xff, 0xff, 0xfa, 0x0, 0x1a,
    0xff, 0xfd, 0x0, 0x0, 0x0, 0x0, 0x2, 0xff,
    0xa0, 0x0, 0x0, 0x0, 0x0, 0x0, 0x3, 0xcf,
    0x30, 0x0, 0x0, 0x0, 0x0, 0x1f, 0xf9, 0x0,
    0x0, 0x0, 0x0, 0x0, 0x0, 0x0, 0x40, 0x0,
    0x0, 0x0, 0x0, 0x1, 0xff, 0x90, 0x0, 0x0,
    0x0, 0x0, 0x0, 0x0, 0x0, 0x0, 0x0, 0x0,
    0x0, 0x0, 0x1f, 0xf9, 0x0, 0x0, 0x0, 0x0,
    0x0, 0x0, 0x0, 0x2, 0x0, 0x3, 0x77, 0x77,
    0x78, 0xff, 0xf7, 0x77, 0x77, 0x50, 0x0, 0x0,
    0x0, 0x4, 0xf5, 0x0, 0x7f, 0xff, 0xff, 0xff,
    0xff, 0xff, 0xff, 0xfc, 0x0, 0x0, 0x0, 0x0,
    0xcf, 0xf2, 0x7, 0xff, 0xff, 0xff, 0xff, 0xff,
    0xff, 0xff, 0xc0, 0x0, 0x0, 0x0, 0x5f, 0xfc,
    0x0, 0x7f, 0xf4, 0x22, 0x22, 0x22, 0x22, 0x2e,
    0xfc, 0x0, 0x0, 0x0, 0xe, 0xff, 0x30, 0x7,
    0xff, 0x20, 0x0, 0x0, 0x0, 0x0, 0xef, 0xc0,
    0x0, 0x0, 0x8, 0xff, 0xb0, 0x0, 0x7f, 0xf2,
    0x0, 0x0, 0x0, 0x0, 0xe, 0xfc, 0x0, 0x0,
    0x2, 0xff, 0xf2, 0x0, 0x7, 0xff, 0x20, 0x0,
    0x0, 0x0, 0x0, 0xef, 0xc0, 0x0, 0x0, 0xcf,
    0xf9, 0x0, 0x0, 0x7f, 0xf2, 0x0, 0x0, 0x0,
    0x0, 0xe, 0xfc, 0x0, 0x0, 0x7f, 0xfe, 0x10,
    0x0, 0x7, 0xff, 0xb8, 0x88, 0x88, 0x88, 0x88,
    0xff, 0xc0, 0x0, 0x2f, 0xff, 0x60, 0x0, 0x0,
    0x7f, 0xff, 0xff, 0xff, 0xff, 0xff, 0xff, 0xfc,
    0x0, 0x0, 0xbf, 0xc0, 0x0, 0x0, 0x7, 0xff,
    0xff, 0xff, 0xff, 0xff, 0xff, 0xff, 0xc0, 0x0,
    0x0, 0x72, 0x0, 0x0, 0x0, 0x7f, 0xf3, 0x0,
    0x0, 0x0, 0x0, 0xf, 0xfc, 0x0, 0x0, 0x0,
    0x0, 0x0, 0x0, 0x0, 0x11, 0x0, 0x0, 0x0,
    0x0, 0x0, 0x0, 0x0, 0x0,

    /* U+6E29 "温" */
    0x0, 0x1c, 0x70, 0x0, 0x0, 0x1, 0x11, 0x11,
    0x11, 0x11, 0x11, 0x11, 0x10, 0x0, 0x0, 0xbf,
    0xfe, 0x70, 0x0, 0xaf, 0xff, 0xff, 0xff, 0xff,
    0xff, 0xff, 0xf1, 0x0, 0x0, 0x6e, 0xff, 0xfe,
    0x40, 0xaf, 0xff, 0xff, 0xff, 0xff, 0xff, 0xff,
    0xf1, 0x0, 0x0, 0x0, 0x7f, 0xff, 0xa0, 0xaf,
    0xf5, 0x55, 0x55, 0x55, 0x55, 0xcf, 0xf1, 0x0,
    0x0, 0x0, 0x1, 0xbe, 0x10, 0xaf, 0xf0, 0x0,
    0x0, 0x0, 0x0, 0xbf, 0xf1, 0x0, 0x0, 0x0,
    0x0, 0x2, 0x0, 0xaf, 0xf4, 0x44, 0x44, 0x44,
    0x44, 0xcf, 0xf1, 0x0, 0x0, 0x0, 0x0, 0x0,
    0x0, 0xaf, 0xff, 0xff, 0xff, 0xff, 0xff, 0xff,
    0xf1, 0x0, 0x0, 0x0, 0x0, 0x0, 0x0, 0xaf,
    0xff, 0xff, 0xff, 0xff, 0xff, 0xff, 0xf1, 0x0,
    0x8, 0x40, 0x0, 0x0, 0x0, 0xaf, 0xf0, 0x0,
    0x0, 0x0, 0x0, 0xbf, 0xf1, 0x0, 0x5f, 0xfd,
    0x40, 0x0, 0x0, 0xaf, 0xf0, 0x0, 0x0, 0x0,
    0x0, 0xbf, 0xf1, 0x0, 0x7f, 0xff, 0xfb, 0x20,
    0x0, 0xaf, 0xf7, 0x77, 0x77, 0x77, 0x77, 0xdf,
    0xf1, 0x0, 0x1, 0x9f, 0xff, 0xe0, 0x0, 0xaf,
    0xff, 0xff, 0xff, 0xff, 0xff, 0xff, 0xf1, 0x0,
    0x0, 0x3, 0xcf, 0x60, 0x0, 0x9e, 0xee, 0xee,
    0xee, 0xee, 0xee, 0xee, 0xe1, 0x0, 0x0, 0x0,
    0x6, 0x0, 0x0, 0x0, 0x0, 0x0, 0x0, 0x0,
    0x0, 0x0, 0x0, 0x0, 0x0, 0x0, 0x0, 0x0,
    0x0, 0x11, 0x11, 0x11, 0x11, 0x11, 0x11, 0x11,
    0x11, 0x0, 0x0, 0x0, 0x0, 0x10, 0xa, 0xff,
    0xff, 0xff, 0xff, 0xff, 0xff, 0xff, 0xff, 0x10,
    0x0, 0x0, 0x6, 0xe3, 0xa, 0xff, 0xff, 0xff,
    0xff, 0xff, 0xff, 0xff, 0xff, 0x10, 0x0, 0x0,
    0xe, 0xfe, 0xa, 0xff, 0x55, 0xff, 0x85, 0x7f,
    0xf5, 0x5b, 0xff, 0x10, 0x0, 0x0, 0x6f, 0xf9,
    0xa, 0xfe, 0x0, 0xef, 0x40, 0x2f, 0xf0, 0x9,
    0xff, 0x10, 0x0, 0x0, 0xef, 0xf1, 0xa, 0xfe,
    0x0, 0xef, 0x40, 0x2f, 0xf0, 0x9, 0xff, 0x10,
    0x0, 0x8, 0xff, 0x90, 0xa, 0xfe, 0x0, 0xef,
    0x40, 0x2f, 0xf0, 0x9, 0xff, 0x10, 0x0, 0x1f,
    0xff, 0x10, 0xa, 0xfe, 0x0, 0xef, 0x40, 0x2f,
    0xf0, 0x9, 0xff, 0x10, 0x0, 0x9f, 0xf8, 0x0,
    0xa, 0xfe, 0x0, 0xef, 0x40, 0x2f, 0xf0, 0x9,
    0xff, 0x10, 0x3, 0xff, 0xf1, 0x0, 0xa, 0xfe,
    0x0, 0xef, 0x40, 0x2f, 0xf0, 0x9, 0xff, 0x10,
    0xd, 0xff, 0x70, 0x1f, 0xff, 0xff, 0xff, 0xff,
    0xff, 0xff, 0xff, 0xff, 0xff, 0xff, 0xa, 0xfe,
    0x0, 0x1f, 0xff, 0xff, 0xff, 0xff, 0xff, 0xff,
    0xff, 0xff, 0xff, 0xff, 0x0, 0x65, 0x0, 0x8,
    0x88, 0x88, 0x88, 0x88, 0x88, 0x88, 0x88, 0x88,
    0x88, 0x88,

    /* U+70B9 "点" */
    0x0, 0x0, 0x0, 0x0, 0x0, 0x0, 0x38, 0x84,
    0x0, 0x0, 0x0, 0x0, 0x0, 0x0, 0x0, 0x0,
    0x0, 0x0, 0x0, 0x0, 0x6f, 0xf7, 0x0, 0x0,
    0x0, 0x0, 0x0, 0x0, 0x0, 0x0, 0x0, 0x0,
    0x0, 0x0, 0x6f, 0xf7, 0x0, 0x0, 0x0, 0x0,
    0x0, 0x0, 0x0, 0x0, 0x0, 0x0, 0x0, 0x0,
    0x6f, 0xff, 0x99, 0x99, 0x99, 0x99, 0x99, 0x20,
    0x0, 0x0, 0x0, 0x0, 0x0, 0x0, 0x6f, 0xff,
    0xff, 0xff, 0xff, 0xff, 0xff, 0x40, 0x0, 0x0,
    0x0, 0x0, 0x0, 0x0, 0x6f, 0xff, 0xff, 0xff,
    0xff, 0xff, 0xff, 0x40, 0x0, 0x0, 0x0, 0x0,
    0x0, 0x0, 0x6f, 0xf9, 0x11, 0x11, 0x11, 0x11,
    0x11, 0x0, 0x0, 0x0, 0x0, 0x0, 0x0, 0x0,
    0x6f, 0xf7, 0x0, 0x0, 0x0, 0x0, 0x0, 0x0,
    0x0, 0x0, 0x0, 0x0, 0x0, 0x0, 0x6f, 0xf7,
    0x0, 0x0, 0x0, 0x0, 0x0, 0x0, 0x0, 0x0,
    0x55, 0x55, 0x55, 0x55, 0xbf, 0xfc, 0x55, 0x55,
    0x55, 0x55, 0x0, 0x0, 0x0, 0x1, 0xff, 0xff,
    0xff, 0xff, 0xff, 0xff, 0xff, 0xff, 0xff, 0xff,
    0x20, 0x0, 0x0, 0x1, 0xff, 0xff, 0xff, 0xff,
    0xff, 0xff, 0xff, 0xff, 0xff, 0xff, 0x20, 0x0,
    0x0, 0x1, 0xff, 0xb5, 0x55, 0x55, 0x55, 0x55,
    0x55, 0x55, 0x5c, 0xff, 0x20, 0x0, 0x0, 0x1,
    0xff, 0xa0, 0x0, 0x0, 0x0, 0x0, 0x0, 0x0,
    0xb, 0xff, 0x20, 0x0, 0x0, 0x1, 0xff, 0xa0,
    0x0, 0x0, 0x0, 0x0, 0x0, 0x0, 0xb, 0xff,
    0x20, 0x0, 0x0, 0x1, 0xff, 0xa0, 0x0, 0x0,
    0x0, 0x0, 0x0, 0x0, 0xb, 0xff, 0x20, 0x0,
    0x0, 0x1, 0xff, 0xa0, 0x0, 0x0, 0x0, 0x0,
    0x0, 0x0, 0xb, 0xff, 0x20, 0x0, 0x0, 0x1,
    0xff, 0xff, 0xff, 0xff, 0xff, 0xff, 0xff, 0xff,
    0xff, 0xff, 0x20, 0x0, 0x0, 0x1, 0xff, 0xff,
    0xff, 0xff, 0xff, 0xff, 0xff, 0xff, 0xff, 0xff,
    0x20, 0x0, 0x0, 0x0, 0xaa, 0xaa, 0xaa, 0xaa,
    0xaa, 0xaa, 0xaa, 0xaa, 0xaa, 0xaa, 0x10, 0x0,
    0x0, 0x0, 0x0, 0x0, 0x0, 0x0, 0x0, 0x0,
    0x0, 0x0, 0x0, 0x0, 0x0, 0x0, 0x0, 0x0,
    0xa6, 0x20, 0x0, 0x0, 0x0, 0x0, 0x14, 0x0,
    0x2, 0x8d, 0x10, 0x0, 0x0, 0x6, 0xff, 0x90,
    0xb, 0xff, 0x0, 0x8, 0xff, 0x30, 0x7, 0xff,
    0xc0, 0x0, 0x0, 0xe, 0xff, 0x20, 0xa, 0xff,
    0x20, 0x3, 0xff, 0x90, 0x0, 0xcf, 0xf7, 0x0,
    0x0, 0x9f, 0xfa, 0x0, 0x8, 0xff, 0x40, 0x0,
    0xcf, 0xf0, 0x0, 0x2f, 0xff, 0x20, 0x4, 0xff,
    0xf1, 0x0, 0x6, 0xff, 0x60, 0x0, 0x7f, 0xf5,
    0x0, 0x8, 0xff, 0xc0, 0x2e, 0xff, 0x60, 0x0,
    0x5, 0xff, 0x80, 0x0, 0x1f, 0xfa, 0x0, 0x0,
    0xef, 0xf4, 0x4d, 0xfa, 0x0, 0x0, 0x4, 0xff,
    0x90, 0x0, 0xd, 0xd8, 0x0, 0x0, 0x6f, 0xa3,
    0x0, 0x40, 0x0, 0x0, 0x1, 0x31, 0x0, 0x0,
    0x1, 0x0, 0x0, 0x0, 0x1, 0x0,

    /* U+72B6 "状" */
    0x0, 0x0, 0x0, 0xb, 0xdc, 0x0, 0x0, 0x0,
    0x8, 0xbb, 0x0, 0x0, 0x0, 0x0, 0x0, 0x0,
    0x0, 0x0, 0xe, 0xfe, 0x0, 0x0, 0x0, 0xb,
    0xff, 0x10, 0x8, 0x60, 0x0, 0x0, 0x0, 0x0,
    0x0, 0xe, 0xfe, 0x0, 0x0, 0x0, 0xb, 0xff,
    0x10, 0xcf, 0xf3, 0x0, 0x0, 0x0, 0x0, 0x0,
    0xe, 0xfe, 0x0, 0x0, 0x0, 0xb, 0xff, 0x10,
    0x3f, 0xfd, 0x0, 0x0, 0x0, 0x27, 0x0, 0xe,
    0xfe, 0x0, 0x0, 0x0, 0xb, 0xff, 0x10, 0x9,
    0xff, 0x80, 0x0, 0x5, 0xff, 0x60, 0xe, 0xfe,
    0x0, 0x0, 0x0, 0xb, 0xff, 0x10, 0x0, 0xef,
    0xf3, 0x0, 0x2, 0xff, 0xf2, 0xe, 0xfe, 0x0,
    0x0, 0x0, 0xb, 0xff, 0x10, 0x0, 0x5f, 0xf7,
    0x0, 0x0, 0x6f, 0xfc, 0xe, 0xfe, 0x0, 0x0,
    0x0, 0xb, 0xff, 0x10, 0x0, 0xb, 0x40, 0x0,
    0x0, 0xc, 0xff, 0x6e, 0xfe, 0x0, 0x0, 0x0,
    0xb, 0xff, 0x0, 0x0, 0x0, 0x0, 0x0, 0x0,
    0x3, 0xff, 0xee, 0xfe, 0x4c, 0xcc, 0xcc, 0xcf,
    0xff, 0xcc, 0xcc, 0xcc, 0xcc, 0x50, 0x0, 0x0,
    0xaf, 0x7e, 0xfe, 0x5f, 0xff, 0xff, 0xff, 0xff,
    0xff, 0xff, 0xff, 0xff, 0x60, 0x0, 0x0, 0x22,
    0xe, 0xfe, 0x5f, 0xff, 0xff, 0xff, 0xff, 0xff,
    0xff, 0xff, 0xff, 0x60, 0x0, 0x0, 0x0, 0xe,
    0xfe, 0x0, 0x0, 0x0, 0x1f, 0xff, 0xa0, 0x0,
    0x0, 0x0, 0x0, 0x0, 0x0, 0x0, 0xe, 0xfe,
    0x0, 0x0, 0x0, 0x2f, 0xff, 0xd0, 0x0, 0x0,
    0x0, 0x0, 0x0, 0x0, 0x0, 0x1f, 0xfe, 0x0,
    0x0, 0x0, 0x5f, 0xff, 0xf2, 0x0, 0x0, 0x0,
    0x0, 0x0, 0x0, 0x3, 0xef, 0xfe, 0x0, 0x0,
    0x0, 0x9f, 0xff, 0xf8, 0x0, 0x0, 0x0, 0x0,
    0x0, 0x0, 0x5f, 0xff, 0xfe, 0x0, 0x0, 0x0,
    0xdf, 0xfd, 0xfe, 0x0, 0x0, 0x0, 0x0, 0x0,
    0x7, 0xff, 0xff, 0xfe, 0x0, 0x0, 0x2, 0xff,
    0xc6, 0xff, 0x50, 0x0, 0x0, 0x0, 0x0, 0xaf,
    0xff, 0x5e, 0xfe, 0x0, 0x0, 0x8, 0xff, 0x71,
    0xff, 0xd0, 0x0, 0x0, 0x0, 0xc, 0xff, 0xf4,
    0xe, 0xfe, 0x0, 0x0, 0xe, 0xff, 0x10, 0x9f,
    0xf5, 0x0, 0x0, 0x0, 0x7, 0xfe, 0x20, 0xe,
    0xfe, 0x0, 0x0, 0x8f, 0xfb, 0x0, 0x2f, 0xfe,
    0x10, 0x0, 0x0, 0x0, 0x91, 0x0, 0xe, 0xfe,
    0x0, 0x1, 0xff, 0xf2, 0x0, 0xa, 0xff, 0xa0,
    0x0, 0x0, 0x0, 0x0, 0x0, 0xe, 0xfe, 0x0,
    0xb, 0xff, 0x90, 0x0, 0x1, 0xff, 0xf6, 0x0,
    0x0, 0x0, 0x0, 0x0, 0xe, 0xfe, 0x0, 0x7f,
    0xfe, 0x10, 0x0, 0x0, 0x6f, 0xff, 0x50, 0x0,
    0x0, 0x0, 0x0, 0xe, 0xfe, 0x5, 0xff, 0xf5,
    0x0, 0x0, 0x0, 0xa, 0xff, 0xf8, 0x0, 0x0,
    0x0, 0x0, 0xe, 0xfe, 0x5f, 0xff, 0x70, 0x0,
    0x0, 0x0, 0x0, 0xcf, 0xff, 0xc0, 0x0, 0x0,
    0x0, 0xe, 0xff, 0xcf, 0xf9, 0x0, 0x0, 0x0,
    0x0, 0x0, 0x1b, 0xff, 0x50, 0x0, 0x0, 0x0,
    0xe, 0xfe, 0xa, 0x80, 0x0, 0x0, 0x0, 0x0,
    0x0, 0x0, 0x87, 0x0, 0x0, 0x0, 0x0, 0x0,
    0x0, 0x0, 0x0, 0x0, 0x0, 0x0, 0x0, 0x0,
    0x0, 0x0, 0x0,

    /* U+7528 "用" */
    0x0, 0x0, 0x1, 0x21, 0x11, 0x11, 0x11, 0x11,
    0x11, 0x11, 0x11, 0x11, 0x31, 0x10, 0x0, 0x9,
    0xff, 0xff, 0xff, 0xff, 0xff, 0xff, 0xff, 0xff,
    0xff, 0xff, 0xfc, 0x0, 0x0, 0x9f, 0xff, 0xff,
    0xff, 0xff, 0xff, 0xff, 0xff, 0xff, 0xff, 0xff,
    0xc0, 0x0, 0x9, 0xff, 0xe9, 0x99, 0x99, 0xbf,
    0xff, 0x99, 0x99, 0x99, 0xaf, 0xfc, 0x0, 0x0,
    0x9f, 0xf4, 0x0, 0x0, 0x1, 0xff, 0xc0, 0x0,
    0x0, 0x0, 0xff, 0xc0, 0x0, 0x9, 0xff, 0x40,
    0x0, 0x0, 0x1f, 0xfc, 0x0, 0x0, 0x0, 0xf,
    0xfc, 0x0, 0x0, 0x9f, 0xf4, 0x0, 0x0, 0x1,
    0xff, 0xc0, 0x0, 0x0, 0x0, 0xff, 0xc0, 0x0,
    0x9, 0xff, 0x51, 0x11, 0x11, 0x2f, 0xfd, 0x11,
    0x11, 0x11, 0x1f, 0xfc, 0x0, 0x0, 0x9f, 0xff,
    0xff, 0xff, 0xff, 0xff, 0xff, 0xff, 0xff, 0xff,
    0xff, 0xc0, 0x0, 0x9, 0xff, 0xff, 0xff, 0xff,
    0xff, 0xff, 0xff, 0xff, 0xff, 0xff, 0xfc, 0x0,
    0x0, 0x9f, 0xfd, 0x99, 0x99, 0x9a, 0xff, 0xf9,
    0x99, 0x99, 0x99, 0xff, 0xc0, 0x0, 0x9, 0xff,
    0x40, 0x0, 0x0, 0x1f, 0xfc, 0x0, 0x0, 0x0,
    0xf, 0xfc, 0x0, 0x0, 0x9f, 0xf3, 0x0, 0x0,
    0x1, 0xff, 0xc0, 0x0, 0x0, 0x0, 0xff, 0xc0,
    0x0, 0xa, 0xff, 0x30, 0x0, 0x0, 0x1f, 0xfc,
    0x0, 0x0, 0x0, 0xf, 0xfc, 0x0, 0x0, 0xaf,
    0xf3, 0x0, 0x0, 0x2, 0xff, 0xd0, 0x0, 0x0,
    0x1, 0xff, 0xc0, 0x0, 0xc, 0xff, 0xff, 0xff,
    0xff, 0xff, 0xff, 0xff, 0xff, 0xff, 0xff, 0xfc,
    0x0, 0x0, 0xef, 0xff, 0xff, 0xff, 0xff, 0xff,
    0xff, 0xff, 0xff, 0xff, 0xff, 0xc0, 0x0, 0xf,
    0xff, 0xaa, 0xaa, 0xaa, 0xbf, 0xff, 0xaa, 0xaa,
    0xaa, 0xbf, 0xfc, 0x0, 0x2, 0xff, 0xa0, 0x0,
    0x0, 0x1, 0xff, 0xc0, 0x0, 0x0, 0x0, 0xff,
    0xc0, 0x0, 0x7f, 0xf6, 0x0, 0x0, 0x0, 0x1f,
    0xfc, 0x0, 0x0, 0x0, 0xf, 0xfc, 0x0, 0xc,
    0xff, 0x20, 0x0, 0x0, 0x1, 0xff, 0xc0, 0x0,
    0x0, 0x0, 0xff, 0xc0, 0x2, 0xff, 0xd0, 0x0,
    0x0, 0x0, 0x1f, 0xfc, 0x0, 0x0, 0x0, 0xf,
    0xfc, 0x0, 0xbf, 0xf7, 0x0, 0x0, 0x0, 0x1,
    0xff, 0xc0, 0x0, 0x0, 0x0, 0xff, 0xc0, 0x5f,
    0xff, 0x10, 0x0, 0x0, 0x0, 0x1f, 0xfc, 0x0,
    0xaa, 0xaa, 0xbf, 0xfb, 0xd, 0xff, 0x70, 0x0,
    0x0, 0x0, 0x1, 0xff, 0xc0, 0xb, 0xff, 0xff,
    0xff, 0x60, 0x1c, 0xc0, 0x0, 0x0, 0x0, 0x0,
    0x1e, 0xeb, 0x0, 0x6f, 0xff, 0xfc, 0x70, 0x0,
    0x1, 0x0, 0x0, 0x0, 0x0, 0x0, 0x0, 0x0,
    0x0, 0x0, 0x0, 0x0, 0x0,

    /* U+76D8 "盘" */
    0x0, 0x0, 0x0, 0x0, 0x0, 0x0, 0x66, 0x30,
    0x0, 0x0, 0x0, 0x0, 0x0, 0x0, 0x0, 0x0,
    0x0, 0x0, 0x0, 0x0, 0xef, 0xf4, 0x0, 0x0,
    0x0, 0x0, 0x0, 0x0, 0x0, 0x0, 0x1, 0x22,
    0x11, 0x16, 0xff, 0xe1, 0x11, 0x11, 0x13, 0x10,
    0x0, 0x0, 0x0, 0x0, 0xe, 0xff, 0xff, 0xff,
    0xff, 0xff, 0xff, 0xff, 0xff, 0xf8, 0x0, 0x0,
    0x0, 0x0, 0xe, 0xff, 0xff, 0xff, 0xff, 0xff,
    0xff, 0xff, 0xff, 0xf8, 0x0, 0x0, 0x0, 0x0,
    0xe, 0xfe, 0x33, 0x36, 0x83, 0x33, 0x33, 0x33,
    0x8f, 0xf8, 0x0, 0x0, 0x0, 0x0, 0xe, 0xfb,
    0x0, 0x1e, 0xfe, 0x50, 0x0, 0x0, 0x5f, 0xf8,
    0x0, 0x0, 0x0, 0x0, 0xe, 0xfb, 0x0, 0x18,
    0xff, 0xfc, 0x20, 0x0, 0x5f, 0xf8, 0x0, 0x0,
    0x0, 0x0, 0xe, 0xfa, 0x0, 0x0, 0x1a, 0xff,
    0x60, 0x0, 0x5f, 0xf8, 0x0, 0x0, 0x68, 0x88,
    0x8f, 0xff, 0x88, 0x88, 0x88, 0xdf, 0x88, 0x88,
    0xdf, 0xff, 0x88, 0x86, 0xcf, 0xff, 0xff, 0xff,
    0xff, 0xff, 0xff, 0xff, 0xff, 0xff, 0xff, 0xff,
    0xff, 0xfb, 0xbf, 0xff, 0xff, 0xff, 0xff, 0xff,
    0xff, 0xff, 0xff, 0xff, 0xff, 0xff, 0xff, 0xfb,
    0x0, 0x0, 0xaf, 0xf2, 0x0, 0x9, 0x81, 0x0,
    0x0, 0x0, 0x5f, 0xf8, 0x0, 0x0, 0x0, 0x3,
    0xff, 0xd0, 0x0, 0x6f, 0xff, 0x80, 0x0, 0x0,
    0x5f, 0xf8, 0x0, 0x0, 0x0, 0x1e, 0xff, 0x50,
    0x0, 0x5, 0xdf, 0xfe, 0x30, 0x0, 0x5f, 0xf8,
    0x0, 0x0, 0x3, 0xdf, 0xfc, 0x0, 0x0, 0x0,
    0x6, 0xfe, 0x2a, 0xee, 0xff, 0xf6, 0x0, 0x0,
    0xb, 0xff, 0xe1, 0x0, 0x0, 0x0, 0x0, 0x13,
    0x5, 0xff, 0xff, 0xd1, 0x0, 0x0, 0x0, 0xbc,
    0x10, 0x0, 0x0, 0x0, 0x0, 0x0, 0x1, 0x66,
    0x53, 0x0, 0x0, 0x0, 0x0, 0x9, 0xff, 0xff,
    0xff, 0xff, 0xff, 0xff, 0xff, 0xff, 0xff, 0xff,
    0x40, 0x0, 0x0, 0x9, 0xff, 0xff, 0xff, 0xff,
    0xff, 0xff, 0xff, 0xff, 0xff, 0xff, 0x40, 0x0,
    0x0, 0x9, 0xff, 0x54, 0x4b, 0xff, 0x54, 0x4b,
    0xff, 0x54, 0x4a, 0xff, 0x40, 0x0, 0x0, 0x9,
    0xff, 0x10, 0x9, 0xff, 0x0, 0x9, 0xff, 0x0,
    0x8, 0xff, 0x40, 0x0, 0x0, 0x9, 0xff, 0x10,
    0x9, 0xff, 0x0, 0x9, 0xff, 0x0, 0x8, 0xff,
    0x40, 0x0, 0x0, 0x9, 0xff, 0x10, 0x9, 0xff,
    0x0, 0x9, 0xff, 0x0, 0x8, 0xff, 0x40, 0x0,
    0x0, 0x9, 0xff, 0x10, 0x9, 0xff, 0x0, 0x9,
    0xff, 0x0, 0x8, 0xff, 0x40, 0x0, 0xdf, 0xff,
    0xff, 0xff, 0xff, 0xff, 0xff, 0xff, 0xff, 0xff,
    0xff, 0xff, 0xff, 0xfa, 0xef, 0xff, 0xff, 0xff,
    0xff, 0xff, 0xff, 0xff, 0xff, 0xff, 0xff, 0xff,
    0xff, 0xfb, 0x78, 0x88, 0x88, 0x88, 0x88, 0x88,
    0x88, 0x88, 0x88, 0x88, 0x88, 0x88, 0x88, 0x85,

    /* U+786C "硬" */
    0x0, 0x0, 0x0, 0x0, 0x0, 0x0, 0x0, 0x0,
    0x0, 0x0, 0x0, 0x0, 0x0, 0x0, 0x0, 0x6,
    0xdd, 0xdd, 0xdd, 0xdd, 0xdc, 0x6f, 0xff, 0xff,
    0xff, 0xff, 0xff, 0xff, 0xff, 0xe0, 0x8, 0xff,
    0xff, 0xff, 0xff, 0xfe, 0x6f, 0xff, 0xff, 0xff,
    0xff, 0xff, 0xff, 0xff, 0xe0, 0x5, 0xbb, 0xbf,
    0xff, 0xbb, 0xba, 0x38, 0x88, 0x88, 0x8f, 0xff,
    0x88, 0x88, 0x88, 0x70, 0x0, 0x0, 0x2f, 0xf9,
    0x0, 0x0, 0x0, 0x0, 0x0, 0xc, 0xfe, 0x0,
    0x0, 0x0, 0x0, 0x0, 0x0, 0x5f, 0xf5, 0x0,
    0x0, 0x0, 0x0, 0x0, 0xc, 0xff, 0x0, 0x0,
    0x0, 0x0, 0x0, 0x0, 0x9f, 0xf1, 0x0, 0x0,
    0xe, 0xff, 0xff, 0xff, 0xff, 0xff, 0xff, 0xff,
    0x10, 0x0, 0x0, 0xdf, 0xd0, 0x0, 0x0, 0xe,
    0xff, 0xff, 0xff, 0xff, 0xff, 0xff, 0xff, 0x10,
    0x0, 0x2, 0xff, 0x90, 0x0, 0x0, 0xe, 0xfa,
    0x22, 0x2f, 0xff, 0x22, 0x29, 0xff, 0x10, 0x0,
    0x7, 0xff, 0x40, 0x0, 0x0, 0xe, 0xf9, 0x0,
    0xc, 0xfe, 0x0, 0x8, 0xff, 0x10, 0x0, 0xf,
    0xff, 0x55, 0x55, 0x54, 0xe, 0xfa, 0x22, 0x2e,
    0xff, 0x22, 0x29, 0xff, 0x10, 0x0, 0x4f, 0xff,
    0xff, 0xff, 0xfc, 0xe, 0xff, 0xff, 0xff, 0xff,
    0xff, 0xff, 0xff, 0x10, 0x0, 0xbf, 0xff, 0xff,
    0xff, 0xfc, 0xe, 0xff, 0xff, 0xff, 0xff, 0xff,
    0xff, 0xff, 0x10, 0x5, 0xff, 0xff, 0x22, 0x2b,
    0xfc, 0xe, 0xf9, 0x0, 0xc, 0xfe, 0x0, 0x8,
    0xff, 0x10, 0xe, 0xff, 0xfd, 0x0, 0xa, 0xfc,
    0xe, 0xf9, 0x0, 0xc, 0xfe, 0x0, 0x8, 0xff,
    0x10, 0xb, 0xff, 0xfd, 0x0, 0xa, 0xfc, 0xe,
    0xff, 0xff, 0xff, 0xff, 0xff, 0xff, 0xff, 0x10,
    0x5, 0xfc, 0xfd, 0x0, 0xa, 0xfc, 0xe, 0xff,
    0xff, 0xff, 0xff, 0xff, 0xff, 0xff, 0x10, 0x0,
    0x5a, 0xfd, 0x0, 0xa, 0xfc, 0x3, 0x33, 0x33,
    0x3f, 0xfe, 0x33, 0x33, 0x33, 0x0, 0x0, 0xa,
    0xfd, 0x0, 0xa, 0xfc, 0x7, 0xb9, 0x0, 0x2f,
    0xf8, 0x0, 0x0, 0x0, 0x0, 0x0, 0xa, 0xfd,
    0x0, 0xa, 0xfc, 0x8, 0xff, 0x30, 0x6f, 0xf4,
    0x0, 0x0, 0x0, 0x0, 0x0, 0xa, 0xfd, 0x0,
    0xa, 0xfc, 0x1, 0xef, 0xe2, 0xdf, 0xf0, 0x0,
    0x0, 0x0, 0x0, 0x0, 0xa, 0xff, 0x99, 0x9d,
    0xfc, 0x0, 0x5f, 0xff, 0xff, 0x80, 0x0, 0x0,
    0x0, 0x0, 0x0, 0xa, 0xff, 0xff, 0xff, 0xfc,
    0x0, 0x7, 0xff, 0xff, 0x10, 0x0, 0x0, 0x0,
    0x0, 0x0, 0xa, 0xff, 0xff, 0xff, 0xfc, 0x0,
    0x6, 0xff, 0xff, 0xe7, 0x10, 0x0, 0x0, 0x0,
    0x0, 0xa, 0xfd, 0x0, 0x0, 0x0, 0x5, 0xcf,
    0xff, 0xff, 0xff, 0xfc, 0x84, 0x10, 0x0, 0x0,
    0xa, 0xfd, 0x0, 0x0, 0x8, 0xef, 0xff, 0xe4,
    0x6, 0xef, 0xff, 0xff, 0xff, 0xc1, 0x0, 0x3,
    0x43, 0x0, 0x0, 0x2, 0xff, 0xf8, 0x10, 0x0,
    0x5, 0x9e, 0xff, 0xff, 0x50, 0x0, 0x0, 0x0,
    0x0, 0x0, 0x0, 0x46, 0x10, 0x0, 0x0, 0x0,
    0x0, 0x25, 0x88, 0x0,

    /* U+79BB "离" */
    0x0, 0x0, 0x0, 0x0, 0x0, 0x0, 0x2, 0x10,
    0x0, 0x0, 0x0, 0x0, 0x0, 0x0, 0x0, 0x0,
    0x0, 0x0, 0x0, 0x2, 0xdf, 0x80, 0x0, 0x0,
    0x0, 0x0, 0x0, 0x0, 0x0, 0x0, 0x0, 0x0,
    0x0, 0x0, 0xef, 0xf1, 0x0, 0x0, 0x0, 0x0,
    0x0, 0x0, 0x17, 0x77, 0x77, 0x77, 0x77, 0x77,
    0xff, 0xff, 0x77, 0x77, 0x77, 0x77, 0x77, 0x72,
    0x2f, 0xff, 0xff, 0xff, 0xff, 0xff, 0xff, 0xff,
    0xff, 0xff, 0xff, 0xff, 0xff, 0xf4, 0x2f, 0xff,
    0xff, 0xff, 0xff, 0xff, 0xff, 0xff, 0xff, 0xff,
    0xff, 0xff, 0xff, 0xf3, 0x0, 0x0, 0x55, 0x40,
    0x7, 0x60, 0x0, 0x0, 0x1b, 0xb2, 0x3, 0x55,
    0x0, 0x0, 0x0, 0x0, 0xff, 0xb0, 0x2e, 0xff,
    0x82, 0x7, 0xff, 0xa1, 0xa, 0xff, 0x20, 0x0,
    0x0, 0x0, 0xff, 0xb0, 0x0, 0x6d, 0xff, 0xff,
    0xe5, 0x0, 0xa, 0xff, 0x20, 0x0, 0x0, 0x0,
    0xff, 0xb0, 0x0, 0x5, 0xff, 0xff, 0xc3, 0x0,
    0xa, 0xff, 0x20, 0x0, 0x0, 0x0, 0xff, 0xb0,
    0x28, 0xef, 0xfa, 0x7d, 0xff, 0xc3, 0xa, 0xff,
    0x20, 0x0, 0x0, 0x0, 0xff, 0xb0, 0xcf, 0xfa,
    0x20, 0x0, 0x5d, 0xfa, 0xa, 0xff, 0x20, 0x0,
    0x0, 0x0, 0xff, 0xc1, 0x3a, 0x31, 0x11, 0x11,
    0x11, 0x72, 0x1a, 0xff, 0x20, 0x0, 0x0, 0x0,
    0xff, 0xff, 0xff, 0xff, 0xff, 0xff, 0xff, 0xff,
    0xff, 0xff, 0x20, 0x0, 0x0, 0x0, 0xff, 0xff,
    0xff, 0xff, 0xff, 0xff, 0xff, 0xff, 0xff, 0xff,
    0x20, 0x0, 0x0, 0x0, 0x11, 0x11, 0x11, 0x11,
    0xcf, 0xf8, 0x11, 0x11, 0x11, 0x11, 0x0, 0x0,
    0x0, 0x0, 0x0, 0x0, 0x0, 0x3, 0xff, 0xe0,
    0x0, 0x0, 0x0, 0x0, 0x0, 0x0, 0x0, 0xef,
    0xff, 0xff, 0xff, 0xff, 0xff, 0xff, 0xff, 0xff,
    0xff, 0xff, 0xff, 0x10, 0x0, 0xef, 0xff, 0xff,
    0xff, 0xff, 0xff, 0xff, 0xff, 0xff, 0xff, 0xff,
    0xff, 0x10, 0x0, 0xef, 0xe6, 0x66, 0x66, 0xff,
    0xf7, 0x66, 0x6d, 0x76, 0x66, 0x6f, 0xff, 0x10,
    0x0, 0xef, 0xd0, 0x0, 0x9, 0xff, 0x60, 0x0,
    0xbf, 0xc0, 0x0, 0xb, 0xff, 0x10, 0x0, 0xef,
    0xd0, 0x0, 0x6f, 0xfa, 0x0, 0x0, 0x3f, 0xfa,
    0x0, 0xb, 0xff, 0x10, 0x0, 0xef, 0xd0, 0x6,
    0xff, 0xf9, 0xac, 0xdf, 0xff, 0xff, 0x70, 0xb,
    0xff, 0x10, 0x0, 0xef, 0xd0, 0xe, 0xff, 0xff,
    0xff, 0xff, 0xfe, 0xff, 0xf3, 0xb, 0xff, 0x10,
    0x0, 0xef, 0xd0, 0x9, 0xff, 0xa9, 0x75, 0x32,
    0x0, 0xc, 0x80, 0xb, 0xff, 0x10, 0x0, 0xef,
    0xd0, 0x2, 0x10, 0x0, 0x0, 0x0, 0x0, 0x2,
    0x11, 0x1d, 0xff, 0x0, 0x0, 0xef, 0xd0, 0x0,
    0x0, 0x0, 0x0, 0x0, 0x0, 0xe, 0xff, 0xff,
    0xfe, 0x0, 0x0, 0xef, 0xd0, 0x0, 0x0, 0x0,
    0x0, 0x0, 0x0, 0x7, 0xff, 0xfe, 0xb3, 0x0,
    0x0, 0x0, 0x0, 0x0, 0x0, 0x0, 0x0, 0x0,
    0x0, 0x0, 0x0, 0x0, 0x0, 0x0,

    /* U+79D2 "秒" */
    0x0, 0x0, 0x0, 0x0, 0x0, 0x0, 0x0, 0x0,
    0x0, 0x8, 0x85, 0x0, 0x0, 0x0, 0x0, 0x0,
    0x0, 0x0, 0x1, 0x6c, 0x60, 0x0, 0x0, 0x1,
    0xff, 0xa0, 0x0, 0x0, 0x0, 0x0, 0x0, 0x14,
    0x8c, 0xff, 0xff, 0x20, 0x0, 0x0, 0x1f, 0xfa,
    0x0, 0x0, 0x0, 0x0, 0x4b, 0xef, 0xff, 0xff,
    0xff, 0xb4, 0x0, 0x0, 0x1, 0xff, 0xa0, 0x0,
    0x0, 0x0, 0x2, 0xff, 0xff, 0xff, 0xf5, 0x10,
    0x0, 0x0, 0x0, 0x1f, 0xfa, 0x0, 0x0, 0x0,
    0x0, 0x8, 0x74, 0x2f, 0xfb, 0x0, 0x0, 0x1,
    0x10, 0x1, 0xff, 0xa0, 0x16, 0x80, 0x0, 0x0,
    0x0, 0x0, 0xff, 0xb0, 0x0, 0x0, 0x8f, 0xe2,
    0x1f, 0xfa, 0x9, 0xff, 0x40, 0x0, 0x0, 0x0,
    0xf, 0xfb, 0x0, 0x0, 0xa, 0xff, 0x1, 0xff,
    0xa0, 0x2f, 0xfc, 0x0, 0x0, 0x0, 0x0, 0xff,
    0xb0, 0x0, 0x0, 0xdf, 0xd0, 0x1f, 0xfa, 0x0,
    0xaf, 0xf3, 0x0, 0xcf, 0xff, 0xff, 0xff, 0xff,
    0xfb, 0x1f, 0xfa, 0x1, 0xff, 0xa0, 0x4, 0xff,
    0x90, 0xd, 0xff, 0xff, 0xff, 0xff, 0xff, 0xc4,
    0xff, 0x60, 0x1f, 0xfa, 0x0, 0xd, 0xff, 0x10,
    0x8a, 0xaa, 0xff, 0xff, 0xaa, 0xa8, 0x8f, 0xf2,
    0x1, 0xff, 0xa0, 0x0, 0x7f, 0xf6, 0x0, 0x0,
    0xc, 0xff, 0xf2, 0x0, 0xd, 0xfe, 0x0, 0x1f,
    0xfa, 0x0, 0x2, 0xff, 0xb0, 0x0, 0x2, 0xff,
    0xff, 0xd1, 0x2, 0xff, 0x90, 0x1, 0xff, 0xa0,
    0x0, 0xd, 0xd7, 0x0, 0x0, 0x9f, 0xff, 0xff,
    0xb0, 0x5f, 0xf4, 0x0, 0x1f, 0xfa, 0x0, 0x0,
    0x10, 0x0, 0x0, 0x1f, 0xff, 0xfd, 0xff, 0x90,
    0x17, 0x0, 0x1, 0xff, 0xa0, 0x1, 0x95, 0x0,
    0x0, 0xa, 0xfd, 0xff, 0xb7, 0xff, 0x50, 0x0,
    0x0, 0x1f, 0xfa, 0x0, 0x8f, 0xf8, 0x0, 0x3,
    0xff, 0x6f, 0xfb, 0xd, 0xf2, 0x0, 0x0, 0x1,
    0xff, 0xa0, 0x1f, 0xff, 0x10, 0x0, 0xcf, 0xd0,
    0xff, 0xb0, 0x45, 0x0, 0x0, 0x0, 0x1f, 0xfa,
    0xa, 0xff, 0x90, 0x0, 0x7f, 0xf5, 0xf, 0xfb,
    0x0, 0x0, 0x0, 0x0, 0x0, 0x0, 0x7, 0xff,
    0xe1, 0x0, 0x1f, 0xfd, 0x0, 0xff, 0xb0, 0x0,
    0x0, 0x0, 0x0, 0x0, 0x5, 0xff, 0xf4, 0x0,
    0x0, 0x9f, 0x30, 0xf, 0xfb, 0x0, 0x0, 0x0,
    0x0, 0x0, 0x8, 0xff, 0xf8, 0x0, 0x0, 0x1,
    0x70, 0x0, 0xff, 0xb0, 0x0, 0x0, 0x0, 0x0,
    0x3c, 0xff, 0xf7, 0x0, 0x0, 0x0, 0x0, 0x0,
    0xf, 0xfb, 0x0, 0x0, 0x0, 0x3, 0xaf, 0xff,
    0xf6, 0x0, 0x0, 0x0, 0x0, 0x0, 0x0, 0xff,
    0xb0, 0x0, 0x3, 0x7d, 0xff, 0xff, 0xb2, 0x0,
    0x0, 0x0, 0x0, 0x0, 0x0, 0xf, 0xfb, 0x0,
    0xbf, 0xff, 0xff, 0xfd, 0x50, 0x0, 0x0, 0x0,
    0x0, 0x0, 0x0, 0x0, 0xff, 0xb0, 0x7, 0xff,
    0xff, 0xa3, 0x0, 0x0, 0x0, 0x0, 0x0, 0x0,
    0x0, 0x0, 0xf, 0xfb, 0x0, 0xc, 0x94, 0x0,
    0x0, 0x0, 0x0, 0x0, 0x0, 0x0,

    /* U+7A0B "程" */
    0x0, 0x0, 0x0, 0x0, 0x0, 0x0, 0x0, 0x0,
    0x0, 0x0, 0x0, 0x0, 0x0, 0x0, 0x0, 0x0,
    0x0, 0x0, 0x15, 0xbe, 0x20, 0x2, 0x22, 0x22,
    0x22, 0x22, 0x22, 0x22, 0x10, 0x0, 0x1, 0x48,
    0xcf, 0xff, 0xfe, 0x11, 0xff, 0xff, 0xff, 0xff,
    0xff, 0xff, 0xf9, 0x0, 0x8e, 0xff, 0xff, 0xff,
    0xfc, 0x71, 0x1f, 0xff, 0xff, 0xff, 0xff, 0xff,
    0xff, 0x90, 0x6, 0xff, 0xff, 0xff, 0xf1, 0x0,
    0x1, 0xff, 0xa4, 0x44, 0x44, 0x44, 0x6f, 0xf9,
    0x0, 0x18, 0x53, 0xf, 0xfc, 0x0, 0x0, 0x1f,
    0xf9, 0x0, 0x0, 0x0, 0x2, 0xff, 0x90, 0x0,
    0x0, 0x0, 0xff, 0xc0, 0x0, 0x1, 0xff, 0x90,
    0x0, 0x0, 0x0, 0x2f, 0xf9, 0x0, 0x0, 0x0,
    0xf, 0xfc, 0x0, 0x0, 0x1f, 0xf9, 0x0, 0x0,
    0x0, 0x2, 0xff, 0x90, 0x0, 0x11, 0x11, 0xff,
    0xd1, 0x11, 0x1, 0xff, 0x90, 0x0, 0x0, 0x0,
    0x2f, 0xf9, 0x0, 0xaf, 0xff, 0xff, 0xff, 0xff,
    0xf4, 0x1f, 0xff, 0xff, 0xff, 0xff, 0xff, 0xff,
    0x90, 0xa, 0xff, 0xff, 0xff, 0xff, 0xff, 0x41,
    0xff, 0xff, 0xff, 0xff, 0xff, 0xff, 0xf9, 0x0,
    0x69, 0x99, 0xff, 0xff, 0x99, 0x92, 0x7, 0x77,
    0x77, 0x77, 0x77, 0x77, 0x77, 0x40, 0x0, 0x0,
    0xb, 0xff, 0xc0, 0x0, 0x0, 0x0, 0x0, 0x0,
    0x0, 0x0, 0x0, 0x0, 0x0, 0x0, 0x2, 0xff,
    0xff, 0x20, 0x0, 0x11, 0x11, 0x11, 0x11, 0x11,
    0x11, 0x11, 0x10, 0x0, 0x0, 0x9f, 0xff, 0xfe,
    0x20, 0x3f, 0xff, 0xff, 0xff, 0xff, 0xff, 0xff,
    0xff, 0x50, 0x0, 0x1f, 0xff, 0xff, 0xfe, 0x23,
    0xff, 0xff, 0xff, 0xff, 0xff, 0xff, 0xff, 0xf5,
    0x0, 0x8, 0xfd, 0xff, 0xcd, 0xfe, 0x36, 0x66,
    0x66, 0x6f, 0xff, 0x66, 0x66, 0x66, 0x10, 0x2,
    0xff, 0x6f, 0xfc, 0x3f, 0xf8, 0x0, 0x0, 0x0,
    0xef, 0xe0, 0x0, 0x0, 0x0, 0x0, 0xaf, 0xe0,
    0xff, 0xc0, 0x8d, 0x0, 0x0, 0x0, 0xe, 0xfe,
    0x0, 0x0, 0x0, 0x0, 0x5f, 0xf7, 0xf, 0xfc,
    0x0, 0x20, 0x47, 0x77, 0x77, 0xff, 0xf7, 0x77,
    0x77, 0x40, 0x1f, 0xfe, 0x0, 0xff, 0xc0, 0x0,
    0x8, 0xff, 0xff, 0xff, 0xff, 0xff, 0xff, 0xfa,
    0x0, 0xcf, 0x60, 0xf, 0xfc, 0x0, 0x0, 0x8f,
    0xff, 0xff, 0xff, 0xff, 0xff, 0xff, 0x90, 0x4,
    0xb0, 0x0, 0xff, 0xc0, 0x0, 0x0, 0x0, 0x0,
    0xe, 0xfe, 0x0, 0x0, 0x0, 0x0, 0x0, 0x0,
    0xf, 0xfc, 0x0, 0x0, 0x0, 0x0, 0x0, 0xef,
    0xe0, 0x0, 0x0, 0x0, 0x0, 0x0, 0x0, 0xff,
    0xc0, 0x0, 0x0, 0x0, 0x0, 0xe, 0xfe, 0x0,
    0x0, 0x0, 0x0, 0x0, 0x0, 0xf, 0xfc, 0x0,
    0x5b, 0xbb, 0xbb, 0xbb, 0xff, 0xfb, 0xbb, 0xbb,
    0xbb, 0x0, 0x0, 0x0, 0xff, 0xc0, 0x7, 0xff,
    0xff, 0xff, 0xff, 0xff, 0xff, 0xff, 0xff, 0xf0,
    0x0, 0x0, 0xf, 0xfc, 0x0, 0x6c, 0xcc, 0xcc,
    0xcc, 0xcc, 0xcc, 0xcc, 0xcc, 0xcc,

    /* U+7A7A "空" */
    0x0, 0x0, 0x0, 0x0, 0x0, 0x0, 0x31, 0x0,
    0x0, 0x0, 0x0, 0x0, 0x0, 0x0, 0x0, 0x0,
    0x0, 0x0, 0x7e, 0xf9, 0x0, 0x0, 0x0, 0x0,
    0x0, 0x0, 0x0, 0x0, 0x0, 0x0, 0x0, 0x5f,
    0xff, 0x10, 0x0, 0x0, 0x0, 0x0, 0x0, 0x0,
    0x0, 0x0, 0x0, 0x0, 0xe, 0xff, 0x90, 0x0,
    0x0, 0x0, 0x0, 0x0, 0x9a, 0xaa, 0xaa, 0xaa,
    0xaa, 0xaf, 0xff, 0xfa, 0xaa, 0xaa, 0xaa, 0xaa,
    0xa9, 0xef, 0xff, 0xff, 0xff, 0xff, 0xff, 0xff,
    0xff, 0xff, 0xff, 0xff, 0xff, 0xff, 0xef, 0xff,
    0xff, 0xff, 0xff, 0xff, 0xff, 0xff, 0xff, 0xff,
    0xff, 0xff, 0xff, 0xef, 0xe0, 0x0, 0x0, 0x0,
    0x0, 0x0, 0x0, 0x0, 0x0, 0x0, 0xf, 0xff,
    0xef, 0xe0, 0x0, 0x0, 0x13, 0x0, 0x0, 0x0,
    0x40, 0x0, 0x0, 0xf, 0xff, 0xef, 0xe0, 0x0,
    0x4, 0xef, 0x60, 0x0, 0xb, 0xfd, 0x60, 0x0,
    0xf, 0xff, 0xef, 0xe0, 0x1, 0x9f, 0xff, 0xb0,
    0x0, 0x4e, 0xff, 0xfe, 0x60, 0xb, 0xbb, 0x56,
    0x50, 0x7e, 0xff, 0xf8, 0x0, 0x0, 0x0, 0x6e,
    0xff, 0xfe, 0x60, 0x0, 0x1, 0x7e, 0xff, 0xfd,
    0x30, 0x0, 0x0, 0x0, 0x0, 0x7e, 0xff, 0xfd,
    0x50, 0x6f, 0xff, 0xff, 0x70, 0x0, 0x0, 0x0,
    0x0, 0x0, 0x1, 0x8f, 0xff, 0xf7, 0xd, 0xff,
    0x91, 0x0, 0x0, 0x0, 0x0, 0x0, 0x0, 0x0,
    0x1, 0xaf, 0xa0, 0x3, 0x87, 0x88, 0x88, 0x88,
    0x88, 0x88, 0x88, 0x88, 0x88, 0x88, 0x33, 0x0,
    0x0, 0xa, 0xff, 0xff, 0xff, 0xff, 0xff, 0xff,
    0xff, 0xff, 0xff, 0x60, 0x0, 0x0, 0xa, 0xff,
    0xff, 0xff, 0xff, 0xff, 0xff, 0xff, 0xff, 0xff,
    0x60, 0x0, 0x0, 0x0, 0x0, 0x0, 0x0, 0xd,
    0xff, 0x30, 0x0, 0x0, 0x0, 0x0, 0x0, 0x0,
    0x0, 0x0, 0x0, 0x0, 0xd, 0xff, 0x30, 0x0,
    0x0, 0x0, 0x0, 0x0, 0x0, 0x0, 0x0, 0x0,
    0x0, 0xd, 0xff, 0x30, 0x0, 0x0, 0x0, 0x0,
    0x0, 0x0, 0x0, 0x0, 0x0, 0x0, 0xd, 0xff,
    0x30, 0x0, 0x0, 0x0, 0x0, 0x0, 0x0, 0x0,
    0x0, 0x0, 0x0, 0xd, 0xff, 0x30, 0x0, 0x0,
    0x0, 0x0, 0x0, 0x0, 0x0, 0x0, 0x0, 0x0,
    0xd, 0xff, 0x30, 0x0, 0x0, 0x0, 0x0, 0x0,
    0x1, 0x11, 0x11, 0x11, 0x11, 0x1e, 0xff, 0x41,
    0x11, 0x11, 0x11, 0x11, 0x11, 0xcf, 0xff, 0xff,
    0xff, 0xff, 0xff, 0xff, 0xff, 0xff, 0xff, 0xff,
    0xff, 0xfe, 0xcf, 0xff, 0xff, 0xff, 0xff, 0xff,
    0xff, 0xff, 0xff, 0xff, 0xff, 0xff, 0xfe, 0x68,
    0x88, 0x88, 0x88, 0x88, 0x88, 0x88, 0x88, 0x88,
    0x88, 0x88, 0x88, 0x87,

    /* U+7AEF "端" */
    0x0, 0x0, 0x0, 0x0, 0x0, 0x0, 0x0, 0x0,
    0x0, 0x14, 0x40, 0x0, 0x0, 0x0, 0x0, 0x0,
    0x7, 0xcb, 0x0, 0x0, 0x0, 0x0, 0x0, 0x7,
    0xff, 0x0, 0x0, 0x0, 0x0, 0x0, 0x0, 0x8f,
    0xf4, 0x0, 0x0, 0xcd, 0x90, 0x0, 0x7f, 0xf0,
    0x0, 0x1d, 0xd8, 0x0, 0x0, 0x1, 0xff, 0xc0,
    0x0, 0xe, 0xfb, 0x0, 0x7, 0xff, 0x0, 0x1,
    0xff, 0xa0, 0x0, 0x0, 0xa, 0xff, 0x20, 0x0,
    0xef, 0xb0, 0x0, 0x7f, 0xf0, 0x0, 0x1f, 0xfa,
    0x0, 0x0, 0x0, 0x4d, 0x81, 0x0, 0xe, 0xfb,
    0x0, 0x7, 0xff, 0x0, 0x1, 0xff, 0xa0, 0xc,
    0xff, 0xff, 0xff, 0xff, 0xf4, 0xef, 0xb0, 0x0,
    0x8f, 0xf1, 0x0, 0x1f, 0xfa, 0x0, 0xdf, 0xff,
    0xff, 0xff, 0xff, 0x4e, 0xff, 0xff, 0xff, 0xff,
    0xff, 0xff, 0xff, 0xa0, 0x8, 0xaa, 0xaa, 0xaa,
    0xaa, 0xa2, 0xef, 0xff, 0xff, 0xff, 0xff, 0xff,
    0xff, 0xfa, 0x0, 0x0, 0x0, 0x0, 0x2, 0x0,
    0x6, 0x77, 0x77, 0x77, 0x77, 0x77, 0x77, 0x77,
    0x40, 0x0, 0xad, 0x30, 0x0, 0xff, 0x50, 0x0,
    0x0, 0x0, 0x0, 0x0, 0x0, 0x0, 0x0, 0x0,
    0xc, 0xf6, 0x0, 0x1f, 0xf4, 0x88, 0x88, 0x88,
    0x88, 0x88, 0x88, 0x88, 0x88, 0x85, 0x0, 0xaf,
    0x80, 0x3, 0xff, 0x2f, 0xff, 0xff, 0xff, 0xff,
    0xff, 0xff, 0xff, 0xff, 0x90, 0x8, 0xfb, 0x0,
    0x4f, 0xf0, 0xff, 0xff, 0xff, 0xff, 0xff, 0xff,
    0xff, 0xff, 0xf9, 0x0, 0x6f, 0xd0, 0x6, 0xfd,
    0x0, 0x0, 0x0, 0x0, 0xef, 0xf1, 0x0, 0x0,
    0x0, 0x0, 0x4, 0xff, 0x0, 0x8f, 0xa0, 0x0,
    0x0, 0x0, 0x1f, 0xfc, 0x0, 0x0, 0x0, 0x0,
    0x0, 0x2f, 0xf1, 0xb, 0xf7, 0x1, 0x77, 0x77,
    0x7b, 0xff, 0xe7, 0x77, 0x7a, 0xd6, 0x0, 0x0,
    0xff, 0x20, 0xdf, 0x40, 0x4f, 0xff, 0xff, 0xff,
    0xff, 0xff, 0xff, 0xff, 0xf0, 0x0, 0xf, 0xf4,
    0xf, 0xf2, 0x4, 0xff, 0xff, 0xff, 0xff, 0xff,
    0xff, 0xff, 0xff, 0x0, 0x0, 0xef, 0x52, 0xfe,
    0x0, 0x4f, 0xf3, 0x4, 0xfe, 0x0, 0xff, 0x30,
    0x8f, 0xf0, 0x0, 0xb, 0xb3, 0x4f, 0xb1, 0x45,
    0xff, 0x30, 0x4f, 0xe0, 0xf, 0xf3, 0x8, 0xff,
    0x0, 0x0, 0x0, 0x3e, 0xff, 0xff, 0x8f, 0xf3,
    0x4, 0xfe, 0x0, 0xff, 0x30, 0x8f, 0xf0, 0x7,
    0x9d, 0xff, 0xff, 0xff, 0xfa, 0xff, 0x30, 0x4f,
    0xe0, 0xf, 0xf3, 0x8, 0xff, 0x0, 0xef, 0xff,
    0xff, 0xea, 0x63, 0x4f, 0xf3, 0x4, 0xfe, 0x0,
    0xff, 0x30, 0x8f, 0xf0, 0xa, 0xfc, 0x85, 0x10,
    0x0, 0x4, 0xff, 0x30, 0x4f, 0xe0, 0xf, 0xf3,
    0x8, 0xff, 0x0, 0x10, 0x0, 0x0, 0x0, 0x0,
    0x4f, 0xf3, 0x4, 0xfe, 0x0, 0xff, 0x42, 0x9f,
    0xf0, 0x0, 0x0, 0x0, 0x0, 0x0, 0x4, 0xff,
    0x30, 0x4f, 0xe0, 0xf, 0xf7, 0xff, 0xfe, 0x0,
    0x0, 0x0, 0x0, 0x0, 0x0, 0x4f, 0xf3, 0x4,
    0xfe, 0x0, 0xff, 0x2e, 0xfd, 0x60, 0x0, 0x0,
    0x0, 0x0, 0x0, 0x0, 0x0, 0x0, 0x0, 0x0,
    0x0, 0x0, 0x10, 0x0, 0x0,

    /* U+7B49 "等" */
    0x0, 0x0, 0x4, 0x30, 0x0, 0x0, 0x0, 0x0,
    0x4, 0x40, 0x0, 0x0, 0x0, 0x0, 0x0, 0x0,
    0x0, 0xff, 0xe0, 0x0, 0x0, 0x0, 0x0, 0xef,
    0xf1, 0x0, 0x0, 0x0, 0x0, 0x0, 0x0, 0x7f,
    0xf9, 0x0, 0x0, 0x0, 0x0, 0x6f, 0xfa, 0x0,
    0x0, 0x0, 0x0, 0x0, 0x0, 0x1f, 0xff, 0xff,
    0xff, 0xff, 0xfa, 0x1f, 0xff, 0xff, 0xff, 0xff,
    0xff, 0xfa, 0x0, 0xa, 0xff, 0xff, 0xff, 0xff,
    0xff, 0xaa, 0xff, 0xff, 0xff, 0xff, 0xff, 0xff,
    0xb0, 0x6, 0xff, 0xfa, 0xff, 0xf6, 0x66, 0x6b,
    0xff, 0xf8, 0xaf, 0xff, 0x66, 0x66, 0x64, 0x4,
    0xff, 0xf4, 0xb, 0xff, 0x20, 0x6, 0xff, 0xf5,
    0x0, 0x8f, 0xf6, 0x0, 0x0, 0x0, 0xdf, 0xf8,
    0x0, 0x4f, 0xf7, 0x0, 0x6f, 0xfb, 0x0, 0x0,
    0xef, 0xe0, 0x0, 0x0, 0x0, 0x9a, 0x0, 0x0,
    0xa4, 0x0, 0x8, 0xff, 0xa0, 0x0, 0x6, 0x92,
    0x0, 0x0, 0x0, 0x0, 0x4, 0x66, 0x66, 0x66,
    0x66, 0xef, 0xff, 0x66, 0x66, 0x66, 0x66, 0x60,
    0x0, 0x0, 0x0, 0xaf, 0xff, 0xff, 0xff, 0xff,
    0xff, 0xff, 0xff, 0xff, 0xff, 0xfe, 0x0, 0x0,
    0x0, 0x9, 0xff, 0xff, 0xff, 0xff, 0xff, 0xff,
    0xff, 0xff, 0xff, 0xff, 0xd0, 0x0, 0x0, 0x0,
    0x0, 0x0, 0x0, 0x0, 0x8, 0xff, 0xa0, 0x0,
    0x0, 0x0, 0x0, 0x0, 0x0, 0x0, 0x0, 0x0,
    0x0, 0x0, 0x0, 0x8f, 0xfa, 0x0, 0x0, 0x0,
    0x0, 0x0, 0x0, 0x8, 0xdd, 0xdd, 0xdd, 0xdd,
    0xdd, 0xdf, 0xff, 0xfd, 0xdd, 0xdd, 0xdd, 0xdd,
    0xdd, 0x90, 0xaf, 0xff, 0xff, 0xff, 0xff, 0xff,
    0xff, 0xff, 0xff, 0xff, 0xff, 0xff, 0xff, 0xfb,
    0x5, 0x88, 0x88, 0x88, 0x88, 0x88, 0x88, 0x88,
    0x88, 0x8d, 0xff, 0xf8, 0x88, 0x88, 0x60, 0x0,
    0x0, 0x0, 0x0, 0x0, 0x0, 0x0, 0x0, 0x0,
    0x5f, 0xf8, 0x0, 0x0, 0x0, 0x0, 0x13, 0x33,
    0x33, 0x33, 0x33, 0x33, 0x33, 0x33, 0x38, 0xff,
    0xc3, 0x33, 0x32, 0x0, 0x9, 0xff, 0xff, 0xff,
    0xff, 0xff, 0xff, 0xff, 0xff, 0xff, 0xff, 0xff,
    0xff, 0xe0, 0x0, 0x9f, 0xff, 0xff, 0xff, 0xff,
    0xff, 0xff, 0xff, 0xff, 0xff, 0xff, 0xff, 0xfe,
    0x0, 0x2, 0x44, 0x44, 0x8f, 0xc4, 0x44, 0x44,
    0x44, 0x44, 0x9f, 0xfd, 0x44, 0x44, 0x30, 0x0,
    0x0, 0x0, 0x2f, 0xff, 0xd2, 0x0, 0x0, 0x0,
    0x5, 0xff, 0x80, 0x0, 0x0, 0x0, 0x0, 0x0,
    0x0, 0x2c, 0xff, 0xe4, 0x0, 0x0, 0x0, 0x5f,
    0xf8, 0x0, 0x0, 0x0, 0x0, 0x0, 0x0, 0x0,
    0xa, 0xff, 0xf4, 0x0, 0x0, 0x5, 0xff, 0x80,
    0x0, 0x0, 0x0, 0x0, 0x0, 0x0, 0x0, 0x9,
    0xfc, 0x10, 0x99, 0x99, 0xcf, 0xf8, 0x0, 0x0,
    0x0, 0x0, 0x0, 0x0, 0x0, 0x0, 0x6, 0x0,
    0xa, 0xff, 0xff, 0xff, 0x40, 0x0, 0x0, 0x0,
    0x0, 0x0, 0x0, 0x0, 0x0, 0x0, 0x0, 0x4f,
    0xff, 0xfc, 0x60, 0x0, 0x0, 0x0, 0x0, 0x0,
    0x0, 0x0, 0x0, 0x0, 0x0, 0x0, 0x0, 0x0,
    0x0, 0x0, 0x0, 0x0, 0x0,

    /* U+7CFB "系" */
    0x0, 0x0, 0x0, 0x0, 0x0, 0x0, 0x0, 0x0,
    0x0, 0x0, 0x0, 0x20, 0x0, 0x0, 0x0, 0x0,
    0x0, 0x0, 0x0, 0x0, 0x0, 0x0, 0x13, 0x68,
    0xbe, 0xfa, 0x0, 0x0, 0x0, 0x0, 0x1, 0x23,
    0x46, 0x79, 0xab, 0xdf, 0xff, 0xff, 0xff, 0xff,
    0x80, 0x0, 0x0, 0xaf, 0xff, 0xff, 0xff, 0xff,
    0xff, 0xff, 0xff, 0xff, 0xfd, 0xa7, 0x30, 0x0,
    0x0, 0x5f, 0xff, 0xff, 0xff, 0xff, 0xff, 0xfa,
    0x86, 0x42, 0x0, 0x0, 0x0, 0x0, 0x0, 0x18,
    0x76, 0x65, 0x44, 0xef, 0xfb, 0x0, 0x0, 0x0,
    0x0, 0x0, 0x0, 0x0, 0x0, 0x0, 0x0, 0x0,
    0x1d, 0xff, 0xa0, 0x0, 0x0, 0x9, 0x70, 0x0,
    0x0, 0x0, 0x0, 0x0, 0x0, 0x2, 0xdf, 0xf9,
    0x0, 0x0, 0x2, 0xcf, 0xf9, 0x0, 0x0, 0x0,
    0x0, 0x0, 0x0, 0x4e, 0xff, 0x70, 0x0, 0x0,
    0x5f, 0xff, 0xe5, 0x0, 0x0, 0x0, 0x0, 0x0,
    0x19, 0xff, 0xf6, 0x23, 0x45, 0x7f, 0xff, 0xfb,
    0x10, 0x0, 0x0, 0x0, 0x0, 0x0, 0xff, 0xff,
    0xff, 0xff, 0xff, 0xff, 0xff, 0x60, 0x0, 0x0,
    0x0, 0x0, 0x0, 0x0, 0xff, 0xff, 0xff, 0xff,
    0xff, 0xff, 0xe1, 0x0, 0x0, 0x0, 0x0, 0x0,
    0x0, 0x0, 0x77, 0x54, 0x23, 0x9f, 0xff, 0xc3,
    0x0, 0x8, 0xea, 0x0, 0x0, 0x0, 0x0, 0x0,
    0x0, 0x0, 0x7e, 0xff, 0xe6, 0x0, 0x0, 0x8,
    0xff, 0xb0, 0x0, 0x0, 0x0, 0x0, 0x1, 0x7e,
    0xff, 0xe6, 0x0, 0x0, 0x1, 0x34, 0xdf, 0xff,
    0x0, 0x0, 0x0, 0x3, 0xbf, 0xff, 0xff, 0xab,
    0xcd, 0xef, 0xff, 0xff, 0xff, 0xff, 0xb0, 0x0,
    0x0, 0x8f, 0xff, 0xff, 0xff, 0xff, 0xff, 0xff,
    0xff, 0xff, 0xfe, 0xff, 0xfa, 0x0, 0x0, 0x3f,
    0xff, 0xff, 0xec, 0xba, 0xaf, 0xff, 0x42, 0x10,
    0x0, 0xb, 0xff, 0x70, 0x0, 0xb, 0x53, 0x10,
    0x0, 0x0, 0x1f, 0xfd, 0x0, 0x0, 0x0, 0x1,
    0xee, 0x60, 0x0, 0x0, 0x0, 0x2a, 0x50, 0x0,
    0x1f, 0xfd, 0x0, 0x7, 0xc2, 0x0, 0x21, 0x0,
    0x0, 0x0, 0x1, 0xdf, 0xfb, 0x0, 0x1f, 0xfd,
    0x0, 0x9f, 0xfe, 0x50, 0x0, 0x0, 0x0, 0x0,
    0x1d, 0xff, 0xd1, 0x0, 0x1f, 0xfd, 0x0, 0xa,
    0xff, 0xf8, 0x0, 0x0, 0x0, 0x2, 0xef, 0xfe,
    0x20, 0x0, 0x1f, 0xfd, 0x0, 0x0, 0x8f, 0xff,
    0xa0, 0x0, 0x0, 0x5f, 0xff, 0xd2, 0x0, 0x0,
    0x1f, 0xfd, 0x0, 0x0, 0x6, 0xff, 0xfc, 0x10,
    0xa, 0xff, 0xfd, 0x10, 0x0, 0x0, 0x1f, 0xfc,
    0x0, 0x0, 0x0, 0x4f, 0xff, 0xd1, 0x3, 0xdf,
    0xb0, 0x0, 0x5b, 0xaa, 0xcf, 0xfc, 0x0, 0x0,
    0x0, 0x3, 0xff, 0x80, 0x0, 0x16, 0x0, 0x0,
    0x1f, 0xff, 0xff, 0xf8, 0x0, 0x0, 0x0, 0x0,
    0x43, 0x0, 0x0, 0x0, 0x0, 0x0, 0xb, 0xff,
    0xfd, 0x80, 0x0, 0x0, 0x0, 0x0, 0x0, 0x0,
    0x0, 0x0, 0x0, 0x0, 0x0, 0x0, 0x0, 0x0,
    0x0, 0x0, 0x0, 0x0, 0x0, 0x0,

    /* U+7D2F "累" */
    0x0, 0x4, 0x44, 0x44, 0x44, 0x44, 0x44, 0x44,
    0x44, 0x44, 0x44, 0x44, 0x40, 0x0, 0x0, 0xff,
    0xff, 0xff, 0xff, 0xff, 0xff, 0xff, 0xff, 0xff,
    0xff, 0xff, 0x10, 0x0, 0xf, 0xff, 0xff, 0xff,
    0xff, 0xff, 0xff, 0xff, 0xff, 0xff, 0xff, 0xf1,
    0x0, 0x0, 0xff, 0xb0, 0x0, 0x0, 0xb, 0xff,
    0x10, 0x0, 0x0, 0xb, 0xff, 0x10, 0x0, 0xf,
    0xfb, 0x11, 0x11, 0x11, 0xcf, 0xf2, 0x11, 0x11,
    0x11, 0xcf, 0xf1, 0x0, 0x0, 0xff, 0xff, 0xff,
    0xff, 0xff, 0xff, 0xff, 0xff, 0xff, 0xff, 0xff,
    0x10, 0x0, 0xf, 0xff, 0xff, 0xff, 0xff, 0xff,
    0xff, 0xff, 0xff, 0xff, 0xff, 0xf1, 0x0, 0x0,
    0xff, 0xb0, 0x0, 0x0, 0xb, 0xff, 0x10, 0x0,
    0x0, 0xb, 0xff, 0x10, 0x0, 0xf, 0xfb, 0x0,
    0x0, 0x0, 0xbf, 0xf1, 0x0, 0x0, 0x0, 0xbf,
    0xf1, 0x0, 0x0, 0xff, 0xff, 0xff, 0xff, 0xff,
    0xff, 0xff, 0xff, 0xff, 0xff, 0xff, 0x10, 0x0,
    0xf, 0xff, 0xff, 0xff, 0xff, 0xff, 0xff, 0xff,
    0xff, 0xff, 0xff, 0xf1, 0x0, 0x0, 0x34, 0x44,
    0x4b, 0xff, 0xfa, 0x44, 0x44, 0x49, 0x44, 0x44,
    0x44, 0x0, 0x0, 0x0, 0x0, 0x3d, 0xff, 0xc2,
    0x0, 0x0, 0x5e, 0xfb, 0x0, 0x0, 0x0, 0x0,
    0x0, 0x3, 0xaf, 0xff, 0xa4, 0x45, 0x6b, 0xff,
    0xff, 0xc2, 0x0, 0x0, 0x0, 0x0, 0x8, 0xff,
    0xff, 0xff, 0xff, 0xff, 0xff, 0xfc, 0x40, 0x20,
    0x0, 0x0, 0x0, 0x0, 0x4f, 0xff, 0xff, 0xef,
    0xff, 0xff, 0xc5, 0x1, 0x9f, 0xa0, 0x0, 0x0,
    0x0, 0x0, 0x73, 0x12, 0x7e, 0xff, 0xfa, 0x30,
    0x0, 0xb, 0xff, 0xd2, 0x0, 0x0, 0x0, 0x0,
    0x5b, 0xff, 0xfd, 0x82, 0x11, 0x23, 0x34, 0x5d,
    0xff, 0xf3, 0x0, 0x0, 0x8f, 0xff, 0xff, 0xff,
    0xff, 0xff, 0xff, 0xff, 0xff, 0xff, 0xff, 0xf4,
    0x0, 0xf, 0xff, 0xff, 0xff, 0xff, 0xff, 0xff,
    0xff, 0xfe, 0xdd, 0xcf, 0xff, 0xf2, 0x0, 0xdf,
    0xb9, 0x87, 0x65, 0x44, 0xcf, 0xf6, 0x0, 0x0,
    0x0, 0x6, 0xf8, 0x0, 0x0, 0x0, 0xa, 0xb5,
    0x0, 0x9, 0xff, 0x50, 0x3, 0xb6, 0x0, 0x2,
    0x0, 0x0, 0x0, 0x5e, 0xff, 0xc2, 0x0, 0x9f,
    0xf5, 0x3, 0xff, 0xfe, 0x70, 0x0, 0x0, 0x5,
    0xdf, 0xff, 0x80, 0x0, 0x9, 0xff, 0x50, 0x1,
    0x8f, 0xff, 0xe6, 0x0, 0x5e, 0xff, 0xfc, 0x30,
    0x17, 0x77, 0xdf, 0xf5, 0x0, 0x0, 0x1a, 0xff,
    0xfd, 0x30, 0xaf, 0xe5, 0x0, 0x0, 0xdf, 0xff,
    0xff, 0x30, 0x0, 0x0, 0x3, 0xcf, 0xe3, 0x0,
    0x40, 0x0, 0x0, 0x7, 0xff, 0xfc, 0x60, 0x0,
    0x0, 0x0, 0x0, 0x61, 0x0, 0x0, 0x0, 0x0,
    0x0, 0x0, 0x0, 0x0, 0x0, 0x0, 0x0, 0x0,
    0x0, 0x0,

    /* U+7EA7 "级" */
    0x0, 0x0, 0x0, 0x43, 0x0, 0x0, 0x0, 0x0,
    0x0, 0x0, 0x0, 0x0, 0x0, 0x0, 0x0, 0x0,
    0x0, 0x0, 0xcf, 0xb1, 0x0, 0x0, 0x0, 0x0,
    0x0, 0x0, 0x0, 0x0, 0x0, 0x0, 0x0, 0x0,
    0x3, 0xff, 0xc0, 0x0, 0x9a, 0xaa, 0xaa, 0xaa,
    0xaa, 0xef, 0xa3, 0x0, 0x0, 0x0, 0x0, 0x9,
    0xff, 0x50, 0x0, 0xff, 0xff, 0xff, 0xff, 0xff,
    0xff, 0xf2, 0x0, 0x0, 0x0, 0x0, 0x1f, 0xfd,
    0x0, 0x0, 0xff, 0xff, 0xff, 0xff, 0xff, 0xff,
    0xe0, 0x0, 0x0, 0x0, 0x0, 0x9f, 0xf5, 0x0,
    0x0, 0x0, 0xe, 0xff, 0x0, 0x2, 0xff, 0xa0,
    0x0, 0x0, 0x0, 0x1, 0xff, 0xb0, 0x1, 0x0,
    0x0, 0xe, 0xfe, 0x0, 0x5, 0xff, 0x60, 0x0,
    0x0, 0x0, 0xa, 0xff, 0x20, 0xc, 0xc2, 0x0,
    0xf, 0xfd, 0x0, 0xa, 0xff, 0x20, 0x0, 0x0,
    0x0, 0x4f, 0xf9, 0x0, 0x5f, 0xfc, 0x0, 0xf,
    0xfc, 0x0, 0xe, 0xfd, 0x0, 0x0, 0x0, 0x1,
    0xef, 0xd0, 0x0, 0xdf, 0xf3, 0x0, 0x1f, 0xfa,
    0x0, 0x2f, 0xf9, 0x0, 0x0, 0x0, 0x1d, 0xff,
    0xdb, 0xcf, 0xff, 0x80, 0x0, 0x3f, 0xf9, 0x0,
    0x7f, 0xfc, 0x7c, 0x61, 0x0, 0xf, 0xff, 0xff,
    0xff, 0xfd, 0x0, 0x0, 0x4f, 0xff, 0x0, 0xbf,
    0xff, 0xff, 0xfe, 0x0, 0xf, 0xff, 0xdb, 0xff,
    0xf3, 0x0, 0x0, 0x5f, 0xff, 0x1, 0xff, 0xff,
    0xff, 0xfb, 0x0, 0x2, 0x20, 0x7, 0xff, 0x80,
    0x0, 0x0, 0x7f, 0xff, 0x40, 0x1, 0x10, 0x6f,
    0xf7, 0x0, 0x0, 0x0, 0x3f, 0xfc, 0x0, 0x0,
    0x0, 0xaf, 0xff, 0xa0, 0x0, 0x0, 0xaf, 0xf2,
    0x0, 0x0, 0x1, 0xef, 0xe1, 0x3, 0x74, 0x0,
    0xdf, 0xff, 0xf2, 0x0, 0x1, 0xff, 0xd0, 0x0,
    0x0, 0xc, 0xff, 0xab, 0xff, 0xf6, 0x0, 0xff,
    0xff, 0xfa, 0x0, 0x7, 0xff, 0x70, 0x0, 0x0,
    0xff, 0xff, 0xff, 0xff, 0xf5, 0x2, 0xff, 0xaa,
    0xff, 0x30, 0xe, 0xff, 0x10, 0x0, 0xf, 0xff,
    0xff, 0xfd, 0x84, 0x0, 0x7, 0xff, 0x63, 0xff,
    0xd0, 0x6f, 0xf9, 0x0, 0x0, 0xf, 0xff, 0xc7,
    0x20, 0x0, 0x0, 0xb, 0xff, 0x20, 0x9f, 0xf9,
    0xff, 0xf1, 0x0, 0x0, 0x6, 0xb2, 0x0, 0x0,
    0x0, 0x44, 0xf, 0xfe, 0x0, 0x1e, 0xff, 0xff,
    0x70, 0x0, 0x0, 0x0, 0x0, 0x0, 0x2, 0x8e,
    0xfb, 0x5f, 0xfa, 0x0, 0x5, 0xff, 0xff, 0x0,
    0x0, 0x0, 0x0, 0x0, 0x16, 0xcf, 0xff, 0xfe,
    0xbf, 0xf4, 0x0, 0x6, 0xff, 0xff, 0x10, 0x0,
    0x0, 0x0, 0x5b, 0xff, 0xff, 0xfd, 0x63, 0xff,
    0xe0, 0x0, 0x7f, 0xff, 0xff, 0xe2, 0x0, 0x0,
    0xb, 0xff, 0xff, 0xfa, 0x30, 0xb, 0xff, 0x70,
    0x9, 0xff, 0xfa, 0xdf, 0xff, 0x50, 0x0, 0x7,
    0xff, 0xd7, 0x10, 0x0, 0x5f, 0xff, 0x14, 0xdf,
    0xff, 0x80, 0x1c, 0xff, 0xfb, 0x20, 0x3, 0xa3,
    0x0, 0x0, 0x2, 0xff, 0xf7, 0x5f, 0xff, 0xf6,
    0x0, 0x0, 0xbf, 0xff, 0xb0, 0x0, 0x0, 0x0,
    0x0, 0x0, 0x6f, 0xc0, 0x8, 0xfc, 0x20, 0x0,
    0x0, 0x5, 0xed, 0x0, 0x0, 0x0, 0x0, 0x0,
    0x0, 0x2, 0x20, 0x0, 0x50, 0x0, 0x0, 0x0,
    0x0, 0x12, 0x0,

    /* U+7EBF "线" */
    0x0, 0x0, 0x4, 0x50, 0x0, 0x0, 0x0, 0x0,
    0xbd, 0xd0, 0x2, 0x0, 0x0, 0x0, 0x0, 0x0,
    0xb, 0xfd, 0x20, 0x0, 0x0, 0x0, 0xcf, 0xf0,
    0x5f, 0xd4, 0x0, 0x0, 0x0, 0x0, 0x1f, 0xfe,
    0x0, 0x0, 0x0, 0x0, 0xcf, 0xf0, 0x8f, 0xff,
    0xa0, 0x0, 0x0, 0x0, 0x7f, 0xf7, 0x0, 0x0,
    0x0, 0x0, 0xbf, 0xf0, 0x2, 0xcf, 0xf6, 0x0,
    0x0, 0x0, 0xef, 0xf0, 0x0, 0x0, 0x0, 0x0,
    0xbf, 0xf0, 0x0, 0x8, 0x70, 0x0, 0x0, 0x7,
    0xff, 0x70, 0x0, 0x0, 0x0, 0x0, 0xaf, 0xf0,
    0x2, 0x47, 0x9b, 0x0, 0x0, 0xe, 0xfd, 0x0,
    0x32, 0x0, 0x0, 0x13, 0xff, 0xfe, 0xff, 0xff,
    0xff, 0x30, 0x0, 0x8f, 0xf5, 0x0, 0xcf, 0x82,
    0xce, 0xff, 0xff, 0xff, 0xff, 0xff, 0xfd, 0x40,
    0x2, 0xff, 0xb0, 0x5, 0xff, 0xc0, 0xff, 0xff,
    0xff, 0xff, 0x96, 0x42, 0x0, 0x0, 0x1d, 0xff,
    0x22, 0x4f, 0xff, 0x20, 0xaa, 0x85, 0xaf, 0xf4,
    0x0, 0x0, 0x0, 0x0, 0xcf, 0xff, 0xff, 0xff,
    0xf8, 0x0, 0x0, 0x0, 0x6f, 0xf6, 0x0, 0x0,
    0x0, 0x0, 0x9f, 0xff, 0xff, 0xff, 0xd0, 0x0,
    0x0, 0x0, 0x4f, 0xf7, 0x2, 0x58, 0xbe, 0xe0,
    0x3f, 0x97, 0x5f, 0xff, 0x30, 0x0, 0x0, 0x0,
    0x6f, 0xff, 0xff, 0xff, 0xff, 0xf1, 0x0, 0x0,
    0x9f, 0xf7, 0x0, 0x4, 0x7a, 0xdf, 0xff, 0xff,
    0xff, 0xff, 0xeb, 0x81, 0x0, 0x5, 0xff, 0xb0,
    0x0, 0xb, 0xff, 0xff, 0xff, 0xff, 0xa7, 0x41,
    0x0, 0x0, 0x0, 0x3f, 0xfd, 0x10, 0x2, 0x18,
    0xff, 0xc9, 0x6f, 0xff, 0x0, 0x0, 0x4b, 0x40,
    0x2, 0xef, 0xfa, 0xac, 0xff, 0x61, 0x20, 0x0,
    0x9, 0xff, 0x30, 0x1, 0xef, 0xf2, 0x4f, 0xff,
    0xff, 0xff, 0xff, 0x60, 0x0, 0x0, 0x6, 0xff,
    0x60, 0xc, 0xff, 0x70, 0x6f, 0xff, 0xff, 0xda,
    0x73, 0x0, 0x0, 0x0, 0x3, 0xff, 0xa0, 0xcf,
    0xfb, 0x0, 0x1f, 0xe8, 0x41, 0x0, 0x0, 0x0,
    0x0, 0x0, 0x0, 0xff, 0xfc, 0xff, 0xb0, 0x0,
    0x1, 0x0, 0x0, 0x0, 0x0, 0x0, 0x0, 0x0,
    0x0, 0xbf, 0xff, 0xfc, 0x0, 0x0, 0x0, 0x0,
    0x0, 0x4, 0x8d, 0x80, 0x0, 0x0, 0x1, 0xff,
    0xff, 0xa0, 0x0, 0x0, 0x0, 0x2, 0x6b, 0xff,
    0xff, 0xb0, 0x0, 0x0, 0x6e, 0xff, 0xff, 0x0,
    0x4, 0x50, 0x49, 0xdf, 0xff, 0xff, 0xfa, 0x40,
    0x0, 0x7e, 0xff, 0xff, 0xff, 0x70, 0x5, 0xf9,
    0x7f, 0xff, 0xff, 0xa5, 0x0, 0x3, 0x9e, 0xff,
    0xff, 0x73, 0xff, 0xf3, 0x9, 0xfa, 0x4f, 0xe9,
    0x40, 0x0, 0x0, 0x8f, 0xff, 0xff, 0x81, 0x0,
    0x9f, 0xff, 0xcf, 0xf6, 0x3, 0x0, 0x0, 0x0,
    0x0, 0xc, 0xfe, 0x81, 0x0, 0x0, 0xb, 0xff,
    0xff, 0xf1, 0x0, 0x0, 0x0, 0x0, 0x0, 0x2,
    0x50, 0x0, 0x0, 0x0, 0x0, 0x8e, 0xfd, 0x40,

    /* U+7EDC "络" */
    0x0, 0x0, 0x0, 0x10, 0x0, 0x0, 0x0, 0x0,
    0x48, 0x40, 0x0, 0x0, 0x0, 0x0, 0x0, 0x0,
    0x0, 0x0, 0xbd, 0x60, 0x0, 0x0, 0x0, 0xcf,
    0xf2, 0x0, 0x0, 0x0, 0x0, 0x0, 0x0, 0x0,
    0x1, 0xff, 0xf1, 0x0, 0x0, 0x4, 0xff, 0xa0,
    0x0, 0x0, 0x0, 0x0, 0x0, 0x0, 0x0, 0x8,
    0xff, 0x80, 0x0, 0x0, 0xc, 0xff, 0xb8, 0x88,
    0x88, 0x8f, 0x70, 0x0, 0x0, 0x0, 0xe, 0xff,
    0x10, 0x0, 0x0, 0x6f, 0xff, 0xff, 0xff, 0xff,
    0xff, 0xfa, 0x0, 0x0, 0x0, 0x7f, 0xf9, 0x0,
    0x0, 0x2, 0xff, 0xff, 0xff, 0xff, 0xff, 0xff,
    0xf5, 0x0, 0x0, 0x0, 0xef, 0xe1, 0x0, 0x0,
    0xd, 0xff, 0xf0, 0x0, 0x0, 0x4, 0xff, 0xc0,
    0x0, 0x0, 0x8, 0xff, 0x60, 0xa, 0x40, 0xbf,
    0xff, 0xf6, 0x0, 0x0, 0x1d, 0xff, 0x30, 0x0,
    0x0, 0x2f, 0xfc, 0x0, 0x5f, 0xff, 0xff, 0xee,
    0xff, 0x30, 0x0, 0xcf, 0xf7, 0x0, 0x0, 0x0,
    0xdf, 0xf3, 0x0, 0xef, 0xfc, 0xff, 0x23, 0xff,
    0xe2, 0x1c, 0xff, 0xa0, 0x0, 0x0, 0xb, 0xff,
    0xfc, 0xdf, 0xff, 0xa0, 0xb3, 0x0, 0x5f, 0xff,
    0xff, 0xfb, 0x0, 0x0, 0x0, 0xf, 0xff, 0xff,
    0xff, 0xfe, 0x10, 0x0, 0x0, 0x6, 0xff, 0xff,
    0xb0, 0x0, 0x0, 0x0, 0xc, 0xff, 0xcb, 0xff,
    0xf5, 0x0, 0x0, 0x0, 0x4d, 0xff, 0xff, 0xe5,
    0x0, 0x0, 0x0, 0x2, 0x20, 0x9, 0xff, 0x90,
    0x0, 0x0, 0x5c, 0xff, 0xff, 0xff, 0xff, 0xd6,
    0x0, 0x0, 0x0, 0x0, 0x5f, 0xfd, 0x0, 0x4,
    0x9e, 0xff, 0xff, 0xa1, 0x7, 0xff, 0xff, 0xfb,
    0x60, 0x0, 0x3, 0xff, 0xe2, 0x0, 0x4d, 0xff,
    0xff, 0xb3, 0x0, 0x0, 0x19, 0xff, 0xff, 0xa0,
    0x0, 0x2e, 0xff, 0xa9, 0xdf, 0xf6, 0xff, 0xa3,
    0x0, 0x0, 0x0, 0x0, 0x17, 0xdf, 0x30, 0x3,
    0xff, 0xff, 0xff, 0xff, 0xf1, 0x68, 0xff, 0xff,
    0xff, 0xff, 0xff, 0xff, 0xc3, 0x0, 0xf, 0xff,
    0xff, 0xfe, 0xb7, 0x30, 0x8, 0xff, 0xff, 0xff,
    0xff, 0xff, 0xff, 0xc0, 0x0, 0x9, 0xff, 0xb7,
    0x30, 0x0, 0x0, 0x8, 0xff, 0x98, 0x88, 0x88,
    0x88, 0xff, 0xc0, 0x0, 0x2, 0x70, 0x0, 0x0,
    0x0, 0x0, 0x8, 0xff, 0x10, 0x0, 0x0, 0x0,
    0xff, 0xc0, 0x0, 0x0, 0x0, 0x0, 0x0, 0x15,
    0xa3, 0x8, 0xff, 0x10, 0x0, 0x0, 0x0, 0xff,
    0xc0, 0x0, 0x0, 0x0, 0x2, 0x6b, 0xff, 0xf6,
    0x8, 0xff, 0x10, 0x0, 0x0, 0x0, 0xff, 0xc0,
    0x0, 0x0, 0x48, 0xdf, 0xff, 0xff, 0xe5, 0x8,
    0xff, 0x10, 0x0, 0x0, 0x0, 0xff, 0xc0, 0x0,
    0xc, 0xff, 0xff, 0xfe, 0x93, 0x0, 0x8, 0xff,
    0xff, 0xff, 0xff, 0xff, 0xff, 0xc0, 0x0, 0x9,
    0xff, 0xe9, 0x30, 0x0, 0x0, 0x8, 0xff, 0xff,
    0xff, 0xff, 0xff, 0xff, 0xc0, 0x0, 0x5, 0xa4,
    0x0, 0x0, 0x0, 0x0, 0x8, 0xff, 0xa9, 0x99,
    0x99, 0x99, 0xff, 0xc0, 0x0, 0x0, 0x0, 0x0,
    0x0, 0x0, 0x0, 0x8, 0xff, 0x10, 0x0, 0x0,
    0x0, 0xff, 0xc0, 0x0, 0x0, 0x0, 0x0, 0x0,
    0x0, 0x0, 0x0, 0x11, 0x0, 0x0, 0x0, 0x0,
    0x0, 0x0, 0x0,

    /* U+7EDF "统" */
    0x0, 0x0, 0x0, 0x20, 0x0, 0x0, 0x0, 0x0,
    0x0, 0x1, 0x10, 0x0, 0x0, 0x0, 0x0, 0x0,
    0x0, 0xd, 0xe8, 0x10, 0x0, 0x0, 0x0, 0x2d,
    0xfb, 0x0, 0x0, 0x0, 0x0, 0x0, 0x0, 0x3,
    0xff, 0xf2, 0x0, 0x0, 0x0, 0x0, 0xdf, 0xf3,
    0x0, 0x0, 0x0, 0x0, 0x0, 0x0, 0x9f, 0xfa,
    0x0, 0x0, 0x0, 0x0, 0x7, 0xff, 0xa0, 0x0,
    0x0, 0x0, 0x0, 0x0, 0x1f, 0xff, 0x20, 0x0,
    0x0, 0x0, 0x0, 0x2f, 0xd8, 0x0, 0x0, 0x0,
    0x0, 0x0, 0x8, 0xff, 0xa0, 0x0, 0xe, 0xff,
    0xff, 0xff, 0xff, 0xff, 0xff, 0xff, 0xf8, 0x0,
    0x1, 0xff, 0xf2, 0x0, 0x0, 0xef, 0xff, 0xff,
    0xff, 0xff, 0xff, 0xff, 0xff, 0x80, 0x0, 0x9f,
    0xf8, 0x0, 0xc7, 0x7, 0x88, 0x88, 0xff, 0xff,
    0x88, 0x88, 0x88, 0x84, 0x0, 0x3f, 0xfe, 0x0,
    0x6f, 0xfb, 0x0, 0x0, 0x9f, 0xfc, 0x0, 0x2,
    0x30, 0x0, 0x0, 0xd, 0xff, 0x40, 0xe, 0xff,
    0x50, 0x0, 0x4f, 0xff, 0x20, 0x8, 0xfe, 0x10,
    0x0, 0x1c, 0xff, 0xfa, 0xcf, 0xff, 0xb0, 0x0,
    0x2f, 0xff, 0x50, 0x0, 0x3f, 0xfc, 0x0, 0x0,
    0xff, 0xff, 0xff, 0xff, 0xf2, 0x0, 0xd, 0xff,
    0x80, 0x0, 0x0, 0x8f, 0xf7, 0x0, 0xc, 0xff,
    0xec, 0xff, 0xf6, 0x0, 0x3d, 0xff, 0xf6, 0x89,
    0xac, 0xdf, 0xff, 0xf2, 0x0, 0x34, 0x0, 0x8f,
    0xfb, 0x0, 0x6f, 0xff, 0xff, 0xff, 0xff, 0xff,
    0xff, 0xff, 0xc0, 0x0, 0x0, 0x4f, 0xfe, 0x10,
    0x1, 0xff, 0xff, 0xff, 0xed, 0xb9, 0x86, 0x5d,
    0xff, 0x60, 0x0, 0x2e, 0xff, 0x30, 0x1, 0xf,
    0x95, 0x98, 0x50, 0x2, 0x77, 0x30, 0x2f, 0xc3,
    0x0, 0x1d, 0xff, 0xb7, 0xae, 0xf1, 0x0, 0xf,
    0xfd, 0x0, 0x4f, 0xf8, 0x0, 0x20, 0x0, 0x1f,
    0xff, 0xff, 0xff, 0xff, 0x10, 0x0, 0xff, 0xc0,
    0x4, 0xff, 0x80, 0x0, 0x0, 0xe, 0xff, 0xff,
    0xff, 0xea, 0x60, 0x0, 0x2f, 0xfa, 0x0, 0x4f,
    0xf8, 0x0, 0x0, 0x0, 0x8f, 0xfe, 0x95, 0x20,
    0x0, 0x0, 0x4, 0xff, 0x80, 0x4, 0xff, 0x80,
    0x0, 0x0, 0x1, 0xb2, 0x0, 0x0, 0x0, 0x0,
    0x0, 0x7f, 0xf6, 0x0, 0x4f, 0xf8, 0x0, 0x0,
    0x0, 0x0, 0x0, 0x0, 0x0, 0x5b, 0x20, 0xb,
    0xff, 0x30, 0x4, 0xff, 0x80, 0x4, 0x20, 0x0,
    0x0, 0x1, 0x6b, 0xff, 0xf5, 0x2, 0xff, 0xe0,
    0x0, 0x4f, 0xf8, 0x0, 0x8f, 0xb0, 0x2, 0x7c,
    0xff, 0xff, 0xfe, 0x50, 0xbf, 0xf9, 0x0, 0x4,
    0xff, 0x80, 0x9, 0xfd, 0xb, 0xff, 0xff, 0xff,
    0xa4, 0x0, 0x9f, 0xff, 0x10, 0x0, 0x4f, 0xf8,
    0x0, 0xaf, 0xb0, 0x9f, 0xff, 0xb5, 0x0, 0x3,
    0xcf, 0xff, 0x60, 0x0, 0x3, 0xff, 0xc7, 0x7e,
    0xf9, 0x5, 0xc6, 0x10, 0x0, 0x2, 0xff, 0xff,
    0x70, 0x0, 0x0, 0x1f, 0xff, 0xff, 0xff, 0x40,
    0x0, 0x0, 0x0, 0x0, 0x5, 0xfe, 0x40, 0x0,
    0x0, 0x0, 0x6e, 0xff, 0xfe, 0x80, 0x0, 0x0,
    0x0, 0x0, 0x0, 0x5, 0x0, 0x0, 0x0, 0x0,
    0x0, 0x0, 0x0, 0x0, 0x0,

    /* U+7F51 "网" */
    0x7a, 0xaa, 0xaa, 0xaa, 0xaa, 0xaa, 0xaa, 0xaa,
    0xaa, 0xaa, 0xaa, 0xff, 0xb1, 0xbf, 0xff, 0xff,
    0xff, 0xff, 0xff, 0xff, 0xff, 0xff, 0xff, 0xff,
    0xff, 0xf3, 0xbf, 0xff, 0xff, 0xff, 0xff, 0xff,
    0xff, 0xff, 0xff, 0xff, 0xff, 0xff, 0xf3, 0xbf,
    0xf2, 0x0, 0x0, 0x0, 0x0, 0x0, 0x0, 0x0,
    0x0, 0x0, 0xbf, 0xf3, 0xbf, 0xf2, 0x0, 0x0,
    0x2, 0x21, 0x0, 0x0, 0x0, 0x20, 0x0, 0xaf,
    0xf3, 0xbf, 0xf2, 0x0, 0x0, 0xa, 0xff, 0x0,
    0x0, 0x5, 0xff, 0x30, 0xaf, 0xf3, 0xbf, 0xf2,
    0x1, 0x0, 0xc, 0xfc, 0x1, 0x0, 0x7, 0xff,
    0x10, 0xaf, 0xf3, 0xbf, 0xf2, 0xad, 0x0, 0xf,
    0xf9, 0x3e, 0x60, 0xa, 0xfe, 0x0, 0xaf, 0xf3,
    0xbf, 0xf5, 0xff, 0xb0, 0x2f, 0xf6, 0xbf, 0xf4,
    0xd, 0xfb, 0x0, 0xaf, 0xf3, 0xbf, 0xf2, 0x7f,
    0xf9, 0x6f, 0xf2, 0x1e, 0xfe, 0x3f, 0xf8, 0x0,
    0xaf, 0xf3, 0xbf, 0xf2, 0xa, 0xff, 0xff, 0xe0,
    0x2, 0xff, 0xff, 0xf4, 0x0, 0xaf, 0xf3, 0xbf,
    0xf2, 0x0, 0xcf, 0xff, 0xa0, 0x0, 0x5f, 0xff,
    0xf0, 0x0, 0xaf, 0xf3, 0xbf, 0xf2, 0x0, 0x2f,
    0xff, 0x70, 0x0, 0xa, 0xff, 0xf0, 0x0, 0xaf,
    0xf3, 0xbf, 0xf2, 0x0, 0xd, 0xff, 0xc0, 0x0,
    0x3, 0xff, 0xf1, 0x0, 0xaf, 0xf3, 0xbf, 0xf2,
    0x0, 0xe, 0xff, 0xf6, 0x0, 0x8, 0xff, 0xf9,
    0x0, 0xaf, 0xf3, 0xbf, 0xf2, 0x0, 0x5f, 0xff,
    0xff, 0x20, 0xf, 0xff, 0xff, 0x40, 0xaf, 0xf3,
    0xbf, 0xf2, 0x0, 0xcf, 0xe3, 0xff, 0xc0, 0x7f,
    0xf6, 0xef, 0xd0, 0xaf, 0xf3, 0xbf, 0xf2, 0x6,
    0xff, 0x70, 0x8f, 0xa1, 0xef, 0xd0, 0x6f, 0xf5,
    0xaf, 0xf3, 0xbf, 0xf2, 0x1e, 0xfe, 0x0, 0x9,
    0xa, 0xff, 0x50, 0xd, 0xe2, 0xaf, 0xf3, 0xbf,
    0xf2, 0xcf, 0xf6, 0x0, 0x0, 0x6f, 0xfc, 0x0,
    0x4, 0x20, 0xaf, 0xf3, 0xbf, 0xfc, 0xff, 0xb0,
    0x0, 0x5, 0xff, 0xf2, 0x0, 0x0, 0x0, 0xaf,
    0xf3, 0xbf, 0xf5, 0xdd, 0x10, 0x0, 0x5, 0xef,
    0x50, 0x0, 0x0, 0x0, 0xaf, 0xf3, 0xbf, 0xf2,
    0x2, 0x0, 0x0, 0x0, 0x15, 0x0, 0x0, 0x0,
    0x0, 0xbf, 0xf2, 0xbf, 0xf2, 0x0, 0x0, 0x0,
    0x0, 0x0, 0x0, 0xa, 0xcc, 0xcc, 0xff, 0xf1,
    0xbf, 0xf2, 0x0, 0x0, 0x0, 0x0, 0x0, 0x0,
    0x7, 0xff, 0xff, 0xff, 0xc0, 0xbf, 0xf2, 0x0,
    0x0, 0x0, 0x0, 0x0, 0x0, 0x1, 0xff, 0xfe,
    0xc8, 0x10,

    /* U+884C "行" */
    0x0, 0x0, 0x0, 0x1, 0x30, 0x0, 0x0, 0x0,
    0x0, 0x0, 0x0, 0x0, 0x0, 0x0, 0x0, 0x0,
    0x0, 0x0, 0xcf, 0xc3, 0x0, 0x0, 0x0, 0x0,
    0x0, 0x0, 0x0, 0x0, 0x0, 0x0, 0x0, 0x0,
    0xaf, 0xfe, 0x10, 0x6, 0xaa, 0xaa, 0xaa, 0xaa,
    0xaa, 0xaa, 0xaa, 0x0, 0x0, 0x0, 0xaf, 0xff,
    0x30, 0x0, 0xaf, 0xff, 0xff, 0xff, 0xff, 0xff,
    0xff, 0xf1, 0x0, 0x0, 0xbf, 0xff, 0x30, 0x0,
    0xa, 0xff, 0xff, 0xff, 0xff, 0xff, 0xff, 0xff,
    0x10, 0x1, 0xcf, 0xff, 0x30, 0x0, 0x0, 0x0,
    0x0, 0x0, 0x0, 0x0, 0x0, 0x0, 0x0, 0x4,
    0xef, 0xfe, 0x30, 0x0, 0x0, 0x0, 0x0, 0x0,
    0x0, 0x0, 0x0, 0x0, 0x0, 0x0, 0x7f, 0xfd,
    0x20, 0x4, 0xd7, 0x10, 0x0, 0x0, 0x0, 0x0,
    0x0, 0x0, 0x0, 0x0, 0x0, 0xbb, 0x10, 0x0,
    0xdf, 0xf6, 0x0, 0x0, 0x0, 0x0, 0x0, 0x0,
    0x0, 0x0, 0x0, 0x1, 0x0, 0x0, 0xaf, 0xfb,
    0x0, 0x0, 0x0, 0x0, 0x0, 0x0, 0x0, 0x0,
    0x0, 0x0, 0x0, 0x0, 0x6f, 0xfe, 0x10, 0x77,
    0x77, 0x77, 0x77, 0x77, 0x77, 0x77, 0x77, 0x50,
    0x0, 0x0, 0x5f, 0xff, 0x50, 0x1f, 0xff, 0xff,
    0xff, 0xff, 0xff, 0xff, 0xff, 0xfb, 0x0, 0x0,
    0x4f, 0xff, 0xf0, 0x1, 0xff, 0xff, 0xff, 0xff,
    0xff, 0xff, 0xff, 0xff, 0xb0, 0x0, 0x4f, 0xff,
    0xfa, 0x0, 0x3, 0x33, 0x33, 0x33, 0x33, 0x9f,
    0xfc, 0x33, 0x32, 0x0, 0x5f, 0xff, 0xff, 0xa0,
    0x0, 0x0, 0x0, 0x0, 0x0, 0x5, 0xff, 0x80,
    0x0, 0x0, 0x8f, 0xff, 0xff, 0xfa, 0x0, 0x0,
    0x0, 0x0, 0x0, 0x0, 0x5f, 0xf8, 0x0, 0x0,
    0xa, 0xff, 0xc4, 0xff, 0xa0, 0x0, 0x0, 0x0,
    0x0, 0x0, 0x5, 0xff, 0x80, 0x0, 0x0, 0xc,
    0xb1, 0x3f, 0xfa, 0x0, 0x0, 0x0, 0x0, 0x0,
    0x0, 0x5f, 0xf8, 0x0, 0x0, 0x0, 0x10, 0x3,
    0xff, 0xa0, 0x0, 0x0, 0x0, 0x0, 0x0, 0x5,
    0xff, 0x80, 0x0, 0x0, 0x0, 0x0, 0x3f, 0xfa,
    0x0, 0x0, 0x0, 0x0, 0x0, 0x0, 0x5f, 0xf8,
    0x0, 0x0, 0x0, 0x0, 0x3, 0xff, 0xa0, 0x0,
    0x0, 0x0, 0x0, 0x0, 0x5, 0xff, 0x80, 0x0,
    0x0, 0x0, 0x0, 0x3f, 0xfa, 0x0, 0x0, 0x0,
    0x0, 0x0, 0x0, 0x5f, 0xf8, 0x0, 0x0, 0x0,
    0x0, 0x3, 0xff, 0xa0, 0x0, 0x0, 0x0, 0x0,
    0x0, 0x5, 0xff, 0x80, 0x0, 0x0, 0x0, 0x0,
    0x3f, 0xfa, 0x0, 0x0, 0x0, 0x0, 0x0, 0x0,
    0x5f, 0xf8, 0x0, 0x0, 0x0, 0x0, 0x3, 0xff,
    0xa0, 0x0, 0x0, 0x0, 0x0, 0x0, 0x5, 0xff,
    0x80, 0x0, 0x0, 0x0, 0x0, 0x3f, 0xfa, 0x0,
    0x0, 0x0, 0x5, 0xbb, 0xbb, 0xef, 0xf7, 0x0,
    0x0, 0x0, 0x0, 0x3, 0xff, 0xa0, 0x0, 0x0,
    0x0, 0x2f, 0xff, 0xff, 0xff, 0x30, 0x0, 0x0,
    0x0, 0x0, 0x3f, 0xfa, 0x0, 0x0, 0x0, 0x0,
    0xdf, 0xff, 0xec, 0x50, 0x0, 0x0, 0x0, 0x0,
    0x0, 0x33, 0x20, 0x0, 0x0, 0x0, 0x0, 0x0,
    0x0, 0x0, 0x0, 0x0, 0x0,

    /* U+89C8 "览" */
    0x0, 0x0, 0x0, 0x0, 0x0, 0x0, 0x0, 0x0,
    0x41, 0x0, 0x0, 0x0, 0x0, 0x0, 0x0, 0x0,
    0x0, 0x0, 0xaf, 0xf1, 0x0, 0x0, 0xff, 0xc0,
    0x0, 0x0, 0x0, 0x0, 0x0, 0x7a, 0xa0, 0x0,
    0xaf, 0xf1, 0x0, 0x5, 0xff, 0x80, 0x0, 0x0,
    0x0, 0x0, 0x0, 0xcf, 0xf0, 0x0, 0xaf, 0xf1,
    0x0, 0xa, 0xff, 0xb7, 0x77, 0x77, 0x77, 0x70,
    0x0, 0xcf, 0xf0, 0x0, 0xaf, 0xf1, 0x0, 0xf,
    0xff, 0xff, 0xff, 0xff, 0xff, 0xf1, 0x0, 0xcf,
    0xf0, 0x0, 0xaf, 0xf1, 0x0, 0x6f, 0xff, 0xff,
    0xff, 0xff, 0xff, 0xf1, 0x0, 0xcf, 0xf0, 0x0,
    0xaf, 0xf1, 0x0, 0xdf, 0xf2, 0x1, 0x61, 0x0,
    0x0, 0x0, 0x0, 0xcf, 0xf0, 0x0, 0xaf, 0xf1,
    0x6, 0xff, 0xa0, 0x3e, 0xfc, 0x0, 0x0, 0x0,
    0x0, 0xcf, 0xf0, 0x0, 0xaf, 0xf1, 0x1e, 0xff,
    0x30, 0xa, 0xff, 0xb0, 0x0, 0x0, 0x0, 0xcf,
    0xf0, 0x0, 0xaf, 0xf1, 0x8f, 0xfa, 0x0, 0x0,
    0xdf, 0xf7, 0x0, 0x0, 0x0, 0xbf, 0xf0, 0x0,
    0xaf, 0xf1, 0x6, 0xd1, 0x0, 0x0, 0x2f, 0xff,
    0x20, 0x0, 0x0, 0x0, 0x0, 0x0, 0x9f, 0xf1,
    0x0, 0x0, 0x0, 0x0, 0x8, 0xe7, 0x0, 0x0,
    0x0, 0x0, 0x0, 0x0, 0x0, 0x0, 0x0, 0x0,
    0x0, 0x0, 0x1, 0x10, 0x0, 0x0, 0x0, 0x0,
    0x7f, 0xff, 0xff, 0xff, 0xff, 0xff, 0xff, 0xff,
    0xff, 0xfc, 0x0, 0x0, 0x0, 0x0, 0x7f, 0xff,
    0xff, 0xff, 0xff, 0xff, 0xff, 0xff, 0xff, 0xfc,
    0x0, 0x0, 0x0, 0x0, 0x7f, 0xf9, 0x77, 0x77,
    0x77, 0x77, 0x77, 0x77, 0x9f, 0xfc, 0x0, 0x0,
    0x0, 0x0, 0x7f, 0xf4, 0x0, 0x0, 0x56, 0x60,
    0x0, 0x0, 0x3f, 0xfc, 0x0, 0x0, 0x0, 0x0,
    0x7f, 0xf4, 0x0, 0x0, 0xdf, 0xf1, 0x0, 0x0,
    0x3f, 0xfc, 0x0, 0x0, 0x0, 0x0, 0x7f, 0xf4,
    0x0, 0x0, 0xdf, 0xf1, 0x0, 0x0, 0x3f, 0xfc,
    0x0, 0x0, 0x0, 0x0, 0x7f, 0xf4, 0x0, 0x0,
    0xef, 0xf0, 0x0, 0x0, 0x3f, 0xfc, 0x0, 0x0,
    0x0, 0x0, 0x7f, 0xf4, 0x0, 0x2, 0xff, 0xf9,
    0x94, 0x0, 0x3f, 0xfc, 0x0, 0x0, 0x0, 0x0,
    0x7f, 0xf4, 0x0, 0x9, 0xff, 0xff, 0xf7, 0x0,
    0x3f, 0xfc, 0x0, 0x0, 0x0, 0x0, 0x49, 0x92,
    0x0, 0x8f, 0xff, 0xbf, 0xf7, 0x0, 0x14, 0x43,
    0x0, 0x0, 0x0, 0x0, 0x0, 0x0, 0x2b, 0xff,
    0xf6, 0x8f, 0xf7, 0x0, 0x0, 0x0, 0x4a, 0x50,
    0x0, 0x0, 0x0, 0x4b, 0xff, 0xff, 0x50, 0x8f,
    0xf7, 0x0, 0x0, 0x0, 0x6f, 0xf1, 0x0, 0x26,
    0xae, 0xff, 0xff, 0xb2, 0x0, 0x7f, 0xfc, 0x65,
    0x55, 0x56, 0xdf, 0xf0, 0xb, 0xff, 0xff, 0xff,
    0xa3, 0x0, 0x0, 0x3f, 0xff, 0xff, 0xff, 0xff,
    0xff, 0x90, 0x1, 0xef, 0xfb, 0x61, 0x0, 0x0,
    0x0, 0x6, 0xcf, 0xff, 0xff, 0xff, 0xea, 0x10,
    0x0, 0x34, 0x0, 0x0, 0x0, 0x0, 0x0, 0x0,
    0x0, 0x0, 0x0, 0x0, 0x0, 0x0,

    /* U+8B66 "警" */
    0x0, 0x0, 0x4, 0x41, 0x0, 0x34, 0x20, 0x0,
    0x0, 0x4, 0x0, 0x0, 0x0, 0x0, 0x0, 0x0,
    0x11, 0x3f, 0xf6, 0x11, 0xdf, 0xb1, 0x11, 0x0,
    0x7f, 0xe0, 0x0, 0x0, 0x0, 0x0, 0x7, 0xff,
    0xff, 0xff, 0xff, 0xff, 0xff, 0xfd, 0x0, 0xdf,
    0x90, 0x0, 0x0, 0x0, 0x0, 0x4, 0xaa, 0xcf,
    0xff, 0xaa, 0xff, 0xfa, 0xa8, 0x7, 0xff, 0xfe,
    0xee, 0xee, 0xee, 0x70, 0x0, 0x0, 0x8f, 0xc3,
    0x0, 0x8a, 0x60, 0x0, 0x2f, 0xff, 0xff, 0xff,
    0xff, 0xff, 0x80, 0x0, 0x4, 0xff, 0xa9, 0x99,
    0x99, 0xf9, 0x50, 0xdf, 0xfe, 0x0, 0x5, 0xff,
    0x40, 0x0, 0x0, 0x1e, 0xff, 0xff, 0xff, 0xff,
    0xff, 0xac, 0xff, 0xff, 0x80, 0xc, 0xfd, 0x0,
    0x0, 0x0, 0xcf, 0xf3, 0x22, 0x22, 0x11, 0xef,
    0xac, 0xf6, 0x6f, 0xf6, 0x8f, 0xf3, 0x0, 0x0,
    0xc, 0xff, 0xff, 0xff, 0xff, 0x60, 0xef, 0x70,
    0x50, 0xa, 0xff, 0xff, 0x80, 0x0, 0x0, 0x3,
    0xcb, 0xfb, 0x55, 0xbf, 0x60, 0xff, 0x50, 0x0,
    0x3, 0xff, 0xff, 0x30, 0x0, 0x0, 0x0, 0x9,
    0xfb, 0x55, 0xbf, 0x63, 0xff, 0x30, 0x4, 0xbf,
    0xff, 0xff, 0xfb, 0x50, 0x0, 0x0, 0x9, 0xff,
    0xff, 0xff, 0xfd, 0xff, 0x1, 0xef, 0xff, 0xc3,
    0x4d, 0xff, 0xff, 0x90, 0x0, 0x8, 0xf7, 0x22,
    0x26, 0xff, 0xfa, 0x66, 0x7f, 0xb4, 0x0, 0x0,
    0x6d, 0xff, 0x20, 0x0, 0x0, 0x0, 0x0, 0x0,
    0x33, 0x1c, 0xff, 0x31, 0x0, 0x0, 0x0, 0x0,
    0x34, 0x0, 0x0, 0xaa, 0xaa, 0xaa, 0xaa, 0xaa,
    0xae, 0xff, 0xfa, 0xaa, 0xaa, 0xaa, 0xaa, 0xaa,
    0x0, 0x0, 0xff, 0xff, 0xff, 0xff, 0xff, 0xff,
    0xff, 0xff, 0xff, 0xff, 0xff, 0xff, 0xff, 0x0,
    0x0, 0x33, 0x33, 0x33, 0x33, 0x33, 0x33, 0x33,
    0x33, 0x33, 0x33, 0x33, 0x33, 0x33, 0x0, 0x0,
    0x0, 0x3, 0x77, 0x77, 0x77, 0x77, 0x77, 0x77,
    0x77, 0x77, 0x77, 0x40, 0x0, 0x0, 0x0, 0x0,
    0x6, 0xff, 0xff, 0xff, 0xff, 0xff, 0xff, 0xff,
    0xff, 0xff, 0x80, 0x0, 0x0, 0x0, 0x0, 0x0,
    0x0, 0x0, 0x0, 0x0, 0x0, 0x0, 0x0, 0x0,
    0x0, 0x0, 0x0, 0x0, 0x0, 0x0, 0x6, 0xff,
    0xff, 0xff, 0xff, 0xff, 0xff, 0xff, 0xff, 0xff,
    0x80, 0x0, 0x0, 0x0, 0x0, 0x3, 0x99, 0x99,
    0x99, 0x99, 0x99, 0x99, 0x99, 0x99, 0x99, 0x50,
    0x0, 0x0, 0x0, 0x0, 0x0, 0x0, 0x0, 0x0,
    0x0, 0x0, 0x0, 0x0, 0x0, 0x0, 0x0, 0x0,
    0x0, 0x0, 0x0, 0xb, 0xff, 0xff, 0xff, 0xff,
    0xff, 0xff, 0xff, 0xff, 0xff, 0xe0, 0x0, 0x0,
    0x0, 0x0, 0xb, 0xff, 0x88, 0x88, 0x88, 0x88,
    0x88, 0x88, 0x88, 0xff, 0xe0, 0x0, 0x0, 0x0,
    0x0, 0xb, 0xff, 0x0, 0x0, 0x0, 0x0, 0x0,
    0x0, 0x0, 0xef, 0xe0, 0x0, 0x0, 0x0, 0x0,
    0xb, 0xff, 0xff, 0xff, 0xff, 0xff, 0xff, 0xff,
    0xff, 0xff, 0xe0, 0x0, 0x0, 0x0, 0x0, 0xb,
    0xff, 0xa9, 0x99, 0x99, 0x99, 0x99, 0x99, 0x99,
    0xff, 0xe0, 0x0, 0x0, 0x0, 0x0, 0x0, 0x0,
    0x0, 0x0, 0x0, 0x0, 0x0, 0x0, 0x0, 0x0,
    0x0, 0x0, 0x0,

    /* U+8BA1 "计" */
    0x0, 0x0, 0x0, 0x0, 0x0, 0x0, 0x0, 0x0,
    0x1, 0x77, 0x50, 0x0, 0x0, 0x0, 0x0, 0x0,
    0x1d, 0x70, 0x0, 0x0, 0x0, 0x0, 0x0, 0x3f,
    0xfd, 0x0, 0x0, 0x0, 0x0, 0x0, 0xd, 0xff,
    0xa0, 0x0, 0x0, 0x0, 0x0, 0x3, 0xff, 0xd0,
    0x0, 0x0, 0x0, 0x0, 0x0, 0x4f, 0xff, 0xc1,
    0x0, 0x0, 0x0, 0x0, 0x3f, 0xfd, 0x0, 0x0,
    0x0, 0x0, 0x0, 0x0, 0x3e, 0xff, 0xd1, 0x0,
    0x0, 0x0, 0x3, 0xff, 0xd0, 0x0, 0x0, 0x0,
    0x0, 0x0, 0x0, 0x2e, 0xff, 0x80, 0x0, 0x0,
    0x0, 0x3f, 0xfd, 0x0, 0x0, 0x0, 0x0, 0x0,
    0x0, 0x0, 0x2e, 0xa0, 0x0, 0x0, 0x0, 0x3,
    0xff, 0xd0, 0x0, 0x0, 0x0, 0x0, 0x0, 0x0,
    0x0, 0x20, 0x0, 0x0, 0x0, 0x0, 0x3f, 0xfd,
    0x0, 0x0, 0x0, 0x0, 0x0, 0x0, 0x0, 0x0,
    0x0, 0x0, 0x0, 0x0, 0x3, 0xff, 0xd0, 0x0,
    0x0, 0x0, 0x2, 0x33, 0x33, 0x65, 0x20, 0x0,
    0x0, 0x0, 0x0, 0x3f, 0xfd, 0x0, 0x0, 0x0,
    0x0, 0xaf, 0xff, 0xff, 0xfd, 0x0, 0x8d, 0xdd,
    0xdd, 0xdf, 0xff, 0xfd, 0xdd, 0xdd, 0xdd, 0x2a,
    0xff, 0xff, 0xff, 0xd0, 0xa, 0xff, 0xff, 0xff,
    0xff, 0xff, 0xff, 0xff, 0xff, 0xf2, 0x69, 0x99,
    0xbf, 0xfd, 0x0, 0xaf, 0xff, 0xff, 0xff, 0xff,
    0xff, 0xff, 0xff, 0xff, 0x20, 0x0, 0x1, 0xff,
    0xd0, 0x1, 0x22, 0x22, 0x22, 0x5f, 0xff, 0x22,
    0x22, 0x22, 0x20, 0x0, 0x0, 0x1f, 0xfd, 0x0,
    0x0, 0x0, 0x0, 0x3, 0xff, 0xd0, 0x0, 0x0,
    0x0, 0x0, 0x0, 0x1, 0xff, 0xd0, 0x0, 0x0,
    0x0, 0x0, 0x3f, 0xfd, 0x0, 0x0, 0x0, 0x0,
    0x0, 0x0, 0x1f, 0xfd, 0x0, 0x0, 0x0, 0x0,
    0x3, 0xff, 0xd0, 0x0, 0x0, 0x0, 0x0, 0x0,
    0x1, 0xff, 0xd0, 0x0, 0x0, 0x0, 0x0, 0x3f,
    0xfd, 0x0, 0x0, 0x0, 0x0, 0x0, 0x0, 0x1f,
    0xfd, 0x0, 0x0, 0x0, 0x0, 0x3, 0xff, 0xd0,
    0x0, 0x0, 0x0, 0x0, 0x0, 0x1, 0xff, 0xd0,
    0x0, 0x10, 0x0, 0x0, 0x3f, 0xfd, 0x0, 0x0,
    0x0, 0x0, 0x0, 0x0, 0x1f, 0xfd, 0x2, 0xcb,
    0x0, 0x0, 0x3, 0xff, 0xd0, 0x0, 0x0, 0x0,
    0x0, 0x0, 0x1, 0xff, 0xd7, 0xff, 0xf1, 0x0,
    0x0, 0x3f, 0xfd, 0x0, 0x0, 0x0, 0x0, 0x0,
    0x0, 0x1f, 0xff, 0xff, 0xfb, 0x10, 0x0, 0x3,
    0xff, 0xd0, 0x0, 0x0, 0x0, 0x0, 0x0, 0x5,
    0xff, 0xff, 0xf6, 0x0, 0x0, 0x0, 0x3f, 0xfd,
    0x0, 0x0, 0x0, 0x0, 0x0, 0x2, 0xff, 0xff,
    0xc2, 0x0, 0x0, 0x0, 0x3, 0xff, 0xd0, 0x0,
    0x0, 0x0, 0x0, 0x0, 0x5f, 0xff, 0x80, 0x0,
    0x0, 0x0, 0x0, 0x3f, 0xfd, 0x0, 0x0, 0x0,
    0x0, 0x0, 0x0, 0xff, 0x30, 0x0, 0x0, 0x0,
    0x0, 0x3, 0xff, 0xd0, 0x0, 0x0, 0x0, 0x0,
    0x0, 0x4, 0x10, 0x0, 0x0, 0x0, 0x0, 0x0,
    0x3f, 0xfd, 0x0, 0x0, 0x0, 0x0,

    /* U+8BE2 "询" */
    0x0, 0x0, 0x0, 0x0, 0x0, 0x0, 0x1, 0x20,
    0x0, 0x0, 0x0, 0x0, 0x0, 0x0, 0x0, 0x5,
    0x30, 0x0, 0x0, 0x0, 0x7, 0xfe, 0x70, 0x0,
    0x0, 0x0, 0x0, 0x0, 0x0, 0x8f, 0xf4, 0x0,
    0x0, 0x0, 0xc, 0xff, 0x50, 0x0, 0x0, 0x0,
    0x0, 0x0, 0x0, 0x6f, 0xff, 0x30, 0x0, 0x0,
    0x4f, 0xfe, 0x0, 0x0, 0x0, 0x0, 0x0, 0x0,
    0x0, 0x7, 0xff, 0xf3, 0x0, 0x0, 0xbf, 0xf7,
    0x0, 0x0, 0x0, 0x0, 0x0, 0x0, 0x0, 0x0,
    0x9f, 0xfe, 0x0, 0x5, 0xff, 0xff, 0xff, 0xff,
    0xff, 0xff, 0xff, 0xf1, 0x0, 0x0, 0xb, 0xf6,
    0x0, 0xd, 0xff, 0xff, 0xff, 0xff, 0xff, 0xff,
    0xff, 0xf0, 0x0, 0x0, 0x1, 0x50, 0x0, 0x8f,
    0xff, 0xaa, 0xaa, 0xaa, 0xaa, 0xaa, 0xff, 0xf0,
    0x0, 0x0, 0x0, 0x0, 0x4, 0xff, 0xf3, 0x0,
    0x0, 0x0, 0x0, 0x0, 0xcf, 0xf0, 0x0, 0x0,
    0x0, 0x0, 0x2e, 0xff, 0xa0, 0x0, 0x0, 0x0,
    0x0, 0x0, 0xcf, 0xf0, 0xdf, 0xff, 0xff, 0xd0,
    0xaf, 0xff, 0xcf, 0xbb, 0xbb, 0xbb, 0xb2, 0x0,
    0xdf, 0xe0, 0xdf, 0xff, 0xff, 0xd0, 0x8, 0xfc,
    0xff, 0xff, 0xff, 0xff, 0xf4, 0x0, 0xef, 0xe0,
    0x9b, 0xbb, 0xff, 0xd0, 0x0, 0x19, 0xff, 0x99,
    0x99, 0xbf, 0xf4, 0x0, 0xef, 0xd0, 0x0, 0x0,
    0xef, 0xd0, 0x0, 0x9, 0xff, 0x0, 0x0, 0x4f,
    0xf4, 0x0, 0xff, 0xc0, 0x0, 0x0, 0xef, 0xd0,
    0x0, 0x9, 0xff, 0x0, 0x0, 0x4f, 0xf4, 0x0,
    0xff, 0xc0, 0x0, 0x0, 0xef, 0xd0, 0x0, 0x9,
    0xff, 0xff, 0xff, 0xff, 0xf4, 0x0, 0xff, 0xb0,
    0x0, 0x0, 0xef, 0xd0, 0x0, 0x9, 0xff, 0xff,
    0xff, 0xff, 0xf4, 0x1, 0xff, 0xa0, 0x0, 0x0,
    0xef, 0xd0, 0x0, 0x9, 0xff, 0x44, 0x44, 0x8f,
    0xf4, 0x2, 0xff, 0x90, 0x0, 0x0, 0xef, 0xd0,
    0x0, 0x9, 0xff, 0x0, 0x0, 0x4f, 0xf4, 0x3,
    0xff, 0x80, 0x0, 0x0, 0xef, 0xd0, 0x1, 0x9,
    0xff, 0x0, 0x0, 0x4f, 0xf4, 0x4, 0xff, 0x70,
    0x0, 0x0, 0xef, 0xd0, 0x7d, 0x9, 0xff, 0xff,
    0xff, 0xff, 0xf4, 0x6, 0xff, 0x60, 0x0, 0x0,
    0xef, 0xfc, 0xff, 0x39, 0xff, 0xff, 0xff, 0xff,
    0xf4, 0x8, 0xff, 0x50, 0x0, 0x0, 0xff, 0xff,
    0xfd, 0x29, 0xff, 0x55, 0x55, 0x55, 0x51, 0xa,
    0xff, 0x30, 0x0, 0x3, 0xff, 0xff, 0x90, 0x9,
    0xff, 0x0, 0x0, 0x0, 0x0, 0xd, 0xff, 0x0,
    0x0, 0x1f, 0xff, 0xf5, 0x0, 0x1, 0x22, 0x0,
    0x0, 0x0, 0x0, 0x3f, 0xfd, 0x0, 0x0, 0x1f,
    0xff, 0x20, 0x0, 0x0, 0x0, 0x0, 0x3, 0xba,
    0xaa, 0xef, 0xf9, 0x0, 0x0, 0x8, 0xf0, 0x0,
    0x0, 0x0, 0x0, 0x0, 0x0, 0xef, 0xff, 0xff,
    0xf2, 0x0, 0x0, 0x0, 0x0, 0x0, 0x0, 0x0,
    0x0, 0x0, 0x0, 0xaf, 0xff, 0xea, 0x30, 0x0,
    0x0, 0x0, 0x0, 0x0, 0x0, 0x0, 0x0, 0x0,
    0x0, 0x0, 0x0, 0x0, 0x0, 0x0,

    /* U+8BEF "误" */
    0x0, 0x7, 0x0, 0x0, 0x0, 0x0, 0x0, 0x0,
    0x0, 0x0, 0x0, 0x0, 0x0, 0x0, 0x0, 0xa,
    0xfd, 0x20, 0x0, 0x0, 0x6f, 0xff, 0xff, 0xff,
    0xff, 0xff, 0xff, 0xf0, 0x0, 0x0, 0xcf, 0xfe,
    0x20, 0x0, 0x7, 0xff, 0xff, 0xff, 0xff, 0xff,
    0xff, 0xff, 0x0, 0x0, 0x0, 0xcf, 0xff, 0x30,
    0x0, 0x7f, 0xf9, 0x77, 0x77, 0x77, 0x77, 0xef,
    0xf0, 0x0, 0x0, 0x0, 0xcf, 0xfe, 0x10, 0x7,
    0xff, 0x30, 0x0, 0x0, 0x0, 0xc, 0xff, 0x0,
    0x0, 0x0, 0x0, 0xdf, 0xa0, 0x0, 0x7f, 0xf3,
    0x0, 0x0, 0x0, 0x0, 0xcf, 0xf0, 0x0, 0x0,
    0x0, 0x1, 0x90, 0x0, 0x7, 0xff, 0x30, 0x0,
    0x0, 0x0, 0xc, 0xff, 0x0, 0x0, 0x0, 0x0,
    0x0, 0x0, 0x0, 0x7f, 0xff, 0xff, 0xff, 0xff,
    0xff, 0xff, 0xf0, 0x0, 0x0, 0x0, 0x11, 0x0,
    0x0, 0x7, 0xff, 0xff, 0xff, 0xff, 0xff, 0xff,
    0xff, 0x0, 0xf, 0xff, 0xff, 0xfd, 0x0, 0x0,
    0x38, 0x88, 0x88, 0x88, 0x88, 0x88, 0x88, 0x80,
    0x0, 0xff, 0xff, 0xff, 0xd0, 0x0, 0x0, 0x0,
    0x0, 0x0, 0x0, 0x0, 0x0, 0x0, 0x0, 0xb,
    0xbb, 0xbf, 0xfd, 0x0, 0x1, 0x66, 0x66, 0x66,
    0x66, 0x66, 0x66, 0x66, 0x65, 0x0, 0x0, 0x0,
    0xef, 0xd0, 0x0, 0x2f, 0xff, 0xff, 0xff, 0xff,
    0xff, 0xff, 0xff, 0xd0, 0x0, 0x0, 0xe, 0xfd,
    0x0, 0x2, 0xff, 0xff, 0xff, 0xff, 0xff, 0xff,
    0xff, 0xfd, 0x0, 0x0, 0x0, 0xef, 0xd0, 0x0,
    0x1, 0x11, 0x11, 0x1c, 0xff, 0x11, 0x11, 0x11,
    0x10, 0x0, 0x0, 0xe, 0xfd, 0x0, 0x0, 0x0,
    0x0, 0x0, 0xcf, 0xe0, 0x0, 0x0, 0x0, 0x0,
    0x0, 0x0, 0xef, 0xd0, 0x0, 0x0, 0x0, 0x0,
    0xe, 0xfc, 0x0, 0x0, 0x0, 0x0, 0x0, 0x0,
    0xe, 0xfd, 0x0, 0x1f, 0xff, 0xff, 0xff, 0xff,
    0xff, 0xff, 0xff, 0xff, 0xe0, 0x0, 0x0, 0xef,
    0xd0, 0x1, 0xff, 0xff, 0xff, 0xff, 0xff, 0xff,
    0xff, 0xff, 0xfe, 0x0, 0x0, 0xe, 0xfd, 0x0,
    0x19, 0x99, 0x99, 0x9f, 0xff, 0xff, 0x99, 0x99,
    0x99, 0x80, 0x0, 0x0, 0xef, 0xd0, 0x5e, 0x0,
    0x0, 0x1, 0xff, 0xff, 0xf2, 0x0, 0x0, 0x0,
    0x0, 0x0, 0xe, 0xff, 0xbf, 0xf5, 0x0, 0x0,
    0xbf, 0xfa, 0xff, 0xd1, 0x0, 0x0, 0x0, 0x0,
    0x0, 0xff, 0xff, 0xfd, 0x30, 0x0, 0xaf, 0xfd,
    0x8, 0xff, 0xd1, 0x0, 0x0, 0x0, 0x0, 0x8f,
    0xff, 0xf9, 0x0, 0x2, 0xcf, 0xff, 0x30, 0xb,
    0xff, 0xf7, 0x0, 0x0, 0x0, 0xf, 0xff, 0xf4,
    0x0, 0x4b, 0xff, 0xff, 0x40, 0x0, 0x1c, 0xff,
    0xfd, 0x72, 0x0, 0x0, 0x5f, 0xe1, 0x0, 0x9f,
    0xff, 0xfc, 0x20, 0x0, 0x0, 0x9, 0xff, 0xff,
    0xb0, 0x0, 0x0, 0x90, 0x0, 0x0, 0xdf, 0xc5,
    0x0, 0x0, 0x0, 0x0, 0x4, 0xcf, 0xe1, 0x0,
    0x0, 0x0, 0x0, 0x0, 0x2, 0x20, 0x0, 0x0,
    0x0, 0x0, 0x0, 0x0, 0x23, 0x0,

    /* U+8BFB "读" */
    0x0, 0x0, 0x0, 0x0, 0x0, 0x0, 0x0, 0x0,
    0x7, 0x87, 0x0, 0x0, 0x0, 0x0, 0x0, 0xb,
    0x40, 0x0, 0x0, 0x0, 0x0, 0x0, 0xf, 0xfd,
    0x0, 0x0, 0x0, 0x0, 0x0, 0xcf, 0xf6, 0x0,
    0x0, 0x0, 0x0, 0x0, 0xf, 0xfd, 0x0, 0x0,
    0x0, 0x0, 0x0, 0x7f, 0xff, 0x70, 0x0, 0xf,
    0xff, 0xff, 0xff, 0xff, 0xff, 0xff, 0xfe, 0x0,
    0x0, 0x6, 0xff, 0xf8, 0x0, 0xf, 0xff, 0xff,
    0xff, 0xff, 0xff, 0xff, 0xff, 0x0, 0x0, 0x0,
    0x6f, 0xff, 0x20, 0x7, 0x77, 0x77, 0x7f, 0xff,
    0x77, 0x77, 0x76, 0x0, 0x0, 0x0, 0x6, 0xf7,
    0x0, 0x0, 0x0, 0x0, 0xf, 0xfd, 0x0, 0x0,
    0x0, 0x0, 0x0, 0x0, 0x0, 0x40, 0x0, 0x22,
    0x22, 0x22, 0x2f, 0xff, 0x22, 0x22, 0x23, 0x0,
    0x0, 0x0, 0x0, 0x0, 0x1, 0xff, 0xff, 0xff,
    0xff, 0xff, 0xff, 0xff, 0xff, 0xe0, 0x0, 0x0,
    0x0, 0x0, 0x1, 0xff, 0xff, 0xff, 0xff, 0xff,
    0xff, 0xff, 0xff, 0xc0, 0xef, 0xff, 0xff, 0xe0,
    0x0, 0x66, 0x66, 0x66, 0x66, 0x66, 0x66, 0x66,
    0xff, 0x70, 0xef, 0xff, 0xff, 0xe0, 0x0, 0x0,
    0x1b, 0x30, 0x1, 0xbb, 0x60, 0x2, 0xff, 0x30,
    0xab, 0xbb, 0xff, 0xd0, 0x0, 0x0, 0x9f, 0xfa,
    0x12, 0xff, 0x90, 0x7, 0xfe, 0x0, 0x0, 0x0,
    0xdf, 0xc0, 0x0, 0x0, 0x5, 0xef, 0xe5, 0xff,
    0x90, 0xb, 0xf9, 0x0, 0x0, 0x0, 0xdf, 0xc0,
    0x0, 0x7e, 0x70, 0x1a, 0xf7, 0xff, 0x80, 0x0,
    0x11, 0x0, 0x0, 0x0, 0xdf, 0xc0, 0x0, 0x9f,
    0xfd, 0x30, 0x33, 0xff, 0x80, 0x0, 0x0, 0x0,
    0x0, 0x0, 0xdf, 0xc0, 0x0, 0x3, 0xdf, 0xf5,
    0x4, 0xff, 0x70, 0x0, 0x0, 0x0, 0x0, 0x0,
    0xdf, 0xc0, 0x0, 0x0, 0x9, 0xe1, 0x7, 0xff,
    0x50, 0x0, 0x0, 0x0, 0x0, 0x0, 0xdf, 0xc0,
    0xe, 0xff, 0xff, 0xff, 0xff, 0xff, 0xff, 0xff,
    0xff, 0xf3, 0x0, 0x0, 0xdf, 0xc0, 0xe, 0xff,
    0xff, 0xff, 0xff, 0xff, 0xff, 0xff, 0xff, 0xf3,
    0x0, 0x0, 0xdf, 0xc0, 0x8a, 0x88, 0x88, 0x88,
    0xff, 0xff, 0x88, 0x88, 0x88, 0x81, 0x0, 0x0,
    0xdf, 0xda, 0xf9, 0x0, 0x0, 0x4, 0xff, 0xf2,
    0x36, 0x0, 0x0, 0x0, 0x0, 0x0, 0xdf, 0xff,
    0xfe, 0x0, 0x0, 0x2e, 0xff, 0x83, 0xff, 0xb1,
    0x0, 0x0, 0x0, 0x0, 0xff, 0xff, 0xd2, 0x0,
    0x3, 0xef, 0xfc, 0x0, 0xaf, 0xfe, 0x40, 0x0,
    0x0, 0x4, 0xff, 0xfc, 0x10, 0x0, 0x8f, 0xff,
    0xd1, 0x0, 0x6, 0xff, 0xf7, 0x0, 0x0, 0xf,
    0xff, 0xc0, 0x0, 0x7e, 0xff, 0xfb, 0x0, 0x0,
    0x0, 0x3e, 0xff, 0x90, 0x0, 0xe, 0xfa, 0x0,
    0x1e, 0xff, 0xff, 0x70, 0x0, 0x0, 0x0, 0x1,
    0xcf, 0xf8, 0x0, 0x1, 0xc0, 0x0, 0x5, 0xff,
    0x91, 0x0, 0x0, 0x0, 0x0, 0x0, 0xc, 0xe1,
    0x0, 0x0, 0x0, 0x0, 0x0, 0x51, 0x0, 0x0,
    0x0, 0x0, 0x0, 0x0, 0x0, 0x20,

    /* U+8D1F "负" */
    0x0, 0x0, 0x0, 0x0, 0x0, 0x0, 0x0, 0x0,
    0x0, 0x0, 0x0, 0x0, 0x0, 0x0, 0x0, 0x0,
    0x0, 0x3, 0xfe, 0xa0, 0x0, 0x0, 0x0, 0x0,
    0x0, 0x0, 0x0, 0x0, 0x0, 0x0, 0x0, 0xbf,
    0xf9, 0x0, 0x0, 0x0, 0x0, 0x0, 0x0, 0x0,
    0x0, 0x0, 0x0, 0x0, 0x5f, 0xff, 0x75, 0x55,
    0x55, 0x6b, 0x20, 0x0, 0x0, 0x0, 0x0, 0x0,
    0x0, 0x1e, 0xff, 0xff, 0xff, 0xff, 0xff, 0xff,
    0x40, 0x0, 0x0, 0x0, 0x0, 0x0, 0xb, 0xff,
    0xff, 0xff, 0xff, 0xff, 0xff, 0xf4, 0x0, 0x0,
    0x0, 0x0, 0x0, 0x9, 0xff, 0xe1, 0x0, 0x0,
    0x0, 0x6f, 0xfb, 0x0, 0x0, 0x0, 0x0, 0x0,
    0x7, 0xff, 0xf3, 0x0, 0x0, 0x0, 0x1f, 0xff,
    0x20, 0x0, 0x0, 0x0, 0x0, 0x8, 0xff, 0xf5,
    0x0, 0x0, 0x0, 0xc, 0xff, 0x60, 0x0, 0x0,
    0x0, 0x0, 0x9, 0xff, 0xff, 0x88, 0x88, 0x88,
    0x8f, 0xff, 0xf8, 0x88, 0x88, 0x80, 0x0, 0x1c,
    0xff, 0xff, 0xff, 0xff, 0xff, 0xff, 0xff, 0xff,
    0xff, 0xff, 0xff, 0x10, 0x0, 0xaf, 0xf7, 0xff,
    0xff, 0xff, 0xff, 0xff, 0xff, 0xff, 0xff, 0xff,
    0xf1, 0x0, 0x0, 0x93, 0x1f, 0xfc, 0x0, 0x0,
    0x0, 0x0, 0x0, 0x0, 0xe, 0xff, 0x10, 0x0,
    0x0, 0x1, 0xff, 0xc0, 0x0, 0x0, 0x0, 0x0,
    0x0, 0x0, 0xef, 0xf1, 0x0, 0x0, 0x0, 0x1f,
    0xfc, 0x0, 0x0, 0x2f, 0xfe, 0x0, 0x0, 0xe,
    0xff, 0x10, 0x0, 0x0, 0x1, 0xff, 0xc0, 0x0,
    0x4, 0xff, 0xd0, 0x0, 0x0, 0xef, 0xf1, 0x0,
    0x0, 0x0, 0x1f, 0xfc, 0x0, 0x0, 0x5f, 0xfc,
    0x0, 0x0, 0xe, 0xff, 0x10, 0x0, 0x0, 0x1,
    0xff, 0xc0, 0x0, 0x8, 0xff, 0x90, 0x0, 0x0,
    0xef, 0xf1, 0x0, 0x0, 0x0, 0x1f, 0xfc, 0x0,
    0x0, 0xbf, 0xf7, 0x0, 0x0, 0xe, 0xff, 0x10,
    0x0, 0x0, 0x1, 0xff, 0xc0, 0x0, 0xe, 0xff,
    0x30, 0x0, 0x0, 0xef, 0xf1, 0x0, 0x0, 0x0,
    0x1f, 0xfc, 0x0, 0x5, 0xff, 0xe0, 0x0, 0x0,
    0xe, 0xff, 0x10, 0x0, 0x0, 0x1, 0xff, 0xc0,
    0x0, 0xdf, 0xf8, 0x0, 0x0, 0x0, 0xef, 0xf1,
    0x0, 0x0, 0x0, 0x9, 0x97, 0x0, 0xaf, 0xfe,
    0x12, 0xec, 0x50, 0x8, 0x99, 0x0, 0x0, 0x0,
    0x0, 0x0, 0x1, 0xbf, 0xff, 0x50, 0xdf, 0xff,
    0xd6, 0x0, 0x0, 0x0, 0x0, 0x0, 0x0, 0x18,
    0xef, 0xff, 0x70, 0x0, 0x6d, 0xff, 0xfe, 0x71,
    0x0, 0x0, 0x0, 0x37, 0xbf, 0xff, 0xfe, 0x50,
    0x0, 0x0, 0x5, 0xdf, 0xff, 0xf8, 0x10, 0xc,
    0xff, 0xff, 0xff, 0xe8, 0x10, 0x0, 0x0, 0x0,
    0x0, 0x5d, 0xff, 0xff, 0x70, 0x5f, 0xff, 0xfb,
    0x60, 0x0, 0x0, 0x0, 0x0, 0x0, 0x0, 0x6,
    0xef, 0xe3, 0x0, 0x86, 0x30, 0x0, 0x0, 0x0,
    0x0, 0x0, 0x0, 0x0, 0x0, 0x0, 0x82, 0x0,

    /* U+8D25 "败" */
    0x0, 0x0, 0x0, 0x0, 0x0, 0x0, 0x0, 0x0,
    0x0, 0x0, 0x0, 0x0, 0x0, 0x0, 0x0, 0x0,
    0x0, 0x0, 0x0, 0x0, 0x0, 0x0, 0xa, 0xe9,
    0x0, 0x0, 0x0, 0x0, 0x5, 0xff, 0xff, 0xff,
    0xff, 0xff, 0xe0, 0x0, 0xd, 0xfb, 0x0, 0x0,
    0x0, 0x0, 0x6, 0xff, 0xff, 0xff, 0xff, 0xff,
    0xe0, 0x0, 0x1f, 0xf7, 0x0, 0x0, 0x0, 0x0,
    0x6, 0xff, 0x99, 0x99, 0x99, 0xcf, 0xe0, 0x0,
    0x5f, 0xf3, 0x0, 0x0, 0x0, 0x0, 0x6, 0xfe,
    0x0, 0x0, 0x0, 0x7f, 0xe0, 0x0, 0x9f, 0xe0,
    0x0, 0x0, 0x0, 0x0, 0x6, 0xfe, 0x0, 0x88,
    0x30, 0x7f, 0xe0, 0x0, 0xff, 0xff, 0xff, 0xff,
    0xff, 0xf6, 0x6, 0xfe, 0x1, 0xff, 0x60, 0x7f,
    0xe0, 0x3, 0xff, 0xff, 0xff, 0xff, 0xff, 0xf6,
    0x6, 0xfe, 0x1, 0xff, 0x60, 0x7f, 0xe0, 0x9,
    0xff, 0x98, 0x88, 0x8f, 0xff, 0x83, 0x6, 0xfe,
    0x1, 0xff, 0x60, 0x7f, 0xe0, 0xf, 0xf9, 0x0,
    0x0, 0x1f, 0xf5, 0x0, 0x6, 0xfe, 0x1, 0xff,
    0x60, 0x7f, 0xe0, 0x7f, 0xf3, 0x0, 0x0, 0x3f,
    0xf3, 0x0, 0x6, 0xfe, 0x1, 0xff, 0x60, 0x7f,
    0xe1, 0xff, 0xf5, 0x0, 0x0, 0x6f, 0xf0, 0x0,
    0x6, 0xfe, 0x1, 0xff, 0x60, 0x7f, 0xe9, 0xff,
    0xfa, 0x0, 0x0, 0x8f, 0xd0, 0x0, 0x6, 0xfe,
    0x1, 0xff, 0x60, 0x7f, 0xe8, 0xff, 0xfe, 0x0,
    0x0, 0xcf, 0xa0, 0x0, 0x6, 0xfe, 0x1, 0xff,
    0x60, 0x7f, 0xe0, 0xd5, 0xff, 0x40, 0x0, 0xff,
    0x60, 0x0, 0x6, 0xfe, 0x2, 0xff, 0x50, 0x7f,
    0xe0, 0x10, 0xdf, 0xb0, 0x4, 0xff, 0x20, 0x0,
    0x6, 0xfe, 0x3, 0xff, 0x40, 0x7f, 0xe0, 0x0,
    0x6f, 0xf2, 0x9, 0xfd, 0x0, 0x0, 0x6, 0xfe,
    0x3, 0xff, 0x30, 0x7f, 0xe0, 0x0, 0xf, 0xfa,
    0xf, 0xf8, 0x0, 0x0, 0x6, 0xfe, 0x6, 0xff,
    0x10, 0x7f, 0xe0, 0x0, 0x8, 0xff, 0x9f, 0xf2,
    0x0, 0x0, 0x6, 0xfe, 0x9, 0xfe, 0x0, 0x7f,
    0xe0, 0x0, 0x1, 0xff, 0xff, 0xc0, 0x0, 0x0,
    0x2, 0x65, 0xd, 0xfb, 0x0, 0x25, 0x40, 0x0,
    0x0, 0x7f, 0xff, 0x40, 0x0, 0x0, 0x0, 0x0,
    0x3f, 0xf6, 0x2b, 0x30, 0x0, 0x0, 0x0, 0x2f,
    0xff, 0x30, 0x0, 0x0, 0x0, 0x0, 0xbf, 0xf1,
    0xdf, 0xd0, 0x0, 0x0, 0x0, 0xcf, 0xff, 0xe1,
    0x0, 0x0, 0x0, 0x5, 0xff, 0x80, 0x4f, 0xfa,
    0x0, 0x0, 0xc, 0xff, 0xff, 0xfd, 0x10, 0x0,
    0x0, 0x3f, 0xfe, 0x0, 0x9, 0xff, 0x50, 0x1,
    0xcf, 0xfb, 0x9, 0xff, 0xe3, 0x0, 0x5, 0xff,
    0xf4, 0x0, 0x0, 0xdf, 0xe1, 0x5e, 0xff, 0xc0,
    0x0, 0x9f, 0xff, 0x80, 0x8f, 0xff, 0x50, 0x0,
    0x0, 0x3f, 0xe7, 0xff, 0xfb, 0x0, 0x0, 0x8,
    0xff, 0xf9, 0x1d, 0xe4, 0x0, 0x0, 0x0, 0x6,
    0x10, 0x8f, 0x80, 0x0, 0x0, 0x0, 0x4e, 0xc0,
    0x2, 0x10, 0x0, 0x0, 0x0, 0x0, 0x0, 0x2,
    0x0, 0x0, 0x0, 0x0, 0x0, 0x10,

    /* U+8F6E "轮" */
    0x0, 0x0, 0x22, 0x0, 0x0, 0x0, 0x0, 0x0,
    0x0, 0x52, 0x0, 0x0, 0x0, 0x0, 0x0, 0x0,
    0xaf, 0xf0, 0x0, 0x0, 0x0, 0x0, 0x6, 0xff,
    0xd0, 0x0, 0x0, 0x0, 0x0, 0x0, 0xdf, 0xc0,
    0x0, 0x0, 0x0, 0x0, 0xd, 0xff, 0xf0, 0x0,
    0x0, 0x0, 0x0, 0x0, 0xff, 0x90, 0x0, 0x0,
    0x0, 0x0, 0x5f, 0xff, 0xf5, 0x0, 0x0, 0x0,
    0xbf, 0xff, 0xff, 0xff, 0xff, 0xf1, 0x0, 0x0,
    0xdf, 0xff, 0xfd, 0x0, 0x0, 0x0, 0xcf, 0xff,
    0xff, 0xff, 0xff, 0xf1, 0x0, 0x8, 0xff, 0xd8,
    0xff, 0x90, 0x0, 0x0, 0x9c, 0xcf, 0xff, 0xcc,
    0xcc, 0xc0, 0x0, 0x3f, 0xff, 0x30, 0xef, 0xf5,
    0x0, 0x0, 0x0, 0xe, 0xf8, 0x0, 0x0, 0x0,
    0x1, 0xdf, 0xf9, 0x0, 0x4f, 0xff, 0x20, 0x0,
    0x0, 0x3f, 0xf3, 0x11, 0x0, 0x0, 0xb, 0xff,
    0xd0, 0x0, 0x9, 0xff, 0xd1, 0x0, 0x0, 0x7f,
    0xe4, 0xff, 0x30, 0x0, 0xaf, 0xff, 0x30, 0x0,
    0x0, 0xdf, 0xfc, 0x10, 0x0, 0xcf, 0x94, 0xff,
    0x30, 0xb, 0xff, 0xf5, 0x0, 0x0, 0x0, 0x2f,
    0xff, 0xd2, 0x2, 0xff, 0x44, 0xff, 0x30, 0xbf,
    0xff, 0xa3, 0x30, 0x0, 0x0, 0x4, 0xff, 0xf9,
    0x8, 0xfe, 0x4, 0xff, 0x30, 0x2e, 0xf7, 0xef,
    0xe0, 0x0, 0x0, 0x0, 0x4f, 0xb0, 0x2f, 0xff,
    0x9d, 0xff, 0xc9, 0x94, 0x60, 0xef, 0xe0, 0x0,
    0x0, 0x66, 0x4, 0x10, 0x5f, 0xff, 0xff, 0xff,
    0xff, 0xf0, 0x0, 0xef, 0xe0, 0x0, 0xa, 0xff,
    0x40, 0x0, 0xf, 0xff, 0xff, 0xff, 0xff, 0xf0,
    0x0, 0xef, 0xe0, 0x5, 0xef, 0xff, 0xc0, 0x0,
    0x3, 0x0, 0x4, 0xff, 0x30, 0x0, 0x0, 0xef,
    0xe1, 0xbf, 0xff, 0xf8, 0x0, 0x0, 0x0, 0x0,
    0x4, 0xff, 0x30, 0x0, 0x0, 0xef, 0xff, 0xff,
    0xfb, 0x20, 0x0, 0x0, 0x0, 0x0, 0x4, 0xff,
    0x30, 0x0, 0x0, 0xff, 0xff, 0xfc, 0x40, 0x0,
    0x0, 0x0, 0x0, 0x0, 0x5, 0xff, 0xbb, 0xe9,
    0x0, 0xef, 0xfd, 0x50, 0x0, 0x0, 0x0, 0x0,
    0x57, 0xac, 0xef, 0xff, 0xff, 0xfa, 0x0, 0xef,
    0xf0, 0x0, 0x0, 0x0, 0x0, 0x0, 0xdf, 0xff,
    0xff, 0xff, 0xfc, 0x94, 0x0, 0xef, 0xe0, 0x0,
    0x0, 0x0, 0xa6, 0x10, 0xaf, 0xfe, 0xbc, 0xff,
    0x30, 0x0, 0x0, 0xef, 0xe0, 0x0, 0x0, 0x0,
    0xdf, 0xc0, 0x34, 0x10, 0x4, 0xff, 0x30, 0x0,
    0x0, 0xef, 0xe0, 0x0, 0x0, 0x0, 0xef, 0xa0,
    0x0, 0x0, 0x4, 0xff, 0x30, 0x0, 0x0, 0xef,
    0xf1, 0x0, 0x0, 0x4, 0xff, 0x80, 0x0, 0x0,
    0x4, 0xff, 0x30, 0x0, 0x0, 0xbf, 0xff, 0xff,
    0xff, 0xff, 0xff, 0x40, 0x0, 0x0, 0x4, 0xff,
    0x30, 0x0, 0x0, 0x4f, 0xff, 0xff, 0xff, 0xff,
    0xfb, 0x0, 0x0, 0x0, 0x4, 0xff, 0x30, 0x0,
    0x0, 0x2, 0x79, 0x9a, 0xaa, 0x99, 0x60, 0x0,

    /* U+8F7D "载" */
    0x0, 0x0, 0x0, 0x2, 0x55, 0x0, 0x0, 0x0,
    0x4, 0x44, 0x0, 0x0, 0x0, 0x0, 0x0, 0x0,
    0x0, 0x0, 0x8f, 0xf3, 0x0, 0x0, 0x0, 0xff,
    0xd0, 0x7, 0x70, 0x0, 0x0, 0x0, 0x1, 0x11,
    0x19, 0xff, 0x41, 0x11, 0x10, 0xe, 0xfd, 0x9,
    0xff, 0x80, 0x0, 0x0, 0xf, 0xff, 0xff, 0xff,
    0xff, 0xff, 0xff, 0x50, 0xef, 0xd0, 0xc, 0xff,
    0x70, 0x0, 0x0, 0xff, 0xff, 0xff, 0xff, 0xff,
    0xff, 0xf5, 0xe, 0xfd, 0x0, 0xd, 0xff, 0x50,
    0x0, 0x1, 0x22, 0x22, 0xaf, 0xf5, 0x22, 0x22,
    0x0, 0xdf, 0xe0, 0x0, 0x1e, 0xd4, 0x0, 0x0,
    0x0, 0x0, 0x8, 0xff, 0x30, 0x0, 0x0, 0xd,
    0xfe, 0x0, 0x0, 0x20, 0x0, 0x7, 0xee, 0xee,
    0xee, 0xff, 0xff, 0xee, 0xee, 0xee, 0xff, 0xfe,
    0xee, 0xee, 0xee, 0x80, 0x8f, 0xff, 0xff, 0xff,
    0xff, 0xff, 0xff, 0xff, 0xff, 0xff, 0xff, 0xff,
    0xff, 0xf9, 0x3, 0x66, 0x66, 0x6f, 0xb7, 0x66,
    0x66, 0x66, 0x66, 0xff, 0xf6, 0x66, 0x66, 0x66,
    0x30, 0x0, 0x0, 0x5, 0xff, 0xa0, 0x0, 0x0,
    0x0, 0xa, 0xff, 0x10, 0x0, 0x0, 0x0, 0x0,
    0x0, 0x0, 0xbf, 0xf3, 0x0, 0x0, 0x0, 0x0,
    0x9f, 0xf2, 0x0, 0x4f, 0xb3, 0x0, 0xe, 0xee,
    0xff, 0xff, 0xee, 0xee, 0xee, 0xee, 0x47, 0xff,
    0x40, 0x9, 0xff, 0x20, 0x0, 0xff, 0xff, 0xff,
    0xff, 0xff, 0xff, 0xff, 0xf5, 0x6f, 0xf5, 0x0,
    0xef, 0xc0, 0x0, 0x5, 0x57, 0xff, 0xf5, 0x55,
    0x55, 0x55, 0x55, 0x14, 0xff, 0x70, 0x5f, 0xf7,
    0x0, 0x0, 0x0, 0xaf, 0xf2, 0x3, 0x99, 0x20,
    0x0, 0x0, 0x2f, 0xf9, 0xb, 0xff, 0x10, 0x0,
    0x0, 0x4f, 0xf9, 0x0, 0x5f, 0xf4, 0x0, 0x0,
    0x0, 0xff, 0xb2, 0xff, 0xa0, 0x0, 0x0, 0x3e,
    0xff, 0x76, 0x6c, 0xff, 0xb6, 0x66, 0x50, 0xd,
    0xfe, 0xaf, 0xf3, 0x0, 0x0, 0x1, 0xff, 0xff,
    0xff, 0xff, 0xff, 0xff, 0xfc, 0x0, 0xaf, 0xff,
    0xfc, 0x0, 0x0, 0x0, 0xf, 0xff, 0xff, 0xff,
    0xff, 0xff, 0xff, 0xc0, 0x7, 0xff, 0xff, 0x30,
    0x0, 0x0, 0x0, 0x21, 0x0, 0x0, 0x5f, 0xf4,
    0x0, 0x0, 0x0, 0x4f, 0xff, 0xb0, 0x0, 0x0,
    0x0, 0x0, 0x0, 0x0, 0x5, 0xff, 0x40, 0x1,
    0x31, 0x2, 0xff, 0xf2, 0x0, 0x38, 0x0, 0x2,
    0x34, 0x56, 0x79, 0xff, 0xff, 0xff, 0xff, 0x60,
    0xcf, 0xff, 0x30, 0x4, 0xfe, 0x2, 0xff, 0xff,
    0xff, 0xff, 0xff, 0xff, 0xff, 0xf6, 0xaf, 0xff,
    0xfa, 0x0, 0x6f, 0xd0, 0xf, 0xff, 0xfe, 0xdb,
    0xff, 0xfa, 0x42, 0x10, 0x9f, 0xfe, 0xff, 0xf5,
    0xa, 0xfb, 0x0, 0x43, 0x10, 0x0, 0x5, 0xff,
    0x40, 0x0, 0xbf, 0xff, 0x24, 0xff, 0xfc, 0xff,
    0x70, 0x0, 0x0, 0x0, 0x0, 0x5f, 0xf4, 0x0,
    0xaf, 0xff, 0x30, 0x8, 0xff, 0xff, 0xf1, 0x0,
    0x0, 0x0, 0x0, 0x5, 0xff, 0x40, 0x0, 0xbe,
    0x20, 0x0, 0x6, 0xdf, 0xd4, 0x0, 0x0, 0x0,
    0x0, 0x0, 0x2, 0x20, 0x0, 0x0, 0x10, 0x0,
    0x0, 0x0, 0x0, 0x0, 0x0,

    /* U+8FD0 "运" */
    0x0, 0xa, 0x70, 0x0, 0x0, 0x3, 0xaa, 0xaa,
    0xaa, 0xaa, 0xaa, 0xaa, 0xaa, 0x80, 0x0, 0x0,
    0xbf, 0xfc, 0x10, 0x0, 0x6, 0xff, 0xff, 0xff,
    0xff, 0xff, 0xff, 0xff, 0xd0, 0x0, 0x0, 0x5e,
    0xff, 0xf5, 0x0, 0x6, 0xff, 0xff, 0xff, 0xff,
    0xff, 0xff, 0xff, 0xd0, 0x0, 0x0, 0x2, 0xcf,
    0xff, 0xa0, 0x0, 0x0, 0x0, 0x0, 0x0, 0x0,
    0x0, 0x0, 0x0, 0x0, 0x0, 0x0, 0x9, 0xff,
    0xa0, 0x0, 0x0, 0x0, 0x0, 0x0, 0x0, 0x0,
    0x0, 0x0, 0x0, 0x0, 0x0, 0x0, 0x69, 0x0,
    0x0, 0x0, 0x0, 0x0, 0x0, 0x0, 0x0, 0x0,
    0x0, 0x0, 0x0, 0x0, 0x0, 0x0, 0x0, 0x0,
    0x0, 0x0, 0x0, 0x0, 0x0, 0x0, 0x0, 0x0,
    0x0, 0x0, 0x0, 0x0, 0x0, 0x5, 0xdd, 0xdd,
    0xdd, 0xdd, 0xdd, 0xdd, 0xdd, 0xdd, 0xdd, 0xc0,
    0x0, 0x0, 0x0, 0x0, 0x6, 0xff, 0xff, 0xff,
    0xff, 0xff, 0xff, 0xff, 0xff, 0xff, 0xe0, 0xd,
    0xff, 0xff, 0xfc, 0x5, 0xcc, 0xcc, 0xcf, 0xff,
    0xfc, 0xcc, 0xcc, 0xcc, 0xcc, 0xb0, 0xe, 0xff,
    0xff, 0xfd, 0x0, 0x0, 0x0, 0xe, 0xff, 0x60,
    0x0, 0x0, 0x0, 0x0, 0x0, 0x9, 0xbb, 0xbf,
    0xfd, 0x0, 0x0, 0x0, 0x6f, 0xfe, 0x0, 0x6,
    0xd7, 0x0, 0x0, 0x0, 0x0, 0x0, 0xe, 0xfd,
    0x0, 0x0, 0x0, 0xdf, 0xf7, 0x0, 0xe, 0xff,
    0x20, 0x0, 0x0, 0x0, 0x0, 0xe, 0xfd, 0x0,
    0x0, 0x5, 0xff, 0xd0, 0x0, 0x5, 0xff, 0xb0,
    0x0, 0x0, 0x0, 0x0, 0xe, 0xfd, 0x0, 0x0,
    0xd, 0xff, 0x40, 0x0, 0x0, 0xbf, 0xf5, 0x0,
    0x0, 0x0, 0x0, 0xe, 0xfd, 0x0, 0x0, 0x7f,
    0xfb, 0x0, 0x0, 0x0, 0x2f, 0xfe, 0x0, 0x0,
    0x0, 0x0, 0xe, 0xfd, 0x0, 0x3, 0xff, 0xf2,
    0x12, 0x35, 0x67, 0x8f, 0xff, 0x80, 0x0, 0x0,
    0x0, 0xe, 0xfd, 0x0, 0x2e, 0xff, 0xff, 0xff,
    0xff, 0xff, 0xff, 0xff, 0xf2, 0x0, 0x0, 0x0,
    0xe, 0xfd, 0x0, 0x2f, 0xff, 0xff, 0xff, 0xff,
    0xff, 0xfe, 0xff, 0xfb, 0x0, 0x0, 0x0, 0xe,
    0xfd, 0x0, 0xf, 0xfe, 0xba, 0x87, 0x54, 0x21,
    0x0, 0xd, 0xff, 0x20, 0x0, 0x0, 0x1f, 0xff,
    0x30, 0x3, 0x0, 0x0, 0x0, 0x0, 0x0, 0x0,
    0x6, 0xa2, 0x0, 0x0, 0x6, 0xff, 0xff, 0xf8,
    0x0, 0x0, 0x0, 0x0, 0x0, 0x0, 0x0, 0x0,
    0x0, 0x0, 0x0, 0x9f, 0xff, 0xef, 0xff, 0xe7,
    0x20, 0x0, 0x0, 0x0, 0x0, 0x0, 0x0, 0x1,
    0x31, 0xa, 0xff, 0xf8, 0x1, 0xbf, 0xff, 0xfe,
    0xdb, 0xaa, 0xaa, 0xab, 0xbc, 0xde, 0xff, 0xf1,
    0x9, 0xff, 0x80, 0x0, 0x5, 0xdf, 0xff, 0xff,
    0xff, 0xff, 0xff, 0xff, 0xff, 0xff, 0xc0, 0x0,
    0xdb, 0x0, 0x0, 0x0, 0x4, 0x9c, 0xef, 0xff,
    0xff, 0xff, 0xff, 0xff, 0xfe, 0x70, 0x0, 0x21,
    0x0, 0x0, 0x0, 0x0, 0x0, 0x0, 0x11, 0x11,
    0x11, 0x0, 0x0, 0x0, 0x0,

    /* U+8FD1 "近" */
    0x0, 0x0, 0x0, 0x0, 0x0, 0x0, 0x0, 0x0,
    0x0, 0x0, 0x0, 0x0, 0x1, 0x0, 0x0, 0x0,
    0x26, 0x0, 0x0, 0x0, 0x0, 0x0, 0x0, 0x0,
    0x13, 0x58, 0xbf, 0xf6, 0x0, 0x0, 0x7f, 0xf8,
    0x0, 0x0, 0x0, 0xaf, 0xfc, 0xce, 0xff, 0xff,
    0xff, 0xff, 0xf7, 0x0, 0x2, 0xef, 0xf7, 0x0,
    0x0, 0xf, 0xff, 0xff, 0xff, 0xff, 0xff, 0xeb,
    0x84, 0x0, 0x0, 0x3, 0xff, 0xf6, 0x0, 0x0,
    0xcf, 0xfe, 0xba, 0x86, 0x42, 0x0, 0x0, 0x0,
    0x0, 0x0, 0x4, 0xff, 0xf3, 0x0, 0xb, 0xff,
    0x20, 0x0, 0x0, 0x0, 0x0, 0x0, 0x0, 0x0,
    0x0, 0x7, 0xff, 0xa0, 0x0, 0xbf, 0xf2, 0x0,
    0x0, 0x0, 0x0, 0x0, 0x0, 0x0, 0x0, 0x0,
    0xb, 0x70, 0x0, 0xb, 0xff, 0x20, 0x0, 0x0,
    0x0, 0x0, 0x0, 0x0, 0x0, 0x0, 0x0, 0x0,
    0x0, 0x0, 0xbf, 0xf2, 0x0, 0x0, 0x0, 0x0,
    0x0, 0x0, 0x0, 0x0, 0x0, 0x0, 0x0, 0x0,
    0xb, 0xff, 0xdb, 0xbb, 0xbb, 0xbb, 0xbb, 0xbb,
    0xb4, 0x0, 0x0, 0x0, 0x0, 0x0, 0x0, 0xcf,
    0xff, 0xff, 0xff, 0xff, 0xff, 0xff, 0xff, 0x70,
    0x5b, 0xbb, 0xbb, 0xb0, 0x0, 0xc, 0xff, 0xdc,
    0xcc, 0xcf, 0xff, 0xec, 0xcc, 0xc5, 0x8, 0xff,
    0xff, 0xff, 0x0, 0x0, 0xdf, 0xf0, 0x0, 0x0,
    0xbf, 0xf1, 0x0, 0x0, 0x0, 0x8f, 0xff, 0xff,
    0xf0, 0x0, 0xe, 0xfe, 0x0, 0x0, 0xb, 0xff,
    0x10, 0x0, 0x0, 0x0, 0x0, 0xb, 0xff, 0x0,
    0x0, 0xff, 0xc0, 0x0, 0x0, 0xbf, 0xf1, 0x0,
    0x0, 0x0, 0x0, 0x0, 0xbf, 0xf0, 0x0, 0x2f,
    0xfa, 0x0, 0x0, 0xb, 0xff, 0x10, 0x0, 0x0,
    0x0, 0x0, 0xb, 0xff, 0x0, 0x5, 0xff, 0x80,
    0x0, 0x0, 0xbf, 0xf1, 0x0, 0x0, 0x0, 0x0,
    0x0, 0xbf, 0xf0, 0x0, 0x9f, 0xf5, 0x0, 0x0,
    0xb, 0xff, 0x10, 0x0, 0x0, 0x0, 0x0, 0xb,
    0xff, 0x0, 0xe, 0xff, 0x10, 0x0, 0x0, 0xbf,
    0xf1, 0x0, 0x0, 0x0, 0x0, 0x0, 0xbf, 0xf0,
    0x3, 0xff, 0xd0, 0x0, 0x0, 0xb, 0xff, 0x10,
    0x0, 0x0, 0x0, 0x0, 0xb, 0xff, 0x0, 0xbf,
    0xf7, 0x0, 0x0, 0x0, 0xbf, 0xf1, 0x0, 0x0,
    0x0, 0x0, 0x0, 0xbf, 0xf0, 0x4f, 0xff, 0x10,
    0x0, 0x0, 0xb, 0xff, 0x10, 0x0, 0x0, 0x0,
    0x0, 0x7f, 0xff, 0x41, 0x9f, 0x90, 0x0, 0x0,
    0x0, 0xbf, 0xf1, 0x0, 0x0, 0x0, 0x1, 0xbf,
    0xff, 0xff, 0x91, 0x50, 0x0, 0x0, 0x0, 0x5,
    0x88, 0x0, 0x0, 0x0, 0x1, 0xdf, 0xfd, 0x7c,
    0xff, 0xf9, 0x52, 0x10, 0x0, 0x0, 0x0, 0x1,
    0x23, 0x46, 0x50, 0xdf, 0xfd, 0x10, 0x7, 0xff,
    0xff, 0xff, 0xff, 0xee, 0xff, 0xff, 0xff, 0xff,
    0xf7, 0x5, 0xff, 0x20, 0x0, 0x2, 0x9f, 0xff,
    0xff, 0xff, 0xff, 0xff, 0xff, 0xff, 0xff, 0x30,
    0x9, 0x50, 0x0, 0x0, 0x0, 0x4, 0x79, 0xab,
    0xbb, 0xbb, 0xba, 0xa9, 0x98, 0x70, 0x0, 0x0,
    0x0, 0x0, 0x0, 0x0, 0x0, 0x0, 0x0, 0x0,
    0x0, 0x0, 0x0, 0x0, 0x0,

    /* U+8FDB "进" */
    0x0, 0x3, 0x60, 0x0, 0x0, 0x0, 0x0, 0x7a,
    0xa0, 0x0, 0x6, 0x99, 0x0, 0x0, 0x0, 0x0,
    0x6f, 0xf8, 0x0, 0x0, 0x0, 0x0, 0xcf, 0xf0,
    0x0, 0xb, 0xff, 0x10, 0x0, 0x0, 0x0, 0x3f,
    0xff, 0x80, 0x0, 0x0, 0x0, 0xcf, 0xf0, 0x0,
    0xb, 0xff, 0x10, 0x0, 0x0, 0x0, 0x3, 0xff,
    0xf8, 0x0, 0x0, 0x0, 0xcf, 0xf0, 0x0, 0xb,
    0xff, 0x10, 0x0, 0x0, 0x0, 0x0, 0x4f, 0xff,
    0x60, 0x0, 0x0, 0xcf, 0xf1, 0x0, 0xb, 0xff,
    0x10, 0x0, 0x0, 0x0, 0x0, 0x5, 0xff, 0x70,
    0xcf, 0xff, 0xff, 0xff, 0xff, 0xff, 0xff, 0xff,
    0xfc, 0x0, 0x0, 0x0, 0x0, 0x84, 0x0, 0xcf,
    0xff, 0xff, 0xff, 0xff, 0xff, 0xff, 0xff, 0xfc,
    0x0, 0x0, 0x0, 0x0, 0x0, 0x0, 0x9b, 0xbb,
    0xff, 0xfc, 0xbb, 0xbf, 0xff, 0xcb, 0xb9, 0x0,
    0x0, 0x0, 0x0, 0x0, 0x0, 0x0, 0x0, 0xcf,
    0xf0, 0x0, 0xb, 0xff, 0x10, 0x0, 0x0, 0x0,
    0x0, 0x0, 0x0, 0x0, 0x0, 0x0, 0xcf, 0xf0,
    0x0, 0xb, 0xff, 0x10, 0x0, 0x0, 0x5, 0x99,
    0x99, 0x99, 0x0, 0x0, 0x0, 0xcf, 0xf0, 0x0,
    0xb, 0xff, 0x10, 0x0, 0x0, 0x9, 0xff, 0xff,
    0xff, 0x0, 0x0, 0x0, 0xdf, 0xf0, 0x0, 0xb,
    0xff, 0x10, 0x0, 0x0, 0x9, 0xff, 0xff, 0xff,
    0x0, 0xaa, 0xaa, 0xff, 0xfa, 0xaa, 0xaf, 0xff,
    0xba, 0xaa, 0x30, 0x0, 0x0, 0xb, 0xff, 0x1,
    0xff, 0xff, 0xff, 0xff, 0xff, 0xff, 0xff, 0xff,
    0xff, 0x50, 0x0, 0x0, 0xb, 0xff, 0x1, 0xff,
    0xff, 0xff, 0xff, 0xff, 0xff, 0xff, 0xff, 0xff,
    0x50, 0x0, 0x0, 0xb, 0xff, 0x0, 0x11, 0x16,
    0xff, 0xa1, 0x11, 0x1d, 0xff, 0x21, 0x11, 0x0,
    0x0, 0x0, 0xb, 0xff, 0x0, 0x0, 0x9, 0xff,
    0x50, 0x0, 0xb, 0xff, 0x10, 0x0, 0x0, 0x0,
    0x0, 0xb, 0xff, 0x0, 0x0, 0xe, 0xff, 0x10,
    0x0, 0xb, 0xff, 0x10, 0x0, 0x0, 0x0, 0x0,
    0xb, 0xff, 0x0, 0x0, 0x8f, 0xfa, 0x0, 0x0,
    0xb, 0xff, 0x10, 0x0, 0x0, 0x0, 0x0, 0xb,
    0xff, 0x0, 0x4, 0xff, 0xf2, 0x0, 0x0, 0xb,
    0xff, 0x10, 0x0, 0x0, 0x0, 0x0, 0xb, 0xff,
    0x0, 0x3f, 0xff, 0x80, 0x0, 0x0, 0xb, 0xff,
    0x10, 0x0, 0x0, 0x0, 0x0, 0x5f, 0xff, 0x40,
    0xb, 0xfb, 0x0, 0x0, 0x0, 0xb, 0xff, 0x10,
    0x0, 0x0, 0x0, 0xa, 0xff, 0xff, 0xf8, 0x0,
    0x70, 0x0, 0x0, 0x0, 0x3, 0x55, 0x0, 0x0,
    0x0, 0x1, 0xdf, 0xfe, 0x8d, 0xff, 0xf9, 0x41,
    0x0, 0x0, 0x0, 0x0, 0x0, 0x1, 0x24, 0x50,
    0xc, 0xff, 0xe1, 0x0, 0x8f, 0xff, 0xff, 0xfe,
    0xdd, 0xdd, 0xde, 0xff, 0xff, 0xff, 0xa0, 0x6,
    0xff, 0x20, 0x0, 0x2, 0xaf, 0xff, 0xff, 0xff,
    0xff, 0xff, 0xff, 0xff, 0xff, 0x50, 0x0, 0xa6,
    0x0, 0x0, 0x0, 0x1, 0x58, 0xab, 0xcc, 0xcc,
    0xcc, 0xbb, 0xaa, 0x98, 0x10, 0x0, 0x0, 0x0,
    0x0, 0x0, 0x0, 0x0, 0x0, 0x0, 0x0, 0x0,
    0x0, 0x0, 0x0, 0x0,

    /* U+8FDF "迟" */
    0x0, 0x0, 0x0, 0x0, 0x0, 0x0, 0x0, 0x0,
    0x0, 0x0, 0x0, 0x0, 0x0, 0x0, 0x0, 0x0,
    0x7, 0xb0, 0x0, 0x0, 0x0, 0x0, 0x0, 0x0,
    0x0, 0x0, 0x0, 0x0, 0x0, 0x0, 0x0, 0x9f,
    0xfc, 0x0, 0x0, 0x0, 0xef, 0xff, 0xff, 0xff,
    0xff, 0xff, 0xff, 0xf0, 0x0, 0x0, 0x1d, 0xff,
    0xb0, 0x0, 0x0, 0xef, 0xff, 0xff, 0xff, 0xff,
    0xff, 0xff, 0xf1, 0x0, 0x0, 0x1, 0xdf, 0xf9,
    0x0, 0x0, 0xef, 0xfd, 0xbb, 0xbb, 0xbb, 0xbb,
    0xff, 0xf1, 0x0, 0x0, 0x0, 0x2f, 0xff, 0x60,
    0x0, 0xef, 0xf1, 0x0, 0x0, 0x0, 0x0, 0xdf,
    0xf1, 0x0, 0x0, 0x0, 0x4, 0xff, 0x80, 0x0,
    0xef, 0xf1, 0x0, 0x0, 0x0, 0x0, 0xdf, 0xf1,
    0x0, 0x0, 0x0, 0x0, 0x74, 0x0, 0x0, 0xef,
    0xf1, 0x0, 0x0, 0x0, 0x0, 0xdf, 0xf1, 0x0,
    0x0, 0x0, 0x0, 0x0, 0x0, 0x0, 0xef, 0xf1,
    0x0, 0x0, 0x0, 0x0, 0xdf, 0xf1, 0x0, 0x0,
    0x0, 0x0, 0x0, 0x0, 0x0, 0xff, 0xf8, 0x77,
    0x77, 0x77, 0x77, 0xef, 0xf1, 0x0, 0x0, 0x0,
    0x0, 0x0, 0x0, 0x0, 0xff, 0xff, 0xff, 0xff,
    0xff, 0xff, 0xff, 0xf1, 0x0, 0x5, 0x99, 0x99,
    0x99, 0x0, 0x0, 0xff, 0xff, 0xff, 0xff, 0xff,
    0xff, 0xff, 0xf1, 0x0, 0xa, 0xff, 0xff, 0xff,
    0x0, 0x1, 0xff, 0xf4, 0x44, 0x45, 0x54, 0x44,
    0x44, 0x40, 0x0, 0xa, 0xff, 0xff, 0xff, 0x0,
    0x3, 0xff, 0xc0, 0x0, 0x2d, 0xd1, 0x0, 0x0,
    0x0, 0x0, 0x0, 0x0, 0xc, 0xff, 0x0, 0x5,
    0xff, 0xa0, 0x0, 0xdf, 0xfd, 0x10, 0x0, 0x0,
    0x0, 0x0, 0x0, 0xc, 0xff, 0x0, 0x7, 0xff,
    0x80, 0x0, 0x2e, 0xff, 0xd1, 0x0, 0x0, 0x0,
    0x0, 0x0, 0xc, 0xff, 0x0, 0xb, 0xff, 0x50,
    0x0, 0x2, 0xef, 0xfd, 0x10, 0x0, 0x0, 0x0,
    0x0, 0xc, 0xff, 0x0, 0xf, 0xff, 0x10, 0x0,
    0x0, 0x2e, 0xff, 0xc0, 0x0, 0x0, 0x0, 0x0,
    0xc, 0xff, 0x0, 0x5f, 0xfd, 0x0, 0x0, 0x0,
    0x3, 0xff, 0xfc, 0x0, 0x0, 0x0, 0x0, 0xc,
    0xff, 0x0, 0xdf, 0xf7, 0x0, 0x0, 0x0, 0x0,
    0x5f, 0xff, 0xb0, 0x0, 0x0, 0x0, 0xc, 0xff,
    0x6, 0xff, 0xf1, 0x0, 0x0, 0x0, 0x0, 0x6,
    0xff, 0xf8, 0x0, 0x0, 0x0, 0xd, 0xff, 0x9,
    0xff, 0x80, 0x0, 0x0, 0x0, 0x0, 0x0, 0x9f,
    0xf8, 0x0, 0x0, 0x0, 0x9f, 0xff, 0x70, 0x5c,
    0x0, 0x0, 0x0, 0x0, 0x0, 0x0, 0xc, 0x50,
    0x0, 0x0, 0x2d, 0xff, 0xff, 0xfb, 0x20, 0x0,
    0x0, 0x0, 0x0, 0x0, 0x0, 0x0, 0x0, 0x0,
    0x2, 0xef, 0xfd, 0x6c, 0xff, 0xfb, 0x63, 0x10,
    0x0, 0x0, 0x0, 0x1, 0x24, 0x57, 0x90, 0xd,
    0xff, 0xd1, 0x0, 0x6f, 0xff, 0xff, 0xff, 0xfe,
    0xef, 0xff, 0xff, 0xff, 0xff, 0xa0, 0x5, 0xff,
    0x20, 0x0, 0x2, 0x9f, 0xff, 0xff, 0xff, 0xff,
    0xff, 0xff, 0xff, 0xff, 0x60, 0x0, 0xa6, 0x0,
    0x0, 0x0, 0x0, 0x47, 0x9b, 0xcc, 0xcc, 0xcc,
    0xba, 0xa9, 0x88, 0x20, 0x0, 0x0, 0x0, 0x0,
    0x0, 0x0, 0x0, 0x0, 0x0, 0x0, 0x0, 0x0,
    0x0, 0x0, 0x0,

    /* U+91C7 "采" */
    0x0, 0x0, 0x0, 0x0, 0x0, 0x0, 0x0, 0x0,
    0x0, 0x2, 0x46, 0x9b, 0xb0, 0x0, 0x0, 0x0,
    0x0, 0x1, 0x23, 0x45, 0x67, 0x9a, 0xbd, 0xff,
    0xff, 0xff, 0xff, 0xa0, 0x0, 0x0, 0x8f, 0xff,
    0xff, 0xff, 0xff, 0xff, 0xff, 0xff, 0xff, 0xff,
    0xff, 0xfd, 0x40, 0x0, 0x4, 0xff, 0xff, 0xff,
    0xff, 0xff, 0xff, 0xff, 0xdb, 0xa8, 0x64, 0x20,
    0x0, 0x0, 0x0, 0xb, 0xaa, 0x99, 0x87, 0x65,
    0x43, 0x30, 0x0, 0x0, 0x0, 0x4, 0x20, 0x0,
    0x0, 0x0, 0x0, 0x0, 0x0, 0x0, 0x8, 0xed,
    0x0, 0x0, 0x0, 0x1, 0xff, 0xb1, 0x0, 0x0,
    0x0, 0x7d, 0xc0, 0x0, 0x0, 0xcf, 0xf4, 0x0,
    0x0, 0x0, 0x8f, 0xfc, 0x0, 0x0, 0x0, 0xb,
    0xff, 0x70, 0x0, 0x5, 0xff, 0xb0, 0x0, 0x0,
    0x1f, 0xff, 0x30, 0x0, 0x0, 0x0, 0x2f, 0xff,
    0x10, 0x0, 0xe, 0xff, 0x10, 0x0, 0xa, 0xff,
    0x90, 0x0, 0x0, 0x0, 0x0, 0x8f, 0xf9, 0x0,
    0x0, 0x9f, 0xf5, 0x0, 0x3, 0xff, 0xe0, 0x0,
    0x0, 0x0, 0x0, 0x1, 0xff, 0xf0, 0x0, 0x6,
    0xd8, 0x10, 0x0, 0xdf, 0xf5, 0x0, 0x0, 0x0,
    0x0, 0x0, 0x9, 0xfa, 0x10, 0x0, 0xac, 0xc2,
    0x0, 0x7f, 0xfa, 0x0, 0x0, 0x0, 0x0, 0x0,
    0x0, 0x21, 0x0, 0x0, 0xd, 0xff, 0x30, 0x1,
    0x7c, 0x0, 0x0, 0x0, 0x0, 0x1, 0x11, 0x11,
    0x11, 0x11, 0x11, 0xef, 0xf4, 0x11, 0x11, 0x11,
    0x11, 0x11, 0x10, 0x8, 0xff, 0xff, 0xff, 0xff,
    0xff, 0xff, 0xff, 0xff, 0xff, 0xff, 0xff, 0xff,
    0xff, 0x10, 0x8f, 0xff, 0xff, 0xff, 0xff, 0xff,
    0xff, 0xff, 0xff, 0xff, 0xff, 0xff, 0xff, 0xf1,
    0x5, 0xbb, 0xbb, 0xbb, 0xbb, 0xbf, 0xff, 0xff,
    0xff, 0xeb, 0xbb, 0xbb, 0xbb, 0xbb, 0x10, 0x0,
    0x0, 0x0, 0x0, 0xb, 0xff, 0xff, 0xff, 0xff,
    0x30, 0x0, 0x0, 0x0, 0x0, 0x0, 0x0, 0x0,
    0x0, 0x1c, 0xff, 0xee, 0xff, 0xaf, 0xff, 0x60,
    0x0, 0x0, 0x0, 0x0, 0x0, 0x0, 0x0, 0x2e,
    0xff, 0xd2, 0xdf, 0xf3, 0x7f, 0xff, 0x80, 0x0,
    0x0, 0x0, 0x0, 0x0, 0x0, 0x7f, 0xff, 0xd1,
    0xd, 0xff, 0x30, 0x6f, 0xff, 0xc3, 0x0, 0x0,
    0x0, 0x0, 0x3, 0xcf, 0xff, 0xc1, 0x0, 0xdf,
    0xf3, 0x0, 0x5f, 0xff, 0xf8, 0x0, 0x0, 0x0,
    0x19, 0xff, 0xff, 0x80, 0x0, 0xd, 0xff, 0x30,
    0x0, 0x2d, 0xff, 0xfe, 0x60, 0x1, 0xaf, 0xff,
    0xfe, 0x40, 0x0, 0x0, 0xdf, 0xf3, 0x0, 0x0,
    0x9, 0xff, 0xff, 0xe6, 0x9, 0xff, 0xf9, 0x10,
    0x0, 0x0, 0xd, 0xff, 0x30, 0x0, 0x0, 0x4,
    0xdf, 0xfe, 0x20, 0xa, 0xb3, 0x0, 0x0, 0x0,
    0x0, 0xdf, 0xf3, 0x0, 0x0, 0x0, 0x0, 0x6d,
    0x30, 0x0, 0x0, 0x0, 0x0, 0x0, 0x0, 0xd,
    0xff, 0x30, 0x0, 0x0, 0x0, 0x0, 0x0, 0x0,

    /* U+949F "钟" */
    0x0, 0x0, 0x1, 0x0, 0x0, 0x0, 0x0, 0x0,
    0x0, 0x3, 0x44, 0x0, 0x0, 0x0, 0x0, 0x0,
    0x1, 0xfe, 0x60, 0x0, 0x0, 0x0, 0x0, 0x0,
    0xbf, 0xf1, 0x0, 0x0, 0x0, 0x0, 0x0, 0x6f,
    0xf6, 0x0, 0x0, 0x0, 0x0, 0x0, 0xb, 0xff,
    0x10, 0x0, 0x0, 0x0, 0x0, 0xe, 0xff, 0x10,
    0x0, 0x0, 0x0, 0x0, 0x0, 0xbf, 0xf1, 0x0,
    0x0, 0x0, 0x0, 0x7, 0xff, 0xff, 0xff, 0xff,
    0x80, 0x0, 0x0, 0xb, 0xff, 0x10, 0x0, 0x0,
    0x0, 0x2, 0xff, 0xff, 0xff, 0xff, 0xf8, 0x0,
    0x0, 0x0, 0xbf, 0xf1, 0x0, 0x0, 0x0, 0x0,
    0xcf, 0xfe, 0x99, 0x99, 0x99, 0x41, 0x11, 0x11,
    0x1d, 0xff, 0x31, 0x11, 0x11, 0x0, 0xbf, 0xfc,
    0x0, 0x0, 0x0, 0x0, 0xaf, 0xff, 0xff, 0xff,
    0xff, 0xff, 0xff, 0xf5, 0xa, 0xff, 0x20, 0x0,
    0x0, 0x0, 0xa, 0xff, 0xff, 0xff, 0xff, 0xff,
    0xff, 0xff, 0x50, 0x2f, 0xaa, 0xaa, 0xaa, 0xaa,
    0xa0, 0xaf, 0xf9, 0x99, 0xff, 0xfa, 0x99, 0xbf,
    0xf5, 0x0, 0x39, 0xff, 0xff, 0xff, 0xff, 0xa,
    0xff, 0x0, 0xb, 0xff, 0x10, 0x5, 0xff, 0x50,
    0x0, 0x8e, 0xff, 0xff, 0xee, 0xd0, 0xaf, 0xf0,
    0x0, 0xbf, 0xf1, 0x0, 0x5f, 0xf5, 0x0, 0x0,
    0x1, 0xff, 0xa0, 0x0, 0xa, 0xff, 0x0, 0xb,
    0xff, 0x10, 0x5, 0xff, 0x50, 0x0, 0x0, 0x1f,
    0xfa, 0x0, 0x0, 0xaf, 0xf0, 0x0, 0xbf, 0xf1,
    0x0, 0x5f, 0xf5, 0x0, 0x0, 0x1, 0xff, 0xa0,
    0x0, 0xa, 0xff, 0x0, 0xb, 0xff, 0x10, 0x5,
    0xff, 0x50, 0x28, 0x88, 0xaf, 0xff, 0x88, 0x84,
    0xaf, 0xf0, 0x0, 0xbf, 0xf1, 0x0, 0x5f, 0xf5,
    0x4, 0xff, 0xff, 0xff, 0xff, 0xff, 0x9a, 0xff,
    0xff, 0xff, 0xff, 0xff, 0xff, 0xff, 0x50, 0x4f,
    0xff, 0xff, 0xff, 0xff, 0xf9, 0xaf, 0xff, 0xff,
    0xff, 0xff, 0xff, 0xff, 0xf5, 0x0, 0x0, 0x1,
    0xff, 0xa0, 0x0, 0xa, 0xff, 0xdd, 0xdf, 0xff,
    0xed, 0xdf, 0xff, 0x50, 0x0, 0x0, 0x1f, 0xfa,
    0x0, 0x0, 0xaf, 0xf0, 0x0, 0xbf, 0xf1, 0x0,
    0x5f, 0xf5, 0x0, 0x0, 0x1, 0xff, 0xa0, 0x0,
    0x6, 0xa9, 0x0, 0xb, 0xff, 0x10, 0x2, 0x77,
    0x20, 0x0, 0x0, 0x1f, 0xfa, 0x0, 0x0, 0x0,
    0x0, 0x0, 0xbf, 0xf1, 0x0, 0x0, 0x0, 0x0,
    0x0, 0x1, 0xff, 0xa0, 0x5c, 0x90, 0x0, 0x0,
    0xb, 0xff, 0x10, 0x0, 0x0, 0x0, 0x0, 0x0,
    0x2f, 0xff, 0xdf, 0xfc, 0x0, 0x0, 0x0, 0xbf,
    0xf1, 0x0, 0x0, 0x0, 0x0, 0x0, 0x7, 0xff,
    0xff, 0xfc, 0x40, 0x0, 0x0, 0xb, 0xff, 0x10,
    0x0, 0x0, 0x0, 0x0, 0x4, 0xff, 0xff, 0xc4,
    0x0, 0x0, 0x0, 0x0, 0xbf, 0xf1, 0x0, 0x0,
    0x0, 0x0, 0x0, 0x4f, 0xfc, 0x30, 0x0, 0x0,
    0x0, 0x0, 0xb, 0xff, 0x10, 0x0, 0x0, 0x0,
    0x0, 0x0, 0x94, 0x0, 0x0, 0x0, 0x0, 0x0,
    0x0, 0xbf, 0xf1, 0x0, 0x0, 0x0,

    /* U+9519 "错" */
    0x0, 0x0, 0x10, 0x0, 0x0, 0x0, 0x0, 0x3,
    0x43, 0x0, 0x2, 0x44, 0x0, 0x0, 0x0, 0x0,
    0xe, 0xd6, 0x0, 0x0, 0x0, 0x0, 0xcf, 0xc0,
    0x0, 0x9f, 0xf0, 0x0, 0x0, 0x0, 0x5, 0xff,
    0x60, 0x0, 0x0, 0x0, 0xc, 0xfc, 0x0, 0x9,
    0xff, 0x0, 0x0, 0x0, 0x0, 0xdf, 0xe0, 0x0,
    0x0, 0x0, 0x0, 0xcf, 0xc0, 0x0, 0x9f, 0xf0,
    0x0, 0x0, 0x0, 0x5f, 0xff, 0xcc, 0xcc, 0xc3,
    0x68, 0x8f, 0xff, 0x88, 0x8f, 0xff, 0x88, 0x82,
    0x0, 0x1e, 0xff, 0xff, 0xff, 0xff, 0x4c, 0xff,
    0xff, 0xff, 0xff, 0xff, 0xff, 0xff, 0x50, 0xb,
    0xff, 0xfd, 0xdd, 0xdd, 0xd3, 0xcf, 0xff, 0xff,
    0xff, 0xff, 0xff, 0xff, 0xf5, 0x9, 0xff, 0xb0,
    0x0, 0x0, 0x0, 0x0, 0x0, 0xcf, 0xc0, 0x0,
    0x9f, 0xf0, 0x0, 0x0, 0x8f, 0xe1, 0x0, 0x0,
    0x0, 0x0, 0x0, 0xc, 0xfc, 0x0, 0x9, 0xff,
    0x0, 0x0, 0x0, 0xea, 0xaa, 0xaa, 0xaa, 0xa8,
    0x0, 0x0, 0xcf, 0xc0, 0x0, 0x9f, 0xf0, 0x0,
    0x0, 0x1, 0xaf, 0xff, 0xff, 0xff, 0xd4, 0xaa,
    0xaf, 0xff, 0xaa, 0xaf, 0xff, 0xaa, 0xaa, 0x0,
    0x9, 0xef, 0xff, 0xfe, 0xeb, 0x7f, 0xff, 0xff,
    0xff, 0xff, 0xff, 0xff, 0xff, 0xf0, 0x0, 0x0,
    0x1f, 0xf8, 0x0, 0x6, 0xee, 0xef, 0xff, 0xee,
    0xef, 0xff, 0xee, 0xee, 0x0, 0x0, 0x1, 0xff,
    0x80, 0x0, 0x0, 0x0, 0x0, 0x0, 0x0, 0x0,
    0x0, 0x0, 0x0, 0x0, 0x0, 0x1f, 0xf8, 0x0,
    0x0, 0x0, 0x0, 0x0, 0x0, 0x0, 0x0, 0x0,
    0x0, 0x0, 0x88, 0x89, 0xff, 0xf8, 0x88, 0x30,
    0x7f, 0xff, 0xff, 0xff, 0xff, 0xff, 0xe0, 0x0,
    0xf, 0xff, 0xff, 0xff, 0xff, 0xf7, 0x8, 0xff,
    0xff, 0xff, 0xff, 0xff, 0xff, 0x0, 0x0, 0xff,
    0xff, 0xff, 0xff, 0xff, 0x70, 0x8f, 0xf7, 0x66,
    0x66, 0x66, 0xbf, 0xf0, 0x0, 0x0, 0x0, 0x1f,
    0xf8, 0x0, 0x0, 0x8, 0xff, 0x10, 0x0, 0x0,
    0x8, 0xff, 0x0, 0x0, 0x0, 0x1, 0xff, 0x80,
    0x0, 0x0, 0x8f, 0xf1, 0x0, 0x0, 0x0, 0x8f,
    0xf0, 0x0, 0x0, 0x0, 0x1f, 0xf8, 0x0, 0x0,
    0x8, 0xff, 0xff, 0xff, 0xff, 0xff, 0xff, 0x0,
    0x0, 0x0, 0x1, 0xff, 0x80, 0x0, 0x0, 0x8f,
    0xff, 0xff, 0xff, 0xff, 0xff, 0xf0, 0x0, 0x0,
    0x0, 0x1f, 0xf8, 0x5, 0xc0, 0x8, 0xff, 0x65,
    0x55, 0x55, 0x5d, 0xff, 0x0, 0x0, 0x0, 0x1,
    0xff, 0xed, 0xff, 0x10, 0x8f, 0xf1, 0x0, 0x0,
    0x0, 0x8f, 0xf0, 0x0, 0x0, 0x0, 0x5f, 0xff,
    0xff, 0xc1, 0x8, 0xff, 0x10, 0x0, 0x0, 0x8,
    0xff, 0x0, 0x0, 0x0, 0x2f, 0xff, 0xfc, 0x40,
    0x0, 0x8f, 0xff, 0xff, 0xff, 0xff, 0xff, 0xf0,
    0x0, 0x0, 0x2, 0xff, 0xf4, 0x0, 0x0, 0x8,
    0xff, 0xff, 0xff, 0xff, 0xff, 0xff, 0x0, 0x0,
    0x0, 0xb, 0x70, 0x0, 0x0, 0x0, 0x8f, 0xf6,
    0x44, 0x44, 0x44, 0xdf, 0xf0, 0x0, 0x0, 0x0,
    0x0, 0x0, 0x0, 0x0, 0x0, 0x11, 0x0, 0x0,
    0x0, 0x0, 0x0, 0x0, 0x0,

    /* U+957F "长" */
    0x0, 0x0, 0x0, 0x23, 0x30, 0x0, 0x0, 0x0,
    0x0, 0x0, 0x0, 0x0, 0x0, 0x0, 0x0, 0x0,
    0x0, 0xe, 0xff, 0x10, 0x0, 0x0, 0x0, 0x0,
    0x0, 0x57, 0x0, 0x0, 0x0, 0x0, 0x0, 0x0,
    0xef, 0xf1, 0x0, 0x0, 0x0, 0x0, 0x0, 0x5f,
    0xff, 0x50, 0x0, 0x0, 0x0, 0x0, 0xe, 0xff,
    0x10, 0x0, 0x0, 0x0, 0x0, 0x8f, 0xff, 0xb0,
    0x0, 0x0, 0x0, 0x0, 0x0, 0xef, 0xf1, 0x0,
    0x0, 0x0, 0x1, 0xbf, 0xff, 0xb0, 0x0, 0x0,
    0x0, 0x0, 0x0, 0xe, 0xff, 0x10, 0x0, 0x0,
    0x5, 0xef, 0xff, 0x90, 0x0, 0x0, 0x0, 0x0,
    0x0, 0x0, 0xef, 0xf1, 0x0, 0x0, 0x3b, 0xff,
    0xfe, 0x50, 0x0, 0x0, 0x0, 0x0, 0x0, 0x0,
    0xe, 0xff, 0x10, 0x3, 0xaf, 0xff, 0xfb, 0x10,
    0x0, 0x0, 0x0, 0x0, 0x0, 0x0, 0x0, 0xef,
    0xf1, 0xb, 0xff, 0xff, 0xf6, 0x0, 0x0, 0x0,
    0x0, 0x0, 0x0, 0x0, 0x0, 0xe, 0xff, 0x10,
    0x2e, 0xff, 0xa1, 0x0, 0x0, 0x0, 0x0, 0x0,
    0x0, 0x0, 0x0, 0x0, 0xef, 0xf1, 0x0, 0x2a,
    0x20, 0x0, 0x0, 0x0, 0x0, 0x0, 0x0, 0x0,
    0x0, 0x0, 0xe, 0xff, 0x10, 0x0, 0x0, 0x0,
    0x0, 0x0, 0x0, 0x0, 0x0, 0x0, 0x4c, 0xcc,
    0xcc, 0xff, 0xfd, 0xcc, 0xcc, 0xcc, 0xcc, 0xcc,
    0xcc, 0xcc, 0xcc, 0xc4, 0x6, 0xff, 0xff, 0xff,
    0xff, 0xff, 0xff, 0xff, 0xff, 0xff, 0xff, 0xff,
    0xff, 0xff, 0x60, 0x6f, 0xff, 0xff, 0xff, 0xff,
    0xff, 0xff, 0xff, 0xff, 0xff, 0xff, 0xff, 0xff,
    0xf6, 0x0, 0x0, 0x0, 0xf, 0xff, 0x20, 0x0,
    0x6f, 0xfa, 0x0, 0x0, 0x0, 0x0, 0x0, 0x0,
    0x0, 0x0, 0x0, 0xef, 0xf1, 0x0, 0x0, 0xef,
    0xf2, 0x0, 0x0, 0x0, 0x0, 0x0, 0x0, 0x0,
    0x0, 0xe, 0xff, 0x10, 0x0, 0x7, 0xff, 0xb0,
    0x0, 0x0, 0x0, 0x0, 0x0, 0x0, 0x0, 0x0,
    0xef, 0xf1, 0x0, 0x0, 0xd, 0xff, 0x60, 0x0,
    0x0, 0x0, 0x0, 0x0, 0x0, 0x0, 0xe, 0xff,
    0x10, 0x0, 0x0, 0x5f, 0xff, 0x40, 0x0, 0x0,
    0x0, 0x0, 0x0, 0x0, 0x0, 0xef, 0xf1, 0x0,
    0x0, 0x0, 0xaf, 0xff, 0x30, 0x0, 0x0, 0x0,
    0x0, 0x0, 0x0, 0xe, 0xff, 0x10, 0x0, 0x0,
    0x0, 0xcf, 0xff, 0x60, 0x0, 0x0, 0x0, 0x0,
    0x0, 0x0, 0xef, 0xf1, 0x0, 0x0, 0x15, 0x1,
    0xef, 0xff, 0xa1, 0x0, 0x0, 0x0, 0x0, 0x0,
    0xe, 0xff, 0x12, 0x6a, 0xdf, 0xf0, 0x1, 0xdf,
    0xff, 0xf7, 0x0, 0x0, 0x0, 0x0, 0x0, 0xff,
    0xff, 0xff, 0xff, 0xff, 0x10, 0x1, 0xbf, 0xff,
    0xff, 0xa4, 0x0, 0x0, 0x0, 0xdf, 0xff, 0xff,
    0xff, 0xfb, 0x71, 0x0, 0x0, 0x6e, 0xff, 0xff,
    0x90, 0x0, 0x0, 0xf, 0xff, 0xff, 0xc8, 0x30,
    0x0, 0x0, 0x0, 0x0, 0x18, 0xef, 0xc0, 0x0,
    0x0, 0x0, 0x8f, 0xa5, 0x0, 0x0, 0x0, 0x0,
    0x0, 0x0, 0x0, 0x0, 0x52, 0x0, 0x0, 0x0,
    0x0, 0x0, 0x0, 0x0, 0x0, 0x0, 0x0, 0x0,
    0x0, 0x0, 0x0, 0x0, 0x0,

    /* U+95F4 "间" */
    0x3, 0xc7, 0x0, 0x0, 0x0, 0x0, 0x0, 0x0,
    0x0, 0x0, 0x0, 0x0, 0x0, 0x1e, 0xff, 0x70,
    0x0, 0xab, 0xbb, 0xbb, 0xbb, 0xbb, 0xbb, 0xbb,
    0xff, 0xc4, 0x2, 0xef, 0xf5, 0x0, 0xef, 0xff,
    0xff, 0xff, 0xff, 0xff, 0xff, 0xff, 0xf6, 0x0,
    0x3f, 0xff, 0x20, 0xef, 0xff, 0xff, 0xff, 0xff,
    0xff, 0xff, 0xff, 0xf6, 0x0, 0x6, 0xfe, 0x40,
    0x0, 0x0, 0x0, 0x0, 0x0, 0x0, 0x0, 0x8f,
    0xf6, 0x0, 0x0, 0x50, 0x0, 0x0, 0x0, 0x0,
    0x0, 0x0, 0x0, 0x0, 0x8f, 0xf6, 0xae, 0xe2,
    0x0, 0x0, 0x0, 0x0, 0x0, 0x0, 0x0, 0x0,
    0x0, 0x8f, 0xf6, 0xcf, 0xf3, 0x0, 0x0, 0x0,
    0x0, 0x0, 0x0, 0x0, 0x0, 0x0, 0x8f, 0xf6,
    0xcf, 0xf3, 0x0, 0xf, 0xff, 0xff, 0xff, 0xff,
    0xff, 0xa0, 0x0, 0x8f, 0xf6, 0xcf, 0xf3, 0x0,
    0x1f, 0xff, 0xff, 0xff, 0xff, 0xff, 0xb0, 0x0,
    0x8f, 0xf6, 0xcf, 0xf3, 0x0, 0x1f, 0xfa, 0x55,
    0x55, 0x55, 0xff, 0xb0, 0x0, 0x8f, 0xf6, 0xcf,
    0xf3, 0x0, 0x1f, 0xf7, 0x0, 0x0, 0x0, 0xef,
    0xb0, 0x0, 0x8f, 0xf6, 0xcf, 0xf3, 0x0, 0x1f,
    0xf7, 0x0, 0x0, 0x0, 0xef, 0xb0, 0x0, 0x8f,
    0xf6, 0xcf, 0xf3, 0x0, 0x1f, 0xf7, 0x0, 0x0,
    0x0, 0xef, 0xb0, 0x0, 0x8f, 0xf6, 0xcf, 0xf3,
    0x0, 0x1f, 0xff, 0xff, 0xff, 0xff, 0xff, 0xb0,
    0x0, 0x8f, 0xf6, 0xcf, 0xf3, 0x0, 0x1f, 0xff,
    0xff, 0xff, 0xff, 0xff, 0xb0, 0x0, 0x8f, 0xf6,
    0xcf, 0xf3, 0x0, 0x1f, 0xfa, 0x55, 0x55, 0x55,
    0xff, 0xb0, 0x0, 0x8f, 0xf6, 0xcf, 0xf3, 0x0,
    0x1f, 0xf7, 0x0, 0x0, 0x0, 0xef, 0xb0, 0x0,
    0x8f, 0xf6, 0xcf, 0xf3, 0x0, 0x1f, 0xf7, 0x0,
    0x0, 0x0, 0xef, 0xb0, 0x0, 0x8f, 0xf6, 0xcf,
    0xf3, 0x0, 0x1f, 0xf8, 0x22, 0x22, 0x22, 0xef,
    0xb0, 0x0, 0x8f, 0xf6, 0xcf, 0xf3, 0x0, 0x1f,
    0xff, 0xff, 0xff, 0xff, 0xff, 0xb0, 0x0, 0x8f,
    0xf6, 0xcf, 0xf3, 0x0, 0x1f, 0xff, 0xff, 0xff,
    0xff, 0xff, 0xb0, 0x0, 0x8f, 0xf6, 0xcf, 0xf3,
    0x0, 0x3, 0x33, 0x33, 0x33, 0x33, 0x33, 0x20,
    0x0, 0x8f, 0xf6, 0xcf, 0xf3, 0x0, 0x0, 0x0,
    0x0, 0x0, 0x0, 0x0, 0x0, 0x0, 0x8f, 0xf6,
    0xcf, 0xf3, 0x0, 0x0, 0x0, 0x0, 0x0, 0x0,
    0x0, 0x4, 0x99, 0xdf, 0xf6, 0xcf, 0xf3, 0x0,
    0x0, 0x0, 0x0, 0x0, 0x0, 0x0, 0x3, 0xff,
    0xff, 0xf2, 0xcf, 0xf3, 0x0, 0x0, 0x0, 0x0,
    0x0, 0x0, 0x0, 0x0, 0xef, 0xec, 0x50,

    /* U+9635 "阵" */
    0x0, 0x0, 0x0, 0x0, 0x0, 0x0, 0x0, 0x1,
    0x30, 0x0, 0x0, 0x0, 0x0, 0x0, 0x1, 0x11,
    0x11, 0x12, 0x0, 0x0, 0x0, 0x6, 0xff, 0x80,
    0x0, 0x0, 0x0, 0x0, 0x9f, 0xff, 0xff, 0xff,
    0xb2, 0x0, 0x0, 0xb, 0xff, 0x50, 0x0, 0x0,
    0x0, 0x0, 0x9f, 0xff, 0xff, 0xff, 0xf6, 0x0,
    0x0, 0xf, 0xff, 0x0, 0x0, 0x0, 0x0, 0x0,
    0x9f, 0xf7, 0x77, 0xff, 0xf1, 0xff, 0xff, 0xff,
    0xff, 0xff, 0xff, 0xff, 0xff, 0x90, 0x9f, 0xf0,
    0x0, 0xff, 0xb0, 0xff, 0xff, 0xff, 0xff, 0xff,
    0xff, 0xff, 0xff, 0x90, 0x9f, 0xf0, 0x4, 0xff,
    0x50, 0xaa, 0xaa, 0xff, 0xfb, 0xaa, 0xaa, 0xaa,
    0xaa, 0x60, 0x9f, 0xf0, 0x9, 0xff, 0x0, 0x0,
    0x4, 0xff, 0xa0, 0x0, 0x0, 0x0, 0x0, 0x0,
    0x9f, 0xf0, 0xe, 0xfa, 0x0, 0x0, 0xa, 0xff,
    0x40, 0x0, 0x0, 0x0, 0x0, 0x0, 0x9f, 0xf0,
    0x3f, 0xf3, 0x0, 0x0, 0x1f, 0xfd, 0x1, 0xff,
    0xb0, 0x0, 0x0, 0x0, 0x9f, 0xf0, 0x8f, 0xd0,
    0x0, 0x0, 0x6f, 0xf7, 0x1, 0xff, 0xb0, 0x0,
    0x0, 0x0, 0x9f, 0xf0, 0x7f, 0xf3, 0x0, 0x0,
    0xdf, 0xf1, 0x1, 0xff, 0xb0, 0x0, 0x0, 0x0,
    0x9f, 0xf0, 0xc, 0xfd, 0x0, 0x6, 0xff, 0x90,
    0x1, 0xff, 0xb0, 0x0, 0x0, 0x0, 0x9f, 0xf0,
    0x3, 0xff, 0x60, 0x3f, 0xff, 0xca, 0xab, 0xff,
    0xfa, 0xaa, 0xaa, 0x30, 0x9f, 0xf0, 0x0, 0xdf,
    0xb0, 0x3f, 0xff, 0xff, 0xff, 0xff, 0xff, 0xff,
    0xff, 0x40, 0x9f, 0xf0, 0x0, 0x9f, 0xf0, 0xf,
    0xff, 0xff, 0xff, 0xff, 0xff, 0xff, 0xff, 0x40,
    0x9f, 0xf0, 0x0, 0x6f, 0xf1, 0x2, 0x10, 0x0,
    0x1, 0xff, 0xb0, 0x0, 0x0, 0x0, 0x9f, 0xf0,
    0x0, 0x7f, 0xf2, 0x0, 0x0, 0x0, 0x1, 0xff,
    0xb0, 0x0, 0x0, 0x0, 0x9f, 0xf0, 0x0, 0xaf,
    0xf1, 0x0, 0x0, 0x0, 0x1, 0xff, 0xb0, 0x0,
    0x0, 0x0, 0x9f, 0xf2, 0xce, 0xff, 0xe0, 0x0,
    0x0, 0x0, 0x1, 0xff, 0xb0, 0x0, 0x0, 0x0,
    0x9f, 0xf0, 0xcf, 0xff, 0x64, 0xbb, 0xbb, 0xbb,
    0xbc, 0xff, 0xfb, 0xbb, 0xbb, 0xb0, 0x9f, 0xf0,
    0x6a, 0x94, 0x6, 0xff, 0xff, 0xff, 0xff, 0xff,
    0xff, 0xff, 0xff, 0xf0, 0x9f, 0xf0, 0x0, 0x0,
    0x6, 0xff, 0xff, 0xff, 0xff, 0xff, 0xff, 0xff,
    0xff, 0xf0, 0x9f, 0xf0, 0x0, 0x0, 0x0, 0x0,
    0x0, 0x0, 0x1, 0xff, 0xb0, 0x0, 0x0, 0x0,
    0x9f, 0xf0, 0x0, 0x0, 0x0, 0x0, 0x0, 0x0,
    0x1, 0xff, 0xb0, 0x0, 0x0, 0x0, 0x9f, 0xf0,
    0x0, 0x0, 0x0, 0x0, 0x0, 0x0, 0x1, 0xff,
    0xb0, 0x0, 0x0, 0x0, 0x9f, 0xf0, 0x0, 0x0,
    0x0, 0x0, 0x0, 0x0, 0x1, 0xff, 0xb0, 0x0,
    0x0, 0x0, 0x8f, 0xf0, 0x0, 0x0, 0x0, 0x0,
    0x0, 0x0, 0x1, 0xff, 0xb0, 0x0, 0x0, 0x0,

    /* U+964D "降" */
    0x0, 0x0, 0x0, 0x0, 0x0, 0x0, 0x0, 0x6,
    0x41, 0x0, 0x0, 0x0, 0x0, 0x0, 0x55, 0x55,
    0x55, 0x84, 0x0, 0x0, 0x0, 0x6f, 0xfb, 0x0,
    0x0, 0x0, 0x0, 0x0, 0xef, 0xff, 0xff, 0xff,
    0xc1, 0x0, 0x2, 0xff, 0xf2, 0x0, 0x0, 0x0,
    0x0, 0x0, 0xef, 0xff, 0xff, 0xff, 0xe0, 0x0,
    0xd, 0xff, 0xff, 0xff, 0xff, 0xfd, 0x50, 0x0,
    0xef, 0xb3, 0x35, 0xff, 0x90, 0x0, 0xcf, 0xff,
    0xff, 0xff, 0xff, 0xff, 0x70, 0x0, 0xef, 0x90,
    0x7, 0xff, 0x30, 0xc, 0xff, 0xf5, 0x44, 0x44,
    0x7f, 0xfe, 0x0, 0x0, 0xef, 0x90, 0xd, 0xfc,
    0x3, 0xdf, 0xff, 0xf9, 0x0, 0x1, 0xdf, 0xf5,
    0x0, 0x0, 0xef, 0x90, 0x2f, 0xf6, 0x1e, 0xff,
    0xca, 0xff, 0x90, 0x1d, 0xff, 0x90, 0x0, 0x0,
    0xef, 0x90, 0x8f, 0xf0, 0x3, 0xfa, 0x0, 0xbf,
    0xfe, 0xff, 0xfa, 0x0, 0x0, 0x0, 0xef, 0x90,
    0xef, 0x90, 0x0, 0x30, 0x0, 0xc, 0xff, 0xff,
    0xa0, 0x0, 0x0, 0x0, 0xef, 0x94, 0xff, 0x40,
    0x0, 0x0, 0x0, 0x6e, 0xff, 0xff, 0xd5, 0x0,
    0x0, 0x0, 0xef, 0x91, 0xdf, 0xd0, 0x0, 0x3,
    0x9f, 0xff, 0xff, 0xff, 0xff, 0xe9, 0x40, 0x0,
    0xef, 0x90, 0x2f, 0xf9, 0x39, 0xef, 0xff, 0xfe,
    0x60, 0x7, 0xff, 0xff, 0xff, 0xa0, 0xef, 0x90,
    0x8, 0xff, 0x4f, 0xff, 0xfc, 0x50, 0x6, 0x65,
    0x6, 0xcf, 0xff, 0x30, 0xef, 0x90, 0x1, 0xff,
    0x78, 0xc7, 0x20, 0x0, 0xf, 0xfc, 0x0, 0x1,
    0x66, 0x0, 0xef, 0x90, 0x0, 0xcf, 0xb0, 0x36,
    0x66, 0x66, 0x6f, 0xff, 0x66, 0x66, 0x62, 0x0,
    0xef, 0x90, 0x0, 0xaf, 0xd0, 0xaf, 0xff, 0xff,
    0xff, 0xff, 0xff, 0xff, 0xf7, 0x0, 0xef, 0x90,
    0x0, 0xbf, 0xe0, 0xaf, 0xff, 0xff, 0xff, 0xff,
    0xff, 0xff, 0xf7, 0x0, 0xef, 0x90, 0x2, 0xef,
    0xc0, 0x12, 0x11, 0x11, 0x1f, 0xfd, 0x11, 0x11,
    0x10, 0x0, 0xef, 0x9b, 0xef, 0xff, 0x80, 0x4f,
    0xe4, 0x0, 0xf, 0xfc, 0x0, 0x0, 0x0, 0x0,
    0xef, 0x96, 0xff, 0xfd, 0x0, 0x8f, 0xf1, 0x0,
    0xf, 0xfc, 0x0, 0x0, 0x0, 0x0, 0xef, 0x92,
    0x77, 0x40, 0x0, 0xff, 0xf5, 0x55, 0x5f, 0xff,
    0x55, 0x55, 0x55, 0x10, 0xef, 0x90, 0x0, 0x0,
    0x2, 0xff, 0xff, 0xff, 0xff, 0xff, 0xff, 0xff,
    0xff, 0x40, 0xef, 0x90, 0x0, 0x0, 0x7, 0xff,
    0xff, 0xff, 0xff, 0xff, 0xff, 0xff, 0xff, 0x40,
    0xef, 0x90, 0x0, 0x0, 0x1, 0x34, 0x22, 0x22,
    0x2f, 0xfe, 0x22, 0x22, 0x22, 0x0, 0xef, 0x90,
    0x0, 0x0, 0x0, 0x0, 0x0, 0x0, 0xf, 0xfc,
    0x0, 0x0, 0x0, 0x0, 0xef, 0x90, 0x0, 0x0,
    0x0, 0x0, 0x0, 0x0, 0xf, 0xfc, 0x0, 0x0,
    0x0, 0x0, 0xdf, 0x90, 0x0, 0x0, 0x0, 0x0,
    0x0, 0x0, 0xf, 0xfc, 0x0, 0x0, 0x0, 0x0,

    /* U+96C6 "集" */
    0x0, 0x0, 0x0, 0x2, 0x30, 0x0, 0x0, 0x3,
    0x20, 0x0, 0x0, 0x0, 0x0, 0x0, 0x0, 0x0,
    0x0, 0x0, 0xcf, 0xf5, 0x0, 0x1e, 0xfd, 0x0,
    0x0, 0x0, 0x0, 0x0, 0x0, 0x0, 0x0, 0x0,
    0x5f, 0xfd, 0x0, 0x0, 0xaf, 0xf5, 0x0, 0x0,
    0x0, 0x0, 0x0, 0x0, 0x0, 0x0, 0x1f, 0xff,
    0x74, 0x44, 0x47, 0xff, 0xf4, 0x44, 0x44, 0x44,
    0x43, 0x0, 0x0, 0x0, 0xf, 0xff, 0xff, 0xff,
    0xff, 0xff, 0xff, 0xff, 0xff, 0xff, 0xff, 0xc0,
    0x0, 0x0, 0x9, 0xff, 0xff, 0xff, 0xff, 0xff,
    0xff, 0xff, 0xff, 0xff, 0xff, 0xfc, 0x0, 0x0,
    0x7, 0xff, 0xfe, 0x0, 0x0, 0x0, 0xaf, 0xf1,
    0x0, 0x0, 0x0, 0x0, 0x0, 0x0, 0x7, 0xff,
    0xff, 0xe2, 0x22, 0x22, 0x2c, 0xff, 0x42, 0x22,
    0x22, 0x22, 0x10, 0x0, 0x9, 0xff, 0xff, 0xff,
    0xff, 0xff, 0xff, 0xff, 0xff, 0xff, 0xff, 0xff,
    0xf8, 0x0, 0x1, 0xcf, 0xe2, 0xff, 0xfd, 0xdd,
    0xdd, 0xdf, 0xff, 0xed, 0xdd, 0xdd, 0xdd, 0x60,
    0x0, 0x0, 0x82, 0xf, 0xfc, 0x0, 0x0, 0x0,
    0xaf, 0xf1, 0x0, 0x0, 0x0, 0x0, 0x0, 0x0,
    0x0, 0x0, 0xff, 0xfe, 0xee, 0xee, 0xef, 0xff,
    0xfe, 0xee, 0xee, 0xee, 0x80, 0x0, 0x0, 0x0,
    0xf, 0xff, 0xff, 0xff, 0xff, 0xff, 0xff, 0xff,
    0xff, 0xff, 0xf9, 0x0, 0x0, 0x0, 0x0, 0xff,
    0xd0, 0x0, 0x0, 0xb, 0xff, 0x20, 0x0, 0x0,
    0x0, 0x0, 0x0, 0x0, 0x0, 0xf, 0xfd, 0x11,
    0x11, 0x11, 0xbf, 0xf2, 0x11, 0x11, 0x11, 0x11,
    0x10, 0x0, 0x0, 0x0, 0xff, 0xff, 0xff, 0xff,
    0xff, 0xff, 0xff, 0xff, 0xff, 0xff, 0xff, 0xa0,
    0x0, 0x0, 0xf, 0xff, 0xff, 0xff, 0xff, 0xff,
    0xff, 0xff, 0xff, 0xff, 0xff, 0xfa, 0x0, 0x0,
    0x0, 0xff, 0xf2, 0x22, 0x22, 0xbf, 0xf4, 0x22,
    0x22, 0x22, 0x22, 0x22, 0x10, 0x0, 0x0, 0x0,
    0x0, 0x0, 0x0, 0xb, 0xff, 0x20, 0x0, 0x0,
    0x0, 0x0, 0x0, 0x0, 0xaf, 0xff, 0xff, 0xff,
    0xff, 0xff, 0xff, 0xff, 0xff, 0xff, 0xff, 0xff,
    0xff, 0xf3, 0xb, 0xff, 0xff, 0xff, 0xff, 0xff,
    0xff, 0xff, 0xff, 0xff, 0xff, 0xff, 0xff, 0xff,
    0x40, 0x35, 0x55, 0x55, 0x55, 0x6c, 0xff, 0xff,
    0xff, 0xff, 0x85, 0x55, 0x55, 0x55, 0x51, 0x0,
    0x0, 0x0, 0x0, 0x6d, 0xff, 0xee, 0xff, 0xaf,
    0xff, 0xa2, 0x0, 0x0, 0x0, 0x0, 0x0, 0x0,
    0x17, 0xdf, 0xff, 0x91, 0xbf, 0xf2, 0x3c, 0xff,
    0xfb, 0x50, 0x0, 0x0, 0x0, 0x15, 0xaf, 0xff,
    0xfc, 0x30, 0xb, 0xff, 0x20, 0x6, 0xef, 0xff,
    0xe9, 0x40, 0x2, 0xcf, 0xff, 0xff, 0xc5, 0x0,
    0x0, 0xbf, 0xf2, 0x0, 0x0, 0x6d, 0xff, 0xff,
    0xf8, 0x9, 0xff, 0xfa, 0x30, 0x0, 0x0, 0xb,
    0xff, 0x20, 0x0, 0x0, 0x4, 0xaf, 0xfe, 0x10,
    0x9, 0x50, 0x0, 0x0, 0x0, 0x0, 0xbf, 0xf2,
    0x0, 0x0, 0x0, 0x0, 0x5, 0x40,

    /* U+9AD8 "高" */
    0x0, 0x0, 0x0, 0x0, 0x0, 0x0, 0x2, 0x50,
    0x0, 0x0, 0x0, 0x0, 0x0, 0x0, 0x0, 0x0,
    0x0, 0x0, 0x0, 0x0, 0xef, 0xf2, 0x0, 0x0,
    0x0, 0x0, 0x0, 0x0, 0x0, 0x0, 0x0, 0x0,
    0x0, 0x0, 0xaf, 0xf8, 0x0, 0x0, 0x0, 0x0,
    0x0, 0x0, 0x15, 0x55, 0x55, 0x55, 0x55, 0x55,
    0xaf, 0xff, 0x55, 0x55, 0x55, 0x55, 0x55, 0x50,
    0x4f, 0xff, 0xff, 0xff, 0xff, 0xff, 0xff, 0xff,
    0xff, 0xff, 0xff, 0xff, 0xff, 0xf2, 0x4f, 0xff,
    0xff, 0xff, 0xff, 0xff, 0xff, 0xff, 0xff, 0xff,
    0xff, 0xff, 0xff, 0xf2, 0x1, 0x11, 0x11, 0x11,
    0x11, 0x11, 0x11, 0x11, 0x11, 0x11, 0x11, 0x11,
    0x11, 0x10, 0x0, 0x0, 0x3, 0x33, 0x33, 0x33,
    0x33, 0x33, 0x33, 0x33, 0x33, 0x30, 0x0, 0x0,
    0x0, 0x0, 0xf, 0xff, 0xff, 0xff, 0xff, 0xff,
    0xff, 0xff, 0xff, 0xf3, 0x0, 0x0, 0x0, 0x0,
    0xf, 0xff, 0xcc, 0xcc, 0xcc, 0xcc, 0xcc, 0xcc,
    0xef, 0xf3, 0x0, 0x0, 0x0, 0x0, 0xf, 0xfd,
    0x0, 0x0, 0x0, 0x0, 0x0, 0x0, 0xbf, 0xf3,
    0x0, 0x0, 0x0, 0x0, 0xf, 0xfd, 0x0, 0x0,
    0x0, 0x0, 0x0, 0x0, 0xbf, 0xf3, 0x0, 0x0,
    0x0, 0x0, 0xf, 0xff, 0xff, 0xff, 0xff, 0xff,
    0xff, 0xff, 0xff, 0xf3, 0x0, 0x0, 0x0, 0x0,
    0xe, 0xff, 0xff, 0xff, 0xff, 0xff, 0xff, 0xff,
    0xff, 0xf3, 0x0, 0x0, 0x0, 0x0, 0x0, 0x0,
    0x0, 0x0, 0x0, 0x0, 0x0, 0x0, 0x0, 0x0,
    0x0, 0x0, 0x4, 0xff, 0xff, 0xff, 0xff, 0xff,
    0xff, 0xff, 0xff, 0xff, 0xff, 0xff, 0xff, 0x50,
    0x5, 0xff, 0xff, 0xff, 0xff, 0xff, 0xff, 0xff,
    0xff, 0xff, 0xff, 0xff, 0xff, 0x50, 0x5, 0xff,
    0xa6, 0x66, 0x66, 0x66, 0x66, 0x66, 0x66, 0x66,
    0x66, 0x6e, 0xff, 0x50, 0x5, 0xff, 0x70, 0x0,
    0x0, 0x0, 0x0, 0x0, 0x0, 0x0, 0x0, 0x8,
    0xff, 0x50, 0x5, 0xff, 0x70, 0xa, 0xff, 0xff,
    0xff, 0xff, 0xff, 0xff, 0x40, 0x8, 0xff, 0x50,
    0x5, 0xff, 0x70, 0xa, 0xff, 0xff, 0xff, 0xff,
    0xff, 0xff, 0x40, 0x8, 0xff, 0x50, 0x5, 0xff,
    0x70, 0xa, 0xff, 0x11, 0x11, 0x11, 0x14, 0xff,
    0x40, 0x8, 0xff, 0x50, 0x5, 0xff, 0x70, 0xa,
    0xff, 0x0, 0x0, 0x0, 0x4, 0xff, 0x40, 0x8,
    0xff, 0x50, 0x5, 0xff, 0x70, 0xa, 0xff, 0xcc,
    0xcc, 0xcc, 0xcd, 0xff, 0x40, 0x8, 0xff, 0x50,
    0x5, 0xff, 0x70, 0xa, 0xff, 0xff, 0xff, 0xff,
    0xff, 0xff, 0x40, 0x8, 0xff, 0x50, 0x5, 0xff,
    0x70, 0xa, 0xff, 0x43, 0x33, 0x33, 0x33, 0x33,
    0x10, 0x9, 0xff, 0x50, 0x5, 0xff, 0x70, 0x6,
    0xaa, 0x0, 0x0, 0x0, 0x0, 0x0, 0xef, 0xff,
    0xff, 0x30, 0x5, 0xff, 0x70, 0x0, 0x0, 0x0,
    0x0, 0x0, 0x0, 0x0, 0x7f, 0xff, 0xd7, 0x0,
    0x0, 0x0, 0x0, 0x0, 0x0, 0x0, 0x0, 0x0,
    0x0, 0x0, 0x0, 0x0, 0x0, 0x0,

    /* U+9F84 "龄" */
    0x0, 0x0, 0x0, 0x36, 0x50, 0x0, 0x0, 0x0,
    0x0, 0x4, 0x50, 0x0, 0x0, 0x0, 0x0, 0x0,
    0x0, 0xa, 0xfe, 0x0, 0x0, 0x0, 0x0, 0x0,
    0xdf, 0xf1, 0x0, 0x0, 0x0, 0x0, 0x77, 0x10,
    0xaf, 0xe0, 0x0, 0x0, 0x0, 0x0, 0x4f, 0xff,
    0x0, 0x0, 0x0, 0x0, 0x1f, 0xf4, 0xa, 0xfe,
    0x0, 0x0, 0x0, 0x0, 0xc, 0xff, 0xf8, 0x0,
    0x0, 0x0, 0x1, 0xff, 0x40, 0xaf, 0xff, 0xff,
    0xd0, 0x0, 0x5, 0xff, 0xff, 0xf2, 0x0, 0x0,
    0x0, 0x1f, 0xf4, 0xa, 0xff, 0xff, 0xfe, 0x0,
    0x1, 0xef, 0xf6, 0xff, 0xc0, 0x0, 0x0, 0x1,
    0xff, 0x40, 0xaf, 0xf5, 0x55, 0x40, 0x0, 0xaf,
    0xfa, 0x8, 0xff, 0x90, 0x0, 0x0, 0x1f, 0xf4,
    0xa, 0xfe, 0x0, 0x0, 0x0, 0x6f, 0xfe, 0x10,
    0xd, 0xff, 0x50, 0x0, 0x1, 0xff, 0x40, 0xaf,
    0xe0, 0x0, 0x0, 0x4f, 0xff, 0x50, 0x0, 0x3f,
    0xff, 0x30, 0x2, 0x4f, 0xf7, 0x3d, 0xff, 0x33,
    0x33, 0x5e, 0xff, 0xa0, 0x72, 0x0, 0x8f, 0xff,
    0x30, 0xdf, 0xff, 0xff, 0xff, 0xff, 0xff, 0xff,
    0xff, 0xd1, 0xdf, 0xe1, 0x0, 0xbf, 0xff, 0x2d,
    0xff, 0xff, 0xff, 0xff, 0xff, 0xff, 0xff, 0xd1,
    0x3, 0xff, 0xc0, 0x1, 0xdf, 0x70, 0x0, 0x0,
    0x0, 0x55, 0x20, 0x1, 0x0, 0x71, 0x0, 0x7,
    0xff, 0x70, 0x1, 0x70, 0x0, 0xde, 0x40, 0xc,
    0xf6, 0x8, 0xfb, 0x0, 0x0, 0x0, 0xa, 0x70,
    0x0, 0x0, 0x0, 0xf, 0xf5, 0x0, 0xef, 0x40,
    0x8f, 0xb0, 0x17, 0x77, 0x77, 0x77, 0x77, 0xb7,
    0x0, 0x0, 0xff, 0x50, 0xf, 0xf2, 0x8, 0xfb,
    0x4, 0xff, 0xff, 0xff, 0xff, 0xff, 0xfd, 0x0,
    0xf, 0xf5, 0x3, 0xff, 0x0, 0x8f, 0xb0, 0x4f,
    0xff, 0xff, 0xff, 0xff, 0xff, 0xb0, 0x0, 0xff,
    0x50, 0x6f, 0xf0, 0x8, 0xfb, 0x0, 0x0, 0x0,
    0x0, 0x1, 0xef, 0xf2, 0x0, 0xf, 0xf5, 0xb,
    0xff, 0x40, 0x8f, 0xb0, 0x0, 0x0, 0x0, 0x0,
    0x8f, 0xf9, 0x0, 0x0, 0xff, 0x50, 0xff, 0xfd,
    0x8, 0xfb, 0x0, 0x0, 0x0, 0x0, 0x2f, 0xfe,
    0x10, 0x0, 0xf, 0xf5, 0x5f, 0xec, 0xf8, 0x8f,
    0xb0, 0x1, 0xd5, 0x0, 0xc, 0xff, 0x60, 0x0,
    0x0, 0xff, 0x5d, 0xf8, 0x3f, 0xfa, 0xfb, 0x0,
    0xcf, 0xf8, 0x8, 0xff, 0xb0, 0x0, 0x0, 0xf,
    0xfc, 0xfe, 0x10, 0xad, 0x9f, 0xb0, 0x3, 0xef,
    0xff, 0xff, 0xf1, 0x0, 0x0, 0x0, 0xff, 0x5b,
    0x60, 0x1, 0x18, 0xfb, 0x0, 0x1, 0xcf, 0xff,
    0xf5, 0x0, 0x0, 0x0, 0xf, 0xf7, 0x33, 0x45,
    0x56, 0xff, 0xb0, 0x0, 0x0, 0xaf, 0xff, 0x40,
    0x0, 0x0, 0x0, 0xff, 0xff, 0xff, 0xff, 0xff,
    0xfc, 0x0, 0x0, 0x0, 0x8f, 0xff, 0x50, 0x0,
    0x0, 0xf, 0xff, 0xff, 0xfe, 0xdc, 0xff, 0xb0,
    0x0, 0x0, 0x0, 0x6f, 0xff, 0x10, 0x0, 0x0,
    0x43, 0x21, 0x0, 0x0, 0x8, 0xfb, 0x0, 0x0,
    0x0, 0x0, 0x5f, 0x70, 0x0, 0x0, 0x0, 0x0,
    0x0, 0x0, 0x0, 0x0, 0x0, 0x0, 0x0, 0x0,
    0x0, 0x30, 0x0, 0x0, 0x0
};


/*---------------------
 *  GLYPH DESCRIPTION
 *--------------------*/

static const lv_font_fmt_txt_glyph_dsc_t glyph_dsc[] = {
    {.bitmap_index = 0, .adv_w = 0, .box_w = 0, .box_h = 0, .ofs_x = 0, .ofs_y = 0} /* id = 0 reserved */,
    {.bitmap_index = 0, .adv_w = 108, .box_w = 0, .box_h = 0, .ofs_x = 0, .ofs_y = 0},
    {.bitmap_index = 0, .adv_w = 165, .box_w = 6, .box_h = 23, .ofs_x = 2, .ofs_y = 0},
    {.bitmap_index = 69, .adv_w = 249, .box_w = 11, .box_h = 10, .ofs_x = 2, .ofs_y = 14},
    {.bitmap_index = 124, .adv_w = 274, .box_w = 16, .box_h = 22, .ofs_x = 1, .ofs_y = 0},
    {.bitmap_index = 300, .adv_w = 274, .box_w = 15, .box_h = 30, .ofs_x = 1, .ofs_y = -4},
    {.bitmap_index = 525, .adv_w = 451, .box_w = 27, .box_h = 22, .ofs_x = 1, .ofs_y = 0},
    {.bitmap_index = 822, .adv_w = 339, .box_w = 20, .box_h = 22, .ofs_x = 1, .ofs_y = 0},
    {.bitmap_index = 1042, .adv_w = 143, .box_w = 5, .box_h = 10, .ofs_x = 2, .ofs_y = 14},
    {.bitmap_index = 1067, .adv_w = 171, .box_w = 8, .box_h = 31, .ofs_x = 2, .ofs_y = -6},
    {.bitmap_index = 1191, .adv_w = 171, .box_w = 8, .box_h = 31, .ofs_x = 1, .ofs_y = -6},
    {.bitmap_index = 1315, .adv_w = 232, .box_w = 12, .box_h = 11, .ofs_x = 1, .ofs_y = 13},
    {.bitmap_index = 1381, .adv_w = 274, .box_w = 15, .box_h = 16, .ofs_x = 1, .ofs_y = 3},
    {.bitmap_index = 1501, .adv_w = 143, .box_w = 7, .box_h = 12, .ofs_x = 1, .ofs_y = -7},
    {.bitmap_index = 1543, .adv_w = 171, .box_w = 9, .box_h = 3, .ofs_x = 1, .ofs_y = 7},
    {.bitmap_index = 1557, .adv_w = 143, .box_w = 5, .box_h = 5, .ofs_x = 2, .ofs_y = 0},
    {.bitmap_index = 1570, .adv_w = 187, .box_w = 12, .box_h = 30, .ofs_x = 0, .ofs_y = -6},
    {.bitmap_index = 1750, .adv_w = 274, .box_w = 15, .box_h = 22, .ofs_x = 1, .ofs_y = 0},
    {.bitmap_index = 1915, .adv_w = 274, .box_w = 14, .box_h = 22, .ofs_x = 2, .ofs_y = 0},
    {.bitmap_index = 2069, .adv_w = 274, .box_w = 15, .box_h = 22, .ofs_x = 1, .ofs_y = 0},
    {.bitmap_index = 2234, .adv_w = 274, .box_w = 16, .box_h = 22, .ofs_x = 0, .ofs_y = 0},
    {.bitmap_index = 2410, .adv_w = 274, .box_w = 17, .box_h = 22, .ofs_x = 0, .ofs_y = 0},
    {.bitmap_index = 2597, .adv_w = 274, .box_w = 16, .box_h = 22, .ofs_x = 0, .ofs_y = 0},
    {.bitmap_index = 2773, .adv_w = 274, .box_w = 15, .box_h = 22, .ofs_x = 1, .ofs_y = 0},
    {.bitmap_index = 2938, .adv_w = 274, .box_w = 15, .box_h = 22, .ofs_x = 1, .ofs_y = 0},
    {.bitmap_index = 3103, .adv_w = 274, .box_w = 15, .box_h = 22, .ofs_x = 1, .ofs_y = 0},
    {.bitmap_index = 3268, .adv_w = 274, .box_w = 15, .box_h = 22, .ofs_x = 1, .ofs_y = 0},
    {.bitmap_index = 3433, .adv_w = 143, .box_w = 5, .box_h = 17, .ofs_x = 2, .ofs_y = 0},
    {.bitmap_index = 3476, .adv_w = 143, .box_w = 7, .box_h = 24, .ofs_x = 1, .ofs_y = -7},
    {.bitmap_index = 3560, .adv_w = 274, .box_w = 15, .box_h = 15, .ofs_x = 1, .ofs_y = 4},
    {.bitmap_index = 3673, .adv_w = 274, .box_w = 15, .box_h = 10, .ofs_x = 1, .ofs_y = 7},
    {.bitmap_index = 3748, .adv_w = 274, .box_w = 15, .box_h = 15, .ofs_x = 1, .ofs_y = 4},
    {.bitmap_index = 3861, .adv_w = 236, .box_w = 13, .box_h = 24, .ofs_x = 1, .ofs_y = 0},
    {.bitmap_index = 4017, .adv_w = 467, .box_w = 27, .box_h = 28, .ofs_x = 1, .ofs_y = -6},
    {.bitmap_index = 4395, .adv_w = 299, .box_w = 19, .box_h = 22, .ofs_x = 0, .ofs_y = 0},
    {.bitmap_index = 4604, .adv_w = 320, .box_w = 17, .box_h = 22, .ofs_x = 2, .ofs_y = 0},
    {.bitmap_index = 4791, .adv_w = 310, .box_w = 18, .box_h = 22, .ofs_x = 1, .ofs_y = 0},
    {.bitmap_index = 4989, .adv_w = 336, .box_w = 18, .box_h = 22, .ofs_x = 2, .ofs_y = 0},
    {.bitmap_index = 5187, .adv_w = 288, .box_w = 15, .box_h = 22, .ofs_x = 2, .ofs_y = 0},
    {.bitmap_index = 5352, .adv_w = 272, .box_w = 14, .box_h = 22, .ofs_x = 2, .ofs_y = 0},
    {.bitmap_index = 5506, .adv_w = 336, .box_w = 18, .box_h = 22, .ofs_x = 1, .ofs_y = 0},
    {.bitmap_index = 5704, .adv_w = 356, .box_w = 18, .box_h = 22, .ofs_x = 2, .ofs_y = 0},
    {.bitmap_index = 5902, .adv_w = 148, .box_w = 5, .box_h = 22, .ofs_x = 2, .ofs_y = 0},
    {.bitmap_index = 5957, .adv_w = 264, .box_w = 14, .box_h = 22, .ofs_x = 0, .ofs_y = 0},
    {.bitmap_index = 6111, .adv_w = 319, .box_w = 18, .box_h = 22, .ofs_x = 2, .ofs_y = 0},
    {.bitmap_index = 6309, .adv_w = 268, .box_w = 14, .box_h = 22, .ofs_x = 2, .ofs_y = 0},
    {.bitmap_index = 6463, .adv_w = 398, .box_w = 21, .box_h = 22, .ofs_x = 2, .ofs_y = 0},
    {.bitmap_index = 6694, .adv_w = 352, .box_w = 18, .box_h = 22, .ofs_x = 2, .ofs_y = 0},
    {.bitmap_index = 6892, .adv_w = 362, .box_w = 20, .box_h = 22, .ofs_x = 1, .ofs_y = 0},
    {.bitmap_index = 7112, .adv_w = 311, .box_w = 17, .box_h = 22, .ofs_x = 2, .ofs_y = 0},
    {.bitmap_index = 7299, .adv_w = 362, .box_w = 21, .box_h = 27, .ofs_x = 1, .ofs_y = -5},
    {.bitmap_index = 7583, .adv_w = 315, .box_w = 17, .box_h = 22, .ofs_x = 2, .ofs_y = 0},
    {.bitmap_index = 7770, .adv_w = 292, .box_w = 16, .box_h = 22, .ofs_x = 1, .ofs_y = 0},
    {.bitmap_index = 7946, .adv_w = 293, .box_w = 18, .box_h = 22, .ofs_x = 0, .ofs_y = 0},
    {.bitmap_index = 8144, .adv_w = 352, .box_w = 18, .box_h = 22, .ofs_x = 2, .ofs_y = 0},
    {.bitmap_index = 8342, .adv_w = 285, .box_w = 19, .box_h = 22, .ofs_x = -1, .ofs_y = 0},
    {.bitmap_index = 8551, .adv_w = 429, .box_w = 27, .box_h = 22, .ofs_x = 0, .ofs_y = 0},
    {.bitmap_index = 8848, .adv_w = 286, .box_w = 18, .box_h = 22, .ofs_x = 0, .ofs_y = 0},
    {.bitmap_index = 9046, .adv_w = 265, .box_w = 18, .box_h = 22, .ofs_x = -1, .ofs_y = 0},
    {.bitmap_index = 9244, .adv_w = 291, .box_w = 16, .box_h = 22, .ofs_x = 1, .ofs_y = 0},
    {.bitmap_index = 9420, .adv_w = 171, .box_w = 7, .box_h = 29, .ofs_x = 3, .ofs_y = -5},
    {.bitmap_index = 9522, .adv_w = 187, .box_w = 12, .box_h = 30, .ofs_x = 0, .ofs_y = -6},
    {.bitmap_index = 9702, .adv_w = 171, .box_w = 7, .box_h = 29, .ofs_x = 1, .ofs_y = -5},
    {.bitmap_index = 9804, .adv_w = 274, .box_w = 15, .box_h = 13, .ofs_x = 1, .ofs_y = 10},
    {.bitmap_index = 9902, .adv_w = 270, .box_w = 17, .box_h = 3, .ofs_x = 0, .ofs_y = -4},
    {.bitmap_index = 9928, .adv_w = 295, .box_w = 9, .box_h = 8, .ofs_x = 3, .ofs_y = 19},
    {.bitmap_index = 9964, .adv_w = 276, .box_w = 14, .box_h = 17, .ofs_x = 1, .ofs_y = 0},
    {.bitmap_index = 10083, .adv_w = 302, .box_w = 16, .box_h = 24, .ofs_x = 2, .ofs_y = 0},
    {.bitmap_index = 10275, .adv_w = 248, .box_w = 14, .box_h = 17, .ofs_x = 1, .ofs_y = 0},
    {.bitmap_index = 10394, .adv_w = 302, .box_w = 16, .box_h = 24, .ofs_x = 1, .ofs_y = 0},
    {.bitmap_index = 10586, .adv_w = 272, .box_w = 15, .box_h = 17, .ofs_x = 1, .ofs_y = 0},
    {.bitmap_index = 10714, .adv_w = 166, .box_w = 12, .box_h = 24, .ofs_x = 0, .ofs_y = 0},
    {.bitmap_index = 10858, .adv_w = 277, .box_w = 16, .box_h = 24, .ofs_x = 1, .ofs_y = -7},
    {.bitmap_index = 11050, .adv_w = 298, .box_w = 15, .box_h = 24, .ofs_x = 2, .ofs_y = 0},
    {.bitmap_index = 11230, .adv_w = 138, .box_w = 5, .box_h = 24, .ofs_x = 2, .ofs_y = 0},
    {.bitmap_index = 11290, .adv_w = 139, .box_w = 9, .box_h = 31, .ofs_x = -2, .ofs_y = -7},
    {.bitmap_index = 11430, .adv_w = 276, .box_w = 15, .box_h = 24, .ofs_x = 2, .ofs_y = 0},
    {.bitmap_index = 11610, .adv_w = 143, .box_w = 6, .box_h = 24, .ofs_x = 2, .ofs_y = 0},
    {.bitmap_index = 11682, .adv_w = 453, .box_w = 24, .box_h = 17, .ofs_x = 2, .ofs_y = 0},
    {.bitmap_index = 11886, .adv_w = 300, .box_w = 15, .box_h = 17, .ofs_x = 2, .ofs_y = 0},
    {.bitmap_index = 12014, .adv_w = 295, .box_w = 16, .box_h = 17, .ofs_x = 1, .ofs_y = 0},
    {.bitmap_index = 12150, .adv_w = 302, .box_w = 16, .box_h = 24, .ofs_x = 2, .ofs_y = -7},
    {.bitmap_index = 12342, .adv_w = 302, .box_w = 16, .box_h = 24, .ofs_x = 1, .ofs_y = -7},
    {.bitmap_index = 12534, .adv_w = 196, .box_w = 11, .box_h = 17, .ofs_x = 2, .ofs_y = 0},
    {.bitmap_index = 12628, .adv_w = 230, .box_w = 14, .box_h = 17, .ofs_x = 0, .ofs_y = 0},
    {.bitmap_index = 12747, .adv_w = 190, .box_w = 12, .box_h = 22, .ofs_x = 0, .ofs_y = 0},
    {.bitmap_index = 12879, .adv_w = 298, .box_w = 15, .box_h = 17, .ofs_x = 2, .ofs_y = 0},
    {.bitmap_index = 13007, .adv_w = 262, .box_w = 16, .box_h = 17, .ofs_x = 0, .ofs_y = 0},
    {.bitmap_index = 13143, .adv_w = 398, .box_w = 25, .box_h = 17, .ofs_x = 0, .ofs_y = 0},
    {.bitmap_index = 13356, .adv_w = 252, .box_w = 16, .box_h = 17, .ofs_x = 0, .ofs_y = 0},
    {.bitmap_index = 13492, .adv_w = 261, .box_w = 16, .box_h = 24, .ofs_x = 0, .ofs_y = -7},
    {.bitmap_index = 13684, .adv_w = 236, .box_w = 13, .box_h = 17, .ofs_x = 1, .ofs_y = 0},
    {.bitmap_index = 13795, .adv_w = 171, .box_w = 9, .box_h = 29, .ofs_x = 1, .ofs_y = -5},
    {.bitmap_index = 13926, .adv_w = 135, .box_w = 3, .box_h = 34, .ofs_x = 3, .ofs_y = -8},
    {.bitmap_index = 13977, .adv_w = 171, .box_w = 9, .box_h = 29, .ofs_x = 1, .ofs_y = -5},
    {.bitmap_index = 14108, .adv_w = 274, .box_w = 15, .box_h = 6, .ofs_x = 1, .ofs_y = 9},
    {.bitmap_index = 14153, .adv_w = 185, .box_w = 10, .box_h = 9, .ofs_x = 1, .ofs_y = 14},
    {.bitmap_index = 14198, .adv_w = 480, .box_w = 8, .box_h = 7, .ofs_x = 11, .ofs_y = 8},
    {.bitmap_index = 14226, .adv_w = 480, .box_w = 28, .box_h = 27, .ofs_x = 1, .ofs_y = -2},
    {.bitmap_index = 14604, .adv_w = 480, .box_w = 28, .box_h = 26, .ofs_x = 1, .ofs_y = -2},
    {.bitmap_index = 14968, .adv_w = 480, .box_w = 26, .box_h = 28, .ofs_x = 2, .ofs_y = -2},
    {.bitmap_index = 15332, .adv_w = 480, .box_w = 28, .box_h = 28, .ofs_x = 1, .ofs_y = -2},
    {.bitmap_index = 15724, .adv_w = 480, .box_w = 28, .box_h = 27, .ofs_x = 1, .ofs_y = -2},
    {.bitmap_index = 16102, .adv_w = 480, .box_w = 30, .box_h = 28, .ofs_x = 0, .ofs_y = -2},
    {.bitmap_index = 16522, .adv_w = 480, .box_w = 29, .box_h = 29, .ofs_x = 0, .ofs_y = -3},
    {.bitmap_index = 16943, .adv_w = 480, .box_w = 26, .box_h = 28, .ofs_x = 2, .ofs_y = -2},
    {.bitmap_index = 17307, .adv_w = 480, .box_w = 26, .box_h = 27, .ofs_x = 2, .ofs_y = -3},
    {.bitmap_index = 17658, .adv_w = 480, .box_w = 29, .box_h = 28, .ofs_x = 0, .ofs_y = -3},
    {.bitmap_index = 18064, .adv_w = 480, .box_w = 27, .box_h = 29, .ofs_x = 1, .ofs_y = -3},
    {.bitmap_index = 18456, .adv_w = 480, .box_w = 26, .box_h = 28, .ofs_x = 2, .ofs_y = -3},
    {.bitmap_index = 18820, .adv_w = 480, .box_w = 28, .box_h = 28, .ofs_x = 1, .ofs_y = -2},
    {.bitmap_index = 19212, .adv_w = 480, .box_w = 28, .box_h = 28, .ofs_x = 1, .ofs_y = -3},
    {.bitmap_index = 19604, .adv_w = 480, .box_w = 29, .box_h = 27, .ofs_x = 0, .ofs_y = -3},
    {.bitmap_index = 19996, .adv_w = 480, .box_w = 28, .box_h = 27, .ofs_x = 1, .ofs_y = -3},
    {.bitmap_index = 20374, .adv_w = 480, .box_w = 29, .box_h = 29, .ofs_x = 1, .ofs_y = -3},
    {.bitmap_index = 20795, .adv_w = 480, .box_w = 26, .box_h = 29, .ofs_x = 2, .ofs_y = -3},
    {.bitmap_index = 21172, .adv_w = 480, .box_w = 28, .box_h = 29, .ofs_x = 1, .ofs_y = -3},
    {.bitmap_index = 21578, .adv_w = 480, .box_w = 30, .box_h = 28, .ofs_x = 0, .ofs_y = -2},
    {.bitmap_index = 21998, .adv_w = 480, .box_w = 29, .box_h = 28, .ofs_x = 1, .ofs_y = -3},
    {.bitmap_index = 22404, .adv_w = 480, .box_w = 26, .box_h = 26, .ofs_x = 2, .ofs_y = -2},
    {.bitmap_index = 22742, .adv_w = 480, .box_w = 28, .box_h = 28, .ofs_x = 1, .ofs_y = -2},
    {.bitmap_index = 23134, .adv_w = 480, .box_w = 29, .box_h = 29, .ofs_x = 1, .ofs_y = -3},
    {.bitmap_index = 23555, .adv_w = 480, .box_w = 29, .box_h = 29, .ofs_x = 0, .ofs_y = -3},
    {.bitmap_index = 23976, .adv_w = 480, .box_w = 30, .box_h = 29, .ofs_x = 0, .ofs_y = -3},
    {.bitmap_index = 24411, .adv_w = 480, .box_w = 29, .box_h = 28, .ofs_x = 1, .ofs_y = -2},
    {.bitmap_index = 24817, .adv_w = 480, .box_w = 27, .box_h = 26, .ofs_x = 2, .ofs_y = -2},
    {.bitmap_index = 25168, .adv_w = 480, .box_w = 26, .box_h = 28, .ofs_x = 2, .ofs_y = -2},
    {.bitmap_index = 25532, .adv_w = 480, .box_w = 28, .box_h = 28, .ofs_x = 1, .ofs_y = -2},
    {.bitmap_index = 25924, .adv_w = 480, .box_w = 29, .box_h = 29, .ofs_x = 0, .ofs_y = -3},
    {.bitmap_index = 26345, .adv_w = 480, .box_w = 30, .box_h = 29, .ofs_x = 0, .ofs_y = -3},
    {.bitmap_index = 26780, .adv_w = 480, .box_w = 29, .box_h = 29, .ofs_x = 0, .ofs_y = -3},
    {.bitmap_index = 27201, .adv_w = 480, .box_w = 29, .box_h = 28, .ofs_x = 1, .ofs_y = -2},
    {.bitmap_index = 27607, .adv_w = 480, .box_w = 29, .box_h = 28, .ofs_x = 0, .ofs_y = -2},
    {.bitmap_index = 28013, .adv_w = 480, .box_w = 29, .box_h = 29, .ofs_x = 0, .ofs_y = -3},
    {.bitmap_index = 28434, .adv_w = 480, .box_w = 30, .box_h = 29, .ofs_x = 0, .ofs_y = -3},
    {.bitmap_index = 28869, .adv_w = 480, .box_w = 28, .box_h = 27, .ofs_x = 1, .ofs_y = -3},
    {.bitmap_index = 29247, .adv_w = 480, .box_w = 28, .box_h = 29, .ofs_x = 2, .ofs_y = -3},
    {.bitmap_index = 29653, .adv_w = 480, .box_w = 29, .box_h = 27, .ofs_x = 1, .ofs_y = -2},
    {.bitmap_index = 30045, .adv_w = 480, .box_w = 29, .box_h = 28, .ofs_x = 0, .ofs_y = -2},
    {.bitmap_index = 30451, .adv_w = 480, .box_w = 30, .box_h = 28, .ofs_x = 0, .ofs_y = -2},
    {.bitmap_index = 30871, .adv_w = 480, .box_w = 30, .box_h = 29, .ofs_x = 0, .ofs_y = -3},
    {.bitmap_index = 31306, .adv_w = 480, .box_w = 28, .box_h = 26, .ofs_x = 1, .ofs_y = -2},
    {.bitmap_index = 31670, .adv_w = 480, .box_w = 29, .box_h = 29, .ofs_x = 0, .ofs_y = -3},
    {.bitmap_index = 32091, .adv_w = 480, .box_w = 28, .box_h = 27, .ofs_x = 1, .ofs_y = -2},
    {.bitmap_index = 32469, .adv_w = 480, .box_w = 28, .box_h = 29, .ofs_x = 1, .ofs_y = -3},
    {.bitmap_index = 32875, .adv_w = 480, .box_w = 30, .box_h = 29, .ofs_x = 0, .ofs_y = -3},
    {.bitmap_index = 33310, .adv_w = 480, .box_w = 27, .box_h = 27, .ofs_x = 0, .ofs_y = -3},
    {.bitmap_index = 33675, .adv_w = 480, .box_w = 28, .box_h = 28, .ofs_x = 1, .ofs_y = -2},
    {.bitmap_index = 34067, .adv_w = 480, .box_w = 30, .box_h = 28, .ofs_x = 0, .ofs_y = -3},
    {.bitmap_index = 34487, .adv_w = 480, .box_w = 28, .box_h = 29, .ofs_x = 1, .ofs_y = -3},
    {.bitmap_index = 34893, .adv_w = 480, .box_w = 29, .box_h = 28, .ofs_x = 0, .ofs_y = -2},
    {.bitmap_index = 35299, .adv_w = 480, .box_w = 29, .box_h = 28, .ofs_x = 0, .ofs_y = -2},
    {.bitmap_index = 35705, .adv_w = 480, .box_w = 26, .box_h = 28, .ofs_x = 2, .ofs_y = -2},
    {.bitmap_index = 36069, .adv_w = 480, .box_w = 29, .box_h = 29, .ofs_x = 0, .ofs_y = -3},
    {.bitmap_index = 36490, .adv_w = 480, .box_w = 29, .box_h = 29, .ofs_x = 0, .ofs_y = -3},
    {.bitmap_index = 36911, .adv_w = 480, .box_w = 28, .box_h = 29, .ofs_x = 1, .ofs_y = -3},
    {.bitmap_index = 37317, .adv_w = 480, .box_w = 27, .box_h = 28, .ofs_x = 1, .ofs_y = -3},
    {.bitmap_index = 37695, .adv_w = 480, .box_w = 30, .box_h = 29, .ofs_x = 0, .ofs_y = -3},
    {.bitmap_index = 38130, .adv_w = 480, .box_w = 28, .box_h = 28, .ofs_x = 1, .ofs_y = -2},
    {.bitmap_index = 38522, .adv_w = 480, .box_w = 30, .box_h = 29, .ofs_x = 0, .ofs_y = -3},
    {.bitmap_index = 38957, .adv_w = 480, .box_w = 29, .box_h = 29, .ofs_x = 0, .ofs_y = -3},
    {.bitmap_index = 39378, .adv_w = 480, .box_w = 26, .box_h = 26, .ofs_x = 2, .ofs_y = -2},
    {.bitmap_index = 39716, .adv_w = 480, .box_w = 29, .box_h = 29, .ofs_x = 0, .ofs_y = -3},
    {.bitmap_index = 40137, .adv_w = 480, .box_w = 28, .box_h = 29, .ofs_x = 1, .ofs_y = -3},
    {.bitmap_index = 40543, .adv_w = 480, .box_w = 30, .box_h = 29, .ofs_x = 0, .ofs_y = -3},
    {.bitmap_index = 40978, .adv_w = 480, .box_w = 29, .box_h = 28, .ofs_x = 1, .ofs_y = -2},
    {.bitmap_index = 41384, .adv_w = 480, .box_w = 28, .box_h = 29, .ofs_x = 1, .ofs_y = -3},
    {.bitmap_index = 41790, .adv_w = 480, .box_w = 29, .box_h = 28, .ofs_x = 1, .ofs_y = -3},
    {.bitmap_index = 42196, .adv_w = 480, .box_w = 28, .box_h = 29, .ofs_x = 1, .ofs_y = -3},
    {.bitmap_index = 42602, .adv_w = 480, .box_w = 27, .box_h = 29, .ofs_x = 1, .ofs_y = -3},
    {.bitmap_index = 42994, .adv_w = 480, .box_w = 28, .box_h = 29, .ofs_x = 1, .ofs_y = -3},
    {.bitmap_index = 43400, .adv_w = 480, .box_w = 28, .box_h = 28, .ofs_x = 1, .ofs_y = -2},
    {.bitmap_index = 43792, .adv_w = 480, .box_w = 29, .box_h = 29, .ofs_x = 1, .ofs_y = -3},
    {.bitmap_index = 44213, .adv_w = 480, .box_w = 30, .box_h = 27, .ofs_x = 0, .ofs_y = -3},
    {.bitmap_index = 44618, .adv_w = 480, .box_w = 29, .box_h = 29, .ofs_x = 0, .ofs_y = -3},
    {.bitmap_index = 45039, .adv_w = 480, .box_w = 30, .box_h = 28, .ofs_x = 0, .ofs_y = -3},
    {.bitmap_index = 45459, .adv_w = 480, .box_w = 30, .box_h = 29, .ofs_x = 0, .ofs_y = -3},
    {.bitmap_index = 45894, .adv_w = 480, .box_w = 29, .box_h = 27, .ofs_x = 0, .ofs_y = -2},
    {.bitmap_index = 46286, .adv_w = 480, .box_w = 29, .box_h = 28, .ofs_x = 0, .ofs_y = -2},
    {.bitmap_index = 46692, .adv_w = 480, .box_w = 29, .box_h = 29, .ofs_x = 1, .ofs_y = -3},
    {.bitmap_index = 47113, .adv_w = 480, .box_w = 29, .box_h = 29, .ofs_x = 1, .ofs_y = -3},
    {.bitmap_index = 47534, .adv_w = 480, .box_w = 26, .box_h = 27, .ofs_x = 2, .ofs_y = -2},
    {.bitmap_index = 47885, .adv_w = 480, .box_w = 28, .box_h = 28, .ofs_x = 2, .ofs_y = -2},
    {.bitmap_index = 48277, .adv_w = 480, .box_w = 28, .box_h = 28, .ofs_x = 2, .ofs_y = -2},
    {.bitmap_index = 48669, .adv_w = 480, .box_w = 29, .box_h = 28, .ofs_x = 0, .ofs_y = -2},
    {.bitmap_index = 49075, .adv_w = 480, .box_w = 28, .box_h = 29, .ofs_x = 1, .ofs_y = -3},
    {.bitmap_index = 49481, .adv_w = 480, .box_w = 29, .box_h = 29, .ofs_x = 1, .ofs_y = -3}
};

/*---------------------
 *  CHARACTER MAPPING
 *--------------------*/

static const uint16_t unicode_list_1[] = {
    0x0, 0x7, 0x4d5a, 0x4d5b, 0x4d7d, 0x4d8b, 0x4e46, 0x4ea9,
    0x4ff8, 0x50d5, 0x50e9, 0x5156, 0x5167, 0x516a, 0x519d, 0x51f8,
    0x531c, 0x533f, 0x5358, 0x5361, 0x539a, 0x53cd, 0x55b8, 0x564a,
    0x5678, 0x5881, 0x5aa8, 0x5b09, 0x5c40, 0x5d42, 0x5d88, 0x5dc4,
    0x5df6, 0x5e46, 0x5ed5, 0x5f51, 0x5f8b, 0x62be, 0x64c0, 0x6530,
    0x6546, 0x6650, 0x667c, 0x668a, 0x6788, 0x6ab3, 0x6c8b, 0x6d79,
    0x7009, 0x7206, 0x7478, 0x7628, 0x77bc, 0x790b, 0x7922, 0x795b,
    0x79ca, 0x7a3f, 0x7a99, 0x7c4b, 0x7c7f, 0x7df7, 0x7e0f, 0x7e2c,
    0x7e2f, 0x7ea1, 0x879c, 0x8918, 0x8ab6, 0x8af1, 0x8b32, 0x8b3f,
    0x8b4b, 0x8c6f, 0x8c75, 0x8ebe, 0x8ecd, 0x8f20, 0x8f21, 0x8f2b,
    0x8f2f, 0x9117, 0x93ef, 0x9469, 0x94cf, 0x9544, 0x9585, 0x959d,
    0x9616, 0x9a28, 0x9ed4
};

/*Collect the unicode lists and glyph_id offsets*/
static const lv_font_fmt_txt_cmap_t cmaps[] =
{
    {
        .range_start = 32, .range_length = 95, .glyph_id_start = 1,
        .unicode_list = NULL, .glyph_id_ofs_list = NULL, .list_length = 0, .type = LV_FONT_FMT_TXT_CMAP_FORMAT0_TINY
    },
    {
        .range_start = 176, .range_length = 40661, .glyph_id_start = 96,
        .unicode_list = unicode_list_1, .glyph_id_ofs_list = NULL, .list_length = 91, .type = LV_FONT_FMT_TXT_CMAP_SPARSE_TINY
    }
};

/*-----------------
 *    KERNING
 *----------------*/


/*Map glyph_ids to kern left classes*/
static const uint8_t kern_left_class_mapping[] =
{
    0, 0, 0, 1, 0, 0, 0, 0,
    1, 2, 0, 0, 0, 3, 4, 3,
    5, 0, 0, 0, 0, 0, 0, 0,
    0, 0, 0, 6, 6, 0, 0, 0,
    0, 0, 7, 8, 9, 10, 11, 12,
    13, 0, 0, 14, 15, 16, 0, 0,
    10, 17, 10, 18, 19, 20, 21, 22,
    23, 24, 25, 26, 2, 27, 0, 0,
    0, 0, 28, 29, 30, 0, 31, 32,
    33, 34, 0, 0, 35, 36, 34, 34,
    29, 29, 37, 38, 39, 40, 37, 41,
    42, 43, 44, 45, 2, 0, 0, 0,
    0, 0, 0, 0, 0, 0, 0, 0,
    0, 0, 0, 0, 0, 0, 0, 0,
    0, 0, 0, 0, 0, 0, 0, 0,
    0, 0, 0, 0, 0, 0, 0, 0,
    0, 0, 0, 0, 0, 0, 0, 0,
    0, 0, 0, 0, 0, 0, 0, 0,
    0, 0, 0, 0, 0, 0, 0, 0,
    0, 0, 0, 0, 0, 0, 0, 0,
    0, 0, 0, 0, 0, 0, 0, 0,
    0, 0, 0, 0, 0, 0, 0, 0,
    0, 0, 0, 0, 0, 0, 0, 0,
    0, 0, 0
};

/*Map glyph_ids to kern right classes*/
static const uint8_t kern_right_class_mapping[] =
{
    0, 0, 1, 2, 0, 0, 0, 0,
    2, 0, 3, 4, 0, 5, 6, 7,
    8, 0, 0, 0, 0, 0, 0, 0,
    0, 0, 0, 9, 10, 0, 0, 0,
    11, 0, 12, 0, 13, 0, 0, 0,
    13, 0, 0, 14, 0, 0, 0, 0,
    13, 0, 13, 0, 15, 16, 17, 18,
    19, 20, 21, 22, 0, 23, 3, 0,
    0, 0, 24, 0, 25, 25, 25, 26,
    27, 0, 28, 29, 0, 0, 30, 30,
    25, 30, 25, 30, 31, 32, 33, 34,
    35, 36, 37, 38, 0, 0, 3, 0,
    0, 0, 0, 0, 0, 0, 0, 0,
    0, 0, 0, 0, 0, 0, 0, 0,
    0, 0, 0, 0, 0, 0, 0, 0,
    0, 0, 0, 0, 0, 0, 0, 0,
    0, 0, 0, 0, 0, 0, 0, 0,
    0, 0, 0, 0, 0, 0, 0, 0,
    0, 0, 0, 0, 0, 0, 0, 0,
    0, 0, 0, 0, 0, 0, 0, 0,
    0, 0, 0, 0, 0, 0, 0, 0,
    0, 0, 0, 0, 0, 0, 0, 0,
    0, 0, 0, 0, 0, 0, 0, 0,
    0, 0, 0
};

/*Kern values between classes*/
static const int8_t kern_class_values[] =
{
    0, 0, 0, 0, -67, 0, -67, 0,
    0, 0, 0, -34, 0, -56, -7, 0,
    0, 0, 0, -7, 0, 0, 0, 0,
    -16, 0, 0, 0, 0, 0, -12, 0,
    0, 0, 0, 0, 0, 0, 0, 0,
    0, 0, 0, 0, 0, 0, 0, 0,
    0, 0, 0, -12, 0, 0, 0, 0,
    0, 0, 0, 0, 0, 0, 0, 0,
    0, 0, 41, 0, 0, 0, 0, 0,
    0, 0, 0, 0, 0, -58, 0, -81,
    0, 0, 0, 0, 0, 0, 0, 0,
    0, 0, 0, -55, -14, -38, -21, 0,
    -55, 0, 0, 0, -8, 0, 0, 0,
    14, 0, 0, -29, 0, -24, -16, 0,
    -12, 0, 0, 0, 0, 0, 0, 0,
    0, 0, 0, 0, 0, 0, 0, -12,
    -13, -29, 0, -12, -7, -18, -39, -12,
    0, 0, 0, 0, 0, 0, 0, 0,
    0, -15, 0, -7, 0, -10, 0, 0,
    0, 0, 0, 0, 0, 0, 0, 0,
    0, 0, 0, -24, -7, -45, 0, 0,
    0, 0, 0, 0, 0, 0, 0, -15,
    -17, 0, -7, 9, 9, 0, 0, 0,
    -12, 0, 0, 0, 0, 0, 0, 0,
    0, -26, 0, 0, 0, 0, 0, 0,
    0, 0, 0, 0, 0, 0, 0, 0,
    0, 0, -18, 0, 0, 0, 0, 0,
    0, 0, 0, 0, 0, 0, 0, 0,
    0, 0, 0, 0, 0, -34, 0, -51,
    0, 0, 0, 0, 0, 0, -18, -4,
    -7, 0, 0, -34, -10, -10, 0, -1,
    -10, -5, -24, 9, 0, -7, 0, 0,
    0, 0, 9, -10, -4, -7, -5, -5,
    -7, 0, 0, 0, 0, -18, 0, 0,
    0, 0, 0, 0, 0, 0, 0, -11,
    -10, -15, 0, -6, -5, -5, -10, -5,
    0, 0, 0, 0, 0, 0, 0, 0,
    0, -7, 0, -10, -7, -7, -10, 0,
    0, 0, 0, 0, 0, -18, 0, 0,
    0, 0, 0, 0, -19, -7, -15, -11,
    -10, -5, -5, -5, -7, -7, 0, 0,
    0, 0, -12, 0, 0, 0, 0, -18,
    -7, -10, -7, 0, -10, 0, 0, 0,
    0, -19, 0, 0, 0, -11, 0, 0,
    0, -7, 0, -26, 0, -15, 0, -7,
    -4, -13, -12, -12, 0, 0, 0, 0,
    0, 0, 0, 0, 0, 0, 0, 0,
    0, -10, 0, -7, 0, 0, 0, 0,
    0, 0, 0, 0, 0, 0, 0, 0,
    0, 0, 0, 0, 0, 0, 0, 0,
    0, 0, 0, 0, -7, 0, 0, 0,
    0, 0, 0, -15, 0, -7, 0, -21,
    -7, 0, 0, 0, 0, 0, -44, 0,
    -44, -36, 0, 0, 0, -23, -7, -76,
    -14, 0, 0, -1, -1, -15, -4, -18,
    0, -21, -10, 0, -15, 0, 0, -12,
    -14, -7, -11, -15, -12, -18, -12, -21,
    0, 0, 0, -16, 0, 0, 0, 0,
    0, 0, 0, -5, 0, 0, 0, -12,
    0, -10, -5, 0, 0, 0, 0, 0,
    0, 0, 0, 0, 0, 0, 0, 0,
    0, 0, 0, 0, 0, 0, 0, 0,
    0, 0, -15, 0, -15, 0, 0, 0,
    0, 0, 0, -24, 0, 0, 0, 0,
    0, 0, 0, 0, 0, 0, 0, 0,
    0, 0, 0, 0, 0, 0, 0, 0,
    0, 0, 0, 0, 0, -16, 0, -24,
    0, -21, 0, 0, 0, 0, -7, -7,
    -14, 0, -9, -13, -10, -10, -7, 0,
    -12, 0, 0, 0, -7, 0, 0, 0,
    -7, 0, 0, -23, -10, -15, -12, -12,
    -15, -10, 0, -57, 0, -87, 0, -29,
    0, 0, 0, 0, -23, -2, -18, 0,
    -15, -67, -19, -44, -33, 0, -45, 0,
    -45, 0, -9, -10, -5, 0, 0, 0,
    0, -14, -7, -24, -21, 0, -24, 0,
    0, 0, 0, 0, -66, -18, -66, -40,
    0, 0, 0, -29, 0, -80, -7, -13,
    0, 0, 0, -15, -7, -42, 0, -24,
    -15, 0, -16, 0, 0, 0, -7, 0,
    0, 0, 0, -10, 0, -12, 0, 0,
    0, -7, 0, -17, 0, 0, 0, 0,
    0, -5, 0, -11, -9, -10, 0, -2,
    0, -5, -5, -7, 0, -5, -7, 0,
    -5, 0, 0, 0, 0, 0, 0, 0,
    0, -7, 0, -7, 0, 0, 0, -10,
    0, 6, 0, 0, 0, 0, 0, 0,
    0, -10, -10, -12, 0, 0, 0, 0,
    -10, 0, 0, 0, 0, 0, 0, 0,
    0, 0, 0, -15, 0, 0, 0, 0,
    0, -4, 0, 0, 0, 0, -60, -39,
    -60, -48, -12, -12, 0, -24, -15, -70,
    -21, 0, 0, 0, 0, -12, -10, -29,
    0, -39, -39, -11, -39, 0, 0, -26,
    -34, -11, -26, -18, -19, -21, -18, -41,
    0, 0, 0, 0, -12, 0, -12, -17,
    0, 0, 0, -10, 0, -29, -7, 0,
    0, -5, 0, -7, -10, 0, 0, -5,
    0, 0, -7, 0, 0, 0, -5, 0,
    0, 0, 0, -7, 0, 0, 0, 0,
    0, 0, -38, -12, -38, -24, 0, 0,
    0, -10, -7, -39, -7, 0, -7, 3,
    0, 0, 0, -12, 0, -16, -11, 0,
    -13, 0, 0, -12, -10, 0, -18, -7,
    -7, -11, -7, -15, 0, 0, 0, 0,
    -21, -7, -21, -15, 0, 0, 0, 0,
    -4, -35, -4, 0, 0, 0, 0, 0,
    0, -4, 0, -10, 0, 0, -7, 0,
    0, 0, 0, 0, 0, 0, 0, 0,
    0, -7, 0, -7, 0, -7, 0, -18,
    0, 0, 0, 0, 0, -2, -13, -5,
    -10, -12, -7, 0, 0, 0, 0, 0,
    0, -7, -7, -12, 0, 0, 0, 0,
    0, -12, -7, -12, -10, -7, -12, -10,
    0, 0, 0, 0, -54, -39, -54, -35,
    -17, -17, -7, -10, -10, -56, -11, -10,
    -7, 0, 0, 0, 0, -15, 0, -40,
    -26, 0, -35, 0, 0, -24, -26, -21,
    -21, -10, -15, -21, -10, -29, 0, 0,
    0, 0, 0, -19, 0, 0, 0, 0,
    0, -4, -12, -18, -18, 0, -7, -4,
    -4, 0, -10, -10, 0, -10, -12, -12,
    -10, 0, 0, 0, 0, -10, -13, -10,
    -10, -15, -10, 0, 0, 0, 0, 0,
    0, 0, 0, 0, 0, 0, 0, 0,
    0, 0, 0, -46, -16, -29, -16, 0,
    -39, 0, 0, 0, 0, 0, 14, 0,
    36, 0, 0, 0, 0, -12, -7, 0,
    3, 0, 0, 0, 0, -29, 0, 0,
    0, 0, 0, 0, -12, 0, 0, 0,
    0, -15, 0, -12, -5, 0, -15, 0,
    0, 0, 0, 0, 0, 0, 0, 0,
    0, -10, 0, 0, 0, 0, 0, 0,
    0, -16, 0, -13, -7, 0, -7, 0,
    0, 0, -12, 0, 0, 0, 0, -33,
    0, -12, 0, -5, -28, 0, -18, -10,
    0, -3, 0, 0, 0, 0, -3, -13,
    0, -5, -5, -13, -5, -6, 0, 0,
    0, 0, 0, -15, 0, 0, 0, 0,
    0, 0, 0, 0, 0, -12, 0, -10,
    0, 0, -15, 0, 0, -7, -14, 0,
    -7, 0, 0, 0, 0, -7, 0, 0,
    0, 0, 0, 0, 0, 0, 0, -19,
    0, 3, 0, 0, 0, 0, -7, 0,
    0, -12, -12, -15, 0, -12, -7, 0,
    -18, 0, -15, -10, 0, -3, -7, 0,
    0, 0, 0, -7, 0, -1, -1, -7,
    -1, -3, 4, 20, 23, 0, -31, -10,
    -31, -8, 0, 0, 12, 0, 0, 0,
    0, 23, 0, 33, 23, 14, 28, 0,
    27, -12, -7, 0, -10, 0, -7, 0,
    -5, 0, 0, 3, 0, -5, 0, -10,
    0, 0, 4, -18, 0, 0, 0, 21,
    0, 0, -23, 0, 0, 0, 0, -18,
    0, 0, 0, 0, -10, 0, 0, -11,
    -10, 0, 0, 0, 20, 0, 0, 0,
    0, -5, -5, 0, 4, -10, 0, 0,
    0, -19, 0, 0, 0, 0, 0, 0,
    -7, 0, 0, 0, 0, -15, 0, -7,
    0, 0, -12, 0, 0, 0, 0, 0,
    0, 0, 0, 0, 0, 0, 0, 0,
    0, 0, 0, 0, 0, 0, 0, -13,
    3, -31, 3, 0, 3, 3, -12, 0,
    0, 0, 0, -24, 0, 0, 0, 0,
    -9, 0, 0, -7, -13, 0, -7, 0,
    -7, 0, 0, -16, -10, 0, 0, -7,
    0, -7, 0, 0, 0, 0, 0, 0,
    0, 0, 0, 0, 0, 0, 0, 0,
    0, 0, 0, 0, 0, 0, 0, 0,
    0, 0, 0, 0, 0, 0, 3, 0,
    0, 0, 0, 0, 0, 0, 0, 0,
    0, 0, 0, -13, 0, 0, 0, 0,
    0, 0, 0, 0, 0, 0, 0, -12,
    0, -10, 0, 0, -18, 0, 0, 0,
    0, 0, 0, 0, 0, 0, 0, 0,
    0, 0, 0, 0, 0, 0, 0, 0,
    0, 0, -37, -15, -37, -19, 9, 9,
    0, -10, 0, -34, 0, 0, 0, 0,
    0, 0, 0, -7, 3, -15, -7, 0,
    -7, 0, 0, 0, -5, 0, 0, 9,
    6, 0, 9, -5, 0, 0, 0, -26,
    0, 3, 0, 0, 0, 0, -10, 0,
    0, 0, 0, -15, 0, -7, 0, 0,
    -12, 0, 0, 0, 0, 0, 0, 0,
    0, 0, 0, -12, 0, 0, 0, 0,
    0, 0, 0, 0, 0, 0, -1, -18,
    -1, 1, 4, 4, -18, 0, 0, 0,
    0, -10, 0, 0, 0, 0, -5, 0,
    0, -13, -10, 0, -7, 0, 0, 0,
    -7, -12, 0, 0, 0, -10, 0, 0,
    0, 0, 0, -8, -24, -7, -24, -12,
    0, 0, 0, -8, 0, -24, 0, -12,
    0, -7, 0, 0, -10, -7, 0, -12,
    -5, 0, 0, 0, -7, 0, 0, 0,
    0, 0, 0, 0, 0, -15, 0, 0,
    0, -8, -29, 0, -29, -5, 0, 0,
    0, -5, 0, -18, 0, -15, 0, -7,
    0, -10, -15, 0, 0, -7, -5, 0,
    0, 0, -7, 0, 0, 0, 0, 0,
    0, 0, 0, -13, -10, 0, 0, -14,
    3, -10, -7, 0, 0, 3, 0, 0,
    -7, 0, -5, -18, 0, -11, 0, -7,
    -21, 0, 0, -7, -13, 0, 0, 0,
    0, 0, 0, -15, 0, 0, 0, 0,
    -5, 0, 0, 0, 0, 0, -24, 0,
    -24, -8, 0, 0, 0, 0, 0, -24,
    0, -12, 0, -5, 0, -5, -7, 0,
    0, -12, -5, 0, 0, 0, -7, 0,
    0, 0, 0, 0, 0, -10, 0, -15,
    0, 0, 0, 0, 0, -12, 0, 0,
    0, 0, 0, 0, 0, 0, 0, -15,
    0, 0, 0, 0, -16, 0, 0, -13,
    -7, 0, -4, 0, 0, 0, 0, 0,
    -7, -5, 0, 0, -5, 0
};


/*Collect the kern class' data in one place*/
static const lv_font_fmt_txt_kern_classes_t kern_classes =
{
    .class_pair_values   = kern_class_values,
    .left_class_mapping  = kern_left_class_mapping,
    .right_class_mapping = kern_right_class_mapping,
    .left_class_cnt      = 45,
    .right_class_cnt     = 38,
};

/*--------------------
 *  ALL CUSTOM DATA
 *--------------------*/

#if LV_VERSION_CHECK(8, 0, 0)
/*Store all the custom data of the font*/
static  lv_font_fmt_txt_glyph_cache_t cache;
static const lv_font_fmt_txt_dsc_t font_dsc = {
#else
static lv_font_fmt_txt_dsc_t font_dsc = {
#endif
    .glyph_bitmap = glyph_bitmap,
    .glyph_dsc = glyph_dsc,
    .cmaps = cmaps,
    .kern_dsc = &kern_classes,
    .kern_scale = 16,
    .cmap_num = 2,
    .bpp = 4,
    .kern_classes = 1,
    .bitmap_format = 0,
#if LV_VERSION_CHECK(8, 0, 0)
    .cache = &cache
#endif
};


/*-----------------
 *  PUBLIC FONT
 *----------------*/

/*Initialize a public general font descriptor*/
#if LV_VERSION_CHECK(8, 0, 0)
const lv_font_t ui_font_cjk_30 = {
#else
lv_font_t ui_font_cjk_30 = {
#endif
    .get_glyph_dsc = lv_font_get_glyph_dsc_fmt_txt,    /*Function pointer to get glyph's data*/
    .get_glyph_bitmap = lv_font_get_bitmap_fmt_txt,    /*Function pointer to get glyph's bitmap*/
    .line_height = 35,          /*The maximum line height required by the font*/
    .base_line = 8,             /*Baseline measured from the bottom of the line*/
#if !(LVGL_VERSION_MAJOR == 6 && LVGL_VERSION_MINOR == 0)
    .subpx = LV_FONT_SUBPX_NONE,
#endif
#if LV_VERSION_CHECK(7, 4, 0) || LVGL_VERSION_MAJOR >= 8
    .underline_position = -4,
    .underline_thickness = 2,
#endif
    .dsc = &font_dsc           /*The custom font data. Will be accessed by `get_glyph_bitmap/dsc` */
};



#endif /*#if UI_FONT_CJK_30*/

