/*******************************************************************************
 * Size: 24 px
 * Bpp: 4
 * Opts: --font NotoSansSC-Medium.ttf --size 24 --bpp 4 --format lvgl --force-fast-kern-format -r 0x20-0x7E -r 0xB0 -r 0xB7 --symbols 上下不个中主健储内分列动势危发可同吐吞告器在失存容已帧常年度康延待态总意持据接收数无旧时曲最未机条查样核检正步比注活温点状用百盘磁离空端等系累级线络统续网行览警计询误负败趋轮载达运近连迟送部采量钟错长间阵陈降险集项首高龄 --lv-include lvgl.h -o /Users/llll/code/esp/p4-7b-fnos-monitor/components/fnos_monitor/fonts/ui_font_cjk_24.c
 ******************************************************************************/

#ifdef LV_LVGL_H_INCLUDE_SIMPLE
#include "lvgl.h"
#else
#include "lvgl.h"
#endif

#ifndef UI_FONT_CJK_24
#define UI_FONT_CJK_24 1
#endif

#if UI_FONT_CJK_24

/*-----------------
 *    BITMAPS
 *----------------*/

/*Store the image of the glyphs*/
static LV_ATTRIBUTE_LARGE_CONST const uint8_t glyph_bitmap[] = {
    /* U+0020 " " */

    /* U+0021 "!" */
    0x4f, 0xf4, 0x38, 0x3, 0xc0, 0x30, 0x80, 0x4,
    0x3, 0x18, 0x0, 0xc4, 0x0, 0x20, 0x1f, 0x38,
    0x4, 0x20, 0x20, 0x11, 0x81, 0x83, 0x8, 0x82,
    0xf8, 0xb, 0xbd, 0x60, 0x42, 0xcc, 0x0, 0x76,
    0x43, 0x20,

    /* U+0022 "\"" */
    0xdf, 0xf0, 0x2, 0x7f, 0xc8, 0x1, 0xf9, 0xc4,
    0x4, 0x0, 0x20, 0x13, 0x81, 0x80, 0x3c, 0x0,
    0x24, 0x2, 0x0, 0x20, 0x1, 0x8, 0x30, 0x1,
    0x80, 0x43, 0x80, 0x80, 0x4, 0x4, 0xa, 0x3c,
    0x0, 0x12, 0x50,

    /* U+0023 "#" */
    0x0, 0xd1, 0xe6, 0x0, 0x7f, 0x30, 0xe, 0x20,
    0x30, 0x6, 0x81, 0x0, 0x73, 0x88, 0x4, 0xc0,
    0x20, 0x1c, 0x4a, 0x1, 0x11, 0x80, 0x51, 0xfe,
    0x4, 0xff, 0x84, 0xff, 0x83, 0xc0, 0x3f, 0xc6,
    0xf, 0xf4, 0x15, 0xfe, 0xb0, 0x8f, 0xd0, 0x8,
    0x80, 0x40, 0x4, 0x4, 0x1, 0xdc, 0xc, 0x0,
    0xe0, 0x60, 0xe, 0x30, 0x20, 0x1, 0x1, 0x0,
    0x5d, 0xc5, 0xe, 0xe9, 0x43, 0xf9, 0x4, 0x60,
    0x0, 0x8c, 0x0, 0x11, 0xdf, 0xe0, 0x4f, 0xf8,
    0xf, 0xfc, 0xa0, 0x1, 0x2, 0x0, 0x8, 0x30,
    0x7, 0x10, 0x8, 0x0, 0xc0, 0x80, 0x39, 0x83,
    0x80, 0xc, 0x1e, 0x1, 0xc6, 0x4, 0x0, 0x20,
    0x20, 0xe, 0xe0, 0x60, 0x7, 0x3, 0x0, 0x40,

    /* U+0024 "$" */
    0x0, 0xef, 0xe0, 0xf, 0xfe, 0xa3, 0x68, 0xe,
    0xb8, 0x7, 0x5c, 0x90, 0x0, 0xa3, 0x48, 0x0,
    0xe8, 0x5, 0x12, 0xc0, 0x48, 0x0, 0xa0, 0x1d,
    0x76, 0x9d, 0x76, 0x0, 0x10, 0x20, 0x6, 0x28,
    0x0, 0xe6, 0x0, 0xfe, 0x50, 0x39, 0x0, 0xfd,
    0x62, 0xd, 0xaa, 0x1, 0xe1, 0xf4, 0x2, 0xad,
    0x40, 0xe, 0x1b, 0xa2, 0x2, 0xb8, 0x0, 0xf2,
    0xec, 0x80, 0x1d, 0x40, 0x3e, 0x6b, 0x0, 0x40,
    0x7, 0xe4, 0x40, 0x10, 0x7, 0xf0, 0x80, 0x6c,
    0x70, 0xc, 0x28, 0x4, 0xe, 0x71, 0xb0, 0xcf,
    0xe2, 0x16, 0xc, 0xa0, 0x4f, 0x30, 0x20, 0xac,
    0x3, 0x58, 0xa2, 0x0, 0x4a, 0xa0, 0x6, 0x3a,
    0xe0, 0x1b, 0x50, 0xf, 0xfe, 0x43, 0xc8, 0x7,
    0x0,

    /* U+0025 "%" */
    0x0, 0x15, 0x77, 0x28, 0x80, 0x3c, 0x3f, 0x60,
    0x1e, 0x1c, 0x53, 0x32, 0xe0, 0x80, 0x74, 0x4,
    0x80, 0x7a, 0x5, 0xb7, 0x4c, 0x30, 0x1, 0x89,
    0x98, 0x40, 0x1e, 0x70, 0x80, 0x4, 0x3, 0x80,
    0x68, 0x8, 0x0, 0xf0, 0x8e, 0x0, 0x8, 0xe0,
    0x1, 0xab, 0x88, 0x7, 0xff, 0x1a, 0x2, 0x40,
    0x3e, 0x10, 0x10, 0xc, 0x20, 0x20, 0x88, 0x81,
    0x14, 0x54, 0x10, 0x4, 0x40, 0x60, 0x4, 0x2,
    0x0, 0x40, 0xb9, 0x7b, 0xab, 0xe9, 0x80, 0x28,
    0x3c, 0x89, 0x21, 0x40, 0xa7, 0x1, 0xc2, 0xfd,
    0x21, 0xc0, 0x7, 0x43, 0xdd, 0x12, 0x38, 0x41,
    0x31, 0x98, 0xa0, 0x59, 0x9, 0x0, 0x17, 0x4c,
    0xca, 0xb0, 0x62, 0x80, 0x40, 0x50, 0xb, 0x3,
    0x0, 0x25, 0x99, 0x28, 0x2, 0xd, 0x43, 0xc3,
    0xc0, 0x22, 0x1, 0x0, 0xfd, 0x3, 0x0, 0x1f,
    0xe3, 0x0, 0xf8, 0x5d, 0x10, 0x0, 0xf0, 0xf0,
    0x8, 0xc0, 0xc0, 0x3e, 0x80, 0x90, 0x8, 0xc0,
    0xc0, 0x2f, 0xc, 0x0, 0xf1, 0x32, 0x90, 0x4,
    0x82, 0x86, 0x4, 0xc0, 0x80, 0x1e, 0x80, 0x80,
    0xe, 0xb0, 0xcb, 0xd0, 0x81, 0x0, 0xe3, 0x56,
    0x20, 0xe, 0x5a, 0x24, 0x29, 0x70,

    /* U+0026 "&" */
    0x0, 0xc3, 0x3d, 0xfa, 0xc0, 0x1f, 0xf6, 0x30,
    0x81, 0x4b, 0x80, 0x7f, 0x41, 0x5, 0xfb, 0x84,
    0x0, 0x7f, 0x28, 0x3a, 0x5, 0x0, 0x4, 0x3,
    0xf1, 0x87, 0x80, 0x18, 0x0, 0x20, 0x1f, 0x88,
    0x38, 0x6, 0x41, 0x80, 0x3f, 0xac, 0x1c, 0xf0,
    0x8e, 0x40, 0x3f, 0x98, 0x7, 0x9, 0x70, 0x3,
    0xfc, 0xa0, 0x13, 0xd0, 0x6, 0x4d, 0xd1, 0x0,
    0x1e, 0xc0, 0x24, 0x0, 0xee, 0x20, 0x20, 0x58,
    0x4, 0xa0, 0x3b, 0x0, 0x89, 0x42, 0x80, 0x10,
    0x3, 0x6b, 0x0, 0x96, 0x0, 0x80, 0x3, 0x80,
    0x90, 0x30, 0x1, 0xd8, 0x12, 0xd5, 0x41, 0x0,
    0x3, 0x0, 0x8, 0x5, 0x2c, 0x9, 0x40, 0x6e,
    0x0, 0x20, 0x3, 0x88, 0x5, 0x26, 0x1, 0x38,
    0x80, 0x4e, 0x3, 0xee, 0x8b, 0x66, 0x1, 0x27,
    0xc1, 0x4, 0x20, 0xc, 0x5d, 0x20, 0x1e, 0x30,
    0xb, 0xb0, 0x2, 0xe9, 0x4, 0x5, 0x2b, 0xe,
    0x75, 0x89, 0x0,

    /* U+0027 "'" */
    0xdf, 0xf0, 0x4, 0x20, 0x2e, 0x6, 0x40, 0x22,
    0x6, 0xe0, 0x25, 0x1e,

    /* U+0028 "(" */
    0x0, 0x8c, 0x80, 0x37, 0x69, 0x80, 0x14, 0x88,
    0x60, 0x8, 0x8, 0x0, 0x19, 0xa, 0x80, 0x28,
    0x10, 0x2, 0x70, 0xf0, 0x1, 0x8, 0x20, 0x1,
    0xc0, 0x44, 0x0, 0xc0, 0x50, 0x8, 0xc0, 0x80,
    0x21, 0x1, 0x0, 0x98, 0x3c, 0x3, 0xf8, 0x40,
    0x39, 0xc3, 0xc0, 0x21, 0x2, 0x0, 0xb4, 0x18,
    0x2, 0x30, 0x30, 0x9, 0x0, 0x4, 0x1, 0x20,
    0x28, 0x5, 0xc1, 0x60, 0x12, 0x81, 0x90, 0x4,
    0xc1, 0x60, 0x14, 0x3, 0x10, 0x0, 0x61, 0x8c,

    /* U+0029 ")" */
    0x4, 0x0, 0xd5, 0x6a, 0x1, 0x78, 0x40, 0x4,
    0xa4, 0x45, 0x0, 0xac, 0x38, 0x2, 0x70, 0x41,
    0x0, 0x9, 0x83, 0x0, 0x48, 0x18, 0x1, 0x68,
    0x28, 0x4, 0xe0, 0x22, 0x0, 0x10, 0x0, 0x80,
    0x39, 0xc0, 0x21, 0x1, 0x0, 0xe3, 0x0, 0x84,
    0xc, 0x3, 0x84, 0x0, 0x20, 0x6, 0x0, 0x28,
    0x0, 0x80, 0x6, 0x6, 0x1, 0x68, 0x28, 0x4,
    0xa1, 0xa0, 0x4, 0x1, 0x40, 0x7, 0x3, 0x0,
    0x5, 0x42, 0x80, 0x10, 0xc, 0x40, 0xd, 0x38,
    0x0, 0x80,

    /* U+002A "*" */
    0x0, 0xdf, 0x20, 0x1f, 0x8, 0x10, 0x6, 0x27,
    0x32, 0x7, 0x4, 0x60, 0x58, 0xcc, 0x1, 0xfd,
    0xc8, 0xbc, 0x90, 0x6, 0x5c, 0x10, 0x6f, 0x0,
    0x92, 0x8c, 0x2, 0x80, 0x41, 0x44, 0x0, 0x46,
    0xa5, 0x74, 0x12, 0x1, 0x1c, 0x60, 0x24, 0xc8,
    0x0,

    /* U+002B "+" */
    0x0, 0xe3, 0xdb, 0x0, 0xff, 0x89, 0x40, 0x3f,
    0xfc, 0x22, 0x39, 0xc0, 0x2, 0x38, 0x7, 0xbb,
    0x58, 0xf, 0x76, 0xc0, 0xf, 0xfe, 0x8, 0xff,
    0xec, 0x1, 0xff, 0xd8, 0x1, 0xff, 0xe8,

    /* U+002C "," */
    0x4, 0x96, 0x1, 0xb6, 0x96, 0x30, 0xb, 0x49,
    0x80, 0xe, 0x13, 0x80, 0xe0, 0xb, 0xc, 0x6,
    0x71, 0x68, 0x91, 0xd1, 0xc5, 0xc3, 0x0,

    /* U+002D "-" */
    0x11, 0xf0, 0x7f, 0x77, 0x38, 0x7, 0xc0,

    /* U+002E "." */
    0x0, 0xf4, 0xfd, 0x81, 0x30, 0x22, 0x80, 0x71,
    0x38, 0x22, 0x80,

    /* U+002F "/" */
    0x0, 0xf1, 0x7d, 0x80, 0x79, 0x43, 0x0, 0x3d,
    0x80, 0xa0, 0x1e, 0x41, 0x20, 0xe, 0x40, 0x40,
    0xf, 0x60, 0x78, 0x7, 0x94, 0x10, 0x3, 0x84,
    0x88, 0x20, 0x1c, 0x80, 0xa0, 0x1e, 0xf0, 0xc0,
    0xf, 0x20, 0x20, 0x7, 0x10, 0xa0, 0x7, 0x94,
    0x30, 0x3, 0xd8, 0x8, 0x1, 0xe4, 0x13, 0x0,
    0xe4, 0x4, 0x0, 0xf6, 0x6, 0x0, 0x79, 0x41,
    0x0, 0x38, 0x48, 0xa0, 0xe, 0x40, 0x40, 0xf,
    0x78, 0x60, 0x7, 0x90, 0x14, 0x3, 0x88, 0x4c,
    0x3, 0xca, 0x8, 0x1, 0xe2, 0x7a, 0x0, 0xf0,

    /* U+0030 "0" */
    0x0, 0x97, 0x3f, 0xac, 0xc0, 0x3a, 0xa8, 0x60,
    0x29, 0x8a, 0x1, 0x3a, 0x81, 0xd4, 0x88, 0x51,
    0x0, 0x20, 0xb, 0x15, 0xb0, 0x1, 0x60, 0xa0,
    0xb, 0x0, 0x89, 0x41, 0x83, 0x0, 0xe, 0x1,
    0xb0, 0x0, 0x64, 0x2, 0x20, 0xc, 0xa0, 0x5,
    0x60, 0x30, 0xe, 0x10, 0x0, 0x80, 0x7e, 0x30,
    0x7, 0x80, 0x7f, 0xf2, 0xc, 0x1, 0xec, 0x4,
    0x1, 0xcc, 0x0, 0x13, 0x0, 0x8, 0x6, 0x20,
    0x2, 0xe0, 0x1, 0xc0, 0x36, 0x80, 0xd, 0x4,
    0x2c, 0x2, 0x34, 0x6, 0x0, 0x40, 0x16, 0x2b,
    0x68, 0x2, 0xc0, 0xc, 0xc0, 0x3a, 0x91, 0xa,
    0x20, 0xa, 0x68, 0xc0, 0x53, 0x14, 0x0,

    /* U+0031 "1" */
    0x0, 0x9f, 0xbe, 0xc0, 0x31, 0x67, 0xc0, 0x80,
    0x78, 0x4c, 0x3, 0xf8, 0xf7, 0x58, 0x1, 0xf8,
    0x8a, 0x0, 0xff, 0xff, 0x80, 0x7f, 0xf7, 0x95,
    0x67, 0x0, 0x32, 0xac, 0x15, 0x54, 0x80, 0xa,
    0xaa, 0x20, 0xf, 0xf8,

    /* U+0032 "2" */
    0x0, 0x96, 0xfb, 0xf6, 0x44, 0x3, 0xd, 0xd2,
    0x8, 0x13, 0x79, 0x80, 0x5a, 0x80, 0xb3, 0x48,
    0x3, 0xa0, 0x14, 0x85, 0x51, 0x96, 0xd8, 0x5,
    0x40, 0xb, 0xea, 0x1, 0xa8, 0x1, 0xa0, 0x1f,
    0xc4, 0x0, 0x10, 0xf, 0xe2, 0x0, 0x70, 0x7,
    0xf5, 0x80, 0x10, 0x3, 0xf9, 0x80, 0x8c, 0x3,
    0xf4, 0x8, 0x40, 0x7, 0xe4, 0x70, 0x45, 0x0,
    0xf8, 0xa8, 0x6, 0x80, 0x3e, 0x1f, 0x10, 0xd1,
    0x0, 0xf0, 0xe1, 0x5, 0x18, 0x7, 0x87, 0x8,
    0x25, 0x40, 0x3c, 0x5e, 0x40, 0xa6, 0xce, 0xf8,
    0xc3, 0xc4, 0x0, 0xb5, 0x31, 0x19, 0x0, 0x80,
    0x3f, 0xe0,

    /* U+0033 "3" */
    0x0, 0x96, 0xfb, 0xfa, 0x90, 0x3, 0xd, 0xd2,
    0x8, 0xa, 0xdd, 0x0, 0x4e, 0x80, 0xb3, 0x4e,
    0x0, 0x55, 0x0, 0x1a, 0x72, 0x99, 0x62, 0x80,
    0x1e, 0x1, 0x31, 0x80, 0x64, 0x0, 0x8, 0x7,
    0xf3, 0x80, 0x30, 0x3, 0xc2, 0x71, 0x20, 0x6e,
    0x1, 0xd7, 0xd8, 0xe0, 0xf8, 0x1, 0xff, 0x11,
    0x0, 0x3d, 0x59, 0x4c, 0xb, 0x86, 0x1, 0xc2,
    0x6b, 0x38, 0x3, 0xc0, 0x1f, 0xc6, 0xa0, 0x46,
    0x1, 0xfd, 0xa0, 0x7, 0x0, 0x8, 0x7, 0xb4,
    0x0, 0xe1, 0x5e, 0x60, 0x18, 0xd4, 0x0, 0x62,
    0xa3, 0x96, 0xed, 0x38, 0x0, 0x80, 0x1c, 0x10,
    0x48, 0x96, 0x0, 0x33, 0x80, 0xf, 0xa4, 0xc0,
    0x2, 0xb7, 0x20, 0x0,

    /* U+0034 "4" */
    0x0, 0xfb, 0x3f, 0xd6, 0x1, 0xf9, 0xcc, 0x3,
    0xfc, 0x30, 0x1, 0xff, 0x50, 0x19, 0x80, 0x3f,
    0x2a, 0x4, 0x8, 0x7, 0xc3, 0x60, 0x88, 0x0,
    0xfd, 0x2, 0x14, 0x1, 0xf8, 0xd8, 0x24, 0x40,
    0x3f, 0x70, 0x1b, 0x0, 0x7e, 0x82, 0xe, 0x0,
    0xfc, 0x4e, 0xa, 0x26, 0x71, 0x2, 0x19, 0xa8,
    0x0, 0xb9, 0x98, 0x2, 0xcc, 0x0, 0x7f, 0xf0,
    0x63, 0xff, 0xe2, 0x4, 0xff, 0x0, 0x7f, 0xfa,
    0x0,

    /* U+0035 "5" */
    0x0, 0x3f, 0xff, 0xe8, 0x0, 0xbc, 0x3, 0xff,
    0x80, 0x20, 0x9, 0x9f, 0x58, 0x4, 0x60, 0x2c,
    0xde, 0x30, 0x8, 0x40, 0x80, 0x3f, 0xce, 0xc,
    0x1, 0xfe, 0x10, 0x7d, 0xff, 0x74, 0x0, 0x71,
    0x81, 0x10, 0x0, 0x2f, 0xa2, 0x1, 0x41, 0x4e,
    0xfd, 0x90, 0x15, 0x80, 0x4d, 0xac, 0x40, 0x98,
    0x0, 0x51, 0x0, 0xfc, 0x2c, 0x0, 0x50, 0xf,
    0xee, 0x0, 0x8, 0x7, 0xff, 0x0, 0x40, 0x3f,
    0xb0, 0x0, 0xc1, 0x38, 0x40, 0x19, 0x50, 0xc,
    0x88, 0xc7, 0xb4, 0xcc, 0xaa, 0x0, 0x3c, 0xa,
    0xc4, 0x16, 0x64, 0xa0, 0xa, 0x30, 0x2, 0x74,
    0x98, 0x81, 0x36, 0xa8, 0x0,

    /* U+0036 "6" */
    0x0, 0xcf, 0x9f, 0xec, 0x60, 0xc, 0x5b, 0x6,
    0x0, 0x39, 0xc1, 0x0, 0x79, 0x2, 0x4d, 0x30,
    0x38, 0x84, 0x10, 0x45, 0xb2, 0xce, 0xd8, 0x1,
    0x80, 0xdc, 0x3, 0x10, 0x1, 0x4, 0x24, 0x3,
    0xf1, 0x80, 0x11, 0x19, 0xfd, 0x44, 0x0, 0xd0,
    0x19, 0xb3, 0x1, 0x5d, 0x40, 0x10, 0x17, 0x5c,
    0xe9, 0x0, 0x50, 0x6, 0x7a, 0x31, 0x69, 0x1,
    0x51, 0x0, 0x40, 0x6, 0x70, 0x6, 0x98, 0x7,
    0xc2, 0x0, 0x2f, 0x0, 0x10, 0x7, 0xc6, 0x80,
    0x5, 0x0, 0xc4, 0x0, 0xe2, 0x40, 0x91, 0x0,
    0xac, 0x0, 0xa1, 0x20, 0x38, 0xc7, 0x2c, 0xa,
    0x40, 0x54, 0x5, 0x38, 0xc0, 0x74, 0x1, 0x2e,
    0xa8, 0x81, 0x46, 0x0, 0x0,

    /* U+0037 "7" */
    0xcf, 0xff, 0xf4, 0x0, 0x7f, 0xf0, 0x26, 0x7f,
    0x10, 0xc, 0xab, 0x37, 0x94, 0x82, 0x84, 0x3,
    0xee, 0x5, 0x40, 0xf, 0x98, 0x82, 0xc0, 0x3f,
    0x40, 0x30, 0x80, 0x7c, 0xa2, 0x16, 0x1, 0xfb,
    0x80, 0xc8, 0x3, 0xe1, 0x40, 0xb0, 0xf, 0xc8,
    0x0, 0x30, 0xf, 0xda, 0x0, 0x50, 0xf, 0xc8,
    0x2, 0x20, 0xf, 0xc6, 0x4, 0x1, 0xf8, 0x40,
    0xc, 0x1, 0xf8, 0x80, 0x6, 0x1, 0xf9, 0xc0,
    0x2, 0x1, 0xf8, 0x40, 0x1e, 0x1, 0xc0,

    /* U+0038 "8" */
    0x0, 0x9f, 0x3f, 0xd8, 0xc0, 0x18, 0x76, 0xc,
    0x0, 0x73, 0x60, 0x14, 0x10, 0x3e, 0xe9, 0x81,
    0x18, 0x0, 0xc0, 0xb0, 0x44, 0x93, 0xa, 0x1,
    0x0, 0x60, 0x6, 0xb0, 0x20, 0x10, 0x7, 0x0,
    0x78, 0x80, 0xc, 0xc, 0x20, 0x16, 0x5, 0x0,
    0x24, 0x87, 0xd4, 0xd, 0xd, 0x80, 0x2c, 0x11,
    0x56, 0xe8, 0xb0, 0x2, 0x1d, 0x15, 0x22, 0x9,
    0x40, 0x5, 0x86, 0xf5, 0xb6, 0x40, 0xf2, 0xe,
    0x43, 0x0, 0x4, 0xd4, 0x6, 0x3b, 0x7, 0x0,
    0xe9, 0x0, 0x20, 0x80, 0x7c, 0x60, 0xf, 0x60,
    0x71, 0x0, 0xce, 0x0, 0xef, 0x1, 0xc5, 0x12,
    0x79, 0x1, 0x64, 0x90, 0x2a, 0xed, 0x80, 0x1d,
    0x0, 0x36, 0xb1, 0x0, 0x9, 0xfc, 0xc0,

    /* U+0039 "9" */
    0x0, 0x15, 0x77, 0xec, 0x8, 0x6, 0x5d, 0x51,
    0x2, 0x7f, 0x20, 0x1, 0x50, 0xc, 0xdc, 0x0,
    0xf8, 0x2, 0xc0, 0x18, 0xc8, 0xf6, 0x4, 0xe0,
    0x80, 0x84, 0x1, 0x21, 0x85, 0x1, 0x1, 0x0,
    0x75, 0x81, 0x8, 0x80, 0xc0, 0x38, 0xc0, 0xa,
    0xa0, 0x51, 0x0, 0xd0, 0x0, 0x1e, 0x0, 0x69,
    0x8a, 0x61, 0x80, 0xd, 0x54, 0x7, 0x9d, 0x67,
    0x0, 0x3, 0xa, 0x93, 0x0, 0x2e, 0x98, 0x0,
    0x40, 0xd, 0x9f, 0xea, 0x22, 0x0, 0x18, 0x3,
    0xf6, 0x80, 0x90, 0x7, 0xc2, 0x80, 0xe0, 0x5,
    0x30, 0xd, 0x40, 0xa, 0x3, 0xac, 0x96, 0x7d,
    0x40, 0x63, 0x0, 0x8, 0x34, 0xc1, 0x2, 0xc8,
    0x0, 0xfd, 0xc8, 0x5, 0x2a, 0x80, 0x10,

    /* U+003A ":" */
    0x8, 0xfa, 0x2, 0x70, 0x55, 0x0, 0x71, 0x30,
    0x22, 0x84, 0xfd, 0x80, 0x7f, 0xf3, 0xe7, 0xec,
    0x9, 0x81, 0x14, 0x3, 0x89, 0xc1, 0x14,

    /* U+003B ";" */
    0x8, 0xfa, 0x2, 0x70, 0x55, 0x0, 0x71, 0x30,
    0x22, 0x84, 0xfd, 0x80, 0x7f, 0xf3, 0xd2, 0x58,
    0x6, 0xda, 0x58, 0xc0, 0x2d, 0x26, 0x0, 0x38,
    0x4e, 0x3, 0x80, 0x2c, 0x30, 0x19, 0xc5, 0xa2,
    0x47, 0x47, 0x17, 0xc, 0x0,

    /* U+003C "<" */
    0x0, 0xff, 0xe5, 0x9c, 0xd8, 0x7, 0xe6, 0xcc,
    0x33, 0x80, 0x71, 0xcf, 0xc9, 0x81, 0xc8, 0x4,
    0xd9, 0x86, 0x2, 0x7d, 0xc5, 0x9, 0xf9, 0x30,
    0x5b, 0xd8, 0x20, 0x0, 0xb0, 0x2, 0x7e, 0x90,
    0x3, 0xfa, 0x20, 0x40, 0x1e, 0x1e, 0x82, 0x17,
    0xdc, 0x61, 0x0, 0xc2, 0xfb, 0x6a, 0x7, 0x3d,
    0x48, 0x1, 0xc9, 0x5d, 0x4, 0xb, 0x76, 0x0,
    0xf0, 0xbe, 0xda, 0x83, 0x80, 0x7f, 0x25, 0x74,
    0x80,

    /* U+003D "=" */
    0x1f, 0xff, 0xfb, 0x0, 0x3f, 0xf8, 0x23, 0xdd,
    0xff, 0x60, 0x8, 0xff, 0xc0, 0x1f, 0xfc, 0xf1,
    0xff, 0xff, 0xb0, 0x3, 0xff, 0x82, 0x3d, 0xdf,
    0xf6, 0x80,

    /* U+003E ">" */
    0x0, 0xff, 0xe0, 0x8f, 0x38, 0x80, 0x7f, 0x86,
    0x3a, 0x90, 0x3, 0xe1, 0x72, 0x5, 0xbd, 0x71,
    0x0, 0xe8, 0xdb, 0x60, 0x28, 0xea, 0x40, 0xe,
    0x49, 0xfa, 0x30, 0x5b, 0xd6, 0x0, 0xf2, 0xe6,
    0xb0, 0x15, 0x0, 0x7c, 0x90, 0xc0, 0x7, 0x0,
    0xc5, 0x1d, 0x6a, 0x9, 0x56, 0x2, 0xd9, 0xae,
    0x22, 0x7d, 0xb5, 0x1, 0xe9, 0x30, 0x4a, 0xe8,
    0x20, 0xe, 0x17, 0xdb, 0x50, 0xf, 0xd, 0x74,
    0x10, 0x7, 0xe0,

    /* U+003F "?" */
    0x0, 0x3e, 0xff, 0xb1, 0x80, 0x5, 0xb0, 0x40,
    0x3, 0x9a, 0x8, 0x21, 0x7a, 0x70, 0x2, 0x9d,
    0x47, 0xc2, 0xc4, 0x80, 0x10, 0x1c, 0x40, 0x24,
    0x0, 0x78, 0x7, 0x90, 0x1, 0x80, 0x1c, 0x50,
    0x8, 0x80, 0xe, 0xf1, 0x15, 0x0, 0x75, 0x10,
    0x60, 0x80, 0x64, 0x50, 0x92, 0x0, 0xee, 0x2,
    0x60, 0xf, 0x30, 0x30, 0x7, 0xd9, 0xd6, 0x1,
    0xf8, 0x40, 0x3f, 0x57, 0xd8, 0x7, 0x8d, 0x41,
    0x10, 0x1, 0xff, 0xc3, 0x36, 0x5, 0x40, 0x8,

    /* U+0040 "@" */
    0x0, 0xf8, 0x5a, 0xf7, 0xfd, 0xb4, 0xa0, 0x1f,
    0xe1, 0x9e, 0x94, 0x22, 0x9, 0x2d, 0x69, 0x80,
    0x7c, 0x7e, 0xc2, 0xfb, 0xfb, 0xdf, 0x68, 0x58,
    0xa0, 0x1c, 0x78, 0x2b, 0xf0, 0x40, 0x19, 0x2e,
    0x42, 0x88, 0x2, 0x1d, 0x8, 0xa1, 0x0, 0xfc,
    0xd2, 0x1c, 0x1, 0x50, 0xb3, 0x80, 0x7f, 0xcc,
    0x66, 0x40, 0x44, 0xc, 0x80, 0x43, 0x3b, 0xa6,
    0x8f, 0x30, 0x4, 0x86, 0x87, 0x84, 0x0, 0x45,
    0xec, 0x44, 0x96, 0x2, 0x0, 0x20, 0x28, 0x20,
    0x30, 0x5, 0xe2, 0x9b, 0xc8, 0x23, 0x0, 0x4,
    0x9, 0x41, 0x40, 0x27, 0x22, 0x59, 0xf, 0x2,
    0x80, 0x61, 0x11, 0x6, 0x80, 0x54, 0x16, 0x1,
    0x68, 0x18, 0x7, 0xf, 0x1, 0x0, 0x4, 0x81,
    0xc0, 0x23, 0xd, 0x0, 0x84, 0x44, 0x60, 0x20,
    0x2, 0x0, 0x8, 0x4, 0xa0, 0xe0, 0x13, 0x82,
    0x18, 0x8, 0x0, 0x40, 0x2, 0x0, 0x31, 0x3,
    0x0, 0xac, 0x28, 0x40, 0x80, 0x4, 0x0, 0xb2,
    0x5d, 0x0, 0x38, 0xd, 0x93, 0x16, 0x86, 0x0,
    0x50, 0xb, 0xb4, 0x72, 0x13, 0xdc, 0x44, 0x48,
    0x20, 0x20, 0x80, 0x1d, 0xc2, 0x26, 0xd6, 0x81,
    0x11, 0xcd, 0x80, 0x5, 0x42, 0x0, 0x28, 0xee,
    0x48, 0x1, 0xfb, 0xf1, 0x80, 0x34, 0x3, 0x28,
    0x7, 0xff, 0x14, 0xa4, 0x29, 0xc0, 0x3f, 0xf8,
    0xad, 0x1, 0x1a, 0xe6, 0x20, 0x2b, 0x5a, 0x1,
    0xfc, 0xf6, 0x44, 0x8c, 0xef, 0xea, 0x50, 0x10,
    0xf, 0xe4, 0xdb, 0x74, 0x22, 0x1b, 0x5e, 0x88,
    0x7, 0x0,

    /* U+0041 "A" */
    0x0, 0xe4, 0xff, 0x8c, 0x3, 0xfd, 0xc0, 0x15,
    0x0, 0x7f, 0x90, 0xc, 0x1c, 0x3, 0xf9, 0x4,
    0x20, 0x4, 0xc0, 0x3f, 0x68, 0x1a, 0x8, 0x58,
    0x7, 0xe7, 0x4, 0x4, 0x5, 0x0, 0xf9, 0x4,
    0x2c, 0x3c, 0x8, 0x80, 0x1e, 0xd0, 0x13, 0x4,
    0x0, 0x50, 0x7, 0x9c, 0x10, 0x0, 0x26, 0xa,
    0x1, 0xc6, 0x21, 0xe0, 0x12, 0x1, 0x10, 0x3,
    0x58, 0x4, 0x89, 0x78, 0x1, 0x40, 0x33, 0x0,
    0x2a, 0xee, 0x80, 0x5, 0x80, 0x46, 0x20, 0x1f,
    0xc6, 0x40, 0xb, 0x0, 0x6f, 0xff, 0x50, 0x1,
    0x40, 0xa, 0x2, 0x40, 0x1c, 0x80, 0xb, 0x3,
    0x20, 0x70, 0xf, 0x9, 0x81, 0x8d, 0x80, 0x34,
    0x3, 0xeb, 0x0, 0x3a, 0x80, 0x10, 0x3, 0xe5,
    0x0, 0x50,

    /* U+0042 "B" */
    0xaf, 0xff, 0x75, 0xb0, 0x7, 0xf8, 0x52, 0x74,
    0x40, 0x35, 0x5d, 0xaa, 0x4, 0xa, 0xc0, 0x32,
    0x24, 0xaf, 0xe0, 0x5, 0x0, 0xfe, 0x13, 0x0,
    0xff, 0xe0, 0x10, 0x18, 0x7, 0xe4, 0xc1, 0xf,
    0x0, 0xdd, 0xff, 0x59, 0x95, 0x98, 0x7, 0xf8,
    0xb8, 0x40, 0x35, 0xe6, 0x54, 0xa0, 0xbe, 0x20,
    0x12, 0x99, 0xcb, 0x54, 0x1, 0x80, 0xf, 0xe5,
    0x20, 0x40, 0xf, 0xf0, 0x81, 0x0, 0x7f, 0x88,
    0x8, 0x3, 0xf9, 0xc4, 0x10, 0x2, 0x44, 0x95,
    0xf2, 0x0, 0x16, 0x1, 0x55, 0xda, 0xa0, 0xc0,
    0x70, 0x80, 0x3e, 0x14, 0x8e, 0x30,

    /* U+0043 "C" */
    0x0, 0xe7, 0xce, 0xfd, 0x92, 0x0, 0xe5, 0xe8,
    0x31, 0x2, 0x6d, 0x70, 0x9, 0xa8, 0x40, 0x55,
    0xd4, 0x1, 0x4, 0x5, 0x20, 0x7, 0xea, 0x8a,
    0xd3, 0xa2, 0x8, 0x0, 0x3c, 0x0, 0x62, 0xc5,
    0x1, 0x50, 0x18, 0x0, 0xfe, 0x40, 0x3, 0x80,
    0x7f, 0xb4, 0x1, 0x80, 0x1f, 0xe1, 0x0, 0x8,
    0x7, 0xff, 0x30, 0x40, 0x2, 0x1, 0xfe, 0xe0,
    0x6, 0x0, 0x7f, 0x90, 0x0, 0xe0, 0x1f, 0xe2,
    0x40, 0x17, 0x0, 0xf8, 0x40, 0x10, 0x0, 0x87,
    0x0, 0xc3, 0x7e, 0x20, 0x70, 0x0, 0x8e, 0xa8,
    0xbe, 0x41, 0x60, 0x3, 0xc8, 0x0, 0x55, 0xd0,
    0x0, 0xee, 0x0, 0x9b, 0x9c, 0xc4, 0x9, 0xb2,
    0x0,

    /* U+0044 "D" */
    0xaf, 0xfe, 0xeb, 0x60, 0xf, 0xf8, 0x52, 0x79,
    0x0, 0x3d, 0x35, 0xc, 0x20, 0x36, 0xa0, 0x1c,
    0xea, 0xf3, 0xce, 0x0, 0xa2, 0x0, 0xfe, 0x86,
    0x0, 0x58, 0x7, 0xfa, 0x0, 0xe, 0x1, 0xfe,
    0x14, 0x1, 0x30, 0xf, 0xf1, 0x0, 0x1c, 0x3,
    0xfd, 0xc0, 0x2, 0x0, 0xff, 0x78, 0x7, 0xff,
    0x4, 0x40, 0x4, 0x1, 0xfe, 0x50, 0x3, 0x0,
    0x7f, 0x9, 0x80, 0x90, 0x7, 0xf5, 0x80, 0x1c,
    0x3, 0xfa, 0x54, 0x6, 0x0, 0x33, 0xab, 0xcf,
    0x30, 0x2, 0xc4, 0x3, 0x4d, 0x43, 0x8, 0xd,
    0xa8, 0x7, 0xe1, 0x49, 0xe4, 0x0, 0x80,

    /* U+0045 "E" */
    0xaf, 0xff, 0xec, 0x0, 0xff, 0xe2, 0x44, 0xcf,
    0xc0, 0x19, 0x9b, 0xe5, 0x0, 0xff, 0xee, 0x77,
    0xff, 0x48, 0x7, 0xff, 0x16, 0x23, 0xda, 0x1,
    0xcc, 0xef, 0xc8, 0x1, 0xff, 0xe9, 0x97, 0x7f,
    0x80, 0x33, 0xc4, 0x7c, 0x1, 0xff, 0xc1,

    /* U+0046 "F" */
    0xaf, 0xff, 0xec, 0x0, 0xff, 0xe1, 0x44, 0xcf,
    0xc0, 0x13, 0x37, 0xca, 0x1, 0xff, 0xd8, 0x66,
    0xf2, 0x0, 0x68, 0x99, 0xee, 0x0, 0xff, 0xe1,
    0xf7, 0xff, 0x50, 0x7, 0xff, 0xfc, 0x2,

    /* U+0047 "G" */
    0x0, 0xe6, 0xbe, 0xfe, 0xb6, 0x0, 0xf2, 0x74,
    0xa0, 0x80, 0xa4, 0xe0, 0x80, 0x4b, 0x62, 0x0,
    0x57, 0x62, 0x3, 0x80, 0x1, 0x50, 0x1, 0xbe,
    0xa2, 0x76, 0x96, 0x40, 0x10, 0x0, 0x69, 0x0,
    0xe5, 0xa0, 0x0, 0xa8, 0xc, 0x80, 0x7f, 0x90,
    0x0, 0xe0, 0x1f, 0xf6, 0x80, 0x30, 0x3, 0xfe,
    0x10, 0x0, 0x80, 0x6e, 0xff, 0xe2, 0x30, 0xf,
    0xfe, 0x11, 0x80, 0x4, 0x3, 0x5c, 0xc9, 0x40,
    0x2f, 0x0, 0x60, 0x6, 0x56, 0x66, 0x0, 0x48,
    0x0, 0x70, 0xf, 0xf8, 0x8c, 0x6, 0x0, 0x3f,
    0xee, 0x0, 0x3c, 0x0, 0x77, 0x0, 0x62, 0x90,
    0x3, 0xfd, 0xcc, 0xb5, 0xc0, 0x6, 0x0, 0x6b,
    0x10, 0x2, 0x33, 0x8, 0x1, 0x42, 0x1, 0x27,
    0xc1, 0x88, 0x9, 0xc7, 0x28, 0x0,

    /* U+0048 "H" */
    0xaf, 0xf0, 0x80, 0x79, 0x7f, 0xce, 0x1, 0xff,
    0xff, 0x0, 0xff, 0xe0, 0x77, 0xff, 0xa8, 0x3,
    0xff, 0x90, 0xce, 0xfe, 0x50, 0xf, 0x44, 0x7d,
    0xe0, 0x1f, 0xff, 0xf0, 0xf, 0xfe, 0x70,

    /* U+0049 "I" */
    0xaf, 0xf0, 0x80, 0x7f, 0xfe, 0x0,

    /* U+004A "J" */
    0x0, 0xfd, 0xbf, 0xe0, 0xf, 0xff, 0xf8, 0x7,
    0xff, 0xbc, 0xc0, 0x38, 0x80, 0x82, 0x71, 0x80,
    0x27, 0x0, 0x20, 0x20, 0x4e, 0x4d, 0xc0, 0x2,
    0x83, 0x84, 0xd, 0x90, 0x0, 0xe6, 0x7, 0xee,
    0x40, 0x27, 0x50, 0x0,

    /* U+004B "K" */
    0xaf, 0xf0, 0x80, 0x74, 0x7f, 0xa8, 0x3, 0xf9,
    0x1c, 0xe, 0x80, 0x3f, 0x15, 0x80, 0xf0, 0x7,
    0xf7, 0x80, 0x28, 0x80, 0x3f, 0x51, 0x4, 0x20,
    0x7, 0xe7, 0x50, 0x57, 0x0, 0xfc, 0x70, 0x5,
    0x40, 0x1f, 0x8b, 0x40, 0x3f, 0xf8, 0x1c, 0x20,
    0x2, 0x60, 0xf, 0xc4, 0xa, 0x21, 0x2, 0x1,
    0xf8, 0xea, 0x0, 0x60, 0x3, 0xe1, 0xd0, 0x62,
    0x6, 0x20, 0xf, 0x68, 0x80, 0x24, 0x1, 0x20,
    0x1e, 0x20, 0x9, 0x10, 0x8, 0x80, 0xf, 0xf4,
    0x80, 0x24, 0x3, 0xfc, 0x4c, 0x4, 0xe0, 0x1f,
    0xe8, 0x0, 0x40, 0x80, 0x7f, 0xc, 0x0, 0x20,

    /* U+004C "L" */
    0xaf, 0xf0, 0x80, 0x7f, 0xff, 0xc0, 0x3f, 0xff,
    0xe0, 0x1f, 0xfc, 0x29, 0x77, 0xf2, 0x0, 0x4f,
    0x11, 0xed, 0x0, 0xff, 0x80,

    /* U+004D "M" */
    0xaf, 0xf5, 0x80, 0x7e, 0xcf, 0xf4, 0x80, 0x48,
    0x20, 0x1e, 0x23, 0x0, 0xf9, 0xc0, 0x3c, 0xa0,
    0x1e, 0x10, 0xa0, 0xf, 0x50, 0x8, 0x6, 0x40,
    0x32, 0x0, 0xc6, 0x42, 0xa0, 0x1c, 0x60, 0xa0,
    0x1a, 0xc1, 0xdc, 0x1, 0x86, 0x82, 0x80, 0x33,
    0x6, 0x88, 0x6, 0x77, 0x1, 0x18, 0x0, 0xc4,
    0x48, 0x60, 0x18, 0x44, 0x81, 0x60, 0xa, 0x7,
    0x1, 0x0, 0xf6, 0x83, 0x0, 0x1c, 0x28, 0x3,
    0xf3, 0x0, 0x99, 0x84, 0x8c, 0x3, 0xf9, 0x42,
    0xec, 0xa, 0x1, 0xfe, 0xe0, 0x55, 0x5, 0x0,
    0x7f, 0x90, 0x48, 0x86, 0x40, 0x1f, 0xf3, 0x80,
    0x28, 0x3, 0xff, 0x81, 0x40, 0x7, 0x0, 0xff,
    0xe0, 0x1d, 0xe0, 0x80, 0x7f, 0xf0, 0x50, 0xc0,
    0x3e,

    /* U+004E "N" */
    0xaf, 0xf3, 0x80, 0x79, 0xbf, 0xc8, 0x1, 0x40,
    0x80, 0x7f, 0xf0, 0x60, 0x3, 0xfe, 0x10, 0x62,
    0x0, 0xff, 0x29, 0x4, 0x0, 0x7f, 0x9e, 0x1,
    0x4c, 0x3, 0xf8, 0x54, 0x83, 0xc0, 0x3f, 0x8c,
    0x20, 0xd, 0x40, 0x3f, 0xca, 0x61, 0x0, 0x3,
    0x0, 0xe1, 0x0, 0x40, 0x13, 0x80, 0x7f, 0x91,
    0x1, 0x22, 0x20, 0xf, 0xe9, 0x1, 0x67, 0x0,
    0xfe, 0x26, 0x9, 0x0, 0xff, 0xa0, 0x6, 0xc0,
    0x3f, 0xc3, 0x0, 0xc0, 0x1f, 0xf3, 0x88, 0x80,
    0x3f, 0xf8, 0x10, 0x1, 0xff, 0xc1, 0x62, 0x0,
    0x80,

    /* U+004F "O" */
    0x0, 0xc5, 0x3b, 0xfe, 0xd9, 0x30, 0xf, 0x9f,
    0x58, 0x80, 0x4, 0xd9, 0x0, 0x1d, 0x10, 0x0,
    0x13, 0x30, 0xc0, 0xf, 0x40, 0x12, 0x38, 0x2,
    0xb6, 0x65, 0x96, 0x0, 0x55, 0x0, 0x20, 0x1,
    0x2a, 0x1, 0x92, 0xc0, 0x16, 0x4, 0x60, 0x4c,
    0x1, 0xe4, 0x40, 0x9, 0xa0, 0x1, 0x40, 0x3f,
    0x68, 0x2, 0xf8, 0x1, 0xa0, 0x1f, 0x94, 0x0,
    0x22, 0x0, 0x8, 0x7, 0xe1, 0x0, 0x10, 0x7,
    0xff, 0x10, 0x40, 0x2, 0x1, 0xf8, 0x40, 0x5,
    0xc0, 0xc, 0x0, 0xfc, 0x80, 0xe, 0x70, 0x2,
    0x0, 0x7e, 0xb0, 0x2, 0x89, 0x81, 0x38, 0x7,
    0x94, 0xc0, 0x88, 0x1e, 0x0, 0x86, 0x0, 0xc9,
    0x40, 0x9, 0x0, 0x1c, 0x0, 0x27, 0x66, 0x59,
    0x60, 0x6, 0x40, 0x9, 0xe4, 0x0, 0x4c, 0xc3,
    0x0, 0x3c, 0x80, 0x73, 0x6b, 0x10, 0x0, 0x9b,
    0x20, 0x2,

    /* U+0050 "P" */
    0xaf, 0xff, 0x6d, 0x28, 0x7, 0xf8, 0x96, 0xb0,
    0x40, 0x34, 0xd5, 0x25, 0x84, 0xe, 0x80, 0x33,
    0xaa, 0x9a, 0x78, 0x81, 0x8, 0x3, 0xfa, 0xc0,
    0xe, 0x1, 0xfc, 0x60, 0x3, 0x0, 0xfe, 0x20,
    0x1, 0x80, 0x7e, 0x19, 0x0, 0x20, 0x4, 0xea,
    0xa6, 0x9e, 0x10, 0x71, 0x0, 0xa6, 0xa9, 0x2c,
    0x0, 0x68, 0x0, 0xfc, 0x4d, 0x92, 0x1, 0xdd,
    0xff, 0x6c, 0x98, 0x7, 0xff, 0xfc, 0x3, 0xc0,

    /* U+0051 "Q" */
    0x0, 0xc5, 0x3b, 0xfe, 0xd9, 0x30, 0xf, 0xcf,
    0xac, 0x40, 0x2, 0x6c, 0x80, 0xf, 0x44, 0x0,
    0x4, 0xcc, 0x30, 0x3, 0xd0, 0x6, 0x47, 0x0,
    0x56, 0xcc, 0xb2, 0xc0, 0xa, 0xa0, 0xa, 0x0,
    0x12, 0xa0, 0x19, 0x2c, 0x1, 0x60, 0x2, 0x30,
    0x26, 0x0, 0xf2, 0x20, 0x4, 0xc1, 0x0, 0xa,
    0x1, 0xfb, 0x40, 0x16, 0x1c, 0x0, 0xd0, 0xf,
    0xca, 0x0, 0x10, 0x10, 0x0, 0x80, 0x7e, 0x10,
    0x1, 0x0, 0x7f, 0xf1, 0x84, 0x0, 0x20, 0x1f,
    0x84, 0x0, 0x41, 0xc0, 0xd, 0x0, 0xfc, 0xa0,
    0xe, 0x7, 0x0, 0x28, 0x7, 0xed, 0x0, 0x28,
    0x9, 0x81, 0x28, 0x7, 0x91, 0x0, 0x44, 0x0,
    0x78, 0x2, 0x90, 0x3, 0x1d, 0x0, 0x24, 0x2,
    0x38, 0x0, 0x5d, 0x9d, 0xd5, 0x82, 0xc, 0x80,
    0x19, 0xe4, 0x0, 0x91, 0x5, 0x0, 0x3c, 0x80,
    0x79, 0xb5, 0x80, 0x33, 0x64, 0x0, 0x7e, 0x29,
    0xf1, 0x0, 0x51, 0x80, 0x7f, 0xf0, 0x28, 0x1,
    0x90, 0x40, 0x2, 0x0, 0xfc, 0x92, 0x0, 0x7d,
    0xff, 0x68, 0x7, 0xf3, 0x62, 0x0, 0x71, 0x80,
    0x7f, 0x1d, 0xf5, 0xd5, 0xe9, 0x80,

    /* U+0052 "R" */
    0xaf, 0xff, 0x75, 0xb0, 0x7, 0xfc, 0x29, 0x3c,
    0x40, 0x1d, 0x35, 0x49, 0x72, 0x1, 0xf0, 0xe,
    0x75, 0x53, 0x46, 0xa0, 0x12, 0x0, 0x7f, 0xb8,
    0x0, 0x40, 0x1f, 0xfc, 0xcf, 0x0, 0x10, 0x7,
    0xc2, 0x74, 0xa0, 0x48, 0x1, 0xbb, 0xfd, 0xd8,
    0xa0, 0xe, 0x0, 0xff, 0x97, 0x4c, 0x3, 0xa6,
    0xa8, 0x1, 0x59, 0x0, 0x79, 0xd5, 0x52, 0x0,
    0x80, 0xf, 0xf3, 0x10, 0x31, 0x0, 0x7f, 0xa0,
    0x1, 0x0, 0x1f, 0xe5, 0x20, 0x53, 0x0, 0xff,
    0x40, 0x3, 0xc0, 0x3f, 0xca, 0x60, 0x68, 0x1,
    0xfe, 0x80, 0x4, 0x80,

    /* U+0053 "S" */
    0x0, 0x92, 0xbb, 0xfa, 0xd8, 0x3, 0xa6, 0xd4,
    0x40, 0x52, 0x74, 0xc0, 0xe, 0xc0, 0x4, 0x76,
    0x20, 0x2f, 0x0, 0x48, 0x3, 0x2e, 0x27, 0x6c,
    0xb4, 0x4, 0x40, 0x66, 0x0, 0xc9, 0xa2, 0x2,
    0x0, 0x20, 0xf, 0xf1, 0x80, 0xe1, 0x0, 0x7e,
    0xe0, 0x1, 0xed, 0xa0, 0x7, 0x8b, 0x50, 0x0,
    0x97, 0xac, 0x1, 0xc5, 0x76, 0x40, 0x1, 0x4e,
    0x90, 0x7, 0x25, 0xf3, 0x80, 0xb, 0xc0, 0x3e,
    0x18, 0xe2, 0x2, 0x50, 0xf, 0xc3, 0x0, 0xd,
    0x4, 0x10, 0xf, 0xf1, 0xde, 0x20, 0x6, 0x18,
    0x0, 0x65, 0x1, 0x5f, 0x54, 0x57, 0x10, 0x1a,
    0x4c, 0x0, 0x5, 0x5d, 0x40, 0x7, 0xa0, 0x7,
    0xe8, 0x31, 0x1, 0x4a, 0xc1, 0x0,

    /* U+0054 "T" */
    0x4f, 0xff, 0xfe, 0x7, 0x0, 0x7f, 0xf0, 0x96,
    0x67, 0x40, 0x0, 0xa6, 0x74, 0xb, 0x37, 0x0,
    0x19, 0xbc, 0x1, 0xff, 0xff, 0x0, 0xff, 0xff,
    0x80, 0x7f, 0xf8, 0x80,

    /* U+0055 "U" */
    0xcf, 0xf0, 0x7, 0xcb, 0xfe, 0x50, 0xf, 0xff,
    0xf8, 0x7, 0xff, 0x9d, 0xc0, 0x3f, 0xf8, 0x22,
    0x0, 0x10, 0xf, 0x18, 0x0, 0x4c, 0x0, 0xa0,
    0x1e, 0xf0, 0x3, 0x60, 0x3, 0x40, 0x3c, 0xe0,
    0x24, 0xa0, 0x6, 0x50, 0xd, 0x42, 0xe, 0x0,
    0x80, 0x5, 0x64, 0xcb, 0x94, 0x1, 0x0, 0x7,
    0x60, 0x1, 0xb3, 0x4, 0x1, 0x62, 0x1, 0x4d,
    0xa8, 0x80, 0x9, 0xf9, 0x0, 0x0,

    /* U+0056 "V" */
    0xe, 0xff, 0x0, 0x7e, 0xaf, 0xf1, 0x3, 0x80,
    0x14, 0x3, 0xe4, 0x2, 0x20, 0x68, 0x3, 0x0,
    0x3c, 0x62, 0xa, 0x0, 0x40, 0x3, 0x80, 0x7a,
    0xc0, 0x16, 0x1, 0x28, 0x9, 0x0, 0x72, 0x0,
    0x98, 0x5, 0xe0, 0x5, 0x0, 0xc2, 0x60, 0x80,
    0x19, 0x0, 0x18, 0x1, 0x90, 0x1, 0xe0, 0x18,
    0x50, 0x10, 0x3, 0x60, 0x1, 0x40, 0x3b, 0x40,
    0x8, 0x1, 0x38, 0x20, 0x7, 0x9c, 0x1, 0x80,
    0x2, 0x10, 0xd0, 0xf, 0x9, 0x2, 0x80, 0x14,
    0x0, 0xe0, 0x1f, 0x28, 0x10, 0x86, 0x1, 0x88,
    0x7, 0xd6, 0x0, 0x70, 0x40, 0xb0, 0xf, 0xc6,
    0x21, 0x88, 0x0, 0x50, 0xf, 0xe7, 0x4, 0xc0,
    0x22, 0x0, 0x7f, 0x68, 0xb, 0x82, 0x80, 0x7f,
    0x90, 0x3, 0x58, 0x7, 0xfc, 0xa0, 0x1, 0x30,
    0xe,

    /* U+0057 "W" */
    0x5f, 0xf3, 0x80, 0x74, 0x7f, 0x88, 0x3, 0xb7,
    0xf1, 0xc0, 0x1a, 0x1, 0xc8, 0x0, 0x40, 0xe,
    0x20, 0x52, 0x0, 0x38, 0x7, 0x18, 0x3, 0x0,
    0x31, 0x80, 0x3c, 0xc, 0x8, 0x3, 0x20, 0x4,
    0x80, 0x19, 0x40, 0xa, 0x8, 0x0, 0x30, 0xb,
    0x1, 0x40, 0x48, 0x2, 0xf0, 0x1, 0x86, 0x80,
    0x14, 0x2, 0x40, 0xf1, 0x4, 0x0, 0x94, 0x8,
    0x0, 0xe0, 0xe, 0x0, 0x8c, 0x1d, 0x43, 0x0,
    0x23, 0x4, 0x0, 0x10, 0x0, 0xc0, 0x6, 0x0,
    0x23, 0x4, 0x0, 0x10, 0x3, 0xc0, 0x23, 0x5,
    0x0, 0x20, 0x20, 0x60, 0x8, 0x81, 0xc0, 0xa,
    0x1, 0x28, 0x8, 0x83, 0x3, 0x1, 0x40, 0x8,
    0x4, 0x0, 0x30, 0xb, 0x0, 0x4, 0xa, 0x6,
    0x2, 0x41, 0x81, 0xa0, 0x40, 0x19, 0xc0, 0xa,
    0x42, 0x8, 0x0, 0x40, 0x50, 0x60, 0x70, 0xc,
    0x40, 0xf, 0x70, 0x30, 0xb, 0x0, 0xc0, 0xc3,
    0x40, 0x38, 0xc0, 0xb4, 0x14, 0x2, 0x40, 0x2,
    0x0, 0xc, 0x3, 0x94, 0x14, 0xc3, 0x0, 0x21,
    0x20, 0xe0, 0x2, 0x80, 0x76, 0x0, 0xa0, 0x20,
    0x6, 0x70, 0x50, 0x11, 0x0, 0x73, 0x80, 0x44,
    0x20, 0x1b, 0x0, 0x25, 0x0, 0xf1, 0x0, 0x4e,
    0x1, 0xc8, 0x1, 0x18, 0x4,

    /* U+0058 "X" */
    0x1f, 0xf8, 0x40, 0x3a, 0x3f, 0xca, 0x30, 0x0,
    0x90, 0xc, 0x2e, 0x6, 0xa0, 0xe2, 0xe, 0x20,
    0x14, 0x80, 0x20, 0x2, 0x80, 0x4, 0x80, 0x5,
    0xc1, 0x10, 0x1, 0x31, 0x3, 0x88, 0x48, 0x2,
    0x0, 0x3a, 0x40, 0x10, 0xc, 0xa, 0x60, 0x1c,
    0x86, 0xd, 0x2, 0x10, 0x1, 0xf7, 0x80, 0x1c,
    0x18, 0x80, 0x3e, 0x34, 0x0, 0xa0, 0x3, 0xf9,
    0x40, 0x22, 0x0, 0xfd, 0x2, 0x2, 0x1e, 0x1,
    0xf0, 0xb8, 0x3c, 0x81, 0xa8, 0x7, 0xa0, 0x1,
    0x2e, 0x21, 0x0, 0x1c, 0x4c, 0xc, 0x21, 0x20,
    0x4e, 0x1, 0xa4, 0x1, 0x60, 0x7, 0x10, 0x91,
    0x0, 0x1a, 0x3, 0x10, 0x5, 0x20, 0x32, 0x0,
    0xf0, 0x4, 0x0, 0x67, 0x10, 0x72, 0x53, 0x6,
    0x10, 0xe, 0x80, 0x4, 0x0,

    /* U+0059 "Y" */
    0xd, 0xff, 0x10, 0x7, 0xb3, 0xfc, 0x21, 0x0,
    0xa, 0x0, 0xe3, 0x30, 0x28, 0x82, 0x88, 0x30,
    0x7, 0x48, 0x2, 0x0, 0x28, 0x1, 0x60, 0x8,
    0x54, 0x14, 0x80, 0x26, 0x10, 0xb0, 0xa, 0x40,
    0x12, 0x1, 0xd2, 0x4, 0x60, 0x6, 0x4, 0x30,
    0xe, 0x70, 0x4, 0x82, 0x88, 0x78, 0x7, 0xce,
    0xa, 0x32, 0x6, 0x80, 0x1f, 0x48, 0x2, 0xcc,
    0x20, 0x3, 0xf0, 0xb0, 0x28, 0x12, 0x0, 0x7f,
    0x40, 0x5, 0x0, 0x1f, 0xe1, 0x30, 0x2, 0x80,
    0x7f, 0xff, 0xc0, 0x3f, 0xf9, 0x0,

    /* U+005A "Z" */
    0x1f, 0xff, 0xf9, 0x80, 0x3f, 0xf8, 0x23, 0x33,
    0xf3, 0x80, 0x5, 0x81, 0x9b, 0xe3, 0x0, 0x50,
    0x7, 0xe5, 0x40, 0x54, 0x0, 0xf8, 0x6c, 0x6,
    0xc0, 0x3f, 0x58, 0x85, 0x88, 0x7, 0xc8, 0xa0,
    0x8a, 0x1, 0xfa, 0x80, 0x12, 0x1, 0xfa, 0x44,
    0x20, 0x80, 0x3e, 0x36, 0x3, 0x70, 0xf, 0xdc,
    0x0, 0xe0, 0xf, 0xce, 0x40, 0xe4, 0x1, 0xf1,
    0x40, 0x14, 0x0, 0x7e, 0x90, 0x4, 0x80, 0x7e,
    0x64, 0x2, 0x37, 0x7f, 0x8e, 0xc0, 0x5, 0x11,
    0xfa, 0xcc, 0x3, 0xff, 0x80,

    /* U+005B "[" */
    0x8f, 0xfd, 0x20, 0x2, 0x66, 0x60, 0x1, 0x26,
    0x4a, 0x1, 0xff, 0xff, 0x0, 0xff, 0xee, 0xa4,
    0xc9, 0x40, 0x4, 0xcc, 0xc0,

    /* U+005C "\\" */
    0x5f, 0x80, 0xf, 0x90, 0x10, 0x3, 0xe1, 0x23,
    0x10, 0xf, 0x94, 0x10, 0x3, 0xec, 0xc, 0x0,
    0xf9, 0x1, 0xc0, 0x3f, 0x20, 0x90, 0x7, 0xd8,
    0xa, 0x1, 0xf2, 0x6, 0x0, 0x7c, 0x62, 0x80,
    0x1f, 0x90, 0x10, 0x3, 0xec, 0xc, 0x0, 0xf9,
    0xc1, 0x0, 0x3e, 0x12, 0x31, 0x0, 0xf9, 0x1,
    0x0, 0x3e, 0xd0, 0xc0, 0xf, 0x90, 0x1c, 0x3,
    0xf2, 0x9, 0x0, 0x7d, 0x80, 0x80, 0x1f, 0x20,
    0x68, 0x7, 0xc6, 0x28, 0x1, 0xf9, 0x0, 0xc0,
    0x3e, 0xc0, 0xb0, 0xf, 0x9c, 0x10, 0x3, 0xe1,
    0x8b, 0x0,

    /* U+005D "]" */
    0xf, 0xfe, 0x0, 0x33, 0x40, 0x1a, 0x66, 0x0,
    0xff, 0xff, 0x80, 0x7f, 0xfc, 0xa6, 0x60, 0xc,
    0xcd, 0x0, 0x40,

    /* U+005E "^" */
    0x0, 0xd1, 0xfe, 0x30, 0xf, 0xcc, 0x0, 0xa0,
    0xf, 0x90, 0x44, 0xe, 0x1, 0xf7, 0x3, 0x10,
    0xa8, 0x7, 0xa, 0x85, 0x50, 0x38, 0x3, 0x9c,
    0x8, 0x8a, 0x8, 0x20, 0x1a, 0x82, 0x80, 0x8c,
    0x18, 0x2, 0x23, 0x5, 0x0, 0x58, 0x50, 0x5,
    0x40, 0x64, 0x0, 0x60, 0x23, 0x0, 0x30, 0x50,
    0x4, 0x28, 0x14, 0x8, 0x20, 0xe0, 0x1b, 0x41,
    0xc0,

    /* U+005F "_" */
    0x8c, 0xcf, 0xfe, 0x1, 0x10, 0xcf, 0xff, 0x80,
    0x0,

    /* U+0060 "`" */
    0x0, 0xfa, 0xa4, 0x2, 0x95, 0x66, 0x0, 0x2c,
    0x42, 0x50, 0xb, 0x4, 0x28, 0x80, 0xb0, 0x86,
    0x40, 0x5, 0x87, 0x20, 0x10, 0xe1, 0x0,

    /* U+0061 "a" */
    0x0, 0xb, 0xe7, 0xfb, 0x5c, 0x2, 0x9e, 0x83,
    0x0, 0x14, 0x58, 0x1, 0x40, 0xa2, 0xa0, 0x41,
    0x14, 0x3e, 0xb5, 0xd5, 0xf0, 0x1, 0xe0, 0x6a,
    0x1, 0x88, 0x41, 0xc0, 0x31, 0x34, 0xd8, 0x81,
    0x0, 0x17, 0x36, 0x59, 0x0, 0x34, 0xd1, 0x94,
    0x67, 0x18, 0x1, 0x58, 0x1b, 0x5c, 0xc4, 0x2,
    0xc0, 0x4, 0x80, 0x7c, 0x60, 0x1, 0x0, 0x90,
    0xc0, 0x1a, 0x0, 0xd5, 0x55, 0x58, 0x4, 0xe4,
    0x7, 0x54, 0x53, 0x60, 0xb, 0x14, 0x40, 0xe7,
    0x30, 0x0,

    /* U+0062 "b" */
    0xef, 0xd0, 0xf, 0xff, 0xd8, 0x83, 0x67, 0xf5,
    0x10, 0x6, 0x1c, 0x93, 0x1, 0x5d, 0x40, 0x8,
    0x8c, 0xd1, 0x3, 0x0, 0x50, 0x6, 0x9c, 0x77,
    0x61, 0x80, 0xb0, 0x0, 0x98, 0x3, 0x40, 0x3,
    0x0, 0x3f, 0x20, 0x1, 0xc0, 0x3f, 0xe3, 0x0,
    0xff, 0x8c, 0x3, 0xf1, 0x0, 0x4, 0x3, 0xf2,
    0x80, 0x10, 0x0, 0x64, 0x1, 0x14, 0x80, 0x28,
    0x0, 0x3b, 0x4f, 0x18, 0x20, 0xc4, 0x0, 0x41,
    0x58, 0x71, 0x4, 0x90, 0xb, 0xbd, 0x84, 0xe,
    0x6c, 0x0,

    /* U+0063 "c" */
    0x0, 0x8a, 0x77, 0xfa, 0x88, 0x2, 0x7d, 0x62,
    0x1, 0x5d, 0x40, 0x68, 0x0, 0x2c, 0xc0, 0x9a,
    0xc, 0x80, 0x2e, 0x99, 0xfb, 0x41, 0x80, 0xc,
    0x80, 0x18, 0x43, 0x40, 0x14, 0x1, 0xf3, 0x0,
    0xc, 0x3, 0xff, 0x8c, 0xe0, 0x3, 0x0, 0xfb,
    0x0, 0x16, 0x1, 0xf3, 0x0, 0x1d, 0x0, 0x32,
    0x80, 0xb8, 0x2, 0xe9, 0x9f, 0x69, 0x2, 0x18,
    0x0, 0xb3, 0x4, 0x4, 0x0, 0x9b, 0x51, 0x1,
    0x5c, 0x60,

    /* U+0064 "d" */
    0x0, 0xfe, 0xbf, 0xf0, 0x80, 0x7f, 0xfe, 0x17,
    0x3f, 0xa8, 0x84, 0x3, 0xaa, 0x86, 0x2, 0xba,
    0xe0, 0x19, 0xd4, 0x0, 0xd2, 0xe2, 0x40, 0x10,
    0xc0, 0x3, 0x25, 0xa3, 0xc8, 0x2, 0x70, 0x3,
    0x98, 0x4, 0x2c, 0x1, 0x60, 0x2, 0xc0, 0x3f,
    0x84, 0x0, 0x40, 0x1f, 0xce, 0x1, 0xff, 0xc0,
    0x60, 0x1, 0x0, 0x7f, 0x10, 0x1, 0x0, 0x3f,
    0xac, 0x1, 0x22, 0x1, 0x22, 0x0, 0x23, 0x40,
    0x1f, 0x87, 0xab, 0x0, 0xea, 0x20, 0x17, 0x85,
    0x26, 0x0, 0xc3, 0x8e, 0x40, 0x2d, 0x9a, 0x1,
    0x0,

    /* U+0065 "e" */
    0x0, 0x92, 0xfb, 0xf5, 0xc0, 0x3a, 0x2d, 0x4,
    0xa, 0x30, 0x40, 0xe, 0xe0, 0x29, 0xa6, 0x3,
    0x80, 0x18, 0x3, 0xd6, 0x59, 0x80, 0x61, 0x60,
    0x7, 0x80, 0x67, 0x0, 0x26, 0x0, 0xc, 0x3,
    0x84, 0x9, 0xc0, 0x1f, 0xfe, 0x10, 0xf0, 0xf,
    0xfb, 0xdc, 0x1, 0xff, 0xf9, 0xf0, 0x0, 0x80,
    0x1f, 0x98, 0x1, 0x22, 0x1, 0xf0, 0xc0, 0x17,
    0xc2, 0x2b, 0xf3, 0x80, 0x1d, 0xc0, 0x2f, 0x75,
    0x3, 0x60, 0x14, 0x62, 0x90, 0xa, 0x56, 0x0,

    /* U+0066 "f" */
    0x0, 0xcf, 0xbf, 0xd4, 0x1, 0xa6, 0x8, 0x5,
    0x80, 0x21, 0x60, 0x19, 0xa8, 0x0, 0x90, 0x1,
    0x2c, 0xa8, 0x1, 0x18, 0x0, 0x80, 0x3c, 0x20,
    0x1, 0x0, 0xc7, 0xd0, 0x0, 0xbf, 0xf0, 0x1,
    0xc4, 0x3, 0xf2, 0xd1, 0x80, 0x1a, 0xac, 0x0,
    0x2b, 0x60, 0xd, 0x54, 0x0, 0xff, 0xff, 0x80,
    0x7f, 0xf3, 0xc0,

    /* U+0067 "g" */
    0x0, 0xc, 0x6f, 0xff, 0xc8, 0x5, 0xee, 0x40,
    0x1f, 0xdc, 0x21, 0x5f, 0xa6, 0x0, 0xcd, 0x43,
    0x30, 0x3a, 0x81, 0x70, 0x1, 0x48, 0x18, 0x1,
    0x60, 0x11, 0x10, 0x3c, 0x3, 0x9c, 0x3, 0xc2,
    0x0, 0x70, 0x6, 0x0, 0x44, 0x40, 0xe0, 0x1,
    0x28, 0x3a, 0x81, 0x70, 0xb, 0x0, 0x56, 0x41,
    0x5f, 0xa6, 0x3a, 0x1, 0x9c, 0x8d, 0x48, 0xdf,
    0xcc, 0x3, 0x48, 0x7d, 0x6e, 0x40, 0x80, 0x61,
    0x0, 0x42, 0xa2, 0x62, 0x0, 0x85, 0x81, 0x2a,
    0xef, 0x6e, 0x90, 0x1, 0x80, 0x20, 0x1e, 0x2b,
    0x24, 0xa1, 0xff, 0xed, 0x50, 0x2, 0xf8, 0x38,
    0x80, 0x62, 0x90, 0x9, 0x80, 0xc0, 0x3c, 0x80,
    0x4, 0x40, 0x2c, 0x8, 0x0, 0x62, 0x0, 0xa7,
    0x4, 0xf, 0xdf, 0xdc, 0x70, 0x6a, 0x1, 0xd9,
    0x41, 0x0, 0x13, 0x64, 0x80, 0x0,

    /* U+0068 "h" */
    0xef, 0xd0, 0xf, 0xff, 0xd8, 0x82, 0x5f, 0x7d,
    0x98, 0x7, 0x45, 0xa0, 0x82, 0x61, 0x0, 0x46,
    0xe2, 0xcc, 0x10, 0x5, 0x80, 0x65, 0xe9, 0x96,
    0x0, 0x1c, 0x2, 0x1a, 0x0, 0x88, 0x80, 0x20,
    0x11, 0x80, 0x73, 0x0, 0x7f, 0xf0, 0x84, 0x3,
    0xff, 0xfe, 0x1, 0xfc,

    /* U+0069 "i" */
    0xa, 0xf9, 0x3, 0x50, 0x62, 0x20, 0x0, 0x48,
    0x76, 0x7c, 0x0, 0x4c, 0x20, 0x1f, 0x77, 0xe8,
    0x7, 0xff, 0xd8,

    /* U+006A "j" */
    0x0, 0xd5, 0xf2, 0x1, 0x8d, 0x41, 0x88, 0x2,
    0x20, 0x0, 0x90, 0x4, 0x3b, 0x3e, 0x1, 0xc4,
    0xc2, 0x1, 0xff, 0xc1, 0xef, 0xe0, 0xf, 0xff,
    0xf8, 0x7, 0xff, 0x80, 0xc0, 0x30, 0x88, 0x18,
    0x0, 0x88, 0xb0, 0x6, 0x0, 0x2a, 0xd4, 0x5,
    0x80, 0x6, 0x2, 0x98, 0x20,

    /* U+006B "k" */
    0xef, 0xc0, 0xf, 0xff, 0xf8, 0x2f, 0xfa, 0x80,
    0x3e, 0x2a, 0x2, 0xa0, 0xf, 0xbc, 0x1, 0xe0,
    0x1f, 0x51, 0x5, 0x10, 0x7, 0x99, 0x41, 0xd4,
    0x3, 0xc5, 0x20, 0x50, 0x1, 0xe1, 0xf0, 0x1,
    0x8, 0x7, 0x88, 0x80, 0x15, 0x80, 0x7e, 0xa7,
    0x5, 0x40, 0xf, 0x3a, 0xc0, 0x84, 0x80, 0x71,
    0x40, 0x2, 0x0, 0x9c, 0x3, 0x8, 0x4, 0xc4,
    0x10, 0x20, 0x1f, 0xa4, 0x1, 0x60, 0x1f, 0x91,
    0x0, 0xa8,

    /* U+006C "l" */
    0xef, 0xd0, 0xf, 0xff, 0xf8, 0x7, 0xc6, 0x4,
    0xe0, 0x80, 0x8, 0x18, 0x40, 0x12,

    /* U+006D "m" */
    0xef, 0x60, 0x5c, 0xfe, 0x91, 0x0, 0x2e, 0x7f,
    0x48, 0x6, 0xe9, 0xa3, 0x1, 0x6d, 0x9, 0xa3,
    0x1, 0x6b, 0x0, 0x9d, 0x85, 0xd4, 0x0, 0x78,
    0xc4, 0xea, 0x0, 0x44, 0x0, 0x4b, 0xd1, 0x50,
    0x0, 0x36, 0xd8, 0xa7, 0x0, 0x60, 0x0, 0x68,
    0x2, 0x60, 0x1, 0x48, 0x5, 0x60, 0x2, 0x0,
    0x18, 0x6, 0x10, 0x0, 0x80, 0x62, 0x0, 0x8,
    0x7, 0xff, 0xfc, 0x3, 0xff, 0xfe, 0x0,

    /* U+006E "n" */
    0xef, 0x60, 0x4b, 0xef, 0xb3, 0x0, 0xdd, 0x16,
    0x82, 0x9, 0x84, 0x1, 0x3b, 0x85, 0x98, 0x20,
    0xb, 0x0, 0xcb, 0xd3, 0x2c, 0x0, 0x38, 0x4,
    0x34, 0x1, 0x11, 0x0, 0x40, 0x23, 0x0, 0xe6,
    0x0, 0xff, 0xe1, 0x8, 0x7, 0xff, 0xfc, 0x3,
    0xf8,

    /* U+006F "o" */
    0x0, 0x8e, 0xbb, 0xf6, 0x44, 0x3, 0xa3, 0x14,
    0x40, 0x9b, 0x94, 0x2, 0x77, 0x0, 0xbc, 0xb0,
    0x2, 0x8c, 0x6, 0x0, 0x72, 0x1a, 0x68, 0x1,
    0xe0, 0xc0, 0x9, 0x20, 0x9, 0x50, 0xc, 0xda,
    0x0, 0x50, 0xe, 0xd0, 0x2, 0x30, 0x0, 0x80,
    0x38, 0x80, 0x1e, 0x1, 0xff, 0xc1, 0x60, 0x1,
    0x0, 0x71, 0x0, 0x3b, 0x40, 0xa, 0x1, 0xda,
    0x0, 0x56, 0x0, 0x49, 0x0, 0x4a, 0x80, 0x66,
    0x18, 0x1, 0xc8, 0x69, 0xa0, 0x7, 0x80, 0x1d,
    0xc0, 0x2f, 0x2c, 0x0, 0xa3, 0x0, 0xa3, 0x14,
    0x40, 0x9b, 0x54, 0x0,

    /* U+0070 "p" */
    0xef, 0x60, 0x6c, 0xfe, 0xa2, 0x0, 0xdb, 0x92,
    0x60, 0x2b, 0xa6, 0x1, 0x21, 0x9a, 0x20, 0x60,
    0xd, 0x0, 0xd3, 0x8e, 0xec, 0x30, 0x16, 0x0,
    0x13, 0x0, 0x68, 0x0, 0x60, 0x7, 0xe4, 0x0,
    0x38, 0x7, 0xfc, 0x60, 0x1f, 0xf1, 0x80, 0x7e,
    0x20, 0x0, 0x80, 0x7e, 0x50, 0x2, 0x0, 0xc,
    0x80, 0x22, 0x90, 0x5, 0x0, 0x7, 0x69, 0xe3,
    0x4, 0x18, 0x80, 0x2, 0x25, 0x87, 0x10, 0x49,
    0x0, 0x8b, 0xd8, 0x40, 0xe6, 0xc0, 0x30, 0x8a,
    0x7b, 0xf1, 0x80, 0x3f, 0xfe, 0x60,

    /* U+0071 "q" */
    0x0, 0x97, 0x3f, 0xd6, 0x87, 0xfe, 0x10, 0x5,
    0x50, 0xc0, 0x9, 0x7e, 0x1, 0x9d, 0x40, 0xd,
    0x2e, 0x26, 0x1, 0xc, 0x0, 0x32, 0x5a, 0x3c,
    0x80, 0x27, 0x0, 0x39, 0x80, 0x42, 0xc0, 0x16,
    0x0, 0x2c, 0x3, 0xf8, 0x40, 0x4, 0x1, 0xfc,
    0xe0, 0x1f, 0xfc, 0x6, 0x0, 0x10, 0x7, 0xf1,
    0x0, 0x10, 0x3, 0xfa, 0xc0, 0x12, 0x20, 0x12,
    0x20, 0x2, 0x34, 0x1, 0xf8, 0x7a, 0xb0, 0xe,
    0xa2, 0x1, 0x78, 0x52, 0x30, 0xc, 0x38, 0xe4,
    0x2, 0xfa, 0xc0, 0x1c, 0x31, 0xbf, 0xd0, 0x2,
    0x1, 0xff, 0xf8,

    /* U+0072 "r" */
    0xef, 0x60, 0x5d, 0xfc, 0x0, 0xb, 0xd1, 0x2,
    0x80, 0x2e, 0x1, 0x5b, 0x0, 0x6, 0x39, 0x52,
    0xa0, 0x15, 0x98, 0x7, 0xa, 0x80, 0x78, 0xc0,
    0x3f, 0xfe, 0x20,

    /* U+0073 "s" */
    0x0, 0x9b, 0x3f, 0xdb, 0x2, 0x1, 0x54, 0x98,
    0x0, 0x9f, 0xc8, 0x11, 0x40, 0xef, 0x20, 0x48,
    0x81, 0x80, 0xe, 0x43, 0x7e, 0xd0, 0x7, 0x80,
    0x1c, 0x3, 0x8, 0x1, 0x40, 0x15, 0x43, 0x0,
    0xe2, 0xb1, 0x5, 0xcc, 0x20, 0x6, 0x4e, 0x81,
    0x3, 0xb9, 0x0, 0xe7, 0xea, 0x10, 0x65, 0x0,
    0xf2, 0xf8, 0x3, 0xc0, 0x94, 0x3, 0xe3, 0xf,
    0xac, 0x53, 0x4d, 0x0, 0x60, 0x38, 0x1d, 0x65,
    0x98, 0x2a, 0x82, 0xb1, 0x88, 0x4, 0xe6, 0x80,

    /* U+0074 "t" */
    0x0, 0xf, 0xf9, 0x0, 0x3c, 0x60, 0x1f, 0xc2,
    0x1, 0xfc, 0xe0, 0x1f, 0x2f, 0x58, 0x2, 0xff,
    0xd6, 0x6, 0x20, 0x1f, 0x92, 0x94, 0x0, 0xf5,
    0x48, 0x2, 0x5d, 0x0, 0x62, 0xa8, 0xc0, 0x3f,
    0xfd, 0x82, 0x1, 0xe1, 0x0, 0x68, 0x7, 0x90,
    0x0, 0xee, 0x55, 0x0, 0x44, 0xa0, 0x8, 0xab,
    0x0, 0xd4, 0xe2, 0x2, 0x80,

    /* U+0075 "u" */
    0x1f, 0xf5, 0x80, 0x77, 0xfb, 0x40, 0x3f, 0xff,
    0xe0, 0x1f, 0xfc, 0xc7, 0x0, 0xc2, 0x1, 0x8,
    0x80, 0xc8, 0x0, 0x3a, 0x1, 0x90, 0x1, 0x91,
    0x3e, 0x62, 0x1, 0x40, 0x0, 0x5d, 0x86, 0x5c,
    0x2, 0x2c, 0x30, 0x14, 0xc6, 0xe0, 0x0,

    /* U+0076 "v" */
    0x7f, 0xf2, 0x0, 0x70, 0xff, 0xa5, 0x40, 0x1a,
    0x1, 0xce, 0x0, 0xd2, 0x20, 0x38, 0x7, 0x68,
    0xa, 0x2, 0x80, 0x98, 0x6, 0x40, 0x70, 0x5,
    0x0, 0x10, 0x2, 0x40, 0x6, 0x80, 0x8, 0x81,
    0x60, 0x16, 0x80, 0x10, 0x2, 0x50, 0x31, 0x0,
    0x38, 0x28, 0x6, 0xa0, 0x3, 0x81, 0x8, 0x78,
    0x6, 0x22, 0x6, 0x2, 0x80, 0x14, 0x3, 0x94,
    0x10, 0x30, 0x14, 0x3, 0xd6, 0x2, 0x88, 0xf,
    0x0, 0xf1, 0x90, 0x40, 0x1, 0x40, 0x3e, 0x50,
    0x30, 0x40, 0xf, 0xd6, 0x1, 0x70, 0x6,

    /* U+0077 "w" */
    0x3f, 0xf4, 0x0, 0x66, 0xff, 0x30, 0x6, 0x7f,
    0xf1, 0x18, 0x1, 0x0, 0x36, 0x0, 0x30, 0x3,
    0x60, 0x9, 0x2, 0x1, 0x80, 0x64, 0x0, 0x20,
    0x6, 0x50, 0x40, 0x6, 0x0, 0xc, 0x0, 0x42,
    0x62, 0x22, 0x0, 0x10, 0x86, 0x0, 0x10, 0x0,
    0x80, 0x4, 0x5, 0x50, 0x20, 0x1, 0x0, 0x8,
    0x0, 0x30, 0x6, 0x0, 0x30, 0x3c, 0xc3, 0x0,
    0x1e, 0x2, 0x40, 0x12, 0x2, 0x80, 0x10, 0x13,
    0x1, 0x0, 0x8, 0x8, 0x1, 0xb0, 0x4, 0x84,
    0x40, 0x4a, 0x2, 0x42, 0x41, 0x80, 0x19, 0x0,
    0xe, 0x80, 0x80, 0x24, 0x8, 0xa0, 0x4, 0x0,
    0xc6, 0x21, 0xba, 0xc, 0x0, 0x20, 0x79, 0x80,
    0x90, 0x7, 0x28, 0x1a, 0x2, 0x0, 0x30, 0x13,
    0x81, 0x0, 0x3d, 0xa0, 0xa6, 0x6, 0x0, 0x40,
    0x24, 0xc, 0x0, 0xf2, 0x0, 0x81, 0x80, 0x42,
    0x40, 0x40, 0x80, 0x1e, 0x21, 0x0, 0x20, 0x6,
    0x40, 0x0, 0x90, 0x4,

    /* U+0078 "x" */
    0x1f, 0xf7, 0x0, 0x62, 0xff, 0x50, 0xc, 0x0,
    0xb8, 0x5, 0x0, 0x8, 0x0, 0x39, 0x4, 0x8,
    0x12, 0x83, 0x90, 0x5, 0x20, 0x8, 0x8, 0x1,
    0x80, 0xc, 0x8a, 0xc, 0x8a, 0x10, 0x1, 0xeb,
    0x0, 0x58, 0x13, 0x0, 0x78, 0x5c, 0x2, 0x90,
    0xf, 0xca, 0x1, 0xff, 0x31, 0x0, 0x84, 0x80,
    0x78, 0x60, 0x1e, 0x80, 0x9c, 0x3, 0xa0, 0x42,
    0x50, 0xc2, 0x8, 0x2, 0x26, 0x7, 0x10, 0xf0,
    0x4, 0x80, 0x52, 0x0, 0x90, 0x1, 0xa8, 0x22,
    0x82, 0xa0, 0x38, 0x80, 0x56, 0x0, 0xb0,

    /* U+0079 "y" */
    0x7f, 0xf2, 0x0, 0x70, 0xff, 0xa5, 0x80, 0x1c,
    0x1, 0xc8, 0x0, 0xd1, 0x40, 0x50, 0xe, 0xf0,
    0x14, 0xe, 0x0, 0x20, 0x6, 0x40, 0x70, 0x2,
    0x80, 0x38, 0x2, 0x31, 0xd, 0x0, 0x98, 0x10,
    0x2, 0xb0, 0x14, 0x0, 0xa8, 0x5, 0x0, 0xa,
    0x8, 0x1, 0x8c, 0x83, 0x40, 0x48, 0x38, 0x3,
    0x94, 0x1c, 0x1c, 0x0, 0x80, 0x1d, 0x40, 0x27,
    0x80, 0xa0, 0x1e, 0x23, 0xb, 0x40, 0xf0, 0xf,
    0xa8, 0x1c, 0x41, 0x40, 0x3e, 0x60, 0x9, 0x40,
    0x3f, 0x94, 0x1, 0xe0, 0x1f, 0xc6, 0x0, 0x50,
    0xf, 0xe7, 0x5, 0x0, 0xfe, 0x71, 0xe, 0x0,
    0xf1, 0xac, 0x40, 0x11, 0x0, 0x1e, 0x9a, 0x70,
    0x1a, 0x0, 0xf9, 0x80, 0x57, 0xc4, 0x3, 0xc0,

    /* U+007A "z" */
    0x6, 0xff, 0xfd, 0xc0, 0x1f, 0xf1, 0x0, 0x1e,
    0xab, 0x84, 0x1, 0x0, 0x1, 0x55, 0xc0, 0x20,
    0xa8, 0x1, 0xe1, 0xb0, 0x1b, 0x0, 0xfa, 0xc4,
    0x2c, 0x40, 0x3c, 0x8a, 0x8, 0xa0, 0x1f, 0x50,
    0x2, 0x80, 0x3e, 0x91, 0x9, 0x10, 0xf, 0x1b,
    0x1, 0xb0, 0x7, 0xdc, 0x0, 0xe0, 0xf, 0x9c,
    0x81, 0x19, 0x13, 0x80, 0x60, 0x0, 0x97, 0x7e,
    0x10, 0xf, 0xfe, 0x0,

    /* U+007B "{" */
    0x0, 0x86, 0x7b, 0xe4, 0x2, 0xb6, 0x15, 0xc0,
    0x9, 0x42, 0x29, 0x40, 0x38, 0xc0, 0x3e, 0x70,
    0xf, 0x9c, 0x3, 0x84, 0x3, 0xe3, 0x1, 0x0,
    0xff, 0xe0, 0x98, 0x8, 0x6, 0x41, 0x6, 0x0,
    0xe, 0xd8, 0x39, 0x0, 0x44, 0x3, 0x80, 0x10,
    0xf3, 0x8d, 0x88, 0x4, 0x30, 0x20, 0xa0, 0x1c,
    0x60, 0x20, 0x1f, 0xfc, 0x13, 0x1, 0x0, 0xe1,
    0x0, 0xfe, 0x70, 0xf, 0x9c, 0x3, 0xe3, 0x0,
    0xe5, 0x8, 0xa5, 0x0, 0xad, 0x41, 0x70,

    /* U+007C "|" */
    0x8f, 0x50, 0xf, 0xff, 0xf8, 0x7, 0x80,

    /* U+007D "}" */
    0xf, 0xf6, 0xa8, 0x6, 0x62, 0x25, 0x10, 0x5,
    0x3a, 0x20, 0xa0, 0x1c, 0xa1, 0xe0, 0x1f, 0xfc,
    0x97, 0xf, 0x0, 0xf8, 0x40, 0x3e, 0x30, 0xf,
    0x8c, 0x3, 0x94, 0x28, 0x3, 0xac, 0x8f, 0xdc,
    0x2, 0x27, 0x0, 0x68, 0x5, 0xa, 0x39, 0x40,
    0x12, 0x4, 0x98, 0x7, 0x88, 0x3, 0xe3, 0x0,
    0xff, 0xe0, 0xb8, 0x8, 0x7, 0xde, 0x1, 0xff,
    0xc1, 0x50, 0xf0, 0xa, 0x74, 0x41, 0x0, 0x26,
    0x22, 0x51, 0x80, 0x0,

    /* U+007E "~" */
    0x0, 0xc2, 0x1, 0xfe, 0x6e, 0xe9, 0xc0, 0x32,
    0x0, 0x1e, 0x44, 0x68, 0xd4, 0x29, 0xb7, 0xc,
    0x1c, 0xec, 0x22, 0x5e, 0xb0, 0xa8, 0x5e, 0x18,
    0x1e, 0xb8, 0x82, 0xe1, 0x0,

    /* U+00B0 "°" */
    0x0, 0x84, 0x3, 0x9b, 0xb9, 0xf0, 0x0, 0x49,
    0x59, 0x67, 0x80, 0x81, 0xb6, 0x95, 0x70, 0x25,
    0x0, 0xb4, 0x8, 0x8c, 0x1, 0x70, 0x15, 0x14,
    0x9b, 0x31, 0x41, 0x9a, 0xc9, 0x3b, 0x0, 0x4e,
    0xde, 0x60, 0x40,

    /* U+00B7 "·" */
    0x4, 0xaa, 0x18, 0x25, 0xaa, 0xb0, 0xfc, 0x3,
    0x48, 0x7, 0xe, 0x80, 0x6d, 0x67, 0x11, 0x43,
    0x0,

    /* U+4E0A "上" */
    0x0, 0xff, 0x11, 0x0, 0x3f, 0xf9, 0x7, 0xba,
    0x30, 0xf, 0xff, 0xf8, 0x7, 0xff, 0xfc, 0x3,
    0xfd, 0x9f, 0xff, 0x80, 0x3f, 0xfb, 0x2f, 0x55,
    0xf8, 0x3, 0xff, 0x85, 0x6a, 0xbf, 0x80, 0x3f,
    0xff, 0xe0, 0x1f, 0xff, 0xf0, 0xf, 0xfe, 0x12,
    0x27, 0xf0, 0x2, 0xd1, 0x3f, 0x88, 0x6e, 0xff,
    0x40, 0x1, 0xee, 0xff, 0xa0, 0x3, 0xff, 0x96,

    /* U+4E0B "下" */
    0x48, 0x8f, 0xfe, 0x43, 0xe3, 0xbf, 0xff, 0x22,
    0x38, 0xcf, 0xf0, 0x4, 0x67, 0xfc, 0x8d, 0x99,
    0xf9, 0xc0, 0x73, 0x3f, 0xac, 0x3, 0xff, 0xd6,
    0x2c, 0x1, 0xff, 0xc9, 0x9e, 0x70, 0xf, 0xfe,
    0x40, 0xc7, 0x28, 0x7, 0xff, 0x10, 0x75, 0x0,
    0x6b, 0x8, 0x3, 0xff, 0x86, 0x57, 0x42, 0x7,
    0xb0, 0x1, 0xff, 0xc4, 0x5e, 0x60, 0x3, 0xc0,
    0x7, 0xff, 0x16, 0x6c, 0x4a, 0x0, 0x3f, 0xf8,
    0xc9, 0xfe, 0x0, 0xff, 0xe4, 0x9, 0x0, 0x7f,
    0xff, 0xc0, 0x3f, 0xfd, 0xe0,

    /* U+4E0D "不" */
    0x16, 0x6f, 0xfe, 0x41, 0x81, 0xcc, 0xff, 0xf2,
    0x28, 0x0, 0x23, 0xfe, 0x0, 0xc2, 0x3f, 0x1,
    0x77, 0x7f, 0x58, 0x1, 0xbf, 0xbb, 0xd0, 0x1,
    0xfe, 0x1b, 0x0, 0x40, 0x7, 0xff, 0x1a, 0x84,
    0x10, 0x40, 0x3f, 0xf8, 0xb2, 0x80, 0xc, 0x3,
    0x0, 0xff, 0xe1, 0xbb, 0x0, 0x5f, 0x98, 0x80,
    0xf, 0xfe, 0xc, 0x40, 0x8, 0x2, 0x70, 0x7d,
    0x20, 0xf, 0xf5, 0xb8, 0x16, 0x0, 0x3e, 0xe0,
    0xb, 0x58, 0x3, 0xe1, 0xc4, 0x3, 0xc1, 0x0,
    0xcf, 0x62, 0x13, 0x20, 0xe, 0x6e, 0x30, 0x4c,
    0x10, 0xf, 0x26, 0x10, 0x36, 0x8, 0x26, 0x48,
    0x2, 0x2c, 0x3, 0xf8, 0xb5, 0x0, 0xf0, 0x44,
    0x60, 0x58, 0xe0, 0x1f, 0xfc, 0xb, 0x50, 0x61,
    0x57, 0x9d, 0x30, 0xf, 0xfe, 0x15, 0x45, 0x80,
    0x21, 0x80, 0x3f, 0xf8, 0xae, 0x1, 0xff, 0xff,
    0x0, 0xff, 0xef, 0x0,

    /* U+4E2A "个" */
    0x0, 0xff, 0xe0, 0x8, 0x7, 0xff, 0x29, 0xfa,
    0x40, 0x3f, 0xf9, 0x7, 0x0, 0xa0, 0x1f, 0xfc,
    0x72, 0xd0, 0x1, 0x90, 0x7, 0xff, 0x14, 0x7c,
    0x40, 0x2c, 0x30, 0xf, 0xfe, 0x19, 0x79, 0x5,
    0xe8, 0x8b, 0x10, 0x3, 0xff, 0x82, 0xba, 0x21,
    0x68, 0x58, 0x21, 0x70, 0x1, 0xfe, 0x1a, 0xa0,
    0x2, 0xd0, 0x0, 0x58, 0x40, 0xf8, 0x40, 0x1f,
    0x3f, 0x28, 0x16, 0xa1, 0x77, 0x8, 0x98, 0x80,
    0x7b, 0x0, 0x19, 0xfa, 0x0, 0xb, 0xa4, 0x2,
    0x30, 0x0, 0x6e, 0x0, 0xf, 0xce, 0x0, 0xc1,
    0x1, 0xba, 0x0, 0xff, 0x3e, 0x98, 0xd, 0x88,
    0x51, 0x47, 0x20, 0x7, 0xff, 0x0, 0xb2, 0x8b,
    0x84, 0x7, 0x5c, 0x3, 0xff, 0x88, 0xba, 0x40,
    0x1f, 0xff, 0xf0, 0xf, 0xff, 0xf8, 0x7, 0xff,
    0xfc, 0x3, 0xff, 0x88,

    /* U+4E2D "中" */
    0x0, 0xfc, 0x28, 0x60, 0x1f, 0xfc, 0x56, 0xbd,
    0x0, 0xff, 0xf7, 0x88, 0x7, 0xf7, 0xff, 0xe8,
    0x0, 0x7f, 0xfe, 0x60, 0xf, 0xfe, 0x54, 0xe6,
    0x72, 0x80, 0x33, 0x3c, 0x1, 0xc4, 0x67, 0xda,
    0x2, 0x67, 0xe1, 0x0, 0xff, 0xff, 0x80, 0x7f,
    0x5f, 0xff, 0x40, 0xf, 0xff, 0x84, 0x3, 0xff,
    0x98, 0xf7, 0x7c, 0x80, 0xb, 0xbf, 0x0, 0x48,
    0x8b, 0x44, 0xec, 0x1, 0x44, 0xf3, 0xb1, 0x5d,
    0x8c, 0x3, 0xff, 0x85, 0x12, 0x80, 0x1f, 0xff,
    0xf0, 0xf, 0xfe, 0x68,

    /* U+4E3B "主" */
    0x0, 0xfe, 0x10, 0xf, 0xfe, 0x43, 0x75, 0x0,
    0x7f, 0xf1, 0xfc, 0x17, 0x48, 0x3, 0xff, 0x8b,
    0x34, 0x5, 0x86, 0x1, 0xff, 0xc5, 0x5b, 0x1,
    0xd0, 0xf, 0xe4, 0x99, 0xfd, 0xa4, 0xb, 0x33,
    0xe6, 0x0, 0x1b, 0x37, 0xf1, 0x2, 0x33, 0x7a,
    0x80, 0x6, 0xab, 0xf2, 0x0, 0x4a, 0xbf, 0x58,
    0x1, 0x2a, 0xbf, 0x0, 0x26, 0xab, 0xe7, 0x0,
    0xff, 0xfc, 0x8a, 0xaf, 0x9c, 0x1, 0x4a, 0xbe,
    0x30, 0xc, 0xb5, 0x5e, 0x90, 0x1, 0xd5, 0x7a,
    0x0, 0x33, 0x91, 0x78, 0x3, 0x11, 0x7c, 0x1,
    0x8f, 0x77, 0xdc, 0x0, 0x9d, 0xdf, 0x48, 0x7,
    0xff, 0xfc, 0x3, 0xff, 0x87, 0x1f, 0xff, 0xb8,
    0x1, 0x3f, 0xff, 0xc0, 0x1f, 0xfc, 0xa9, 0xcc,
    0xff, 0xe4, 0x80,

    /* U+5065 "健" */
    0x0, 0xc2, 0x80, 0x1f, 0xe5, 0x40, 0xf, 0xf3,
    0x5e, 0x0, 0x7e, 0x1a, 0x80, 0xf, 0xf5, 0x82,
    0x6e, 0xdf, 0xa5, 0x13, 0x60, 0x73, 0x33, 0x0,
    0x71, 0x18, 0x59, 0x14, 0x4, 0x6e, 0xca, 0x0,
    0x66, 0xb0, 0x3, 0xa8, 0xc, 0xdb, 0xa7, 0x5,
    0x1f, 0xf6, 0x81, 0x7f, 0x0, 0x7c, 0xc1, 0x40,
    0x44, 0x50, 0x90, 0xf, 0x8c, 0x4, 0x3, 0x38,
    0x83, 0x80, 0x10, 0x8c, 0xdf, 0xf6, 0x81, 0x7e,
    0x82, 0x7a, 0x0, 0x24, 0x3, 0xa0, 0x20, 0x15,
    0x63, 0x0, 0x2a, 0x0, 0x15, 0x82, 0x44, 0x3,
    0x29, 0xa2, 0x2, 0xaa, 0xd0, 0x3a, 0xa0, 0x2d,
    0x12, 0x30, 0x6, 0x3a, 0x5, 0xfa, 0x2e, 0xe8,
    0xf, 0xbc, 0x3, 0x28, 0x10, 0x80, 0x2c, 0x0,
    0x20, 0xa0, 0x88, 0x30, 0x2, 0x21, 0x74, 0x0,
    0x2b, 0xc0, 0x14, 0xe7, 0xf8, 0x40, 0xaa, 0x9a,
    0x7, 0x55, 0x38, 0x5, 0x46, 0x1, 0x9, 0x80,
    0x4, 0x45, 0x76, 0xd0, 0x3b, 0xba, 0x80, 0x3f,
    0x2d, 0x81, 0x2, 0xb2, 0x20, 0xc0, 0x8, 0x92,
    0x80, 0x7e, 0xc4, 0x34, 0x3, 0x4f, 0xf6, 0x81,
    0x7f, 0xe0, 0xf, 0xda, 0x15, 0x81, 0x82, 0x44,
    0x10, 0x22, 0xe1, 0x0, 0xf9, 0x9, 0x94, 0x13,
    0x76, 0xc0, 0x6, 0xee, 0xb0, 0xf, 0xd6, 0x0,
    0x40, 0x45, 0x51, 0x80, 0x15, 0x76, 0x0, 0x7e,
    0x60, 0x3, 0x4, 0x55, 0x34, 0xe, 0xab, 0x30,
    0x7, 0xe6, 0x0, 0x15, 0x88, 0x7, 0xff, 0x14,
    0xe4, 0x24, 0x93, 0xa9, 0x4e, 0xfc, 0x3, 0xfe,
    0x4c, 0x8, 0x6c, 0x60, 0x5a, 0xdb, 0xcf, 0xfe,
    0x10, 0xe, 0x64, 0x77, 0x0, 0xcf, 0x4a, 0x98,
    0x80, 0x72, 0x8, 0x5, 0xde, 0x77, 0x0, 0x18,
    0x5a, 0xb3, 0xbf, 0xfa, 0xc0,

    /* U+50A8 "储" */
    0x0, 0xc4, 0xa0, 0x1f, 0x89, 0xd4, 0x3, 0xfe,
    0xaa, 0x48, 0x7, 0xcf, 0x12, 0x1, 0x1d, 0x28,
    0x7, 0x28, 0x6c, 0x68, 0x80, 0x7f, 0xa5, 0x70,
    0x3, 0x11, 0x5, 0xc, 0xb4, 0x1, 0xdc, 0xa0,
    0x3e, 0xe4, 0x28, 0x58, 0x6, 0xa0, 0x70, 0xb3,
    0x35, 0x0, 0x88, 0x2, 0x11, 0x38, 0x29, 0x0,
    0x67, 0xa, 0x0, 0x70, 0x8, 0x7f, 0xa4, 0xb,
    0xec, 0x1, 0x0, 0x19, 0x80, 0x6, 0x0, 0x2d,
    0xb0, 0x8, 0xc0, 0x42, 0x41, 0x88, 0x3, 0x58,
    0x7, 0x88, 0x11, 0x55, 0xc0, 0x7c, 0x41, 0xea,
    0xa0, 0x3, 0x90, 0x0, 0xfb, 0x9f, 0xe0, 0x8a,
    0xa2, 0x0, 0x4, 0x1, 0x35, 0x41, 0x28, 0x0,
    0xc2, 0x20, 0x9, 0xc4, 0x60, 0xc, 0x23, 0x81,
    0x80, 0xc4, 0xa, 0xec, 0x1, 0x5f, 0x72, 0x80,
    0xb, 0xfd, 0xd8, 0x50, 0xf8, 0x0, 0x28, 0x81,
    0x0, 0xcd, 0x60, 0x74, 0x1, 0xf6, 0x10, 0x7,
    0xf4, 0xc8, 0x0, 0x3b, 0xbc, 0x20, 0x1f, 0xf1,
    0x73, 0x0, 0x44, 0x5e, 0x30, 0xf, 0xf8, 0x94,
    0x2, 0xbf, 0xfc, 0x20, 0x1f, 0xfc, 0x2a, 0xc4,
    0x7, 0x0, 0xff, 0xe3, 0x89, 0x80, 0x32, 0xef,
    0x8, 0x7, 0xff, 0x8, 0x84, 0x2, 0x44, 0xc0,
    0x1f, 0xfc, 0x1, 0xa, 0xd7, 0x0, 0x67, 0xfe,
    0x10, 0xf, 0xf1, 0x80, 0x14, 0x94, 0x0, 0xe0,
    0x18, 0x40, 0x3f, 0xde, 0x0, 0x7d, 0x30, 0x5,
    0xff, 0xe0, 0xf, 0xfb, 0x83, 0x20, 0x3, 0x88,
    0xb0, 0x7, 0xfc, 0x5e, 0x60, 0x1d, 0x9b, 0xb8,
    0x40, 0x3d, 0xfa, 0x1, 0xfa, 0xb8, 0xc0, 0x37,
    0x79, 0x0,

    /* U+5185 "内" */
    0x0, 0xfc, 0x28, 0x80, 0xf, 0xfe, 0x2a, 0x5d,
    0x80, 0x3f, 0xfc, 0xa4, 0x67, 0xf6, 0x80, 0xc,
    0xfc, 0xa6, 0x39, 0x9f, 0x9c, 0x1, 0x99, 0xea,
    0xc7, 0x0, 0xff, 0xe5, 0x4f, 0xff, 0x48, 0x3,
    0xff, 0xc4, 0x1, 0x8c, 0x3, 0xb8, 0x8, 0x3,
    0xff, 0x8a, 0x40, 0x20, 0x1f, 0xfc, 0x55, 0x3,
    0x30, 0x7, 0xff, 0xd, 0x0, 0x2c, 0x30, 0xf,
    0xfe, 0x14, 0x81, 0xa0, 0x62, 0x0, 0x7f, 0xf0,
    0x20, 0x83, 0xec, 0xc2, 0xd0, 0x3, 0xfc, 0xee,
    0x7, 0x30, 0xc3, 0xb, 0x30, 0xf, 0x86, 0xa0,
    0x16, 0x0, 0x2d, 0x20, 0xd2, 0x0, 0xe2, 0xf5,
    0x6, 0xa0, 0xc, 0x3e, 0x22, 0xa0, 0xe, 0x2a,
    0x19, 0x90, 0x7, 0x8b, 0x66, 0x0, 0x3c, 0x9c,
    0xc0, 0x1f, 0x8d, 0x80, 0x3f, 0xfb, 0x28, 0x98,
    0xc0, 0x3f, 0xf8, 0x7d, 0x77, 0x8, 0x28, 0x7,
    0xff, 0x7, 0xc0, 0x44, 0x92, 0x60,

    /* U+5206 "分" */
    0x0, 0xf9, 0xe5, 0x40, 0x31, 0x4b, 0x80, 0x7f,
    0xf0, 0xa5, 0xb8, 0x3, 0x2b, 0x40, 0x80, 0x7f,
    0xf0, 0x1c, 0x43, 0xc0, 0x33, 0x88, 0x58, 0x7,
    0xfc, 0x32, 0x6, 0x80, 0x1d, 0x0, 0xaa, 0x0,
    0xff, 0x58, 0x87, 0x80, 0x79, 0x90, 0x2c, 0x40,
    0x3f, 0x2a, 0x81, 0x8c, 0x3, 0xe9, 0x1, 0xd0,
    0xf, 0x8e, 0x80, 0xa4, 0x3, 0xf1, 0x48, 0x1d,
    0x80, 0x71, 0xe8, 0x3, 0x80, 0x3f, 0xcc, 0xc0,
    0x4a, 0x0, 0x93, 0x44, 0x15, 0xd1, 0x3f, 0xd1,
    0x80, 0x5, 0xb0, 0x7, 0x8, 0xa, 0xdd, 0xff,
    0xcf, 0x4a, 0x61, 0x80, 0xa, 0x69, 0x80, 0xf,
    0xfe, 0x11, 0x6c, 0x38, 0x5, 0x2c, 0xcf, 0xfa,
    0xc0, 0x1d, 0xff, 0xc2, 0x1e, 0x2e, 0x1, 0xfe,
    0x20, 0x11, 0x0, 0x7c, 0x20, 0x1f, 0xfc, 0xc,
    0x5, 0x0, 0xf0, 0x81, 0x80, 0x7f, 0xf0, 0x14,
    0x30, 0x3, 0xf0, 0x80, 0x7f, 0xcc, 0x0, 0x50,
    0xe, 0x10, 0x3, 0x80, 0x7f, 0x86, 0x1, 0x8,
    0x3, 0x88, 0x0, 0x20, 0x1f, 0xed, 0x10, 0x90,
    0xf, 0x30, 0x0, 0x80, 0x3f, 0x16, 0x18, 0x41,
    0x0, 0x7b, 0x40, 0x40, 0x3e, 0x18, 0xd3, 0x7,
    0x70, 0x0, 0x50, 0xcc, 0x8c, 0xa, 0x1, 0xe3,
    0xe7, 0x0, 0x4c, 0x0, 0x6b, 0xcc, 0x58, 0x87,
    0x0, 0x78, 0xd8, 0x1b, 0x58, 0x3, 0xa, 0x0,
    0x43, 0xa, 0x1, 0xf4, 0x74, 0x90, 0x7, 0xaf,
    0xfe, 0xe7, 0x0, 0xf0,

    /* U+5217 "列" */
    0x0, 0xff, 0xe3, 0x88, 0x80, 0x2, 0x3f, 0xf0,
    0x7, 0xdf, 0xcc, 0xfd, 0xdf, 0xfc, 0x0, 0xf,
    0xfe, 0x5b, 0xc9, 0x80, 0x73, 0xee, 0xc0, 0x8,
    0xdd, 0xec, 0xa, 0x65, 0x0, 0xf1, 0x10, 0x40,
    0xe, 0x45, 0xe0, 0xf, 0xfe, 0x2, 0x1, 0x80,
    0x7f, 0xf1, 0xe8, 0xe, 0xef, 0x7c, 0x88, 0x7,
    0xfc, 0x64, 0x0, 0x44, 0xc0, 0xc6, 0x1, 0xff,
    0x48, 0x2, 0x67, 0x30, 0x0, 0x80, 0x3f, 0xc4,
    0xa1, 0x4c, 0xdb, 0xc0, 0xc0, 0x3f, 0xe9, 0x2,
    0x50, 0xd, 0xa0, 0x80, 0x1f, 0xe6, 0x40, 0x85,
    0x30, 0x0, 0xa0, 0x60, 0x7, 0xf9, 0x45, 0x1a,
    0xb1, 0xc1, 0x80, 0x50, 0x3, 0xfc, 0x79, 0x44,
    0x61, 0x17, 0x20, 0xc0, 0x1f, 0xfc, 0x2, 0x11,
    0x63, 0x2, 0x8, 0x48, 0x7, 0xff, 0x12, 0x54,
    0x0, 0xc2, 0x1, 0xff, 0xc4, 0x17, 0x1, 0x90,
    0xd, 0xbe, 0xc0, 0x1f, 0xea, 0x20, 0xa0, 0xf,
    0xfe, 0x21, 0x6a, 0x4, 0xa0, 0x7, 0xff, 0xd,
    0xf4, 0x82, 0x58, 0x3, 0xe1, 0x22, 0x84, 0xc,
    0x32, 0x0, 0x6d, 0x80, 0x3f, 0x1e, 0xec, 0x0,
    0x60, 0xf0, 0x6f, 0x40, 0xf, 0xe2, 0x30, 0x1,
    0x49, 0x81, 0xf4, 0x88, 0x7, 0xfd, 0x9f, 0xed,
    0x60,

    /* U+52A8 "动" */
    0x0, 0xff, 0xe1, 0x4e, 0xb8, 0x7, 0x84, 0x8b,
    0xf0, 0x6, 0x22, 0x78, 0x7, 0xb3, 0x77, 0xf3,
    0x80, 0x7f, 0xf0, 0x4, 0x7f, 0x80, 0x33, 0x87,
    0x80, 0x7b, 0x3b, 0xbf, 0x38, 0x7, 0xff, 0x2a,
    0xf7, 0x46, 0x11, 0xba, 0xff, 0x60, 0x7, 0xfc,
    0xc4, 0x40, 0x8, 0x88, 0x0, 0x3a, 0xee, 0xfe,
    0xdc, 0xee, 0x0, 0x23, 0xb9, 0x20, 0x23, 0xff,
    0x18, 0x8c, 0x0, 0x31, 0x11, 0x80, 0x2b, 0x74,
    0x60, 0x3b, 0xbb, 0x0, 0x39, 0xc0, 0x31, 0x89,
    0x10, 0x42, 0x48, 0xb8, 0x0, 0x20, 0x1, 0x0,
    0x18, 0x8, 0x0, 0x48, 0x14, 0x12, 0xd0, 0x2,
    0x20, 0x1, 0x0, 0x4, 0x3, 0x38, 0x11, 0x0,
    0x53, 0x80, 0x26, 0x1, 0x0, 0xe7, 0x0, 0x68,
    0x50, 0x1, 0x41, 0x40, 0x2d, 0x5, 0x0, 0xbc,
    0x4, 0x5, 0x1, 0x40, 0x25, 0x5, 0x0, 0x20,
    0x60, 0x4, 0x20, 0x60, 0xc0, 0x64, 0x2b, 0x2a,
    0x1c, 0x2, 0x60, 0x80, 0x11, 0x80, 0x8a, 0x0,
    0xfb, 0x94, 0xc0, 0x4, 0x6, 0x1, 0x30, 0x9,
    0x83, 0xc8, 0x2, 0x10, 0x26, 0xa3, 0x5, 0xa0,
    0x70, 0xc, 0x40, 0x26, 0x0, 0x5a, 0xed, 0x95,
    0x8b, 0x22, 0x5, 0x80, 0x42, 0x20, 0x20, 0xcf,
    0xa5, 0x10, 0x9, 0x1a, 0x1, 0x4c, 0xc4, 0x48,
    0x0, 0x28, 0x18, 0x7, 0xee, 0x1, 0xb3, 0xcd,
    0xd3, 0x2, 0x8, 0x7, 0xfb, 0x87, 0x44, 0x88,
    0x0, 0x15, 0xa0, 0xf, 0xf8, 0xb8, 0xc0, 0x1b,
    0xfe, 0xea, 0x10,

    /* U+52BF "势" */
    0x0, 0xe4, 0x30, 0xf, 0xa, 0x18, 0x7, 0xff,
    0x0, 0xaf, 0x0, 0x3c, 0xb7, 0xc0, 0x1f, 0xfc,
    0x91, 0x1, 0x0, 0xfe, 0x9f, 0xf6, 0x80, 0x3f,
    0xdd, 0x3f, 0xea, 0x3, 0xff, 0xc8, 0x1, 0x84,
    0x3, 0xf0, 0x8c, 0x1, 0x8, 0x80, 0xe, 0x1,
    0xa3, 0xfd, 0xa0, 0xf, 0xf7, 0x47, 0x71, 0x82,
    0x3b, 0x84, 0x1, 0xff, 0xc0, 0x69, 0xb2, 0xe7,
    0x40, 0x20, 0xf, 0xe7, 0xad, 0xd0, 0x2, 0x59,
    0x28, 0x60, 0x81, 0x0, 0x2, 0x1, 0xec, 0x52,
    0x0, 0x9a, 0x2e, 0x30, 0x2, 0x81, 0x7, 0x0,
    0x8, 0x5, 0xf3, 0x98, 0x0, 0x4b, 0xa0, 0x38,
    0x4, 0xde, 0x64, 0xd, 0x38, 0x20, 0x8c, 0x62,
    0x1, 0xcf, 0x60, 0xba, 0x43, 0x7e, 0x1c, 0x86,
    0x20, 0xb, 0xfd, 0x2, 0x0, 0x2c, 0x2, 0xd1,
    0x6c, 0x41, 0xc5, 0xd, 0x0, 0x2d, 0x11, 0x24,
    0x80, 0x10, 0xa, 0xc0, 0x27, 0x1, 0xc7, 0x75,
    0x0, 0x4d, 0xdc, 0xb4, 0x0, 0x28, 0x10, 0x7,
    0xc5, 0x10, 0x10, 0xb, 0xbf, 0xfd, 0x60, 0xe,
    0xff, 0xfa, 0xc0, 0x3f, 0xfa, 0x3d, 0xde, 0xc0,
    0x4, 0xf7, 0x78, 0xc0, 0x80, 0x3c, 0x23, 0xd0,
    0x2, 0xc2, 0x3f, 0x7, 0x0, 0x7f, 0xa5, 0x2,
    0x80, 0x3e, 0x20, 0x20, 0xf, 0xc5, 0x8c, 0xe,
    0x80, 0x1e, 0x30, 0x3, 0x80, 0x79, 0x6f, 0x4c,
    0x1e, 0x0, 0x3e, 0xa0, 0x12, 0x0, 0xd5, 0xf4,
    0x80, 0x79, 0x0, 0x11, 0xff, 0xbb, 0xd8, 0x18,
    0x3, 0xa4, 0x5, 0xb3, 0x6, 0x1, 0x8c, 0x80,
    0x40, 0x56, 0x0, 0x38, 0xf7, 0xa4, 0xc0, 0x3e,
    0xdf, 0xfb, 0xa8, 0x3, 0x80,

    /* U+5371 "危" */
    0x0, 0xf9, 0x10, 0x40, 0x1f, 0xfc, 0x81, 0xbb,
    0x48, 0x7, 0xff, 0x22, 0xc0, 0x9, 0xdd, 0xbe,
    0xc8, 0x3, 0xff, 0x80, 0xaa, 0x0, 0x84, 0x70,
    0x25, 0x0, 0x7f, 0xc5, 0x40, 0x5d, 0xff, 0x90,
    0x6, 0x40, 0x3f, 0xc3, 0xe0, 0xf, 0x10, 0x8,
    0x90, 0x20, 0x40, 0x3f, 0x87, 0xc8, 0x1, 0xd9,
    0x9b, 0x40, 0x15, 0x99, 0xe8, 0x0, 0x1f, 0x88,
    0x4, 0x67, 0xc0, 0x11, 0x9f, 0xc4, 0x3, 0xa2,
    0x1, 0x45, 0xdf, 0xff, 0xe, 0x0, 0x70, 0xf0,
    0x0, 0xa8, 0x9f, 0xfc, 0x32, 0x0, 0x16, 0x10,
    0x6, 0x4e, 0xfb, 0xbf, 0x7d, 0xa8, 0x7, 0xff,
    0x0, 0x84, 0x11, 0x3c, 0x8, 0x40, 0x1f, 0x18,
    0x0, 0xc0, 0x35, 0xdf, 0x80, 0x2, 0x1, 0xfe,
    0x10, 0x8, 0xd1, 0x3c, 0x40, 0x60, 0x1f, 0x38,
    0x8, 0x7, 0xfc, 0x40, 0xc0, 0x1f, 0x10, 0x10,
    0x7, 0xf9, 0x0, 0x4, 0x1, 0xf6, 0x82, 0x80,
    0x7c, 0xbf, 0xeb, 0x2, 0x10, 0xf, 0x90, 0x3c,
    0x3, 0xe4, 0x11, 0x93, 0xc0, 0x10, 0x20, 0x12,
    0x8, 0x38, 0x7, 0xc3, 0xdd, 0x59, 0x0, 0xbf,
    0x8, 0x2, 0x1, 0x4, 0x3, 0xff, 0x84, 0xa0,
    0x1, 0x5, 0x30, 0xf0, 0x8, 0xc0, 0xcc, 0x23,
    0xf1, 0x78, 0x20, 0xd, 0x1, 0xa0, 0x4, 0x80,
    0xc, 0xee, 0xfb, 0x50, 0x38, 0x6, 0x47, 0x80,
    0x30, 0xd9, 0x88, 0x7, 0xe2, 0x85, 0x0, 0x37,
    0x90, 0x7, 0x26, 0x77, 0xff, 0xed, 0x70, 0x0,

    /* U+53D1 "发" */
    0x0, 0xff, 0x11, 0x80, 0x7f, 0xf1, 0x6, 0x58,
    0x40, 0x17, 0x9e, 0x1, 0x2e, 0x98, 0x7, 0xf3,
    0xb4, 0x98, 0x1, 0x40, 0x80, 0x2f, 0x2d, 0x20,
    0xf, 0xda, 0x6, 0x40, 0x2, 0x7, 0x0, 0xa8,
    0xc7, 0x4, 0x3, 0xc4, 0x81, 0x20, 0x1, 0x10,
    0x68, 0x6, 0xd1, 0x12, 0x0, 0x7a, 0x0, 0x54,
    0x0, 0x80, 0x3, 0x0, 0xc3, 0xba, 0x50, 0xe,
    0x55, 0x0, 0xff, 0xd4, 0x0, 0xbf, 0xfe, 0xcd,
    0xff, 0x20, 0x4, 0x20, 0x1f, 0xfc, 0xb4, 0x5b,
    0xcc, 0xa8, 0x0, 0x99, 0x9f, 0xe4, 0x0, 0xd4,
    0x86, 0x76, 0x80, 0x20, 0xcf, 0xfc, 0x1, 0xfe,
    0x60, 0x3, 0xa2, 0x79, 0x84, 0x3, 0xfe, 0x51,
    0x0, 0x5d, 0xfd, 0x3c, 0x80, 0x1f, 0xe8, 0x0,
    0xff, 0xe0, 0x20, 0x7, 0xf3, 0x90, 0x0, 0xff,
    0xfb, 0x80, 0xc, 0x1, 0xfc, 0x30, 0x1, 0x1b,
    0x0, 0x6b, 0x0, 0x40, 0x7, 0xf6, 0x80, 0x2a,
    0x81, 0x26, 0x0, 0x65, 0x8, 0x10, 0xf, 0xd4,
    0x60, 0xea, 0xb0, 0x69, 0xa4, 0x82, 0x38, 0x7,
    0xeb, 0x50, 0x48, 0x0, 0x51, 0x8e, 0x58, 0x15,
    0x0, 0x7c, 0x7a, 0x80, 0x96, 0x1, 0xb8, 0x3,
    0x78, 0x80, 0x79, 0x30, 0x81, 0x6c, 0x3, 0x3e,
    0x80, 0x6c, 0x71, 0x0, 0xe4, 0x60, 0xaa, 0x0,
    0x12, 0x7e, 0x0, 0x6a, 0x82, 0x28, 0xeb, 0x51,
    0x0, 0xa7, 0x94, 0xf, 0xed, 0x80, 0x5f, 0x95,
    0x5f, 0x2, 0x9, 0x5d, 0x60, 0x10, 0x80, 0xd,
    0x1, 0x2b, 0xa0, 0x2, 0x17, 0xea, 0x50, 0x4,
    0x80, 0x7d, 0x5f, 0x6a, 0x1, 0xf9, 0x6b, 0xf4,
    0x80,

    /* U+53EF "可" */
    0x69, 0x9f, 0xfe, 0x44, 0x63, 0x37, 0xff, 0x27,
    0x51, 0x3f, 0xf8, 0x60, 0x12, 0x24, 0xf7, 0x7f,
    0xfc, 0x3a, 0x0, 0x5d, 0xa8, 0x3, 0xff, 0x9a,
    0x68, 0x45, 0xf8, 0x3, 0xfe, 0x4c, 0xbd, 0xdf,
    0xb0, 0x3, 0xff, 0xb1, 0xff, 0xd4, 0x1, 0xff,
    0xc3, 0x10, 0xf, 0xff, 0xa8, 0x99, 0xf1, 0x0,
    0x7f, 0xf1, 0x33, 0x3a, 0x0, 0x3f, 0xfb, 0x23,
    0xff, 0xf7, 0x0, 0x7f, 0xce, 0x44, 0x0, 0xff,
    0xe3, 0x9e, 0xe0, 0x7, 0xff, 0x40, 0x55, 0x77,
    0x80, 0x7f, 0xf1, 0x6, 0x2a, 0xa5, 0x3, 0x0,
    0xff, 0xe1, 0xa8, 0x4, 0x2b, 0xc0, 0x1f, 0xfc,
    0x38, 0xff, 0xba, 0x88, 0x2,

    /* U+540C "同" */
    0x1, 0x1f, 0xfe, 0x31, 0x8, 0x3, 0xbb, 0xff,
    0x8d, 0xbc, 0x20, 0x1f, 0xfc, 0xdc, 0xee, 0xff,
    0xe1, 0x60, 0x7, 0x84, 0x7f, 0xf8, 0x80, 0x1f,
    0xbb, 0xbf, 0xf8, 0x2, 0x1, 0xfc, 0x23, 0xff,
    0xc0, 0x0, 0xff, 0x7f, 0xff, 0xf0, 0x4, 0x3,
    0xff, 0xa9, 0x5f, 0xec, 0xcf, 0x58, 0x7, 0xff,
    0x1, 0xc0, 0x6, 0x7e, 0x50, 0xf, 0xfe, 0x15,
    0x77, 0x6b, 0x0, 0xff, 0xe2, 0x8, 0xf3, 0x80,
    0x7f, 0xfc, 0x2f, 0xbb, 0x68, 0x7, 0xff, 0x14,
    0x47, 0x80, 0x3f, 0xf8, 0x97, 0xff, 0xee, 0x0,
    0xff, 0xe0, 0x22, 0x18, 0x3, 0xff, 0x8f, 0x36,
    0x40, 0x1e, 0x33, 0x90, 0x0, 0x20, 0x1f, 0xfc,
    0x3a, 0xcc, 0x48, 0x8, 0x7, 0xff, 0x13, 0x40,
    0x2, 0x9a, 0x0,

    /* U+5410 "吐" */
    0x0, 0xff, 0xe0, 0x97, 0xf8, 0xc0, 0x3e, 0x23,
    0x22, 0xc2, 0x1, 0xff, 0xc3, 0x2d, 0xcd, 0xdd,
    0xe0, 0x1f, 0xfd, 0xde, 0xe5, 0x80, 0x7f, 0xf1,
    0xc4, 0x67, 0x0, 0xff, 0xf2, 0x1f, 0xfe, 0xd0,
    0x6, 0x7f, 0xe9, 0x0, 0xfe, 0x70, 0xf, 0xfe,
    0x1, 0x80, 0x7f, 0x2d, 0xde, 0x80, 0x4, 0x5d,
    0xe8, 0x0, 0xfe, 0x14, 0x4c, 0xa0, 0x4, 0x4e,
    0x20, 0xf, 0xff, 0x28, 0x91, 0x18, 0x3, 0xff,
    0x91, 0xba, 0xa0, 0xf, 0xfe, 0xff, 0x77, 0x0,
    0x7f, 0xf1, 0x44, 0x78, 0x3, 0xff, 0x88, 0x5f,
    0xc0, 0x18, 0xcf, 0xc8, 0x0, 0x53, 0x3e, 0x10,
    0xf, 0xb7, 0x33, 0xa4, 0x1, 0x39, 0x9c, 0x80,
    0x1f, 0xfd, 0x2e, 0xff, 0xff, 0xe1, 0x28,

    /* U+541E "吞" */
    0x0, 0x27, 0xff, 0xff, 0x1a, 0x0, 0x30, 0x80,
    0x7f, 0xf2, 0xd7, 0x77, 0xd8, 0x0, 0x7d, 0xdf,
    0xd2, 0x1, 0xc4, 0x5e, 0x50, 0x4, 0x91, 0x7e,
    0x10, 0xf, 0xfa, 0xc1, 0x4, 0x3, 0xff, 0x80,
    0x68, 0x9e, 0x92, 0x3, 0x44, 0xff, 0x80, 0x1f,
    0x77, 0xe6, 0x0, 0x3d, 0xdf, 0xfa, 0x80, 0xa,
    0x45, 0xc0, 0x18, 0x88, 0x1, 0x88, 0xb9, 0x40,
    0x13, 0xbb, 0xa0, 0x0, 0xff, 0xba, 0xf4, 0x1,
    0xcd, 0xdd, 0x60, 0x1e, 0x3a, 0x3, 0x80, 0xd,
    0x44, 0x3e, 0x60, 0x1f, 0xcb, 0x80, 0x5a, 0x1,
    0xc3, 0xe2, 0x2c, 0x70, 0xf, 0xa6, 0x80, 0x5,
    0xdf, 0xfe, 0xd1, 0x0, 0x47, 0x30, 0x80, 0x1b,
    0x98, 0x3, 0xff, 0x88, 0x33, 0xc6, 0x16, 0x20,
    0x60, 0xc, 0xdd, 0xfd, 0x80, 0x7, 0x30, 0x23,
    0x9, 0x5d, 0xf0, 0x1, 0x17, 0xf8, 0x1, 0xb9,
    0x88, 0x0, 0x25, 0x10, 0x7, 0xff, 0x14, 0xd4,
    0x3, 0xff, 0xa8, 0x45, 0xfe, 0x0, 0xff, 0xe1,
    0x66, 0xef, 0xec, 0x0, 0xff, 0xed, 0x77, 0xff,
    0xee, 0x0, 0xff, 0x8f, 0xb8, 0x20, 0x1f, 0x87,
    0xfc, 0xa0, 0x18,

    /* U+544A "告" */
    0x0, 0xff, 0x1a, 0x8, 0x7, 0xff, 0x7, 0x74,
    0xc0, 0x16, 0xdb, 0x0, 0x7f, 0xf0, 0xc, 0x8a,
    0x0, 0xff, 0xe3, 0x48, 0x12, 0x0, 0x7f, 0xf1,
    0x4d, 0x40, 0xbf, 0xf0, 0x84, 0x7f, 0xfa, 0x80,
    0x37, 0x80, 0x7f, 0xf2, 0x1c, 0xc2, 0x77, 0x78,
    0x0, 0xdb, 0xbe, 0xb0, 0x2, 0xc0, 0x23, 0x11,
    0x70, 0x87, 0x11, 0x78, 0x40, 0xc, 0x63, 0x40,
    0x1f, 0xfc, 0x67, 0x99, 0x22, 0xaf, 0x84, 0x2d,
    0x57, 0xf0, 0xcd, 0x45, 0x57, 0xc0, 0x3, 0xaa,
    0xfc, 0x8c, 0x45, 0xff, 0xc8, 0x1b, 0xdd, 0xff,
    0xe4, 0x20, 0x4, 0x24, 0x5f, 0xfc, 0x21, 0x0,
    0xf7, 0xee, 0xff, 0xf0, 0xa0, 0x3, 0xff, 0xa5,
    0x3f, 0xff, 0xe3, 0x0, 0xff, 0xf5, 0x71, 0x17,
    0xf8, 0xc0, 0x3f, 0xcf, 0xbb, 0xfe, 0x0, 0xff,
    0xea, 0xcf, 0xff, 0xf8, 0xc0, 0x3f, 0x7f, 0x30,
    0x7, 0xfb, 0x3e, 0x40, 0x20,

    /* U+5668 "器" */
    0x0, 0xff, 0xe7, 0xf7, 0xff, 0xac, 0x1, 0x9f,
    0xff, 0x10, 0x7, 0xc2, 0x38, 0x3, 0xc2, 0x38,
    0x3, 0xfd, 0xfd, 0xc9, 0x0, 0xf5, 0x77, 0x40,
    0x1f, 0xfd, 0x64, 0x33, 0x70, 0x7, 0x8c, 0xf0,
    0x7, 0xfa, 0xb3, 0xc, 0x1, 0xe8, 0xcc, 0x80,
    0x3f, 0x22, 0x7f, 0xa, 0xa0, 0x82, 0x26, 0x30,
    0xe, 0xab, 0xbe, 0xe0, 0xb3, 0x9b, 0x30, 0x6e,
    0xbb, 0x8, 0x6, 0x11, 0xf1, 0x50, 0x29, 0x88,
    0xb2, 0xa, 0x8c, 0x44, 0x1, 0x67, 0x77, 0xb4,
    0x0, 0xbd, 0xda, 0x0, 0x19, 0xdd, 0x0, 0x1c,
    0x3, 0xff, 0x97, 0x7f, 0xf6, 0x90, 0x3, 0x3f,
    0xf4, 0x0, 0x23, 0xff, 0x70, 0x7, 0x3e, 0x91,
    0x34, 0xc0, 0x33, 0xc8, 0x46, 0xa0, 0x7, 0x9b,
    0xe0, 0x1, 0xc, 0x84, 0x0, 0x34, 0x29, 0x2,
    0xbf, 0x71, 0x1, 0xe9, 0x0, 0xd5, 0x76, 0x90,
    0x7, 0xdd, 0xa4, 0x3, 0x47, 0x18, 0xc1, 0x0,
    0xd, 0x10, 0x40, 0x1e, 0x24, 0x48, 0x2, 0x83,
    0x6, 0xd1, 0xe, 0xbb, 0x50, 0x7, 0xa2, 0xee,
    0x0, 0x63, 0x80, 0x7f, 0xf4, 0xb7, 0x68, 0x0,
    0xf5, 0x6e, 0xc0, 0x1f, 0xf1, 0x10, 0x3, 0xf1,
    0x14, 0x1, 0xfe, 0xad, 0xd3, 0x0, 0x79, 0xf7,
    0x60, 0xf, 0xd9, 0xaa, 0x44, 0x9f, 0xb0, 0x6,
    0xea, 0x8, 0xaf, 0xf1, 0x80, 0x0,

    /* U+5728 "在" */
    0x0, 0xfe, 0x52, 0x0, 0xff, 0xe4, 0xd, 0x6b,
    0x0, 0x7f, 0xf1, 0xd0, 0x0, 0xe0, 0x1f, 0xfc,
    0x7e, 0x4, 0x10, 0xf, 0xfe, 0x2, 0xf7, 0x77,
    0xa0, 0x27, 0x77, 0xfd, 0x80, 0x1, 0x1e, 0x0,
    0xc2, 0x3f, 0xfc, 0x0, 0x4b, 0xbd, 0x40, 0x3,
    0xbb, 0xff, 0xe0, 0x70, 0xa, 0x26, 0xd0, 0x1d,
    0x44, 0xc0, 0x4e, 0x89, 0xc6, 0x1, 0xc4, 0xe1,
    0x22, 0x1, 0xa2, 0x6c, 0x3, 0xfe, 0xe0, 0x27,
    0x0, 0xff, 0xe3, 0x51, 0x84, 0x80, 0x7f, 0xf1,
    0x99, 0x40, 0x8, 0x1, 0xff, 0xc5, 0x69, 0x0,
    0x18, 0x3, 0xff, 0x8c, 0x1f, 0xff, 0x50, 0x2,
    0x24, 0x3, 0xff, 0x92, 0x40, 0x6e, 0x1, 0xbf,
    0xbb, 0x10, 0x37, 0x76, 0xa0, 0x4, 0x2e, 0x78,
    0x7, 0x8, 0xf0, 0x8, 0xf0, 0x4, 0x54, 0x1,
    0xff, 0xff, 0x0, 0xff, 0xe5, 0x67, 0x77, 0x18,
    0x3f, 0x77, 0x58, 0x7, 0xe2, 0x11, 0xe0, 0x8,
    0x47, 0x9c, 0x3, 0xff, 0x96,

    /* U+5931 "失" */
    0x0, 0xff, 0xa, 0x20, 0x3, 0xff, 0x89, 0x94,
    0x80, 0x7, 0xbb, 0x0, 0x7f, 0xf0, 0xd0, 0xd4,
    0x3, 0xff, 0x93, 0xa0, 0x4, 0x0, 0xff, 0xe4,
    0x38, 0x11, 0x9d, 0xe0, 0x3, 0x3f, 0x88, 0x3,
    0xcc, 0x20, 0x59, 0x93, 0x0, 0x33, 0x3e, 0x90,
    0xf, 0x40, 0x7, 0xff, 0x29, 0xc4, 0x2b, 0xbb,
    0x40, 0x3, 0xbb, 0xeb, 0x0, 0xc5, 0x0, 0x6a,
    0x23, 0xc0, 0x1, 0x1f, 0x80, 0x3a, 0x80, 0x1e,
    0x1, 0xc2, 0x1, 0xff, 0xc2, 0x8c, 0x93, 0x0,
    0xef, 0x1, 0x0, 0xff, 0xe0, 0x2b, 0x1a, 0xaf,
    0x9c, 0x5, 0x57, 0xf8, 0xc0, 0x17, 0x55, 0xf8,
    0x2, 0xaa, 0xfe, 0x90, 0x1, 0x88, 0xfc, 0x1,
    0xc2, 0x3f, 0x8c, 0x1, 0xbd, 0xdf, 0x40, 0x6,
    0xce, 0xef, 0xa4, 0x3, 0xf8, 0x64, 0xc, 0xc1,
    0x20, 0x1f, 0xfc, 0x5b, 0x10, 0x8f, 0x4, 0x70,
    0xf, 0xfe, 0x1c, 0xa8, 0x2a, 0x1b, 0x4, 0x28,
    0x7, 0xff, 0x0, 0x69, 0x80, 0xac, 0x1, 0x26,
    0x14, 0xe0, 0x1f, 0xe5, 0xf5, 0x2, 0xc1, 0x0,
    0xb4, 0x82, 0x30, 0xc0, 0x38, 0x5b, 0x68, 0x41,
    0x74, 0x40, 0x30, 0xe2, 0x1, 0xe6, 0x14, 0x40,
    0x1f, 0x24, 0x5, 0x74, 0x1, 0xf0, 0xdc, 0x88,
    0x1d, 0x78, 0x2, 0x81, 0x2b, 0x50, 0x3, 0xfc,
    0xdd, 0x6, 0x14, 0x0, 0x4e, 0xb5, 0x0, 0xff,
    0xe1, 0x3e, 0x72, 0x0,

    /* U+5B58 "存" */
    0x0, 0xfe, 0x20, 0xf, 0xfe, 0x50, 0xef, 0x20,
    0x7, 0xff, 0x21, 0x0, 0x54, 0x3, 0xff, 0x84,
    0x45, 0xe8, 0x2, 0x32, 0x2f, 0xf0, 0x80, 0x17,
    0x77, 0xc4, 0x5, 0xbb, 0xff, 0x60, 0x7, 0xff,
    0x39, 0x7f, 0xf7, 0x0, 0x1f, 0xff, 0xff, 0x81,
    0xa0, 0x1f, 0x48, 0x2, 0x40, 0x3f, 0xf8, 0xe4,
    0xe1, 0x3, 0x7b, 0xbf, 0xbf, 0x8, 0x3, 0xe9,
    0x1, 0x70, 0x62, 0x2f, 0xc0, 0x6a, 0x1, 0xea,
    0x40, 0xa0, 0x7, 0xe6, 0x79, 0x80, 0xe, 0xe0,
    0xe, 0x45, 0x0, 0x20, 0x0, 0x8c, 0xf9, 0x18,
    0x22, 0x0, 0x1c, 0x96, 0x0, 0x40, 0xf, 0x87,
    0x20, 0x29, 0xc0, 0x39, 0xac, 0x2, 0x10, 0xf,
    0x90, 0xc3, 0x54, 0x3, 0xd0, 0x2, 0x80, 0x11,
    0xa2, 0x76, 0x0, 0x19, 0x13, 0x80, 0x12, 0x7e,
    0x60, 0x17, 0x5d, 0xf3, 0x0, 0x2e, 0xfc, 0x0,
    0x7c, 0x10, 0xc, 0xe4, 0x5c, 0x1, 0x11, 0x78,
    0x3, 0xfa, 0xb7, 0x7a, 0xc0, 0x1b, 0xbe, 0x0,
    0xff, 0xf8, 0x8, 0xc4, 0x1, 0xff, 0xc8, 0xfe,
    0xe4, 0x80, 0x80, 0x7f, 0xf1, 0x9c, 0x2, 0x3a,
    0x0, 0xff, 0xa3, 0xe8, 0x3, 0x4f, 0xfd, 0x88,
    0x1, 0xf0,

    /* U+5BB9 "容" */
    0x0, 0xff, 0x88, 0xc0, 0x3f, 0xf9, 0x35, 0xb8,
    0x20, 0x1f, 0xfc, 0x1, 0x1f, 0xdc, 0x0, 0xa1,
    0x1f, 0xc0, 0x11, 0x77, 0x7e, 0xb0, 0x2, 0x77,
    0x7e, 0x20, 0xf, 0xfe, 0x8f, 0x7f, 0xff, 0xf0,
    0xb4, 0x3, 0xfe, 0xde, 0x60, 0xc, 0xbf, 0x0,
    0x1f, 0x8d, 0x54, 0x22, 0xc2, 0x4, 0x0, 0xc4,
    0xf, 0xa6, 0x65, 0x51, 0x80, 0x6, 0xa8, 0x78,
    0x63, 0xa4, 0x13, 0x86, 0xfa, 0x44, 0xc7, 0xaa,
    0x8, 0x4, 0x31, 0x84, 0x4c, 0x30, 0x66, 0x1d,
    0x1, 0x6a, 0x84, 0xc8, 0x3, 0x99, 0xc1, 0x30,
    0x81, 0x24, 0x0, 0xca, 0x0, 0xa7, 0x6, 0x40,
    0xc, 0xee, 0x9b, 0x10, 0x5b, 0x5, 0x80, 0xa7,
    0x0, 0x44, 0xd2, 0x0, 0x74, 0x30, 0x2, 0x28,
    0x16, 0x9e, 0x42, 0x2c, 0x41, 0x94, 0x3, 0xf1,
    0xeb, 0x83, 0xd0, 0x1, 0xac, 0x53, 0x9c, 0x3,
    0xf0, 0xce, 0x10, 0x54, 0x88, 0xe5, 0xc3, 0x8,
    0xe7, 0x10, 0x8, 0xeb, 0x98, 0x2, 0xae, 0xef,
    0x69, 0x80, 0x6, 0x3a, 0x40, 0x10, 0xa0, 0x60,
    0x1f, 0xfc, 0x26, 0x10, 0xf0, 0x5, 0x36, 0x60,
    0x1, 0xbf, 0xff, 0xb0, 0x1, 0x1d, 0x4c, 0x0,
    0x19, 0x30, 0xf, 0xfe, 0x2a, 0x80, 0x7f, 0xf5,
    0x77, 0xff, 0xf6, 0x0, 0x7f, 0xf6, 0xb3, 0xbb,
    0xf5, 0x80, 0x7f, 0xf0, 0x3b, 0x86, 0x23, 0xf9,
    0x3f, 0xc2, 0x1, 0x80,

    /* U+5DF2 "已" */
    0x8f, 0xff, 0xfe, 0x2a, 0x80, 0x42, 0x1, 0xff,
    0xc9, 0xbb, 0xff, 0xe2, 0x0, 0x78, 0x91, 0x3f,
    0xf8, 0x60, 0x1f, 0x24, 0xc0, 0x7, 0xff, 0x1c,
    0xd9, 0x80, 0x1f, 0xff, 0x51, 0xff, 0xff, 0xe0,
    0x0, 0x7f, 0xf5, 0x2e, 0xff, 0xf8, 0x0, 0x1f,
    0xc2, 0x89, 0xff, 0xc0, 0x88, 0x38, 0x7, 0xff,
    0x1d, 0xdc, 0x40, 0x1f, 0xfc, 0xa3, 0x0, 0xff,
    0xe4, 0xe6, 0xa0, 0x7, 0xff, 0x18, 0x40, 0x80,
    0x2, 0x1, 0xff, 0xc4, 0x40, 0x2, 0x81, 0x0,
    0xa8, 0x7, 0xff, 0x0, 0xe0, 0x8, 0x41, 0x0,
    0x15, 0xff, 0xff, 0xc0, 0xc2, 0xb, 0x0, 0xb0,
    0xc0, 0x3f, 0xf8, 0x43, 0xc, 0x1, 0x1e, 0x76,
    0x5d, 0xff, 0xdb, 0xce, 0x0,

    /* U+5E27 "帧" */
    0x0, 0xe1, 0x0, 0xff, 0xe4, 0xef, 0x8, 0x7,
    0xc9, 0xfc, 0x1, 0xff, 0xca, 0x11, 0xf0, 0x7,
    0xff, 0x1b, 0xbb, 0x80, 0x3f, 0xf9, 0xb5, 0x51,
    0x5, 0x67, 0xb0, 0x7, 0x87, 0xff, 0x80, 0x55,
    0x60, 0x2, 0x18, 0x78, 0x44, 0x52, 0x3, 0x11,
    0x80, 0x32, 0xf8, 0x87, 0x60, 0x0, 0x5d, 0xe2,
    0x0, 0x3b, 0xe0, 0xf, 0x18, 0x0, 0x40, 0x30,
    0xcc, 0xf4, 0x0, 0x7f, 0xf1, 0xd, 0x9b, 0xc0,
    0x1f, 0xfc, 0x61, 0xff, 0x0, 0x7f, 0xff, 0xc0,
    0x3f, 0xfa, 0x4c, 0x2, 0x1, 0x88, 0x3, 0xff,
    0x84, 0x96, 0x1e, 0x1, 0x94, 0xc, 0x3, 0xff,
    0x80, 0x84, 0xac, 0x1, 0xa8, 0x10, 0x3, 0xc3,
    0xd4, 0x1, 0xb6, 0x84, 0x5f, 0xb0, 0x61, 0x2e,
    0x1f, 0xe0, 0x8, 0x40, 0x3f, 0xd2, 0xe1, 0x32,
    0x8e, 0x80, 0xf, 0xfe, 0x0, 0xbf, 0x30, 0x43,
    0x44, 0x1, 0xf9, 0x0, 0x3f, 0x87, 0xe0, 0x4b,
    0x1c, 0x0, 0xfa, 0x83, 0x64, 0x1, 0xf8, 0x68,
    0xeb, 0x4c, 0x3, 0x15, 0xc3, 0x90, 0x6, 0xdf,
    0x10, 0x2, 0x62, 0x80, 0x7e, 0x78, 0x0,

    /* U+5E38 "常" */
    0x0, 0xff, 0x33, 0x4, 0x3, 0x8, 0x7, 0xd3,
    0xee, 0x1, 0xc, 0xc9, 0x40, 0x26, 0xeb, 0x20,
    0xe, 0xe0, 0x83, 0x0, 0xfc, 0x52, 0x2, 0x40,
    0x1c, 0xe4, 0x16, 0x1, 0xfa, 0xc1, 0x28, 0x2,
    0x1d, 0xd8, 0x81, 0x77, 0x5c, 0x0, 0xbd, 0xd2,
    0x2, 0xee, 0xc6, 0x4, 0x50, 0x0, 0x8a, 0x0,
    0xc4, 0x50, 0x9, 0x14, 0xe0, 0x16, 0x6e, 0xff,
    0xf0, 0xc0, 0x3c, 0x44, 0x33, 0xff, 0xe0, 0x11,
    0x0, 0x3e, 0x4e, 0xef, 0xfe, 0x3, 0x0, 0x73,
    0x30, 0x40, 0x26, 0x6f, 0xc0, 0x19, 0x9a, 0x19,
    0x90, 0x4, 0x33, 0x3f, 0x84, 0x2, 0x99, 0x10,
    0x7, 0x86, 0xab, 0xf0, 0x80, 0x7f, 0xf0, 0x55,
    0x7f, 0x0, 0x7f, 0xc9, 0xff, 0xc2, 0x11, 0xff,
    0x98, 0x3, 0xe1, 0x1f, 0xc1, 0xe2, 0x3f, 0x0,
    0x68, 0xee, 0xf8, 0x0, 0xfd, 0xde, 0xc0, 0xf,
    0xfe, 0x81, 0x7f, 0xf0, 0x84, 0x7f, 0xe7, 0x0,
    0xff, 0xf9, 0x57, 0x71, 0xc0, 0x40, 0x37, 0x80,
    0x80, 0x7f, 0x60, 0x88, 0xa, 0x0, 0x33, 0xfe,
    0x0, 0x7f, 0x36, 0xf7, 0xea, 0x0, 0x0,

    /* U+5E74 "年" */
    0x0, 0xff, 0xe7, 0xf6, 0xa8, 0x7, 0xff, 0x19,
    0x84, 0x9c, 0x3, 0xff, 0x8d, 0x60, 0x6, 0x44,
    0xff, 0xe0, 0x10, 0x6, 0x62, 0x0, 0x5d, 0xff,
    0xf0, 0x64, 0x2, 0x19, 0x0, 0xff, 0xe4, 0x50,
    0x3, 0xbf, 0xf8, 0x42, 0x7f, 0xfd, 0x60, 0x8,
    0x40, 0x91, 0x0, 0xff, 0xe2, 0x3b, 0x81, 0x58,
    0x3, 0xff, 0x8a, 0xa4, 0x77, 0xff, 0xf0, 0x84,
    0xff, 0xf8, 0x80, 0xb7, 0x4, 0x3, 0xff, 0x99,
    0x5b, 0xb8, 0x0, 0xdb, 0xbe, 0x20, 0xf, 0x98,
    0x8b, 0x8, 0x79, 0x17, 0x80, 0x3f, 0xfc, 0x48,
    0xab, 0x0, 0x2d, 0x57, 0x8, 0x6a, 0xaf, 0xeb,
    0xaa, 0x80, 0xf, 0x55, 0x80, 0x9, 0x55, 0xf8,
    0x84, 0x7f, 0xc0, 0x10, 0x8f, 0xc5, 0xbd, 0xdf,
    0xe1, 0x9, 0xee, 0xfb, 0x40, 0x3f, 0xff, 0xe0,
    0x1f, 0xfc, 0x10,

    /* U+5EA6 "度" */
    0x0, 0xff, 0xe0, 0x19, 0x80, 0x3f, 0xf9, 0x37,
    0x9a, 0x1, 0xff, 0xc9, 0xe0, 0x15, 0x0, 0xff,
    0x8b, 0xff, 0xf5, 0x0, 0x2b, 0xff, 0xed, 0x0,
    0xff, 0xe9, 0x5f, 0x74, 0xcc, 0xce, 0xed, 0x6c,
    0xce, 0xeb, 0x0, 0x3c, 0xc2, 0x33, 0xb0, 0x8,
    0xf3, 0x38, 0x8e, 0x0, 0xf2, 0xd5, 0x42, 0x1b,
    0x55, 0xc0, 0x35, 0x53, 0x0, 0x7b, 0x55, 0x60,
    0x0, 0xaa, 0xe0, 0x9, 0x56, 0xc0, 0xf, 0x4e,
    0x64, 0x0, 0x9c, 0xcc, 0xe0, 0xc, 0xca, 0xc0,
    0x3c, 0x46, 0x70, 0x82, 0x99, 0xed, 0x1, 0x33,
    0x84, 0x3, 0xff, 0x81, 0x15, 0x5a, 0x40, 0x3f,
    0x84, 0x0, 0x20, 0x1c, 0x8a, 0xb8, 0xc0, 0x3f,
    0x9c, 0x3, 0xdf, 0xdd, 0xfb, 0xc0, 0x3e, 0x10,
    0x20, 0xaa, 0xae, 0xff, 0xb7, 0xd4, 0x3, 0x88,
    0x4, 0x4a, 0xbf, 0xfc, 0x3, 0x8, 0x0, 0xed,
    0x6, 0x1d, 0xc2, 0x4, 0xdd, 0xf1, 0x80, 0x38,
    0x3, 0x9c, 0x34, 0x8, 0xe4, 0x12, 0xc, 0x88,
    0x12, 0x61, 0x66, 0x1, 0xc4, 0x6, 0x1, 0x25,
    0x8a, 0xfc, 0xd6, 0xa1, 0x62, 0x0, 0x72, 0x80,
    0x10, 0x3, 0x25, 0x0, 0xb2, 0x80, 0xf9, 0x80,
    0x7b, 0xc0, 0xc1, 0x5e, 0xb3, 0xac, 0x3, 0x87,
    0x75, 0x4e, 0xa8, 0x2, 0xa1, 0x41, 0x10, 0x53,
    0x13, 0x7b, 0xfe, 0x83, 0x2, 0x58, 0xae, 0x1,
    0xe7, 0x60, 0x88, 0x56, 0xfe, 0x42, 0x0, 0xbe,
    0x7d, 0xc3, 0x25, 0x80,

    /* U+5EB7 "康" */
    0x0, 0xff, 0xe0, 0x1a, 0x80, 0x7f, 0xf2, 0x57,
    0x29, 0x0, 0x3f, 0xf8, 0x9, 0x8, 0x9e, 0x10,
    0x5, 0xa2, 0x7e, 0x0, 0x8a, 0xde, 0xef, 0xe0,
    0xa, 0xef, 0xf0, 0x80, 0x71, 0x9f, 0xc0, 0x11,
    0x9f, 0xe1, 0x0, 0xec, 0xcf, 0xa4, 0x7, 0x33,
    0xf0, 0x7, 0xc5, 0x55, 0xd2, 0x3, 0x55, 0xd2,
    0x1, 0xfc, 0x2a, 0xbc, 0x1, 0x2a, 0xf3, 0x0,
    0x7f, 0x1f, 0xff, 0x48, 0xf, 0xfd, 0x80, 0x1f,
    0xe3, 0x99, 0xf8, 0x6, 0x66, 0xe0, 0x6, 0x60,
    0x80, 0x39, 0x9b, 0xe0, 0x9, 0x9a, 0x20, 0x1,
    0x98, 0x40, 0x39, 0x7f, 0xfd, 0x20, 0xf, 0xfb,
    0x0, 0x1b, 0xa3, 0x0, 0x8, 0x4, 0x91, 0x1e,
    0x0, 0x44, 0x52, 0x0, 0x22, 0x0, 0x4e, 0x4,
    0x6, 0xef, 0xc2, 0x0, 0x77, 0x94, 0x3, 0xe1,
    0x1, 0x4, 0x3c, 0xff, 0xa4, 0x1, 0xdf, 0xf6,
    0xb8, 0x7, 0x10, 0x30, 0x51, 0xe3, 0x80, 0x75,
    0x80, 0x13, 0x1e, 0xc0, 0x37, 0x1, 0x84, 0xd0,
    0xc4, 0x86, 0x0, 0x16, 0x26, 0xc5, 0x68, 0x3,
    0x28, 0x60, 0x1, 0x71, 0x7, 0x54, 0x0, 0x2e,
    0xc7, 0x94, 0x20, 0x18, 0xc1, 0xc0, 0x9, 0x8,
    0xe6, 0x20, 0x38, 0x20, 0x20, 0x1e, 0x40, 0x12,
    0x8e, 0xb5, 0x18, 0xe8, 0x0, 0x17, 0x99, 0x66,
    0x18, 0x40, 0x1c, 0x8, 0x6, 0x27, 0x5c, 0xe0,
    0x1c, 0x39, 0x2, 0x73, 0xe2, 0x25, 0xe, 0x8,
    0xbc, 0x5c, 0xca, 0x0, 0xc0, 0x27, 0xe9, 0x3b,
    0x11, 0x62, 0xa0, 0x1a, 0x0, 0x18, 0xcc, 0x27,
    0x20, 0x1c, 0xd8, 0xa0, 0x3, 0xa0, 0xf, 0x57,
    0xfd, 0x88, 0x1, 0xfc,

    /* U+5EF6 "延" */
    0x0, 0xff, 0xe4, 0x8, 0x7, 0xf0, 0x80, 0x7f,
    0x12, 0xc6, 0x75, 0x80, 0x5d, 0xff, 0xba, 0xc0,
    0x4d, 0x5e, 0xb3, 0xf6, 0x9c, 0xc1, 0x54, 0x1,
    0xfe, 0x8c, 0xa8, 0x53, 0x0, 0x9a, 0xb7, 0x94,
    0x1, 0xdd, 0x80, 0x10, 0x14, 0xaf, 0x35, 0x94,
    0x3, 0x2a, 0x40, 0x1c, 0x22, 0x70, 0x43, 0x3,
    0xa8, 0x65, 0x30, 0xf, 0xfe, 0xc, 0x7, 0x80,
    0x7f, 0xf2, 0x20, 0x51, 0x0, 0x14, 0x48, 0x80,
    0x7f, 0xf0, 0x4d, 0xc2, 0x40, 0x33, 0x30, 0x80,
    0x30, 0xcc, 0xe7, 0x0, 0x16, 0x0, 0x37, 0xfc,
    0xc0, 0x1f, 0xcc, 0xda, 0x80, 0xa, 0x1, 0xe1,
    0x0, 0xfe, 0x88, 0xe0, 0x3, 0xd7, 0x74, 0x80,
    0x40, 0x1f, 0x85, 0xdf, 0x28, 0x4, 0x86, 0x22,
    0x60, 0x70, 0xf, 0xfe, 0x21, 0xf4, 0x0, 0x90,
    0x10, 0x7, 0xff, 0x10, 0xc1, 0x45, 0x0, 0xc0,
    0x3f, 0xf8, 0xcc, 0x13, 0x81, 0x60, 0x1c, 0x22,
    0x30, 0x11, 0xf0, 0x5, 0x60, 0xec, 0x8, 0x1,
    0xb3, 0xb9, 0x20, 0xe, 0xee, 0x10, 0x1, 0x30,
    0x0, 0x4c, 0x3, 0xff, 0x8f, 0x0, 0x1, 0x20,
    0x7, 0x7f, 0xff, 0xf0, 0x4, 0x2, 0x80, 0xb,
    0x60, 0x40, 0x3f, 0xf8, 0x8c, 0xc0, 0x83, 0x7,
    0xec, 0x86, 0x43, 0x22, 0xf8, 0xc4, 0x1e, 0x41,
    0x5f, 0x24, 0x80, 0xde, 0x6f, 0x37, 0x7e, 0xc3,
    0x1b, 0x4, 0xa0, 0x3, 0x6e, 0x42, 0x98, 0x80,
    0x7e, 0x32, 0x1c, 0x7b, 0x0, 0xe3, 0x7a, 0xce,
    0xff, 0xfd, 0x80,

    /* U+5F85 "待" */
    0x0, 0xff, 0xe8, 0xcd, 0xa0, 0x7, 0xbb, 0xd4,
    0x3, 0xfe, 0x66, 0x21, 0x0, 0x7f, 0xf1, 0xda,
    0x41, 0xd8, 0x4, 0x7c, 0x4, 0x23, 0xc0, 0x1a,
    0x24, 0x1a, 0x0, 0x7b, 0xb8, 0x1, 0x1d, 0xda,
    0x80, 0x3, 0x6e, 0xd, 0x20, 0x1, 0x0, 0xff,
    0xe0, 0x8, 0x0, 0x5c, 0x26, 0x41, 0x28, 0x1f,
    0xfc, 0x21, 0x5f, 0xfa, 0x80, 0x2f, 0xc6, 0x8,
    0x6a, 0x10, 0xf, 0xfe, 0x21, 0x98, 0x15, 0xc1,
    0xe6, 0x23, 0x84, 0x2e, 0x23, 0xc2, 0x1, 0x25,
    0x1, 0x73, 0xbf, 0x80, 0x2, 0xef, 0xe3, 0x0,
    0x1d, 0x80, 0x25, 0x22, 0x3f, 0x8c, 0x1, 0x11,
    0x18, 0x26, 0x0, 0x4e, 0x6e, 0xff, 0xd2, 0x2,
    0xef, 0xa, 0xd8, 0x8, 0x6, 0x12, 0x2f, 0xe0,
    0x12, 0x20, 0x82, 0x0, 0xe0, 0x80, 0x5d, 0xbb,
    0xfa, 0x0, 0x1b, 0xae, 0x1, 0x9f, 0x20, 0xc,
    0x20, 0x1f, 0xfc, 0x11, 0x0, 0x30, 0x80, 0x77,
    0x7e, 0x5f, 0xff, 0x50, 0xf, 0xfb, 0x80, 0x3f,
    0xc9, 0x96, 0x60, 0x1f, 0xfc, 0x84, 0x40, 0x68,
    0x7, 0xff, 0x26, 0x84, 0x52, 0x1, 0xff, 0xc8,
    0x18, 0x4, 0x0, 0xff, 0xe4, 0xb4, 0xe8, 0x80,
    0xc, 0x3, 0xff, 0x8c, 0xc1, 0x9f, 0xe9, 0x2,
    0x0, 0xff, 0xe3, 0x28, 0x4, 0x7e, 0x1, 0xfb,
    0xf8, 0xc0, 0x3e, 0x8f, 0xfb, 0xc, 0x3, 0x0,

    /* U+6001 "态" */
    0x0, 0xff, 0x33, 0x8, 0x3, 0xff, 0x8e, 0x33,
    0x26, 0x0, 0xff, 0xe3, 0x90, 0x1, 0x40, 0x3f,
    0xf8, 0xea, 0x0, 0x10, 0xf, 0xf5, 0x7f, 0xfe,
    0x90, 0x7, 0xff, 0xf7, 0x0, 0x7f, 0xf3, 0x2b,
    0xbb, 0xeb, 0x0, 0x8, 0xf, 0x77, 0xde, 0x0,
    0x11, 0xfb, 0xc0, 0xbc, 0x5, 0x84, 0x7e, 0x0,
    0xfc, 0xa8, 0x16, 0x2e, 0x10, 0x80, 0x1f, 0xfc,
    0x14, 0xa0, 0x36, 0x8, 0x30, 0xb4, 0x0, 0xff,
    0x9a, 0xc0, 0x69, 0xc0, 0x1a, 0x21, 0x6e, 0x1,
    0xf9, 0x32, 0x40, 0x5e, 0x63, 0x48, 0x70, 0x42,
    0x35, 0x80, 0x22, 0x7d, 0xb3, 0x5, 0xf9, 0x90,
    0x16, 0xa9, 0x7a, 0x1, 0x4f, 0xd0, 0x54, 0x10,
    0x1d, 0xd0, 0x83, 0x60, 0x87, 0x80, 0xdd, 0x10,
    0x0, 0x82, 0x11, 0xf7, 0x10, 0x2, 0x5e, 0xbb,
    0x50, 0x4, 0xbb, 0x8f, 0x0, 0xb, 0xc6, 0x4,
    0x85, 0xf, 0x2a, 0x70, 0xc, 0xd8, 0x10, 0x1,
    0xbe, 0xdf, 0x1f, 0x82, 0x90, 0x34, 0x80, 0x2f,
    0x3f, 0x0, 0xe4, 0x4, 0x0, 0xeb, 0x21, 0xf0,
    0xa, 0xc0, 0xd0, 0x2, 0x50, 0x13, 0x0, 0xf7,
    0x83, 0x88, 0xa4, 0x54, 0x3c, 0x2, 0xe0, 0x70,
    0xf, 0x8b, 0xa8, 0x49, 0xb6, 0x41, 0x8, 0xd,
    0x3, 0x43, 0xc1, 0x84, 0x2, 0x10, 0x1a, 0x5,
    0x32, 0xa, 0x4, 0x2, 0x40, 0x30, 0x2e, 0xff,
    0xee, 0x60, 0xd0, 0x50, 0x30, 0x7c, 0xe0, 0x2,
    0x41, 0x0, 0x7c, 0x2c, 0xc0, 0xac, 0xb0,

    /* U+603B "总" */
    0x0, 0xff, 0xe8, 0xb6, 0x8, 0x7, 0x97, 0x18,
    0x3, 0xfe, 0xb3, 0xd0, 0xf, 0x49, 0xd8, 0x7,
    0xfd, 0xe0, 0x6c, 0x1, 0x90, 0xc2, 0x0, 0x3f,
    0xe2, 0x60, 0x80, 0xd, 0x0, 0x8a, 0x1, 0xfc,
    0x89, 0x78, 0x22, 0x6a, 0x30, 0xd4, 0x41, 0x0,
    0x7d, 0x57, 0x69, 0x5, 0xbb, 0x94, 0x1, 0x37,
    0x68, 0x0, 0xfe, 0x12, 0x2f, 0x84, 0x88, 0x1,
    0xff, 0xc0, 0x6d, 0xdf, 0xbb, 0x74, 0x20, 0x1f,
    0xfe, 0xd7, 0xee, 0xff, 0x8, 0x7, 0xff, 0x0,
    0x47, 0xfc, 0x1, 0xfe, 0xdb, 0xbe, 0x92, 0xbb,
    0xfa, 0x0, 0x3e, 0x34, 0x4e, 0x82, 0x96, 0x44,
    0xe3, 0x0, 0xe1, 0x74, 0x9, 0xfc, 0xd, 0x12,
    0xc2, 0x0, 0xa7, 0x88, 0x3, 0x3c, 0x48, 0x7,
    0x1e, 0x8, 0xb0, 0x40, 0x4, 0x1e, 0x1, 0xb4,
    0x1c, 0x3, 0xc5, 0x82, 0x4, 0x0, 0xa1, 0x28,
    0x0, 0xa, 0x7, 0x80, 0x7c, 0x55, 0x86, 0x42,
    0x28, 0x7, 0x20, 0x60, 0x2, 0x80, 0x7e, 0x42,
    0x4, 0xe9, 0x62, 0xb, 0x19, 0x6, 0x0, 0x8,
    0x11, 0x4, 0x7d, 0xa0, 0x61, 0x0, 0x1, 0xb3,
    0x80, 0x6, 0x80, 0xef, 0x77, 0x90, 0x3c, 0x16,
    0xe4, 0x17, 0x4, 0x0, 0xb0, 0x40, 0x1f, 0xb,
    0xa8, 0x1, 0x0,

    /* U+610F "意" */
    0x0, 0xff, 0x23, 0x80, 0x7f, 0xf1, 0xc6, 0xe1,
    0x80, 0x3f, 0xeb, 0xcc, 0xf6, 0x80, 0x27, 0x33,
    0xe4, 0x0, 0x90, 0xcf, 0xe0, 0x8, 0xcf, 0xe2,
    0x0, 0xbf, 0xec, 0x21, 0xff, 0xf4, 0x1, 0xf7,
    0xf9, 0x80, 0x3c, 0x66, 0x14, 0x0, 0xea, 0x5,
    0x10, 0xc, 0x39, 0x9c, 0x21, 0x79, 0x9b, 0x88,
    0x13, 0x33, 0x40, 0x19, 0xf0, 0x4, 0x67, 0x84,
    0x0, 0x46, 0x78, 0x87, 0xff, 0xff, 0x91, 0x40,
    0x12, 0x7f, 0xff, 0xf0, 0xb8, 0x3, 0xc2, 0x2,
    0xef, 0xfe, 0x50, 0x10, 0xf, 0xc7, 0x33, 0xfe,
    0xf0, 0xf, 0xf1, 0x77, 0x7f, 0xa8, 0x3, 0xfc,
    0x35, 0x5f, 0xe7, 0x0, 0xff, 0x18, 0x8f, 0xfb,
    0xc0, 0x3f, 0xc5, 0x77, 0xfe, 0x80, 0xf, 0xc9,
    0x99, 0xc8, 0xd, 0x99, 0xf0, 0x7, 0x9c, 0x4d,
    0xd4, 0x4c, 0x1a, 0x8, 0xce, 0x5f, 0x20, 0xc,
    0x73, 0xa3, 0xf2, 0xb1, 0x84, 0x9a, 0x1, 0x61,
    0xf8, 0x6, 0xf0, 0x61, 0x0, 0xc7, 0xad, 0xa5,
    0xad, 0x44, 0x4a, 0x0, 0x49, 0x8c, 0x0, 0x7d,
    0x22, 0xc5, 0x41, 0xe0, 0xa8, 0x6c, 0x16, 0x20,
    0x41, 0x1d, 0xdd, 0x60, 0x80, 0x4c, 0x22, 0x3d,
    0xa5, 0x0, 0x5a, 0x8, 0xf8, 0x12, 0x40, 0x13,
    0xca,

    /* U+6301 "持" */
    0x0, 0xc6, 0x60, 0xf, 0xe2, 0x20, 0x7, 0xf8,
    0x73, 0x0, 0x1f, 0x8b, 0x74, 0x1, 0xff, 0xdd,
    0x22, 0xcc, 0x0, 0x22, 0xe0, 0xf, 0xf8, 0xf7,
    0x75, 0x80, 0x37, 0x78, 0x2, 0x55, 0x30, 0x1,
    0x54, 0x22, 0x0, 0xff, 0xe1, 0xd5, 0x20, 0x1,
    0x54, 0x52, 0xff, 0xda, 0x0, 0xff, 0xe0, 0x8,
    0xcc, 0x20, 0x3, 0x33, 0x80, 0x7f, 0xf1, 0x33,
    0x1e, 0x0, 0xcc, 0xb, 0xbf, 0x58, 0x1, 0xdf,
    0xc2, 0x1, 0xf9, 0xe2, 0x39, 0x80, 0x11, 0x1e,
    0x30, 0xf, 0xcf, 0x11, 0xfc, 0x0, 0x68, 0x81,
    0x80, 0x79, 0xa8, 0x1d, 0xff, 0x80, 0x16, 0xee,
    0x10, 0x1, 0xc0, 0x2, 0x55, 0xc8, 0xbf, 0x80,
    0xc, 0x42, 0x7, 0xd8, 0xc0, 0x2, 0x76, 0xdd,
    0xfe, 0x0, 0x5e, 0xf0, 0x10, 0x80, 0x80, 0x36,
    0x8, 0x3, 0xff, 0x86, 0x35, 0xde, 0x1, 0x87,
    0xfd, 0x95, 0xff, 0xc0, 0xd, 0xff, 0x0, 0x14,
    0x40, 0x3e, 0x4c, 0xa3, 0x0, 0xff, 0xe4, 0x22,
    0x3, 0x80, 0x3f, 0xf9, 0x34, 0x4, 0xe0, 0x1f,
    0xfc, 0x81, 0x80, 0xc0, 0xf, 0xf0, 0x92, 0x80,
    0x7e, 0x7a, 0xb1, 0x11, 0x0, 0x7c, 0xfb, 0x60,
    0x40, 0x1f, 0x28, 0xf7, 0x34, 0x0, 0x40, 0x19,
    0x0, 0x53, 0x80, 0x3f, 0x9, 0x80, 0xa, 0x40,
    0x38, 0xbf, 0xac, 0xc0, 0x3f, 0xb3, 0xfd, 0xac,
    0x1, 0x80,

    /* U+636E "据" */
    0x0, 0xc6, 0x60, 0xf, 0xfe, 0x49, 0x66, 0x80,
    0x70, 0x80, 0x7f, 0xf2, 0x57, 0xfb, 0xff, 0xfc,
    0x60, 0x1f, 0xfc, 0x11, 0x1f, 0xc0, 0x1f, 0xfc,
    0x32, 0xee, 0xfc, 0x20, 0x19, 0xdd, 0x0, 0x2e,
    0xe3, 0x0, 0xff, 0xe2, 0x44, 0x14, 0x1, 0x10,
    0xb0, 0x1, 0x55, 0x7e, 0x10, 0xc, 0xec, 0x80,
    0x6, 0x66, 0x0, 0x4a, 0xbf, 0x80, 0x3a, 0x26,
    0x40, 0x33, 0x24, 0x0, 0xae, 0xe8, 0x0, 0x5d,
    0xe2, 0x0, 0xff, 0xe0, 0x12, 0x26, 0x0, 0x22,
    0x61, 0x0, 0xff, 0x18, 0x18, 0x7, 0xff, 0x18,
    0xdc, 0xc0, 0x3, 0xff, 0x60, 0x3, 0xff, 0x84,
    0x0, 0x56, 0x3, 0x90, 0x82, 0x0, 0x22, 0x80,
    0x22, 0x2e, 0x2, 0xed, 0x60, 0x1, 0x32, 0x70,
    0x2e, 0xed, 0x80, 0xd, 0xde, 0x12, 0x11, 0x18,
    0x3, 0x64, 0xc8, 0x8, 0x3, 0xff, 0x83, 0xdd,
    0x0, 0x80, 0x4c, 0x7, 0xbb, 0x60, 0x3, 0x77,
    0x20, 0x0, 0x40, 0x3e, 0x20, 0x12, 0x28, 0x2,
    0x22, 0xc2, 0x1, 0xfc, 0x80, 0xd, 0x5, 0xff,
    0xf2, 0x0, 0x7f, 0xda, 0x6, 0x20, 0x1f, 0xfc,
    0x86, 0xb, 0x0, 0xff, 0xe1, 0x12, 0x20, 0x2,
    0x70, 0x3, 0x0, 0x17, 0x33, 0xc8, 0x1, 0x96,
    0xe4, 0x14, 0x20, 0x18, 0x40, 0x23, 0x3f, 0x0,
    0x72, 0x19, 0x9a, 0x83, 0x4e, 0x0, 0x24, 0xff,
    0xf1, 0x80, 0x63, 0xcc, 0x48, 0x81, 0x60, 0x83,
    0x7d, 0x80, 0x7b, 0x3d, 0x40,

    /* U+63A5 "接" */
    0x0, 0xff, 0xe7, 0x97, 0xf0, 0x7, 0xc5, 0x56,
    0x1, 0xff, 0xc9, 0x27, 0x47, 0x0, 0xff, 0xe2,
    0x45, 0xde, 0x20, 0x8b, 0xbe, 0x30, 0xf, 0xf2,
    0x27, 0x0, 0x48, 0x9c, 0xc0, 0x4, 0x5a, 0x1,
    0x55, 0x7, 0xdb, 0x9d, 0xdf, 0x1b, 0xdd, 0x90,
    0x1, 0x34, 0xe0, 0xa, 0xa1, 0x1a, 0x29, 0x92,
    0x24, 0x6, 0xea, 0x82, 0x0, 0x73, 0x0, 0x8c,
    0xe0, 0x7, 0x4, 0x0, 0x50, 0x10, 0x20, 0x1a,
    0xb3, 0x40, 0x73, 0x0, 0x44, 0x12, 0x53, 0x27,
    0x30, 0x52, 0x20, 0x80, 0x7f, 0x46, 0xec, 0x49,
    0x9b, 0x0, 0xd, 0xdb, 0x80, 0x3f, 0xb8, 0x8b,
    0x8, 0x88, 0xbe, 0x30, 0xf, 0x8d, 0xdd, 0xbb,
    0x9c, 0x57, 0x77, 0xd8, 0x1, 0xd, 0x0, 0xe4,
    0x0, 0x61, 0x60, 0xb0, 0xf, 0xc3, 0xbc, 0xe0,
    0x2, 0x8e, 0xff, 0xb8, 0x1, 0x9f, 0xff, 0x18,
    0x98, 0x6, 0xd7, 0x0, 0xff, 0xe2, 0xd7, 0x68,
    0x8, 0x3, 0xbf, 0xc4, 0x11, 0xff, 0x70, 0x3,
    0x3f, 0xc6, 0x8, 0x20, 0x1f, 0x69, 0x3, 0x80,
    0x52, 0x4, 0x60, 0x1f, 0xfc, 0x6, 0x20, 0x6,
    0x30, 0x1b, 0x84, 0x0, 0x7f, 0xf0, 0x5b, 0x18,
    0x4e, 0x7f, 0x1, 0x14, 0x3, 0xff, 0x84, 0x73,
    0xd2, 0x1, 0x9d, 0x0, 0x38, 0x44, 0xc0, 0x1c,
    0x26, 0xf7, 0x20, 0x18, 0xef, 0x10, 0x2, 0x4e,
    0xb0, 0x20, 0x6, 0xf6, 0x42, 0xb, 0xef, 0xf3,
    0x1, 0xda, 0x0, 0x10, 0x5, 0x3c, 0x0, 0xa4,
    0x91, 0x9d, 0x4, 0x3, 0x3a, 0x8a, 0x80, 0x1,
    0xfe, 0xb3, 0x0, 0x46, 0xdb, 0x98, 0x7, 0x8a,
    0xe8, 0x0,

    /* U+6536 "收" */
    0x0, 0xff, 0xe0, 0x9, 0x80, 0x7f, 0xf0, 0xd3,
    0xf4, 0x2, 0x7c, 0xe0, 0xf, 0xfe, 0x10, 0x81,
    0x80, 0x5e, 0x4, 0x1, 0xfd, 0x78, 0x60, 0x1f,
    0x90, 0x10, 0x3, 0xf9, 0x4d, 0x80, 0x3f, 0x10,
    0x60, 0x7, 0xff, 0x1d, 0x40, 0x17, 0xdd, 0xed,
    0x0, 0xff, 0xe0, 0x78, 0x4, 0x23, 0xe2, 0x0,
    0xff, 0x85, 0x40, 0xae, 0xf0, 0x1, 0xf0, 0x3,
    0xfe, 0x60, 0x2, 0xa2, 0x4c, 0x0, 0x93, 0x0,
    0xff, 0xc, 0x0, 0x10, 0x2, 0x70, 0x21, 0x0,
    0xff, 0xa8, 0x2, 0x32, 0x0, 0x78, 0x38, 0x7,
    0xff, 0x0, 0xc2, 0x1c, 0x28, 0x0, 0x81, 0xe0,
    0x1f, 0xfc, 0x8, 0x77, 0x58, 0x30, 0x18, 0x82,
    0x80, 0x7f, 0xf0, 0x60, 0xc, 0x85, 0x64, 0x10,
    0x3, 0xf0, 0xb5, 0x0, 0x7a, 0xc2, 0x94, 0x3c,
    0x3, 0x84, 0x2b, 0xa4, 0x0, 0x20, 0x19, 0x84,
    0x0, 0x68, 0x1, 0xa4, 0x3, 0x9, 0x0, 0x80,
    0x72, 0x80, 0x10, 0x3, 0xbc, 0x0, 0xd7, 0xd0,
    0x1, 0xe1, 0x50, 0x2, 0x80, 0x73, 0x27, 0x4a,
    0x0, 0x7c, 0x58, 0x20, 0x2, 0xc1, 0x0, 0xd6,
    0x20, 0x1f, 0x8f, 0x8, 0x32, 0x80, 0xf4, 0x40,
    0x3f, 0xf8, 0x11, 0x82, 0x18, 0x6b, 0x20, 0x7c,
    0xc0, 0x1f, 0xe5, 0x70, 0x2c, 0x30, 0x3, 0x48,
    0x3, 0x0, 0x3f, 0xca, 0xee, 0xd3, 0x0, 0xcd,
    0xab, 0x40, 0x1f, 0x2f, 0xf0, 0x44, 0x0, 0x3e,
    0x2a, 0x0, 0x0,

    /* U+6570 "数" */
    0x0, 0xf2, 0x20, 0x3, 0xff, 0x8c, 0xd0, 0x3,
    0x76, 0x0, 0x53, 0x80, 0xb, 0xf8, 0x3, 0xfb,
    0x5d, 0x0, 0x32, 0x2d, 0x0, 0x1c, 0x8, 0x3,
    0xfa, 0x2, 0x40, 0x34, 0x87, 0x80, 0x34, 0x14,
    0x3, 0xf0, 0x92, 0x51, 0x0, 0x9, 0x60, 0xc4,
    0xc, 0x3c, 0x3, 0xf7, 0xf2, 0x46, 0x0, 0x35,
    0xe3, 0xb4, 0x10, 0x27, 0xbb, 0xb4, 0x0, 0x89,
    0x80, 0x32, 0x26, 0x30, 0x8, 0x47, 0x8c, 0x1,
    0x57, 0x63, 0x0, 0xe9, 0xb8, 0xb0, 0x6, 0xec,
    0x0, 0x9c, 0x0, 0xd2, 0xe0, 0x13, 0x26, 0xb8,
    0x28, 0x4, 0x44, 0x0, 0x39, 0x0, 0xb, 0x18,
    0x6c, 0x1, 0x30, 0x18, 0xa4, 0x0, 0x70, 0x30,
    0x11, 0x0, 0x58, 0x65, 0x8a, 0x1, 0x3d, 0x52,
    0x40, 0x43, 0x1, 0x41, 0x40, 0x35, 0xae, 0x91,
    0x22, 0x80, 0xa, 0xe6, 0x1a, 0xe, 0x18, 0x18,
    0x1, 0x96, 0x80, 0x19, 0xe, 0x1, 0x33, 0x20,
    0xc8, 0x4d, 0x1, 0x40, 0x32, 0xf7, 0x3c, 0x1,
    0x9d, 0xcf, 0xa9, 0x70, 0x50, 0xd1, 0x11, 0x0,
    0x63, 0x11, 0x0, 0x42, 0x30, 0x7, 0x50, 0x8,
    0x48, 0x7, 0x37, 0xb8, 0x27, 0xfc, 0x61, 0xc0,
    0x11, 0x8, 0x1, 0x80, 0x3c, 0x6e, 0x1c, 0x0,
    0x73, 0x44, 0x0, 0x61, 0x0, 0xfe, 0xb0, 0x5,
    0x5c, 0x40, 0x24, 0x3, 0x38, 0x5, 0x60, 0x1e,
    0x8f, 0xa2, 0x47, 0x8, 0x20, 0x9, 0xa0, 0x18,
    0x16, 0x0, 0x3e, 0x76, 0x0, 0xa2, 0x0, 0x7,
    0x90, 0x69, 0x70, 0x76, 0x0, 0x85, 0x6f, 0x50,
    0xb1, 0xc0, 0x7, 0x90, 0xb, 0x21, 0xa, 0x13,
    0x42, 0x19, 0x48, 0x33, 0xa7, 0x1b, 0x1a, 0x60,
    0xf4, 0x1, 0x52, 0x82, 0x0, 0x25, 0x6b, 0x98,
    0x2, 0x20, 0xb2, 0xc8, 0x0, 0xea, 0x9d, 0x10,
    0x4a, 0x50, 0xf, 0x97, 0x4c, 0x3, 0xe6, 0x30,

    /* U+65E0 "无" */
    0x0, 0x36, 0xef, 0xff, 0x19, 0x80, 0x30, 0x91,
    0x7f, 0xf1, 0x84, 0x3, 0x2c, 0xcf, 0xc0, 0x14,
    0xcf, 0xe5, 0x0, 0xc4, 0xcd, 0xf2, 0x3, 0xb3,
    0x7e, 0x20, 0xf, 0xfe, 0x3, 0x80, 0x7f, 0xf2,
    0xc8, 0x38, 0x3, 0xff, 0x92, 0x20, 0x40, 0x1f,
    0xfc, 0x9, 0xbb, 0xfb, 0x0, 0x15, 0x77, 0xfd,
    0x40, 0x4, 0x4f, 0xc6, 0x0, 0x14, 0x4f, 0xf0,
    0x2, 0xdd, 0xfe, 0x0, 0xe1, 0x77, 0xfa, 0x40,
    0xd, 0x11, 0xf2, 0x2, 0x88, 0x4c, 0x47, 0xce,
    0x1, 0xfe, 0x40, 0xc0, 0xf, 0xfe, 0x43, 0x0,
    0x1c, 0x3, 0xff, 0x91, 0x60, 0xa2, 0x1, 0xff,
    0xc7, 0x72, 0x9, 0x0, 0xff, 0xe3, 0xa4, 0x3,
    0x18, 0x7, 0xf1, 0x63, 0x0, 0x78, 0xe8, 0xa,
    0x0, 0x3f, 0xc2, 0x72, 0x20, 0x19, 0x70, 0x43,
    0xc4, 0x3, 0xfc, 0xc0, 0x1, 0x0, 0xd, 0x50,
    0x7, 0x8, 0x2, 0x30, 0xc4, 0x33, 0x92, 0x40,
    0xc0, 0x15, 0xca, 0x7, 0x86, 0x1, 0x9c, 0x12,
    0xf3, 0x2b, 0x30, 0xa0, 0x6, 0x80, 0xc6, 0x10,
    0x7, 0x5a, 0x88, 0x7, 0xb, 0x30, 0x0, 0xf3,
    0xce, 0x1, 0xf0, 0xd7, 0x7f, 0xf7, 0x48, 0x0,

    /* U+65E7 "旧" */
    0x26, 0x50, 0xf, 0xfe, 0x2a, 0xcd, 0x80, 0x4d,
    0xbb, 0xff, 0xc0, 0x70, 0xf, 0x9, 0x17, 0xff,
    0x3, 0x80, 0x3f, 0xd, 0xdf, 0xe1, 0x0, 0xff,
    0x1a, 0x27, 0xe3, 0x0, 0xff, 0xff, 0x80, 0x7f,
    0xf0, 0xc9, 0x13, 0xf1, 0x0, 0x7f, 0xd7, 0x7f,
    0x80, 0x3f, 0xf8, 0x4, 0x5f, 0x80, 0x3f, 0xe2,
    0xdd, 0xfc, 0x40, 0x1f, 0xff, 0xf0, 0xf, 0xfe,
    0xb9, 0x7f, 0xfe, 0x20, 0xf, 0xfe, 0x9e, 0x67,
    0xe0, 0xf, 0xf8, 0x8c, 0xff, 0x10, 0x1, 0xff,
    0x80, 0x26, 0xcf, 0x0, 0xfd, 0xbf, 0x20,

    /* U+65F6 "时" */
    0x0, 0xff, 0xe2, 0xef, 0x28, 0x6, 0x12, 0x11,
    0xe0, 0xf, 0xe3, 0x13, 0x0, 0x8f, 0xb7, 0xbb,
    0x9c, 0x3, 0xff, 0xb9, 0xff, 0x28, 0x0, 0xd9,
    0xbe, 0x10, 0xa6, 0x60, 0x7, 0xf9, 0x26, 0x7e,
    0x0, 0x1c, 0xc8, 0x40, 0x3f, 0x84, 0x8b, 0xe0,
    0x8, 0x88, 0x1, 0xfe, 0x6d, 0xdf, 0x84, 0x27,
    0x74, 0x20, 0x12, 0x26, 0x0, 0xc4, 0x1, 0xff,
    0xc2, 0xbb, 0x84, 0x2, 0x8d, 0x90, 0xf, 0xfe,
    0xa, 0x24, 0x1, 0xb0, 0x19, 0x0, 0x3f, 0xf8,
    0x17, 0x72, 0x80, 0x48, 0xa1, 0x42, 0x1, 0xff,
    0xc7, 0xb1, 0x15, 0x80, 0x7f, 0xf1, 0xc6, 0x1,
    0x50, 0x3, 0xff, 0x8e, 0xc6, 0x4e, 0x1, 0xfe,
    0x44, 0x98, 0x3, 0xdb, 0xa3, 0x0, 0xff, 0x5d,
    0xc6, 0x1, 0xe1, 0x0, 0xff, 0xe0, 0x19, 0xf1,
    0x0, 0x7f, 0xf1, 0x73, 0x39, 0x40, 0x3f, 0xf8,
    0x42, 0x8a, 0x1, 0xfc, 0x46, 0x78, 0x40, 0xc0,
    0x22, 0xba, 0x0, 0xfe, 0x4c, 0xcc, 0x0, 0x70,
    0xf, 0xfe, 0x1b, 0x80, 0x63, 0xa2, 0x0, 0xff,
    0xe1, 0x8f, 0x7f, 0xd8, 0xa0, 0x18,

    /* U+66F2 "曲" */
    0x0, 0xf5, 0xe1, 0x80, 0x7, 0x30, 0x20, 0x1f,
    0xfc, 0x5, 0x36, 0x0, 0x8c, 0xe0, 0xf, 0xff,
    0x21, 0x22, 0x70, 0x86, 0x22, 0x40, 0x4, 0x4f,
    0x5, 0x5d, 0xf0, 0x1, 0xae, 0xd4, 0x0, 0x9b,
    0xbe, 0x30, 0xf, 0xfe, 0x5b, 0x7f, 0xc2, 0x15,
    0xfe, 0xe0, 0x6, 0xff, 0xc0, 0x1f, 0xff, 0x86,
    0x55, 0x84, 0x3d, 0x54, 0xc0, 0x5, 0x5c, 0x1,
    0xea, 0xa8, 0x0, 0xb5, 0x48, 0x0, 0x45, 0x54,
    0x1, 0xe2, 0x28, 0x2, 0x22, 0x8, 0x4, 0x45,
    0x0, 0x73, 0x6e, 0xc2, 0x15, 0xba, 0xf0, 0x6,
    0xee, 0x0, 0xff, 0xfc, 0x34, 0x44, 0x21, 0x11,
    0x58, 0x2, 0x23, 0x0, 0x79, 0xde, 0x0, 0x13,
    0xb9, 0x40, 0xa, 0xef, 0x0, 0x79, 0x13, 0xff,
    0x86, 0x1, 0xcd, 0x77, 0xff, 0xc3, 0x0, 0xa3,
    0xa4, 0x3, 0xff, 0x87, 0xfe, 0x30,

    /* U+6700 "最" */
    0x0, 0x9d, 0xff, 0xf8, 0x80, 0x1f, 0x4c, 0x47,
    0xff, 0xa, 0x40, 0x3f, 0xaf, 0xff, 0xfd, 0x40,
    0x1f, 0xf7, 0x44, 0x7f, 0xbc, 0x3, 0xfe, 0x57,
    0x7f, 0xf2, 0x80, 0x7f, 0xd7, 0xff, 0xfe, 0xa0,
    0xf, 0xfb, 0xa6, 0x7f, 0xdc, 0x1, 0xff, 0x2b,
    0x37, 0xf9, 0x0, 0x3f, 0xbb, 0xff, 0xff, 0x85,
    0xc0, 0x1b, 0x3b, 0xfe, 0xee, 0xbf, 0xee, 0xef,
    0xf4, 0x81, 0x8, 0x4, 0x23, 0x0, 0x42, 0x3f,
    0xe3, 0xe, 0xf4, 0x9, 0xff, 0x84, 0x2f, 0xff,
    0xfd, 0x40, 0x1d, 0x3d, 0xd0, 0x80, 0x2f, 0xff,
    0xf6, 0x80, 0x7c, 0xab, 0x0, 0x46, 0x20, 0x67,
    0x80, 0x2, 0x1, 0xe9, 0xbb, 0x84, 0x1, 0x4,
    0x11, 0x99, 0x20, 0x48, 0x7, 0xa7, 0xfe, 0x10,
    0xb, 0xc2, 0x84, 0x19, 0xd, 0x40, 0x3e, 0x55,
    0x80, 0x31, 0xa8, 0xd2, 0x48, 0x78, 0x7, 0xd3,
    0x55, 0x0, 0x34, 0xc2, 0x8d, 0x2c, 0x24, 0xc0,
    0x25, 0x64, 0x9, 0xde, 0xf0, 0x3, 0x20, 0x1,
    0x40, 0x3f, 0x5c, 0x80, 0x44, 0x24, 0x0, 0x44,
    0x37, 0x30, 0x5, 0x3a, 0xe2, 0xe, 0xd1, 0x59,
    0xdf, 0xa2, 0x1f, 0xd2, 0x29, 0xbf, 0x0, 0x51,
    0x41, 0x32, 0x75, 0x31, 0x0, 0xe9, 0x4c, 0xb2,
    0x7, 0xf8, 0x3a, 0x0,

    /* U+672A "未" */
    0x0, 0xff, 0x84, 0x40, 0x1f, 0xfc, 0x93, 0xee,
    0x10, 0x7, 0xff, 0xc5, 0x15, 0x7d, 0x60, 0x5,
    0x5f, 0xc0, 0x1e, 0x9a, 0xaf, 0x38, 0x2, 0x2a,
    0xbe, 0x0, 0xff, 0xe9, 0x6f, 0xff, 0xb0, 0x1,
    0xbf, 0xff, 0x0, 0x7f, 0xfa, 0xd, 0x57, 0xf5,
    0x80, 0x15, 0x7f, 0x8c, 0x1, 0x55, 0xfc, 0xe0,
    0x8, 0xaa, 0xfd, 0x0, 0x1f, 0xfc, 0xb1, 0x0,
    0x4f, 0xff, 0xc4, 0x1, 0x8f, 0xff, 0xea, 0x0,
    0xfe, 0xb2, 0x0, 0xc7, 0x40, 0x1f, 0xfc, 0x3b,
    0x40, 0x80, 0x4, 0x82, 0xd8, 0x7, 0xff, 0x0,
    0x71, 0x2, 0xd0, 0x0, 0x96, 0x9, 0x82, 0x1,
    0xfc, 0x9e, 0x61, 0x68, 0x1, 0x92, 0xc0, 0xfd,
    0x0, 0x3c, 0x33, 0x62, 0x2b, 0x40, 0xf, 0x26,
    0x8, 0xae, 0x44, 0x2, 0x8e, 0x60, 0x3f, 0x40,
    0xf, 0xc7, 0xe6, 0xd, 0xce, 0x0, 0x30, 0x3,
    0xe0, 0x80, 0x7f, 0x87, 0x18, 0x1, 0x80, 0xb,
    0x6d, 0x80, 0xf, 0xfe, 0x14, 0xe2, 0xd8, 0x5,
    0x24, 0x1, 0xff, 0xc4, 0x3a, 0x0, 0x0,

    /* U+673A "机" */
    0x0, 0xe4, 0x40, 0x7, 0xff, 0x2a, 0xec, 0x40,
    0x1f, 0xfc, 0xf3, 0xff, 0xfc, 0x40, 0x1f, 0xfd,
    0xdc, 0xca, 0xc0, 0x3e, 0x23, 0x38, 0x0, 0xe6,
    0x61, 0x0, 0x8c, 0xe5, 0x0, 0xfb, 0xf3, 0x20,
    0x5, 0x66, 0x24, 0x3, 0xff, 0x84, 0x20, 0x1f,
    0xbc, 0x3, 0xff, 0x85, 0x9f, 0xe7, 0x0, 0x6f,
    0xf9, 0xc0, 0x3f, 0xf8, 0xa8, 0x0, 0x10, 0xf,
    0xfe, 0x39, 0x18, 0x3, 0x40, 0x3f, 0xf8, 0xf4,
    0x1, 0xd, 0x0, 0x1c, 0x3, 0xff, 0x86, 0xc2,
    0x1, 0x2b, 0x80, 0x42, 0x1, 0xff, 0xc0, 0x61,
    0x60, 0x5, 0x84, 0x29, 0x1, 0x0, 0x7f, 0xf0,
    0x20, 0x28, 0x0, 0xd0, 0x3, 0xc0, 0xc0, 0x1f,
    0xf4, 0xa, 0x90, 0x4, 0xf2, 0x84, 0x4, 0x1,
    0xfe, 0x37, 0x8, 0x0, 0xe6, 0x4, 0xd, 0x0,
    0xfc, 0x40, 0x62, 0xc4, 0x1, 0xe2, 0x10, 0x40,
    0xf, 0x87, 0x58, 0x22, 0x0, 0x1f, 0x58, 0x20,
    0x80, 0x7c, 0x61, 0xc0, 0xc2, 0x1, 0xe1, 0x60,
    0xe0, 0xf, 0xfe, 0x45, 0x81, 0x28, 0x6, 0x10,
    0x3, 0xa0, 0x78, 0x7, 0xe6, 0x50, 0x90, 0xf,
    0x8, 0x54, 0x81, 0x80, 0x7e, 0x67, 0x84, 0x0,
    0xf5, 0x88, 0x1, 0x50,

    /* U+6761 "条" */
    0x0, 0xff, 0xea, 0x4f, 0xe8, 0x80, 0x7f, 0xf1,
    0xd9, 0x80, 0xa2, 0x1, 0x84, 0x3, 0xff, 0x82,
    0x92, 0x0, 0x7f, 0xfe, 0xef, 0x80, 0xf, 0xf3,
    0x58, 0x4, 0x23, 0xc0, 0x10, 0x80, 0x7e, 0x19,
    0x90, 0x0, 0x7b, 0xbb, 0x44, 0xa, 0x40, 0x3e,
    0x6f, 0x60, 0x52, 0x1f, 0x30, 0x2, 0xe0, 0x8b,
    0x0, 0x3f, 0x50, 0x8a, 0xeb, 0x10, 0x72, 0xae,
    0x80, 0xb0, 0x40, 0x3f, 0x64, 0x72, 0x0, 0xda,
    0x82, 0xa0, 0x26, 0x90, 0x7, 0xf9, 0xc0, 0x2,
    0xb6, 0xa0, 0x19, 0x31, 0x88, 0x3, 0xf0, 0xa4,
    0x67, 0x52, 0x1, 0xd5, 0x10, 0xe, 0x77, 0xa9,
    0xd0, 0x80, 0x1d, 0xcb, 0x73, 0x2, 0x7c, 0xc0,
    0x8a, 0xf5, 0xcc, 0x5, 0x62, 0xf8, 0x1, 0x20,
    0x2b, 0x3b, 0xa8, 0x32, 0xbb, 0x11, 0x23, 0x3a,
    0x9d, 0x7, 0x80, 0xf, 0xdc, 0xa6, 0x20, 0x8,
    0x40, 0x3c, 0x2b, 0x17, 0xc4, 0x1, 0xc, 0x7f,
    0xfb, 0x0, 0x1b, 0xff, 0xea, 0x0, 0xf7, 0x80,
    0x7f, 0xf1, 0xc, 0x3, 0xcf, 0xfe, 0xef, 0xfb,
    0x40, 0x1b, 0xfe, 0xdf, 0xfa, 0x40, 0x3f, 0xe,
    0x72, 0x0, 0x7a, 0x75, 0xc0, 0x3f, 0xc5, 0x84,
    0xa8, 0x1, 0xef, 0x8, 0x90, 0xf, 0xcb, 0xa4,
    0x76, 0x1, 0xf3, 0x50, 0x35, 0x0, 0x7a, 0x68,
    0x13, 0x0, 0x3c, 0x60, 0x5, 0xb0, 0x5a, 0x0,
    0xeb, 0x17, 0xb0, 0x4, 0xf6, 0x80, 0x4, 0x2,
    0x4a, 0x3, 0x0, 0xe2, 0xf8, 0x0, 0xb4, 0x40,
    0xa0, 0x3, 0x97, 0x24, 0x3, 0xc2, 0x1, 0x93,
    0xfd, 0xae, 0x1, 0xe3, 0x0, 0xc0,

    /* U+67E5 "查" */
    0x0, 0xff, 0xeb, 0xff, 0x90, 0x3, 0xff, 0xae,
    0x24, 0x5f, 0xc0, 0x2, 0x2f, 0xe1, 0x0, 0x56,
    0xef, 0xf0, 0x2, 0x77, 0x7f, 0x50, 0x0, 0x8b,
    0xe0, 0xf, 0xc4, 0x5f, 0x0, 0x27, 0x77, 0xb8,
    0x41, 0x0, 0xc, 0x3, 0x3b, 0xbd, 0x20, 0x1f,
    0x36, 0xa, 0x58, 0x3, 0x64, 0x6d, 0xc0, 0x3f,
    0xc5, 0x52, 0xb, 0x60, 0x19, 0xac, 0x23, 0xc,
    0x3, 0xc3, 0x1a, 0xa1, 0x14, 0x1, 0xe4, 0xd3,
    0x36, 0x51, 0x80, 0x55, 0xce, 0x7, 0xae, 0x1,
    0x3b, 0x98, 0x0, 0x59, 0x22, 0xb9, 0x80, 0x7,
    0x81, 0xd3, 0x6f, 0xfe, 0x77, 0x6f, 0xfe, 0x9e,
    0x81, 0x90, 0x2, 0xee, 0x28, 0x0, 0x99, 0xbf,
    0x20, 0x4, 0xfc, 0xa0, 0x11, 0x0, 0x64, 0x99,
    0xfd, 0xa0, 0x1f, 0xfc, 0x26, 0xff, 0xfd, 0x20,
    0x1f, 0xfc, 0x22, 0x66, 0xfc, 0x80, 0x1f, 0xfc,
    0x24, 0x99, 0xfd, 0xa0, 0x1f, 0xfc, 0x24, 0x99,
    0xfd, 0xa0, 0x1f, 0xfc, 0x22, 0x66, 0xfc, 0x80,
    0x1f, 0xfc, 0xa, 0xff, 0xff, 0xe0, 0x80, 0x78,
    0xbf, 0xff, 0xf9, 0x14, 0x1, 0xff, 0xce, 0x2e,
    0xef, 0xfe, 0x45, 0x0,

    /* U+6837 "样" */
    0x0, 0xcc, 0xe2, 0x1, 0x84, 0x80, 0x3c, 0xa6,
    0x1, 0xe8, 0x81, 0x0, 0x49, 0xd8, 0x20, 0x1d,
    0x58, 0xe0, 0x1f, 0xf2, 0x8, 0xa0, 0x3, 0x30,
    0x1, 0x80, 0x3f, 0xf8, 0x16, 0xc, 0x40, 0x15,
    0x83, 0x8, 0x7, 0xff, 0x1, 0x44, 0xc4, 0x0,
    0xa4, 0x10, 0x1, 0x67, 0x70, 0x43, 0x3a, 0x9f,
    0xfc, 0x27, 0x9f, 0xea, 0x0, 0x77, 0xa8, 0x8,
    0xc0, 0x10, 0x88, 0x3, 0xff, 0x82, 0x61, 0xf9,
    0x80, 0x4, 0x64, 0xb6, 0xee, 0xa0, 0x5, 0xee,
    0xe6, 0x2, 0x30, 0xb, 0xc, 0x84, 0x8b, 0x30,
    0x1, 0x48, 0xb0, 0x6, 0xb0, 0x2, 0x10, 0x7,
    0xff, 0x19, 0x40, 0x2f, 0x0, 0x5f, 0xfd, 0x80,
    0xe, 0xff, 0xa8, 0x2, 0x22, 0x0, 0x10, 0xa0,
    0x3, 0xff, 0x89, 0x60, 0x17, 0x8b, 0x5, 0x77,
    0x56, 0x0, 0xce, 0xea, 0xc0, 0x2, 0xc2, 0x20,
    0x79, 0xa0, 0x11, 0xce, 0x0, 0x21, 0x1c, 0x0,
    0x90, 0x60, 0x9, 0xd0, 0x3, 0xff, 0x84, 0x4e,
    0x14, 0x1, 0x93, 0xff, 0xb0, 0x1, 0xdf, 0xfb,
    0xc, 0x10, 0x80, 0x3f, 0xf8, 0xc2, 0x27, 0x90,
    0xe, 0x4d, 0xde, 0xa0, 0x5, 0xee, 0xef, 0x8,
    0x20, 0xf, 0x11, 0x73, 0x0, 0x14, 0x8b, 0x80,
    0x3f, 0xff, 0xe0, 0x1f, 0xfc, 0x50,

    /* U+6838 "核" */
    0x0, 0xcc, 0xe4, 0x1, 0xf9, 0x58, 0x3, 0xfe,
    0x88, 0x30, 0x7, 0xcf, 0x52, 0x20, 0x1f, 0xfc,
    0x86, 0x0, 0x30, 0x7, 0xff, 0xc, 0x48, 0xb1,
    0x90, 0x49, 0x17, 0x0, 0x7f, 0xa3, 0x77, 0x88,
    0x7, 0x77, 0x60, 0x3, 0xba, 0x10, 0xbe, 0xcf,
    0x44, 0x88, 0x2, 0x44, 0xf0, 0x0, 0x46, 0x0,
    0x84, 0x4d, 0x77, 0x30, 0x27, 0xdd, 0xf5, 0x0,
    0x33, 0x16, 0x0, 0x8c, 0xf0, 0x9, 0x50, 0x28,
    0x0, 0x64, 0x1, 0xc6, 0x61, 0x0, 0x61, 0x90,
    0x0, 0x6c, 0x20, 0x40, 0x1b, 0xa8, 0x0, 0xf6,
    0x0, 0x10, 0x80, 0x5, 0xa2, 0x6e, 0x25, 0x82,
    0x29, 0x0, 0xf3, 0x80, 0x5c, 0x7, 0xa6, 0x7,
    0xfd, 0xa6, 0x16, 0x20, 0x1c, 0x82, 0x0, 0x33,
    0x39, 0x80, 0x62, 0x0, 0x9d, 0x40, 0x3d, 0xc0,
    0x14, 0x84, 0x85, 0xef, 0xfa, 0xc0, 0xd, 0x3,
    0x6e, 0x20, 0x1, 0x53, 0x10, 0x17, 0xb0, 0x42,
    0x9, 0x90, 0x34, 0x85, 0xa4, 0x10, 0x2, 0x2,
    0x80, 0x28, 0x50, 0x1, 0xeb, 0x4, 0x48, 0x32,
    0x83, 0x98, 0x13, 0x3, 0x0, 0x71, 0x56, 0x10,
    0xdb, 0x82, 0x48, 0x1c, 0x0, 0x1c, 0x18, 0x3,
    0xcc, 0xa0, 0xbe, 0x80, 0xd6, 0x5, 0xa0, 0x12,
    0x9d, 0x80, 0x79, 0x27, 0x28, 0x42, 0x64, 0x0,
    0xf1, 0x0, 0xda, 0x40, 0x1f, 0x31, 0x82, 0x6b,
    0x0, 0x5e, 0x40, 0x18, 0x40, 0x3f, 0x8e, 0xec,
    0x41, 0x18, 0x25, 0xa8, 0x1, 0xff, 0x36, 0x61,
    0x0, 0xf5, 0xcf, 0xc8, 0x2d, 0x40, 0x3f, 0xae,
    0x4c, 0xe, 0xf0, 0x80, 0x3, 0x86, 0x12, 0x1,
    0xfd, 0x44, 0xd9, 0x84, 0x0, 0xe1, 0xc6, 0xc0,
    0xe, 0xef, 0x40, 0x1d, 0x93, 0x0, 0xfe, 0x90,
    0x0,

    /* U+68C0 "检" */
    0x0, 0xc6, 0x80, 0x1f, 0x88, 0x80, 0x1f, 0xfc,
    0xc, 0xb2, 0x0, 0xfb, 0xf5, 0xc0, 0x3f, 0xf9,
    0xe, 0x41, 0xc0, 0x1f, 0xfc, 0x73, 0x80, 0x3,
    0x30, 0x3, 0xff, 0x8a, 0x5a, 0xb, 0x21, 0x2e,
    0x1, 0xec, 0xdd, 0x0, 0x37, 0x48, 0x5, 0x82,
    0x74, 0xd0, 0x11, 0x20, 0x1c, 0x64, 0x40, 0x8,
    0x8a, 0xf1, 0x2d, 0x0, 0x3c, 0x83, 0x60, 0x80,
    0x59, 0x70, 0x0, 0x9b, 0xc, 0x21, 0xf1, 0x0,
    0x9a, 0x80, 0xf9, 0x80, 0x6, 0x82, 0x0, 0x13,
    0x91, 0x10, 0x67, 0x77, 0x5b, 0x8, 0x58, 0x6,
    0xc0, 0x4, 0x20, 0x9f, 0x98, 0x8f, 0xdf, 0xe4,
    0x80, 0xc, 0xa0, 0x14, 0xe6, 0x7, 0x7f, 0xfe,
    0x61, 0xb5, 0x0, 0x94, 0x2, 0x25, 0x60, 0xe,
    0x34, 0x0, 0x84, 0xc0, 0x3b, 0x80, 0x2b, 0xe,
    0x4c, 0x50, 0x7, 0x58, 0x4, 0xf9, 0x40, 0x11,
    0x22, 0x0, 0x8, 0xd4, 0x7, 0xe0, 0x7, 0x2,
    0x0, 0x50, 0x70, 0x5, 0x61, 0xc0, 0x14, 0x82,
    0x2, 0x80, 0x34, 0x1c, 0x8, 0xc9, 0x0, 0x4,
    0xc0, 0xa0, 0x1e, 0x40, 0x30, 0x30, 0xd0, 0xa0,
    0xa0, 0x8, 0x8d, 0xc0, 0x3e, 0xc0, 0x40, 0x60,
    0x20, 0x60, 0x70, 0xd, 0x12, 0x1, 0xf1, 0x87,
    0x1, 0x3f, 0x28, 0xb8, 0x7, 0x20, 0x80, 0x7c,
    0x9b, 0x20, 0x8, 0x48, 0x9, 0x0, 0xff, 0xe0,
    0x88, 0x8c, 0x47, 0x31, 0x28, 0x8, 0x80, 0x3f,
    0xdd, 0xdf, 0xa4, 0x17, 0xba, 0x50, 0xf, 0xfe,
    0xaf, 0x7f, 0xff, 0xf0, 0x54, 0x0,

    /* U+6B63 "正" */
    0x0, 0x66, 0xef, 0xff, 0x1c, 0x80, 0x6, 0x45,
    0xff, 0xc7, 0x0, 0xa6, 0x7f, 0x80, 0x29, 0x9f,
    0xc6, 0x0, 0x66, 0xfe, 0x70, 0x16, 0x6f, 0xc2,
    0x1, 0xff, 0xe6, 0x23, 0x10, 0xf, 0xfe, 0x46,
    0x61, 0xc0, 0x3f, 0xfa, 0x22, 0x89, 0xf0, 0x7,
    0xff, 0x12, 0xef, 0xe1, 0x0, 0xff, 0xec, 0x8f,
    0xff, 0xc2, 0x1, 0xff, 0xff, 0x0, 0xff, 0xef,
    0x11, 0x42, 0x1c, 0x45, 0xc0, 0x24, 0x5f, 0x84,
    0x5b, 0xb0, 0x1, 0xf7, 0x72, 0x80, 0x37, 0x7f,
    0x78, 0x7, 0xff, 0x2c, 0x7b, 0xbf, 0xf9, 0x3e,

    /* U+6B65 "步" */
    0x0, 0xff, 0x1a, 0x10, 0x7, 0xff, 0x1f, 0xae,
    0xc0, 0x1f, 0xfc, 0x1, 0x88, 0x0, 0x7f, 0xf1,
    0xc9, 0xdc, 0x20, 0x1c, 0xdf, 0xfe, 0x90, 0xf,
    0xfe, 0xc1, 0xee, 0xfa, 0x0, 0x3f, 0xf8, 0x4a,
    0x45, 0xe1, 0x0, 0x9, 0x11, 0x80, 0xa, 0x45,
    0x81, 0x48, 0xbf, 0xd, 0xee, 0xa8, 0x1, 0x7b,
    0xb0, 0x0, 0xf7, 0x7f, 0x40, 0x7, 0xff, 0x2a,
    0xbf, 0xff, 0x70, 0x2, 0x7f, 0xff, 0x48, 0x7,
    0x5e, 0xb0, 0x7, 0xf3, 0xc9, 0x0, 0x79, 0xd0,
    0x88, 0x1, 0xf8, 0xa1, 0xb8, 0x3, 0x9a, 0x1,
    0xd0, 0x3, 0xf4, 0x80, 0x38, 0x3, 0x3c, 0x82,
    0xc0, 0x7, 0xea, 0x40, 0x82, 0x0, 0xaa, 0x1,
    0x28, 0x3, 0xf5, 0x28, 0x2b, 0x80, 0x6f, 0x5,
    0xb0, 0xf, 0xbf, 0x54, 0x16, 0x80, 0x39, 0x72,
    0x80, 0x38, 0x64, 0x58, 0x81, 0xe8, 0x3, 0xe3,
    0x0, 0xe3, 0xa9, 0x10, 0x1b, 0x80, 0xf, 0xf0,
    0xac, 0xee, 0x28, 0x1, 0xf9, 0x0, 0x3e, 0x48,
    0xad, 0xea, 0x62, 0x2, 0x8e, 0x80, 0xf, 0xe1,
    0x75, 0x20, 0x1, 0xbe, 0x6b, 0x88, 0x7, 0xf9,
    0x51, 0x62, 0xfb, 0x20, 0xc0, 0x3f, 0xf8, 0x20,

    /* U+6BD4 "比" */
    0x0, 0xff, 0xe0, 0x8, 0x80, 0x3f, 0x97, 0xfc,
    0x1, 0xf3, 0xf7, 0x80, 0x7f, 0xf0, 0x4, 0x3,
    0xff, 0xfe, 0x1, 0x8f, 0x88, 0x3, 0xff, 0x8c,
    0x78, 0x38, 0x20, 0x1f, 0xfc, 0x45, 0xc0, 0x3,
    0x8, 0x6, 0xef, 0xfd, 0x80, 0x1d, 0x14, 0x0,
    0xa8, 0x0, 0xff, 0xe1, 0xd, 0xb8, 0x1e, 0xa8,
    0x7, 0xaa, 0xef, 0x78, 0x6, 0x40, 0x7c, 0x20,
    0xf, 0x91, 0x38, 0xc0, 0x31, 0x64, 0x0, 0x7f,
    0xf1, 0xf4, 0xc0, 0x3f, 0xf8, 0xe2, 0x1, 0xff,
    0xcf, 0x10, 0xf, 0xfe, 0x4d, 0x50, 0x80, 0x3f,
    0xf8, 0xee, 0xa8, 0x1, 0xf9, 0x54, 0x1, 0xfc,
    0x20, 0x60, 0x18, 0xd6, 0xbe, 0xbc, 0x3, 0xf8,
    0x81, 0x80, 0x80, 0x1b, 0x4a, 0x0, 0x20, 0x10,
    0x11, 0x0, 0x4a, 0x0, 0x22, 0x40, 0x6, 0x49,
    0xe8, 0x5, 0x0, 0x77, 0xfd, 0x40, 0x62, 0x60,
    0x2, 0x8e, 0xb6, 0x10, 0x1, 0xa8, 0x7, 0x87,
    0xc0, 0x5e, 0xf5, 0xc4, 0x3, 0xd5, 0xb9, 0x77,
    0x67, 0x18, 0x0,

    /* U+6CE8 "注" */
    0x0, 0xff, 0xe0, 0x8b, 0x8, 0x7, 0xf2, 0x7c,
    0x88, 0x7, 0xd9, 0x36, 0x1, 0xfd, 0xa0, 0xdd,
    0x0, 0x1e, 0x80, 0x53, 0x0, 0xfd, 0x38, 0x60,
    0xf2, 0x1, 0xca, 0x41, 0x20, 0x1f, 0xc7, 0x92,
    0x50, 0x1, 0xeb, 0x2c, 0x0, 0xff, 0x9b, 0x47,
    0xff, 0xd2, 0x53, 0xff, 0xca, 0x1, 0xff, 0xca,
    0x30, 0x24, 0x0, 0xec, 0xcf, 0x0, 0x17, 0x33,
    0x9c, 0x3a, 0xf5, 0x0, 0x23, 0x3f, 0x8, 0x61,
    0x9f, 0x8, 0x20, 0x15, 0xe1, 0x0, 0x7f, 0xf1,
    0x63, 0x94, 0x8, 0xc0, 0x3f, 0xf8, 0xc3, 0x59,
    0x62, 0x1, 0xff, 0xc8, 0x35, 0x0, 0xf, 0x77,
    0x8, 0x4f, 0x76, 0x70, 0xf, 0x9, 0x80, 0x4,
    0x78, 0x2, 0x11, 0xde, 0x1, 0xeb, 0xc4, 0x1b,
    0xbe, 0x0, 0x25, 0xde, 0xa0, 0xe, 0x25, 0x1,
    0x4, 0x4e, 0x10, 0xd4, 0x4c, 0x40, 0x1d, 0x20,
    0x6a, 0x1, 0xff, 0xc6, 0x44, 0x4, 0x0, 0x7f,
    0xf1, 0xe4, 0xd, 0x0, 0x3f, 0xf8, 0xd0, 0x41,
    0xe0, 0x1f, 0xfc, 0x63, 0x70, 0x53, 0xb, 0xff,
    0xf0, 0x84, 0xff, 0xf8, 0x0, 0x21, 0x60, 0x7,
    0x0, 0xff, 0xe2, 0x1f, 0xd0, 0x80, 0x3b, 0x33,
    0xff, 0x86,

    /* U+6D3B "活" */
    0x0, 0xff, 0xe3, 0x88, 0x7, 0x54, 0x0, 0x7f,
    0xc2, 0xb1, 0xbc, 0xa0, 0x12, 0xa9, 0xf9, 0xc0,
    0x22, 0x46, 0x9b, 0xee, 0x53, 0x90, 0x40, 0x80,
    0x16, 0x88, 0x63, 0x43, 0x75, 0x72, 0xc8, 0x20,
    0x4b, 0x3b, 0xa1, 0x0, 0x97, 0x60, 0x2c, 0x28,
    0x91, 0x9d, 0x80, 0x1b, 0x4c, 0x40, 0x1f, 0x3e,
    0xb0, 0x3e, 0xdc, 0xc5, 0x0, 0x80, 0x7f, 0xf0,
    0x8, 0x3, 0xff, 0x8c, 0x40, 0x1c, 0x67, 0xe4,
    0x1, 0x33, 0xf0, 0x9e, 0xe9, 0x40, 0x2c, 0xcf,
    0x40, 0x3, 0x33, 0xc8, 0xa0, 0x55, 0x86, 0x2,
    0x1, 0xff, 0xc3, 0x6e, 0x50, 0x39, 0xe, 0xff,
    0xec, 0x1, 0xff, 0xf2, 0x80, 0xd5, 0x9d, 0x80,
    0x7f, 0xf2, 0x13, 0x4, 0x3, 0xff, 0x9a, 0x28,
    0x9a, 0xc0, 0x51, 0x38, 0x3, 0xc7, 0xc4, 0xd,
    0x77, 0x9c, 0x1, 0x77, 0xc0, 0x1e, 0x81, 0x90,
    0x8, 0x4c, 0xfe, 0x20, 0xf, 0x91, 0x1, 0x0,
    0x12, 0x66, 0x7d, 0xe0, 0x1f, 0x48, 0x21, 0x80,
    0x7f, 0xf1, 0xa0, 0x82, 0x40, 0x3f, 0xf8, 0xc4,
    0xe0, 0xc4, 0x1, 0x84, 0x7f, 0x30, 0x7, 0x70,
    0xc, 0x0, 0x72, 0x77, 0x7d, 0x60, 0x18, 0x44,
    0x10, 0x20, 0x1f, 0xfc, 0x61, 0xc7, 0x60, 0xf,
    0x2f, 0xff, 0xda, 0x1, 0xc3, 0x0, 0x1c, 0xfd,
    0x40, 0x1f, 0x17, 0xf8, 0x0,

    /* U+6E29 "温" */
    0x0, 0xa4, 0xc0, 0x3f, 0xf9, 0x12, 0xd9, 0x66,
    0x5, 0xff, 0xff, 0x38, 0x6, 0x9a, 0x24, 0xc7,
    0x0, 0x88, 0xbe, 0x10, 0xf, 0x97, 0x60, 0x98,
    0x2, 0xdd, 0xf9, 0xc0, 0x3f, 0x9f, 0x44, 0x2,
    0xaa, 0xf9, 0x0, 0x3f, 0xf8, 0x6a, 0xbf, 0x10,
    0x7, 0x22, 0x80, 0x7e, 0xee, 0xf9, 0x80, 0x30,
    0xd5, 0x35, 0x40, 0x3c, 0x23, 0xf0, 0x7, 0xc,
    0x89, 0x55, 0x88, 0x6, 0xdd, 0xf9, 0xc0, 0x39,
    0xfd, 0x81, 0x84, 0x3, 0x11, 0x7c, 0x20, 0x1e,
    0x19, 0xbe, 0x0, 0x17, 0xff, 0xfc, 0xe0, 0x1e,
    0x43, 0x0, 0xff, 0xe5, 0x18, 0x3, 0xbf, 0xff,
    0xf8, 0x8, 0x1, 0xc5, 0x92, 0x1, 0x8, 0x80,
    0x2, 0x20, 0x0, 0x80, 0x7e, 0xb0, 0x50, 0xb,
    0x38, 0xf, 0xbc, 0x17, 0x84, 0x3, 0xc4, 0xc1,
    0x20, 0x1f, 0xfc, 0x79, 0x2, 0x50, 0xf, 0xfe,
    0x32, 0x20, 0x24, 0x3, 0xff, 0x8f, 0x20, 0x68,
    0x1, 0xff, 0xc6, 0x72, 0xf, 0xc, 0xe1, 0xd,
    0xe0, 0x3e, 0xe0, 0x2f, 0x8, 0x5d, 0x81, 0x9,
    0x8c, 0x8, 0x40, 0x21, 0x0, 0x8, 0x4, 0x20,
    0x13, 0x81, 0xec, 0x0, 0x3f, 0xbb, 0xff, 0x87,
    0xa0,

    /* U+70B9 "点" */
    0x0, 0xff, 0xa, 0x20, 0x3, 0xff, 0x90, 0xb7,
    0x60, 0xf, 0xff, 0x17, 0xff, 0xed, 0x0, 0xff,
    0xe5, 0x18, 0x7, 0xff, 0xb, 0x33, 0xf8, 0x3,
    0xff, 0x84, 0x67, 0xf8, 0x80, 0x38, 0x47, 0xe0,
    0x0, 0x8f, 0xc0, 0x1e, 0x2e, 0xef, 0x50, 0x3,
    0xbb, 0xe3, 0x0, 0xff, 0xe9, 0xf7, 0x7f, 0xda,
    0x1, 0xff, 0x8, 0xff, 0xc6, 0x1, 0xff, 0xd6,
    0x22, 0xff, 0xe0, 0x0, 0x7f, 0xdb, 0xbf, 0xf6,
    0x0, 0x7f, 0xf4, 0xcb, 0xff, 0xff, 0x88, 0x60,
    0x1c, 0x54, 0xc0, 0x1, 0x30, 0x8, 0x98, 0x2,
    0x7d, 0x30, 0xe, 0xb5, 0xb0, 0x7, 0x61, 0x80,
    0x3e, 0x58, 0x1, 0x85, 0xc0, 0x18, 0x98, 0x2c,
    0x0, 0x60, 0xa0, 0xa, 0xb, 0x0, 0x50, 0x94,
    0x80, 0x5c, 0x6, 0xc0, 0x6, 0xf, 0x0, 0x30,
    0x12, 0x0, 0xc0, 0x31, 0x85, 0x18, 0x70, 0x4,
    0x60, 0x40, 0x1, 0x30, 0xd0, 0x3, 0x10, 0x40,
    0x71, 0xc9, 0x0, 0x5e, 0x98, 0x1, 0x53, 0xd0,
    0x5, 0xd, 0x20,

    /* U+72B6 "状" */
    0x0, 0xe1, 0x43, 0x0, 0xf1, 0x10, 0x3, 0xff,
    0x82, 0x97, 0xa0, 0x1e, 0xdd, 0x18, 0xa, 0x0,
    0x7f, 0xf2, 0x47, 0xed, 0x0, 0x3f, 0xf9, 0x3,
    0x21, 0x42, 0x1, 0x2f, 0x20, 0x7, 0xff, 0x9,
    0xc8, 0x6c, 0x2, 0xc1, 0xa1, 0x0, 0xff, 0xe1,
    0x70, 0x28, 0x80, 0x24, 0x86, 0xc0, 0x3f, 0xf8,
    0x47, 0x1c, 0x20, 0x14, 0x82, 0xe0, 0x0, 0x55,
    0x73, 0x0, 0x11, 0x56, 0x24, 0x40, 0x4, 0x8a,
    0x4, 0x0, 0x4a, 0xad, 0x20, 0x8, 0xaa, 0xf0,
    0x6, 0x8d, 0xe0, 0xf, 0xfe, 0x21, 0x80, 0x62,
    0x20, 0x4, 0xbf, 0xfa, 0xc0, 0xb, 0xff, 0xda,
    0x1, 0xe3, 0x0, 0xf8, 0x80, 0x8, 0x1, 0xff,
    0x14, 0x80, 0x7d, 0x80, 0x1, 0x40, 0xf, 0xe3,
    0xc0, 0xf, 0xc8, 0x1, 0x68, 0x7, 0xe5, 0xc1,
    0x0, 0xf8, 0xc4, 0x24, 0x18, 0x40, 0x3d, 0x14,
    0x9, 0x40, 0x1e, 0xa0, 0x26, 0x30, 0x90, 0xe,
    0x16, 0x5, 0xb0, 0xf, 0xb, 0x5, 0x4, 0x83,
    0x88, 0x6, 0x1b, 0x7a, 0x0, 0xfa, 0xc0, 0xc,
    0xa, 0x41, 0x40, 0x1c, 0xb0, 0x1, 0xf2, 0x28,
    0x40, 0x80, 0x24, 0x11, 0xc0, 0x3f, 0xf8, 0x5,
    0x40, 0x4e, 0x1, 0x22, 0x84, 0x30, 0x7, 0xf8,
    0xb0, 0x43, 0xc0, 0x3a, 0x88, 0x26, 0x40, 0x1f,
    0x87, 0xc4, 0x2c, 0x80, 0x3d, 0xe4, 0xe, 0x40,
    0x1f, 0xe, 0x1d, 0xa0, 0x7, 0xc5, 0x89, 0xa4,
    0x1, 0xcb, 0xfc, 0x38, 0x80, 0x1f, 0xc3, 0x66,
    0x0,

    /* U+7528 "用" */
    0x0, 0x93, 0x7f, 0x33, 0xff, 0x83, 0xf8, 0x80,
    0x11, 0x10, 0xc, 0xff, 0xf8, 0x20, 0x64, 0x1,
    0xe9, 0x9e, 0x0, 0x24, 0xcf, 0x0, 0x7e, 0x16,
    0x6e, 0x10, 0xe6, 0x6e, 0x10, 0xf, 0xfe, 0xb8,
    0x81, 0x80, 0x7f, 0xf0, 0x47, 0xff, 0x80, 0x13,
    0xff, 0xc2, 0x1, 0xff, 0xd2, 0xee, 0xe0, 0x4,
    0xf7, 0x70, 0x7, 0xe2, 0x11, 0xf0, 0x18, 0x8f,
    0x80, 0x3f, 0xf9, 0xe2, 0x4, 0x67, 0xc2, 0x1a,
    0x67, 0xc2, 0x1, 0xde, 0x0, 0xcc, 0xe0, 0x3,
    0xe6, 0x70, 0x7, 0x88, 0x3, 0xff, 0x92, 0xc1,
    0x3f, 0xfc, 0x21, 0x5f, 0xfc, 0x20, 0x1c, 0x60,
    0xa0, 0x1f, 0xfc, 0x65, 0x0, 0x18, 0x7, 0xff,
    0x1a, 0x41, 0x40, 0x3f, 0xf8, 0xc8, 0x61, 0xc0,
    0x1f, 0xe2, 0x11, 0x10, 0x81, 0x85, 0x1, 0xa0,
    0x7, 0xfb, 0xba, 0xd0, 0x3, 0x5, 0x87, 0x0,
    0x7c, 0x60, 0x15, 0x80, 0x45, 0x6, 0xb, 0xc4,
    0x1, 0xf6, 0xfa, 0x83, 0xff, 0xda, 0xe0,

    /* U+767E "百" */
    0x0, 0xff, 0xe5, 0x27, 0xff, 0xff, 0x23, 0x0,
    0x3f, 0xf9, 0x4b, 0x99, 0xf8, 0xc0, 0x17, 0x99,
    0xfb, 0x84, 0xcf, 0xf3, 0x81, 0xa1, 0x9f, 0xe2,
    0x0, 0xfe, 0x50, 0x40, 0xf, 0xfe, 0xd, 0xe6,
    0x6f, 0x10, 0x7c, 0xcf, 0x8c, 0x3, 0x90, 0xcf,
    0x0, 0x63, 0x3f, 0x9c, 0x3, 0xe6, 0xaa, 0xff,
    0x48, 0x7, 0xfb, 0x15, 0x7f, 0xc8, 0x1, 0xff,
    0xea, 0xad, 0xdf, 0xf8, 0x3, 0xfe, 0x22, 0xff,
    0x0, 0x7f, 0xcd, 0x99, 0xfe, 0x90, 0xf, 0xf6,
    0x19, 0xff, 0x90, 0x3, 0xff, 0xd5, 0x59, 0x9f,
    0xed, 0x0, 0xff, 0x8c, 0xff, 0xc0, 0x1f, 0xf2,
    0xd5, 0x7f, 0xa0, 0x3, 0xfd, 0xea, 0xbf, 0xf0,
    0x7, 0x0,

    /* U+76D8 "盘" */
    0x0, 0xff, 0x4b, 0x8, 0x7, 0xff, 0x19, 0x1a,
    0x4, 0x3, 0xff, 0x80, 0x37, 0xfd, 0x77, 0x0,
    0xdd, 0xed, 0xfb, 0x0, 0xf9, 0x0, 0x51, 0x0,
    0x12, 0x26, 0x20, 0x41, 0x0, 0xfd, 0x1b, 0xa9,
    0x8d, 0xde, 0xa0, 0xf, 0xf8, 0x8a, 0x88, 0x49,
    0x91, 0x4c, 0x1, 0xff, 0xc2, 0xd3, 0x4c, 0x0,
    0xfe, 0x11, 0x94, 0x0, 0x62, 0x22, 0xe3, 0x61,
    0x19, 0xc0, 0x6, 0x22, 0xae, 0xe5, 0x80, 0x27,
    0xba, 0xd3, 0x4e, 0xea, 0xc0, 0x1b, 0xdc, 0x12,
    0x20, 0x4, 0x24, 0x5f, 0xc0, 0x18, 0x89, 0x5b,
    0xa3, 0x3, 0xed, 0xd3, 0x2e, 0xef, 0x60, 0x3,
    0xb7, 0x40, 0x5, 0x30, 0xa0, 0x1, 0x33, 0xf2,
    0x0, 0x7f, 0x8e, 0x80, 0x58, 0x0, 0x5b, 0x3,
    0x29, 0x11, 0x0, 0x4, 0x2, 0xd0, 0x6, 0x80,
    0x73, 0xe7, 0x2b, 0xb9, 0x1, 0x80, 0x36, 0x1d,
    0x9, 0x17, 0x84, 0x47, 0x31, 0x39, 0x62, 0x1,
    0x17, 0xd6, 0xef, 0xfa, 0x62, 0x73, 0x60, 0x3,
    0xe4, 0x48, 0x0, 0x88, 0x0, 0x1a, 0x20, 0x80,
    0x3f, 0xd, 0xda, 0x40, 0x6e, 0xc4, 0x11, 0x76,
    0x40, 0xf, 0xff, 0x25, 0xee, 0x0, 0xee, 0xc0,
    0x3b, 0xa2, 0xb, 0xdd, 0x30, 0x36, 0xe3, 0x10,
    0x4, 0x44, 0x0, 0x88, 0x80, 0x11, 0x10, 0x2,
    0x23, 0xcd, 0xdf, 0xfe, 0x47, 0x0,

    /* U+78C1 "磁" */
    0x0, 0xff, 0xe0, 0x8, 0x7, 0x8, 0x7, 0xff,
    0xc, 0x77, 0xc4, 0x3, 0x4f, 0xc8, 0x4, 0x3f,
    0xff, 0x18, 0xb, 0xc, 0x0, 0x66, 0xf, 0x0,
    0xc4, 0x40, 0x8, 0x88, 0x20, 0x9, 0x6, 0x10,
    0x2, 0x89, 0x30, 0x4, 0x3b, 0xa3, 0xd, 0xd8,
    0x84, 0x46, 0x71, 0x8, 0xac, 0x2c, 0x46, 0x0,
    0xc4, 0x4, 0x0, 0x6e, 0xe8, 0xcd, 0x9d, 0xc1,
    0x9, 0xee, 0x84, 0x0, 0x22, 0x30, 0xf, 0xfe,
    0x49, 0x3, 0x0, 0x4d, 0xfc, 0x73, 0xff, 0xac,
    0xef, 0xfe, 0x10, 0x2, 0x6, 0x0, 0x72, 0x1e,
    0x80, 0x6c, 0x3d, 0x0, 0xf4, 0x4, 0xe6, 0x2c,
    0x1, 0xc1, 0xe2, 0x1, 0x28, 0x58, 0x88, 0x3,
    0xe3, 0x32, 0x80, 0xa1, 0x24, 0xfb, 0x19, 0x19,
    0x4f, 0x30, 0x1, 0x0, 0x17, 0xe4, 0x0, 0x90,
    0x80, 0x60, 0x59, 0x8, 0x6, 0x2, 0x0, 0x78,
    0x1, 0xc0, 0x22, 0x70, 0x1a, 0x13, 0x5, 0x10,
    0x91, 0x24, 0x3, 0x40, 0xf, 0x70, 0x2, 0xd4,
    0x23, 0xc0, 0x6d, 0x82, 0xc0, 0x3f, 0xc8, 0xa,
    0x60, 0x4, 0xa0, 0x55, 0x0, 0x18, 0x0, 0x6c,
    0xe0, 0x1d, 0x1f, 0x40, 0xc, 0x6, 0xfa, 0x30,
    0x80, 0xd, 0x20, 0x1f, 0x94, 0xd1, 0xc4, 0x0,
    0x4c, 0x26, 0xc0, 0x1f, 0xfc, 0xb, 0x8, 0xb6,
    0x0, 0x40, 0x5f, 0x48, 0x80, 0x76, 0x60, 0x80,
    0x10, 0x30, 0x65, 0x60, 0x8a, 0x6b, 0xc0, 0xc0,
    0x1e, 0x30, 0x2, 0x38, 0xc, 0x11, 0x8d, 0x2,
    0x47, 0x5, 0x80, 0x76, 0x7f, 0xba, 0xc0, 0x12,
    0xe0, 0xc, 0x10, 0x77, 0x28, 0x18, 0x5, 0xe2,
    0x20, 0xc, 0x2f, 0x39, 0x60, 0xe0, 0xb1, 0x7c,
    0xe0, 0x60, 0x7, 0xe2, 0x0, 0xbf, 0xa1, 0x8d,
    0x5e, 0x3e, 0x9d, 0x6, 0xe0, 0x80,

    /* U+79BB "离" */
    0x0, 0xff, 0x8, 0x80, 0x3f, 0xf8, 0xf1, 0xd0,
    0x1, 0xff, 0xc7, 0xc0, 0x62, 0x0, 0xfe, 0x5f,
    0xff, 0xd6, 0x0, 0xdf, 0xff, 0xda, 0x23, 0xfe,
    0x1, 0x18, 0x4, 0x7e, 0x4e, 0xe3, 0x2d, 0x72,
    0x3e, 0x7f, 0x61, 0x6, 0x72, 0xab, 0xfb, 0x0,
    0x24, 0x40, 0x86, 0x26, 0xe6, 0x34, 0x70, 0x85,
    0x10, 0x60, 0x1f, 0xcd, 0x84, 0x66, 0xb, 0x30,
    0xf, 0xfe, 0x9, 0xd7, 0x12, 0xc9, 0xce, 0xa8,
    0x7, 0xff, 0x1, 0xd5, 0xb6, 0x9b, 0x2c, 0x3,
    0xff, 0x83, 0x3e, 0x85, 0x3b, 0x76, 0xf6, 0xea,
    0x0, 0xff, 0x1a, 0x26, 0x24, 0x4f, 0x0, 0x7e,
    0xcf, 0xfe, 0xa0, 0x6, 0x7f, 0xf8, 0x80, 0x3f,
    0xe8, 0x5, 0x30, 0xe, 0x10, 0xc, 0xbf, 0xff,
    0x10, 0x2f, 0xff, 0xbb, 0xe8, 0x3, 0x84, 0x60,
    0xc, 0x23, 0xf0, 0x7, 0xc5, 0xdd, 0x28, 0x27,
    0xf7, 0x92, 0x77, 0x4c, 0x1, 0xfc, 0xea, 0x34,
    0x0, 0x17, 0x58, 0x0, 0xff, 0x96, 0x1, 0x62,
    0xf3, 0x90, 0x1c, 0xc0, 0x3f, 0xc8, 0x0, 0x46,
    0x43, 0x32, 0x10, 0x78, 0x7, 0xf8, 0x5e, 0x6f,
    0x7f, 0xdb, 0x7b, 0x3a, 0x1, 0xff, 0x43, 0x21,
    0x0, 0x76, 0x5d, 0x38, 0x18, 0x7, 0xff, 0x10,
    0xd5, 0x42, 0x96, 0x0, 0x5f, 0xd0, 0xf, 0xfa,
    0x7f, 0xeb, 0x20,

    /* U+7A7A "空" */
    0x0, 0xff, 0x84, 0x3, 0xff, 0x8f, 0x5f, 0x40,
    0x1f, 0xfc, 0x73, 0x4, 0x30, 0xf, 0xf1, 0x9f,
    0xec, 0x0, 0x71, 0x9f, 0xe1, 0x4c, 0xcf, 0xd4,
    0x0, 0x2c, 0xcf, 0xce, 0x1, 0x11, 0x7f, 0xf1,
    0x0, 0x38, 0x77, 0x7f, 0xf8, 0x80, 0x1f, 0xe7,
    0x90, 0xd, 0x30, 0x20, 0x1f, 0xf1, 0x5c, 0x33,
    0x0, 0xa, 0xcf, 0xd0, 0x20, 0x42, 0x6b, 0x36,
    0x31, 0xa8, 0x14, 0xc0, 0x5, 0xc4, 0x7, 0xe8,
    0xce, 0x51, 0x5f, 0xe7, 0x4, 0xd5, 0x0, 0xc7,
    0x78, 0x60, 0xfc, 0xe0, 0xf, 0x50, 0x2b, 0xb1,
    0x0, 0x7c, 0x79, 0x44, 0x18, 0x0, 0xe4, 0x88,
    0xa, 0xaf, 0xfc, 0x13, 0x2b, 0x0, 0x15, 0xfd,
    0x57, 0xff, 0xb, 0xd8, 0x3, 0xb5, 0x57, 0x84,
    0x0, 0x4a, 0xbd, 0x80, 0x1e, 0x5a, 0xaf, 0x0,
    0x3e, 0xab, 0x9c, 0x3, 0xff, 0xfe, 0x1, 0xff,
    0xc4, 0x3f, 0xff, 0xd6, 0x0, 0xdf, 0xff, 0xc8,
    0x1, 0xff, 0xc9, 0x13, 0xdd, 0xff, 0xe4, 0x28,

    /* U+7AEF "端" */
    0x0, 0xff, 0xe1, 0x99, 0x80, 0x3f, 0x93, 0x24,
    0x3, 0x8, 0x80, 0x7, 0x98, 0x0, 0x84, 0x40,
    0x19, 0x8d, 0x88, 0x0, 0x5d, 0xc0, 0xf, 0xdd,
    0xc3, 0x0, 0x89, 0x42, 0xc0, 0x3f, 0xf9, 0x1c,
    0x5e, 0x1, 0xff, 0xc5, 0xef, 0xf5, 0x94, 0xff,
    0x98, 0x0, 0x66, 0x40, 0x1, 0x9c, 0x1, 0xff,
    0xc3, 0xcc, 0x40, 0x3, 0x32, 0x0, 0xdf, 0xbb,
    0xf2, 0xa2, 0x7f, 0xf0, 0x4, 0x1, 0x2a, 0x44,
    0x5c, 0x41, 0xbb, 0xff, 0xe0, 0x10, 0x1, 0x30,
    0x1, 0xe2, 0x1b, 0xbd, 0xdc, 0xdd, 0xf8, 0x4,
    0x4c, 0x0, 0x20, 0x22, 0xf0, 0x88, 0x8b, 0xe0,
    0x1, 0x10, 0x0, 0xc0, 0x9b, 0xbc, 0xa0, 0xc,
    0xdd, 0xe0, 0x3, 0x0, 0x81, 0x8, 0x11, 0x70,
    0x82, 0x99, 0x17, 0x0, 0xc, 0x8, 0x5, 0x41,
    0x6e, 0xf2, 0x2, 0xdd, 0xdf, 0xe5, 0x0, 0x70,
    0x39, 0x1, 0x81, 0x22, 0x60, 0x9, 0x12, 0x0,
    0x10, 0x0, 0x40, 0x98, 0x34, 0x2, 0x5c, 0x20,
    0xbb, 0x0, 0xe2, 0x0, 0x62, 0x32, 0x30, 0x64,
    0x0, 0x19, 0x9c, 0x15, 0x40, 0xa6, 0x60, 0xc,
    0x9a, 0x30, 0x19, 0x7c, 0x1, 0xff, 0xc2, 0xae,
    0xe5, 0x0, 0x42, 0x1, 0xff, 0xc3, 0x41, 0x1,
    0x59, 0xde, 0xe0, 0x7, 0xff, 0xa, 0x27, 0x7a,
    0x98, 0x80, 0x3f, 0xf8, 0x8c, 0xc2, 0x0, 0xff,
    0xe1, 0xdb, 0x0, 0x80, 0x7f, 0xf1, 0x84, 0x64,
    0x70, 0xf, 0xe6, 0xc8, 0xa, 0xf1, 0x17, 0xd5,
    0x3e, 0xc4,

    /* U+7B49 "等" */
    0x0, 0xc2, 0x1, 0xfc, 0x20, 0x1f, 0xfc, 0xf,
    0xe4, 0x0, 0xf2, 0xf6, 0x80, 0x7f, 0x9c, 0x44,
    0xe4, 0x58, 0x42, 0x0, 0x4, 0x5f, 0x0, 0x6,
    0x0, 0x19, 0xbb, 0xa9, 0x88, 0xb, 0x77, 0xd8,
    0x0, 0xa0, 0xe, 0x44, 0x82, 0x40, 0x38, 0x91,
    0x30, 0x4a, 0x6, 0x60, 0x1, 0x57, 0xa, 0x5,
    0xfe, 0x50, 0x6b, 0xba, 0x85, 0x2, 0xc, 0xe1,
    0x50, 0x11, 0x4, 0x80, 0x2c, 0x14, 0x40, 0x21,
    0xda, 0x70, 0x7, 0xf9, 0x1, 0x80, 0x2, 0x0,
    0x1b, 0xf1, 0x0, 0xe5, 0x8f, 0xf6, 0x77, 0xfa,
    0xc0, 0x15, 0xff, 0x5f, 0x7d, 0x80, 0x77, 0x11,
    0x78, 0x3, 0x11, 0x7c, 0x1, 0xcd, 0xbb, 0xec,
    0x0, 0x5e, 0xef, 0xa4, 0x2, 0x67, 0x7f, 0xd2,
    0x0, 0xf7, 0x7f, 0xcc, 0x11, 0x1f, 0xca, 0x0,
    0x48, 0x8f, 0xd2, 0x11, 0x1f, 0xfc, 0x25, 0x0,
    0x44, 0x69, 0x6, 0x77, 0xff, 0xe0, 0xf0, 0x1,
    0xdf, 0x30, 0xf, 0x77, 0xff, 0x6, 0xc0, 0x1f,
    0xdd, 0x20, 0x0, 0x47, 0xff, 0x82, 0x1, 0x84,
    0x60, 0x0, 0xff, 0xd8, 0x27, 0xbf, 0xfe, 0xa0,
    0x7, 0x7f, 0xc8, 0x1, 0xce, 0x27, 0x84, 0x1,
    0xc2, 0x0, 0x10, 0xf, 0xe4, 0xd1, 0x16, 0x10,
    0x7, 0xff, 0x18, 0xb0, 0x45, 0x0, 0x20, 0x1,
    0x0, 0xff, 0xe1, 0x16, 0xb5, 0x6, 0x7f, 0xa8,
    0x4, 0x3, 0xff, 0x82, 0x72, 0x0, 0xa0, 0x8,
    0xe8, 0x3, 0xff, 0x8a, 0xff, 0xf6, 0x20, 0x7,
    0x0,

    /* U+7CFB "系" */
    0x0, 0xff, 0xe0, 0x92, 0x3d, 0x6b, 0x80, 0x61,
    0x23, 0x45, 0x68, 0x9a, 0xce, 0xfd, 0xb8, 0x52,
    0x85, 0x0, 0x9f, 0x72, 0xea, 0x5d, 0x94, 0xc4,
    0x0, 0x48, 0xf5, 0xaa, 0x1, 0x39, 0x1a, 0x2a,
    0xc0, 0x15, 0xf7, 0xed, 0xc2, 0x90, 0x6, 0x1d,
    0xcb, 0xa8, 0x40, 0x4f, 0x41, 0x1, 0xa3, 0x0,
    0xff, 0x2e, 0x8b, 0x58, 0x4, 0x9e, 0xba, 0x20,
    0x1f, 0xa6, 0x82, 0x64, 0x24, 0x77, 0x61, 0x2d,
    0x10, 0xf, 0xf, 0xb0, 0x2, 0x7f, 0xb7, 0x10,
    0x17, 0x4c, 0x3, 0xe1, 0x0, 0x88, 0xd0, 0x3,
    0x55, 0x0, 0xc0, 0x3f, 0x6f, 0xfb, 0x61, 0x80,
    0xd, 0xea, 0x3d, 0x8c, 0x1, 0xf1, 0x1, 0x5d,
    0x89, 0x36, 0x40, 0x3, 0x61, 0x2a, 0x1, 0xe3,
    0xad, 0x41, 0x98, 0x65, 0x67, 0x8f, 0x0, 0x52,
    0x0, 0x47, 0xf8, 0xa0, 0x1, 0x9c, 0xba, 0x98,
    0x75, 0x0, 0xa8, 0x80, 0x2, 0x1, 0x84, 0x91,
    0x40, 0x9, 0x57, 0x9b, 0xe8, 0x3c, 0x0, 0x27,
    0xce, 0xfe, 0xdb, 0xa0, 0x7, 0x2a, 0x19, 0x5,
    0xa, 0x0, 0x50, 0x66, 0xea, 0x30, 0xf, 0x26,
    0xd8, 0x8b, 0xa0, 0x3, 0x17, 0x8a, 0x8, 0x7,
    0x84, 0x93, 0xcc, 0x3, 0x8f, 0x8, 0x34, 0x80,
    0x3c, 0xba, 0x43, 0x8a, 0x1, 0x36, 0x8, 0x61,
    0x80, 0x7e, 0x2c, 0x30, 0xa8, 0x4, 0x90, 0x1c,
    0x31, 0x22, 0x80, 0x2, 0x1, 0xe, 0x20, 0x3a,
    0x23, 0x17, 0xcc, 0x17, 0x76, 0x0, 0x30, 0x7,
    0x5a, 0xda, 0x1, 0xd0, 0x80, 0x10, 0x40, 0x5,
    0x4, 0x1, 0xea, 0x40, 0xf, 0xdd, 0xfe, 0xd7,
    0x0, 0xff, 0x0,

    /* U+7D2F "累" */
    0x0, 0xaa, 0xef, 0xff, 0x89, 0x40, 0x1c, 0x89,
    0xff, 0xc6, 0x0, 0xfa, 0xfb, 0xb5, 0x0, 0x3b,
    0xba, 0x80, 0x3f, 0xc2, 0x38, 0x2, 0x11, 0xe0,
    0xf, 0xf5, 0xff, 0xea, 0x0, 0x7f, 0xf5, 0x0,
    0x7f, 0x23, 0x36, 0x10, 0x3, 0x37, 0x20, 0x7,
    0xf4, 0x4c, 0xea, 0x1, 0x99, 0xee, 0x0, 0xfe,
    0xec, 0xcb, 0xec, 0x7, 0x33, 0xa0, 0x3, 0xf8,
    0x8c, 0xe0, 0xc, 0x67, 0xc4, 0x1, 0xf7, 0x7f,
    0xb4, 0xc0, 0x6b, 0xfe, 0xc5, 0xcf, 0xfb, 0x80,
    0x3c, 0x53, 0xa6, 0xb8, 0x84, 0xb5, 0x8b, 0xc2,
    0x1, 0xfa, 0x35, 0x80, 0xb, 0xbd, 0xb4, 0xa3,
    0x1a, 0x60, 0x1f, 0xb8, 0x0, 0x68, 0x20, 0x1a,
    0x39, 0xf3, 0x5c, 0x3, 0xe6, 0xfe, 0xa6, 0x10,
    0x3a, 0xf7, 0x0, 0x50, 0x45, 0x0, 0x71, 0x4f,
    0xf4, 0x90, 0x1b, 0x76, 0x63, 0x7a, 0x0, 0xb,
    0x60, 0x1a, 0xd8, 0x3, 0x8d, 0x50, 0xcf, 0xc0,
    0x4, 0xb0, 0xb, 0x46, 0x26, 0xaf, 0x36, 0x80,
    0x1b, 0xdb, 0xac, 0xfc, 0x1f, 0x0, 0x93, 0x9c,
    0x2f, 0x8, 0x8c, 0x1, 0x97, 0xa0, 0xf, 0x90,
    0x3, 0x15, 0xc8, 0x80, 0x80, 0x7b, 0x45, 0xf9,
    0x80, 0x31, 0x56, 0xa0, 0xdc, 0x0, 0x7d, 0x1c,
    0xa3, 0x3a, 0x60, 0xa, 0x50, 0x6e, 0x41, 0xef,
    0xc0, 0x1, 0x80, 0x6, 0xb0, 0x89, 0xa2, 0x11,
    0x5b, 0x20, 0x1, 0x40, 0x1, 0x40, 0x80, 0x63,
    0xd8, 0xf1, 0x0, 0x29, 0x0, 0x6a, 0xff, 0x6b,
    0x80, 0x7c, 0xe2, 0x0,

    /* U+7EA7 "级" */
    0x0, 0xe3, 0x0, 0xff, 0xe5, 0xe, 0x71, 0x0,
    0x7f, 0xf2, 0x18, 0x0, 0x40, 0xbb, 0xbf, 0xbf,
    0x90, 0x3, 0xea, 0x9, 0x0, 0x19, 0x17, 0xe0,
    0x15, 0x0, 0xf2, 0x90, 0xb8, 0x1, 0xee, 0xc0,
    0x5, 0xbb, 0x20, 0x10, 0x80, 0x7a, 0x2, 0xc0,
    0x40, 0x51, 0x2, 0x1c, 0x88, 0x10, 0x50, 0xf,
    0x39, 0x1a, 0x85, 0x61, 0x0, 0x4, 0x1c, 0x0,
    0x81, 0x80, 0x1c, 0x50, 0x1e, 0x8, 0x83, 0x10,
    0xc, 0x20, 0x62, 0x8, 0x1, 0x87, 0xc0, 0xd9,
    0xec, 0x18, 0xc0, 0x80, 0x6, 0x8, 0x2, 0x46,
    0x20, 0x11, 0x1, 0xd4, 0x0, 0xc0, 0x0, 0x40,
    0x2, 0x18, 0x3, 0xb9, 0xc8, 0x2, 0x2, 0x88,
    0x0, 0x50, 0x80, 0x18, 0x0, 0xc0, 0xc0, 0x1,
    0x0, 0x30, 0x3, 0xfa, 0xdc, 0x19, 0x0, 0x22,
    0x0, 0x68, 0x6f, 0xfa, 0xc0, 0x88, 0x1, 0xa4,
    0xcd, 0x20, 0x60, 0xe, 0x0, 0x21, 0x80, 0x5e,
    0x8, 0x1, 0x99, 0x80, 0x95, 0xd8, 0x40, 0xa0,
    0x14, 0x0, 0x5, 0x42, 0x80, 0x27, 0x90, 0x3,
    0xa8, 0x99, 0x80, 0xc2, 0x41, 0xc, 0x24, 0xc,
    0xc0, 0x1, 0x80, 0x9, 0x6b, 0xb0, 0x4c, 0x0,
    0xcc, 0xe, 0x27, 0x9, 0x0, 0x84, 0xa, 0xfe,
    0x94, 0x44, 0x16, 0x6, 0x10, 0x25, 0xa0, 0x6a,
    0x1, 0xbf, 0x50, 0x0, 0x95, 0xca, 0xa0, 0x40,
    0x1b, 0x0, 0xbc, 0x3, 0xe2, 0x8e, 0xb5, 0xf,
    0x20, 0xa0, 0xf, 0x30, 0x7, 0x3e, 0xe9, 0xc4,
    0x4f, 0xc2, 0x6, 0x40, 0xf4, 0x1, 0x53, 0x80,
    0x6a, 0x20, 0x4a, 0xe8, 0x44, 0x4, 0x8d, 0x40,
    0x27, 0x18, 0x45, 0x90, 0x2, 0x9f, 0x6d, 0x40,
    0x6c, 0x9, 0xb9, 0x41, 0x6c, 0x71, 0x41, 0x30,
    0x41, 0xe0, 0x80, 0x21, 0x80, 0xe3, 0x61, 0xaa,
    0x0, 0x55, 0x41, 0xa1, 0x0, 0xfc, 0xdc, 0x61,
    0x3e, 0xa0, 0x1c, 0xbc, 0x80,

    /* U+7EBF "线" */
    0x0, 0xff, 0xe0, 0xa2, 0x0, 0x3f, 0xf8, 0x15,
    0x66, 0x1, 0xc3, 0x76, 0x23, 0xb3, 0x0, 0xf8,
    0x55, 0x18, 0x3, 0x84, 0x2, 0x94, 0xc9, 0x0,
    0xf3, 0x0, 0xa8, 0x7, 0xe1, 0xaa, 0xb, 0x18,
    0x7, 0x48, 0x40, 0x7, 0xfc, 0xbf, 0x42, 0x1,
    0x9c, 0x49, 0x80, 0x40, 0x3e, 0x8a, 0xcf, 0xac,
    0x0, 0x86, 0x42, 0x41, 0xbd, 0x55, 0x7d, 0xe0,
    0x4, 0x53, 0x10, 0x30, 0xa, 0xc5, 0x50, 0x20,
    0x74, 0xd0, 0x40, 0x34, 0x5e, 0xfe, 0x80, 0x1d,
    0x40, 0xa3, 0xc4, 0xa1, 0x2b, 0x3d, 0x2, 0x1d,
    0x8, 0x3, 0x48, 0x1, 0xdc, 0x0, 0x90, 0x25,
    0x30, 0x10, 0xf0, 0x1, 0x2c, 0x28, 0x38, 0x34,
    0x0, 0x19, 0x0, 0x30, 0xb0, 0x3e, 0x7e, 0xd3,
    0xe0, 0x4f, 0xcf, 0x1, 0x48, 0x2, 0x2f, 0xb8,
    0x60, 0x3, 0x1, 0x47, 0xd0, 0x9, 0x58, 0x3c,
    0x2, 0x64, 0x10, 0xd, 0x7d, 0xcb, 0xa4, 0x0,
    0x1d, 0x3, 0xba, 0x2d, 0x26, 0x59, 0xfa, 0x0,
    0x51, 0x9, 0xd9, 0x5, 0xc0, 0x3, 0xd3, 0xa0,
    0x3b, 0x18, 0x10, 0x1, 0x41, 0x98, 0x14, 0x1e,
    0x1, 0x13, 0x4e, 0x20, 0x7, 0x18, 0x63, 0x48,
    0x41, 0x87, 0x1d, 0xfe, 0xcb, 0x18, 0x7, 0x90,
    0x1e, 0x41, 0xdc, 0x0, 0x4c, 0x40, 0x8, 0xdd,
    0x0, 0x3b, 0x40, 0x28, 0x80, 0x7, 0x96, 0x7b,
    0x23, 0x0, 0x34, 0x50, 0x0, 0xdc, 0x10, 0x41,
    0xb3, 0xe9, 0x84, 0x9e, 0x80, 0x63, 0xdc, 0x2,
    0x21, 0xc, 0xe2, 0xe3, 0x2, 0x7c, 0xd8, 0x7b,
    0xe7, 0x2, 0xae, 0x11, 0x6a, 0x28, 0x15, 0xc6,
    0xea, 0xc, 0x0, 0x28, 0x5, 0x3a, 0xa3, 0x40,
    0x76, 0x46, 0x6, 0xe4, 0x1, 0xc9, 0x37, 0xac,
    0x1, 0x25, 0x98, 0x17, 0x0,

    /* U+7EDC "络" */
    0x0, 0xe1, 0x0, 0xf9, 0x8c, 0x3, 0xff, 0x80,
    0x7d, 0x0, 0x1c, 0x53, 0x84, 0x1, 0xff, 0x50,
    0x30, 0x7, 0x40, 0x29, 0x0, 0x7f, 0x85, 0x82,
    0x0, 0x32, 0x28, 0x2f, 0xff, 0xa4, 0x3, 0x48,
    0xb, 0x0, 0x69, 0x0, 0xfe, 0x30, 0x8, 0x5c,
    0x2c, 0x3, 0x51, 0x3, 0xf7, 0x6a, 0x0, 0x40,
    0x5, 0x0, 0x6a, 0x1a, 0xf2, 0xa0, 0x6, 0x1,
    0x10, 0x58, 0x39, 0x0, 0xd, 0x83, 0x82, 0xa,
    0x18, 0x1d, 0x47, 0x0, 0x74, 0x4e, 0x0, 0x7,
    0x80, 0x37, 0xae, 0xf, 0xd, 0x14, 0x44, 0xfe,
    0x31, 0xd0, 0x9, 0xc0, 0x2, 0xc4, 0x5, 0xf,
    0x20, 0xc, 0x0, 0xde, 0x20, 0x12, 0x2, 0x39,
    0x80, 0x3c, 0x3, 0x26, 0x80, 0x6b, 0x20, 0xd,
    0xf7, 0x46, 0x12, 0x40, 0x2d, 0x96, 0x61, 0xe,
    0xb, 0xb6, 0xa0, 0x10, 0xf8, 0x2b, 0x2, 0x74,
    0x98, 0x2e, 0xbc, 0x6a, 0x2, 0x56, 0x0, 0x34,
    0x80, 0xaf, 0xb8, 0x40, 0xb9, 0x44, 0x0, 0x2b,
    0xb2, 0x85, 0x17, 0x98, 0x1, 0xd0, 0x4f, 0xed,
    0x73, 0xff, 0xd6, 0xb6, 0xc6, 0x1, 0x13, 0x57,
    0x49, 0x0, 0x7f, 0xce, 0x2, 0x53, 0xdb, 0x2a,
    0x20, 0x18, 0xbf, 0xfc, 0x1, 0xda, 0xc2, 0x1,
    0x23, 0x80, 0x7f, 0xf1, 0x96, 0xba, 0xe0, 0x3,
    0xff, 0x84, 0x2f, 0x7f, 0x4a, 0x22, 0x60, 0x8,
    0x8c, 0xfc, 0x1, 0x8e, 0x10, 0x5, 0xaf, 0xa4,
    0x3, 0x66, 0x78, 0x3, 0x10, 0xad, 0xf4, 0xa0,
    0x7, 0x88, 0xbc, 0x1, 0xdd, 0x48, 0x1, 0xf8,
    0xb7, 0x7c, 0x1, 0xff, 0xc2, 0x4f, 0xd0, 0xf,
    0x7f, 0x8c, 0x0,

    /* U+7EDF "统" */
    0x0, 0xe3, 0x0, 0xfe, 0x21, 0x0, 0xff, 0x97,
    0x2c, 0x80, 0x3d, 0x9b, 0x20, 0x1f, 0xf7, 0x2,
    0x90, 0x7, 0xa8, 0x1c, 0x3, 0xfc, 0x48, 0x12,
    0x1, 0xf3, 0x80, 0x98, 0x7, 0xf4, 0x0, 0xb8,
    0x1, 0x3b, 0xb8, 0x7, 0x7b, 0xb6, 0x0, 0x44,
    0xa1, 0x60, 0x40, 0x23, 0xc0, 0x10, 0x8f, 0x80,
    0x29, 0x3, 0x51, 0xdb, 0x7d, 0xd8, 0xc0, 0x19,
    0xbb, 0xd8, 0x0, 0x64, 0xe, 0x9, 0x4, 0x12,
    0x22, 0x18, 0x59, 0x9a, 0x20, 0x44, 0x10, 0x49,
    0x3, 0x5b, 0x70, 0x63, 0x3, 0x90, 0x74, 0x3,
    0x55, 0x30, 0x4, 0xe0, 0x3, 0x84, 0x2, 0x90,
    0x1e, 0x3, 0x80, 0x1, 0x40, 0x48, 0x80, 0xc,
    0x5, 0x0, 0x2e, 0x7, 0xe2, 0x5, 0x9a, 0xcd,
    0x80, 0x5, 0x0, 0x5d, 0xc9, 0x0, 0x41, 0x85,
    0x80, 0x4c, 0xc5, 0x32, 0x0, 0x91, 0x40, 0x2,
    0x2f, 0x4, 0x70, 0x5, 0x80, 0x9a, 0xbc, 0xde,
    0x77, 0xa0, 0x70, 0x5, 0x44, 0x49, 0x47, 0x87,
    0xee, 0x12, 0x53, 0x66, 0x20, 0x22, 0x6c, 0x7,
    0x10, 0xb, 0x6e, 0x14, 0x4, 0x70, 0x6, 0x30,
    0x36, 0x0, 0x9, 0x80, 0x63, 0x79, 0x0, 0x18,
    0x0, 0x80, 0x3f, 0xe3, 0x8c, 0xfc, 0x84, 0x0,
    0x30, 0x8, 0x7, 0xfd, 0xf8, 0xe6, 0x0, 0x14,
    0x0, 0x60, 0x10, 0x7, 0xc4, 0x1, 0xe2, 0x7c,
    0xeb, 0x0, 0x28, 0x20, 0x7, 0xd9, 0x62, 0x7,
    0x1b, 0xa8, 0x30, 0x41, 0x82, 0xa, 0x0, 0xf8,
    0x50, 0xb, 0x1c, 0x80, 0xe7, 0xae, 0x5c, 0x18,
    0x80, 0x3c, 0x40, 0x1, 0x21, 0x38, 0xec, 0x63,
    0xd7, 0x3, 0x90, 0xb, 0xc1, 0x7f, 0x41, 0x0,
    0x1f, 0x8e, 0x20, 0x2, 0x70, 0x5c, 0x0, 0xcc,
    0x60, 0x11, 0x40, 0x0, 0x40, 0x3d, 0x79, 0x40,
    0x1c, 0x39, 0xff, 0x69, 0x80,

    /* U+7EED "续" */
    0x0, 0xff, 0xe1, 0x88, 0x80, 0x3f, 0xc3, 0xae,
    0x1, 0xf2, 0x77, 0x0, 0x3f, 0xcc, 0x56, 0x1,
    0xf0, 0x80, 0x7f, 0xf0, 0x28, 0x24, 0x2, 0x8f,
    0xfa, 0x80, 0x1f, 0xf9, 0x40, 0x32, 0x11, 0x14,
    0x2, 0xf1, 0x18, 0x2, 0x11, 0xc0, 0x1d, 0x1,
    0x0, 0x19, 0xfb, 0xab, 0x0, 0x77, 0x65, 0x0,
    0x94, 0xcc, 0xa3, 0x88, 0x26, 0x7b, 0x0, 0x6,
    0x72, 0x18, 0x5, 0x1, 0xe1, 0x27, 0xcf, 0x99,
    0x9c, 0x1, 0x99, 0x5e, 0x30, 0x51, 0x20, 0x3b,
    0x82, 0x9, 0x13, 0xfc, 0x0, 0x73, 0x50, 0x4c,
    0x80, 0x72, 0x4b, 0xb6, 0xdd, 0xbb, 0x22, 0xe8,
    0x8, 0x4c, 0x5, 0x4c, 0x6, 0x0, 0x26, 0x9d,
    0x3f, 0x84, 0x7, 0x5, 0x0, 0x7f, 0x50, 0x85,
    0x0, 0x48, 0xd6, 0x7a, 0x20, 0x11, 0xa5, 0x0,
    0x6a, 0x27, 0x40, 0x1, 0xde, 0x87, 0xe8, 0x6,
    0x5b, 0x20, 0x9, 0x94, 0x3e, 0xf9, 0xe, 0xce,
    0xd0, 0xdc, 0x4, 0x3, 0xcf, 0x20, 0x8, 0x41,
    0x0, 0x26, 0x2a, 0x1, 0x81, 0x80, 0x7a, 0x0,
    0x4, 0xf7, 0xe9, 0xfe, 0xd5, 0xef, 0x0, 0x57,
    0xfe, 0x60, 0x3, 0x6e, 0xa1, 0x0, 0x3f, 0xf8,
    0x66, 0x1f, 0x24, 0x2, 0xd8, 0xbf, 0xfb, 0x40,
    0x13, 0xbd, 0xff, 0x28, 0x4, 0xb5, 0xd2, 0x7a,
    0x1, 0xf, 0x1, 0x2e, 0x79, 0x80, 0x43, 0x5f,
    0x4a, 0xb, 0x70, 0x0, 0x2d, 0x30, 0xe3, 0x71,
    0xc6, 0x0, 0xa, 0x81, 0x47, 0x52, 0x0, 0x1b,
    0x4c, 0x2c, 0xc2, 0x68, 0x26, 0x0, 0x11, 0x9a,
    0xe2, 0x0, 0x3e, 0x90, 0x2c, 0x40, 0x9, 0x70,
    0x5e, 0x41, 0xcc, 0x3, 0x8d, 0x6, 0x34, 0xc0,
    0x38, 0xf0, 0x70, 0x3, 0xfa, 0xb9, 0xc0, 0x3f,
    0x17, 0x28,

    /* U+7F51 "网" */
    0xf, 0xff, 0xfe, 0x40, 0x80, 0x7f, 0xf3, 0x67,
    0x33, 0xff, 0x85, 0x20, 0x1e, 0x23, 0x3c, 0xe,
    0x46, 0x79, 0xc0, 0xd4, 0x3, 0xfe, 0x8b, 0x40,
    0xd, 0x78, 0x1, 0xfc, 0xc6, 0x0, 0x50, 0x76,
    0x20, 0x20, 0x20, 0xf, 0xc7, 0x3a, 0x42, 0x20,
    0x69, 0xf0, 0x70, 0x70, 0xf, 0xc6, 0xc3, 0xe8,
    0x6, 0x88, 0x2b, 0xc0, 0xd0, 0xf, 0xe9, 0x32,
    0xa0, 0x40, 0xa2, 0x46, 0x3, 0x0, 0xff, 0x68,
    0x80, 0x2c, 0x7, 0x80, 0x24, 0x0, 0xff, 0xc,
    0x0, 0x71, 0x88, 0x7, 0xff, 0x8, 0x40, 0x1c,
    0x1, 0x10, 0x2, 0x0, 0x3f, 0xe9, 0x0, 0x14,
    0x1, 0x98, 0x0, 0xe4, 0x1, 0xfc, 0xc2, 0x58,
    0xe, 0x52, 0xa, 0xc1, 0x20, 0x1f, 0x86, 0x2,
    0xd, 0xd9, 0x8a, 0x11, 0x0, 0x47, 0x0, 0xfa,
    0xc4, 0xd4, 0x22, 0x12, 0xc, 0x43, 0x18, 0xe0,
    0x1e, 0x85, 0xf, 0x0, 0xb4, 0x86, 0x0, 0xe,
    0x60, 0x1f, 0x51, 0xc9, 0x80, 0x48, 0x1a, 0x20,
    0x1f, 0xf1, 0x63, 0x0, 0x68, 0xe3, 0x2, 0x33,
    0x90, 0x0, 0x20, 0x1f, 0xf0, 0x80, 0x7, 0x32,
    0x80, 0x20, 0xf, 0xfe, 0x19, 0x90, 0x0, 0x57,
    0xc0,

    /* U+884C "行" */
    0x0, 0xf1, 0x80, 0x7f, 0xf2, 0x57, 0x38, 0xc0,
    0x3f, 0xf8, 0xc9, 0x40, 0x86, 0x3, 0xff, 0xff,
    0x50, 0x4, 0x96, 0x7, 0x40, 0x1f, 0xfc, 0x55,
    0xb0, 0x3d, 0x0, 0x87, 0x33, 0xfe, 0x80, 0x9a,
    0x3, 0xd1, 0x0, 0xc6, 0x7f, 0xf1, 0x0, 0x49,
    0x82, 0x5f, 0x42, 0x1, 0xff, 0xc2, 0x98, 0xb0,
    0x7, 0x3, 0x88, 0x7, 0xff, 0xd, 0xc0, 0x10,
    0x61, 0xc2, 0x67, 0xff, 0xc1, 0x0, 0xcc, 0xe0,
    0xe6, 0xd9, 0x9f, 0xfc, 0x10, 0x9, 0x64, 0x1,
    0x0, 0x1f, 0xfc, 0x55, 0xa0, 0xe, 0x7f, 0xff,
    0xa0, 0xb, 0xfe, 0x7, 0xa0, 0x8, 0x40, 0x3f,
    0xf8, 0x83, 0x20, 0x2e, 0x1, 0xff, 0xc6, 0x1a,
    0x2c, 0xd0, 0xf, 0xfe, 0x3a, 0x69, 0x0, 0x7f,
    0xff, 0xc0, 0x3f, 0xfc, 0xa2, 0x45, 0x70, 0x7,
    0xff, 0x19, 0xf7, 0x66, 0x6, 0x0, 0xff, 0xe2,
    0x38, 0x4, 0x29, 0x20, 0x1f, 0x2e, 0xe0, 0x7,
    0x87, 0xfe, 0xeb, 0x20, 0x8,

    /* U+89C8 "览" */
    0x0, 0xff, 0xe0, 0x98, 0x7, 0xff, 0x8, 0xff,
    0xc0, 0x11, 0xe7, 0x80, 0x7e, 0x4e, 0xd0, 0xf,
    0xc8, 0x6, 0x1, 0xfc, 0x26, 0x1, 0xfa, 0x80,
    0xff, 0xfd, 0x40, 0x1f, 0xf1, 0x90, 0x7, 0xff,
    0x22, 0x41, 0x3f, 0x1f, 0xbf, 0xea, 0x0, 0xff,
    0x1a, 0x87, 0x87, 0x3d, 0x0, 0x7f, 0xf0, 0xb8,
    0x11, 0x1, 0x82, 0x90, 0x1, 0xff, 0xc1, 0x93,
    0x90, 0x0, 0xd0, 0x39, 0x80, 0x49, 0xfc, 0x0,
    0x15, 0x60, 0x4c, 0x20, 0x9, 0x1e, 0x48, 0x3,
    0x97, 0x31, 0xcc, 0xb9, 0x9f, 0x92, 0x84, 0x3,
    0x88, 0xcf, 0xff, 0x86, 0x1, 0xf8, 0xb3, 0x3f,
    0xd0, 0x1, 0xff, 0x19, 0xc5, 0x10, 0x23, 0x38,
    0x40, 0x3f, 0xf8, 0x46, 0x88, 0x30, 0xf, 0xfe,
    0x30, 0x80, 0x7f, 0xf2, 0x58, 0x0, 0x62, 0x1,
    0xff, 0x8, 0x98, 0x2, 0x90, 0x7, 0x70, 0x0,
    0xab, 0x0, 0x79, 0xba, 0xc0, 0x14, 0x60, 0xc0,
    0x18, 0xea, 0x84, 0x80, 0x1f, 0x2e, 0xa8, 0x46,
    0x0, 0x7c, 0xd7, 0x40, 0x11, 0x3e, 0xd1, 0xd,
    0x38, 0x7, 0xe3, 0x3, 0x1a, 0xed, 0x82, 0x18,
    0xe5, 0x7, 0x0, 0x7f, 0x76, 0x80, 0xc1, 0x21,
    0x5, 0xae, 0x70, 0x8, 0xa0, 0x40, 0x47, 0x3,
    0x28, 0x46, 0x7d, 0x28, 0x7, 0x9f, 0xbf, 0xfd,
    0x20,

    /* U+8B66 "警" */
    0x0, 0xc6, 0x40, 0x2, 0x30, 0xe, 0x30, 0xf,
    0xe4, 0x57, 0xcd, 0x55, 0x6e, 0x3a, 0x98, 0x1e,
    0x60, 0x3, 0xf4, 0x54, 0x0, 0x2a, 0x80, 0x8,
    0xa9, 0x9, 0x1, 0x88, 0xf0, 0x3, 0x3e, 0xc0,
    0xff, 0xc6, 0x1d, 0xf4, 0x6a, 0x4, 0xef, 0xe0,
    0xd, 0x60, 0xb3, 0x25, 0x4c, 0x61, 0xd0, 0x7,
    0x7f, 0x84, 0x37, 0xc0, 0x29, 0x0, 0x33, 0x64,
    0x2d, 0xd0, 0x80, 0x2c, 0x18, 0x50, 0x80, 0x26,
    0x60, 0x56, 0x65, 0xd6, 0x2, 0xe7, 0xc6, 0xb9,
    0x21, 0x20, 0x10, 0xd8, 0x2, 0xb7, 0x58, 0x84,
    0x5, 0x7a, 0x3a, 0x6, 0x10, 0x40, 0x10, 0xec,
    0x84, 0x64, 0x0, 0x38, 0x38, 0x5, 0xb0, 0x2,
    0x89, 0x20, 0xc, 0x41, 0x1b, 0x21, 0x6c, 0xa,
    0x7f, 0x24, 0x9b, 0x0, 0xdb, 0xa2, 0x0, 0x32,
    0xe7, 0xfb, 0x40, 0xcd, 0x48, 0xcc, 0xcb, 0x27,
    0xd7, 0x14, 0x20, 0xa, 0x4, 0x88, 0x19, 0xf4,
    0xd1, 0xb6, 0x24, 0x50, 0x56, 0x40, 0x0, 0xf7,
    0x7f, 0x48, 0x2, 0xf7, 0x7f, 0x58, 0x0, 0xaa,
    0xbf, 0xf9, 0x12, 0x0, 0x15, 0x51, 0x44, 0x7f,
    0xf0, 0xb5, 0x54, 0x60, 0x1c, 0xb3, 0x3f, 0xfc,
    0x2a, 0x0, 0xfc, 0xb5, 0x5f, 0xfc, 0x2b, 0x0,
    0xfc, 0xb5, 0x5f, 0xfc, 0x30, 0xf, 0xcc, 0x45,
    0xff, 0xc2, 0x60, 0xf, 0xd1, 0x31, 0x1f, 0xfc,
    0x9, 0xb0, 0xf, 0xf4, 0x77, 0x7f, 0xac, 0x3,
    0xff, 0x81, 0x3f, 0xff, 0xea, 0x0, 0xff, 0xe0,
    0x25, 0xdf, 0xf9, 0x80, 0x3f, 0xd9, 0xf6, 0x89,
    0xfe, 0x9f, 0xe0, 0xc,

    /* U+8BA1 "计" */
    0x0, 0xff, 0xe1, 0x8, 0x80, 0x3f, 0xd2, 0x20,
    0x1f, 0x8b, 0xb8, 0x60, 0x1f, 0xa9, 0xbc, 0xc0,
    0x3f, 0xf8, 0xf6, 0x43, 0x88, 0x1, 0xff, 0xc6,
    0x1c, 0x30, 0xb3, 0x0, 0xff, 0xe3, 0xe, 0x12,
    0x18, 0x7, 0xff, 0x23, 0x2c, 0x3, 0xff, 0x92,
    0x20, 0x1f, 0xfc, 0x5b, 0xbb, 0xbf, 0x40, 0xc,
    0xdd, 0x60, 0x9, 0x66, 0xe0, 0x44, 0x84, 0x8,
    0xa, 0x67, 0x98, 0x0, 0xb3, 0x3c, 0x2e, 0xf1,
    0x0, 0x46, 0x1, 0xff, 0xc3, 0x88, 0xa4, 0x2,
    0x1f, 0xfe, 0xd0, 0x6, 0x7f, 0xf0, 0x80, 0x7f,
    0xff, 0xc0, 0x3f, 0xf9, 0xae, 0x1, 0xff, 0xc8,
    0x4d, 0x82, 0x0, 0xff, 0xe2, 0x8, 0x2, 0xc8,
    0x40, 0x3f, 0xf8, 0xbc, 0x1, 0x2f, 0x10, 0x7,
    0xff, 0xd, 0x10, 0x0, 0x9a, 0x0, 0xff, 0xe2,
    0xa0, 0x3, 0x58, 0x3, 0xff, 0x8f, 0x1e, 0x40,
    0x1f, 0xfc, 0x50,

    /* U+8BE2 "询" */
    0x0, 0xff, 0x85, 0x0, 0x3f, 0xf8, 0x32, 0xe0,
    0x1e, 0x9b, 0xf0, 0xf, 0xf9, 0x1a, 0x1c, 0x3,
    0x98, 0x14, 0x3, 0xfe, 0x48, 0x8, 0x60, 0x9,
    0x44, 0x24, 0x3, 0xff, 0x80, 0xee, 0x9, 0x20,
    0x4, 0x0, 0x33, 0xff, 0xf4, 0x0, 0x68, 0x49,
    0x20, 0x72, 0x0, 0xff, 0xe2, 0xdb, 0x1, 0x40,
    0x27, 0x77, 0xe2, 0xf, 0x0, 0xf8, 0x7c, 0x6,
    0x84, 0x7f, 0x80, 0x2f, 0xfe, 0x47, 0x20, 0x1e,
    0xbb, 0xe9, 0x0, 0xc2, 0x20, 0xf, 0x35, 0x38,
    0x1, 0x13, 0xc0, 0x1, 0x0, 0xe, 0x64, 0x1,
    0x96, 0x40, 0x1d, 0xd5, 0x80, 0x78, 0xc0, 0xce,
    0x10, 0xf, 0x84, 0x67, 0x0, 0xc6, 0x2, 0x1,
    0xff, 0xc0, 0xbb, 0xb0, 0x3, 0x8, 0x7, 0xff,
    0x9, 0x12, 0x0, 0xf9, 0xc0, 0x3f, 0xf8, 0x1f,
    0xf5, 0x80, 0x78, 0x40, 0x3f, 0xf8, 0x6e, 0x1,
    0x8, 0x0, 0xc0, 0x3e, 0x5a, 0x0, 0xb7, 0x6e,
    0x0, 0x88, 0x0, 0x20, 0x1e, 0x9a, 0x53, 0x0,
    0x11, 0x60, 0x9, 0x80, 0x40, 0x38, 0x40, 0x82,
    0xc, 0x1, 0xff, 0xda, 0x4, 0x6, 0x1, 0x98,
    0x2, 0xb7, 0x18, 0x80, 0x7, 0xda, 0xe, 0x1,
    0xa4, 0x1, 0xa8, 0x0, 0x77, 0x0, 0x46, 0x42,
    0x8a, 0x1a, 0x1, 0x9c, 0x38, 0x80, 0x3f, 0x76,
    0xf5, 0x80, 0x18, 0x3, 0x47, 0x8, 0x7, 0xf2,
    0x80, 0x47, 0x62, 0x1, 0xc2, 0x1, 0xfe, 0x8f,
    0xfb, 0x10, 0x0,

    /* U+8BEF "误" */
    0x0, 0x94, 0x40, 0x3f, 0xf9, 0x2f, 0x58, 0x40,
    0x1b, 0xff, 0xfe, 0xa0, 0xc, 0xa4, 0x4c, 0x20,
    0xf, 0x8, 0xf8, 0x3, 0xe2, 0xc2, 0x1c, 0x20,
    0xd, 0x9d, 0xde, 0x60, 0xf, 0x87, 0x4, 0x8c,
    0x3, 0xff, 0x90, 0x39, 0x81, 0x0, 0xd6, 0xcd,
    0xe5, 0x0, 0xfe, 0x20, 0xf, 0x3c, 0xcf, 0x8c,
    0x3, 0x17, 0xff, 0x20, 0x5, 0xe, 0xff, 0xef,
    0x0, 0x8, 0x7, 0xf3, 0xc4, 0x7f, 0x94, 0x0,
    0x79, 0x90, 0x7, 0x12, 0xaf, 0xff, 0x0, 0x40,
    0x6, 0x70, 0x80, 0x6a, 0xaf, 0xfe, 0xa, 0x80,
    0x7f, 0xb5, 0x57, 0x0, 0x4a, 0xbc, 0xc0, 0x1f,
    0xe5, 0xaa, 0xd2, 0x9, 0x55, 0xc4, 0x1, 0xfe,
    0x11, 0xef, 0x0, 0x8, 0xf8, 0x3, 0xf9, 0xbb,
    0xb9, 0x81, 0x3b, 0xbc, 0x1, 0xfc, 0x60, 0x1f,
    0xfc, 0xa3, 0xdf, 0xfd, 0x40, 0x13, 0x7f, 0xf0,
    0x7, 0xd1, 0x8e, 0x20, 0x1, 0xb0, 0x40, 0x65,
    0x0, 0xfc, 0x22, 0x3, 0x7, 0x10, 0x2c, 0x11,
    0x54, 0x5, 0x30, 0x7, 0xd4, 0x1, 0x5c, 0xc,
    0x69, 0x5, 0xb, 0xa8, 0x4e, 0x20, 0x7, 0x70,
    0x17, 0x24, 0xf3, 0x81, 0x62, 0x0, 0x2a, 0x0,
    0xef, 0x40, 0x32, 0xbe, 0x88, 0x58, 0x14, 0xe9,
    0x80, 0x67, 0xc5, 0x8, 0x0, 0xe8, 0x0, 0x8b,
    0xb5, 0x80, 0x3e, 0x3a, 0xe5, 0x0,

    /* U+8D1F "负" */
    0x0, 0xf8, 0x80, 0x3f, 0xf9, 0x9, 0xbe, 0xa0,
    0x1f, 0xfc, 0x68, 0x2, 0x50, 0xc, 0x20, 0x1f,
    0xfc, 0x7, 0x30, 0x2f, 0xfe, 0xeb, 0x10, 0xf,
    0xe3, 0x80, 0x1, 0x17, 0x0, 0x10, 0x3, 0xf8,
    0x74, 0xb, 0xf7, 0x76, 0x0, 0x20, 0x40, 0x3e,
    0x1c, 0x11, 0x78, 0x7, 0x50, 0x13, 0x80, 0x7c,
    0x38, 0x41, 0x60, 0x45, 0xa1, 0x2, 0x8, 0xb0,
    0x4, 0x9e, 0x40, 0xa, 0xdd, 0xe7, 0x0, 0x56,
    0xee, 0x20, 0x8, 0x44, 0xc0, 0x2, 0x2e, 0x10,
    0x22, 0x84, 0x3, 0x93, 0x32, 0x1, 0xdd, 0xee,
    0xfd, 0xda, 0x80, 0x3c, 0x64, 0x1, 0xf3, 0x3a,
    0x0, 0x7f, 0xf1, 0xe6, 0xc, 0x3, 0xff, 0x92,
    0x20, 0x1f, 0xfc, 0x63, 0x0, 0x28, 0x7, 0xff,
    0x19, 0x40, 0x6, 0x1, 0xff, 0xc6, 0xa0, 0x30,
    0xf, 0xfe, 0x32, 0x18, 0x48, 0x8, 0x7, 0xfc,
    0x95, 0x60, 0x74, 0x4, 0xb7, 0xd2, 0x4b, 0x54,
    0x20, 0xe, 0x15, 0x53, 0xe0, 0x8b, 0xc4, 0x40,
    0xdb, 0x42, 0xa0, 0x1c, 0x2b, 0x5f, 0x0, 0x58,
    0x43, 0x5c, 0xe0, 0x97, 0x88, 0x0, 0x5e, 0xe5,
    0x28, 0x14, 0xe9, 0x0, 0x43, 0x1c, 0xe0, 0x77,
    0x82, 0xa0, 0x3, 0x7c, 0xd6, 0x0, 0xf8, 0x63,
    0x98, 0x10, 0x43, 0xfd, 0x90, 0x60, 0x1f, 0xf0,
    0xcf, 0x40, 0x0,

    /* U+8D25 "败" */
    0x0, 0xff, 0xe7, 0x8, 0xff, 0x0, 0x47, 0xd2,
    0x1, 0xfd, 0xdd, 0xfb, 0xc0, 0x24, 0x12, 0x0,
    0xff, 0xe4, 0xd8, 0x60, 0x7, 0xf8, 0xbf, 0xf8,
    0x3, 0x8c, 0x10, 0x3, 0xff, 0x80, 0xf4, 0x40,
    0x1c, 0xc0, 0xc, 0xff, 0xee, 0x0, 0xf5, 0xa8,
    0x80, 0x75, 0x0, 0x7f, 0xf2, 0x88, 0xc3, 0x7f,
    0xe5, 0xa, 0xe0, 0xf, 0xfe, 0xc, 0x1, 0x10,
    0x2, 0x10, 0x70, 0xf, 0xfe, 0x9, 0xa8, 0x10,
    0x6, 0x50, 0x20, 0xf, 0xfe, 0xc, 0x0, 0x42,
    0x0, 0x11, 0x10, 0x7, 0xff, 0xa, 0x0, 0xc1,
    0xc0, 0x8, 0x8, 0x1, 0xfe, 0x10, 0x8, 0xf6,
    0x2, 0x80, 0x18, 0x18, 0x1, 0xf8, 0x40, 0xc0,
    0x31, 0x21, 0x19, 0x81, 0xc1, 0x0, 0x3f, 0x18,
    0x8, 0x7, 0xac, 0x21, 0x45, 0x4, 0x3, 0xe1,
    0x18, 0x3, 0xe6, 0x14, 0xa0, 0xe0, 0xf, 0x32,
    0xa8, 0x14, 0x0, 0xf2, 0x1, 0xa0, 0x2, 0x50,
    0xf, 0x4c, 0x70, 0x62, 0x4c, 0x38, 0x6, 0x70,
    0xf, 0xf8, 0x94, 0x1a, 0x59, 0xc0, 0x3a, 0x80,
    0x29, 0x0, 0xfb, 0x81, 0x87, 0x82, 0xc, 0x2,
    0xb4, 0x19, 0x6, 0xa0, 0xe, 0xb3, 0x29, 0x3,
    0x80, 0xe0, 0x3d, 0x41, 0xc6, 0xa0, 0x5d, 0x30,
    0x6, 0xa0, 0xf8, 0x4, 0xe6, 0x65, 0xc2, 0x1d,
    0x20, 0x5b, 0x12, 0xc1, 0x9, 0x3f, 0x20, 0xd,
    0xde, 0xb2, 0xbc, 0x60, 0x12, 0x7a, 0x58, 0x82,
    0x60, 0x80, 0x71, 0x8, 0x35, 0x0, 0x78, 0x6d,
    0x0,

    /* U+8D8B "趋" */
    0x0, 0xf1, 0x10, 0x3, 0xff, 0x92, 0xbb, 0xe0,
    0x1e, 0xb9, 0x10, 0xf, 0xfe, 0x42, 0xa2, 0x4,
    0x3, 0xf8, 0x46, 0x20, 0x21, 0x18, 0x1, 0x20,
    0x5f, 0xfb, 0x8c, 0x3, 0x7f, 0x72, 0x0, 0x1d,
    0xcf, 0x5, 0x30, 0x11, 0x80, 0x23, 0x0, 0xc6,
    0x1, 0xf1, 0x85, 0x84, 0xf7, 0x46, 0x12, 0x1,
    0xdb, 0xfe, 0xa0, 0x2f, 0xf6, 0xd0, 0x9b, 0x0,
    0x10, 0xc5, 0xc0, 0x3f, 0xf8, 0x24, 0xa1, 0x28,
    0x95, 0x82, 0xa1, 0x80, 0x55, 0xbb, 0x50, 0x16,
    0xeb, 0xe4, 0x6a, 0xee, 0x0, 0x25, 0xf0, 0x4,
    0xe4, 0x50, 0x4, 0x45, 0xa5, 0x57, 0xc4, 0x1,
    0xdf, 0x99, 0x58, 0x2, 0x33, 0xa, 0xf5, 0x5e,
    0x50, 0xe, 0x23, 0x39, 0x0, 0x8, 0x66, 0x10,
    0xf, 0xfe, 0x16, 0x7a, 0x0, 0x7c, 0xbf, 0xfe,
    0x70, 0xf, 0xfe, 0x6, 0xdd, 0x88, 0x40, 0x3f,
    0xf8, 0x24, 0xe, 0x1, 0xa, 0x20, 0x53, 0xff,
    0xce, 0x1, 0xe1, 0x4, 0x0, 0xa3, 0x30, 0x60,
    0x1f, 0xfc, 0x49, 0x0, 0x90, 0xce, 0xff, 0xf9,
    0xc0, 0x38, 0x40, 0x3, 0x20, 0x1c, 0xe0, 0x1f,
    0xfc, 0x15, 0x2, 0x16, 0x0, 0xe4, 0xee, 0xfe,
    0xd0, 0xb, 0x1, 0x30, 0x2, 0xe5, 0x20, 0x11,
    0xfe, 0x0, 0xca, 0x1a, 0x5a, 0x60, 0x55, 0xbf,
    0xf7, 0x76, 0xff, 0xe1, 0x32, 0x14, 0x2, 0xcc,
    0x31, 0x0, 0x61, 0x1c, 0x1, 0x94, 0x4e, 0xe0,
    0x3, 0x1c, 0xef, 0xf6, 0xe6, 0x7f, 0x58, 0x0,

    /* U+8F6E "轮" */
    0x0, 0xff, 0xe8, 0x56, 0xa0, 0x7, 0xc3, 0xfc,
    0xa0, 0x1f, 0xe4, 0x27, 0x0, 0xfa, 0x40, 0x70,
    0x3, 0xe4, 0x42, 0x88, 0x32, 0x20, 0xc0, 0x21,
    0x70, 0x3, 0x8, 0x7, 0xae, 0xd4, 0x0, 0xab,
    0xb4, 0x0, 0x56, 0x0, 0x20, 0xa0, 0xf, 0x11,
    0x0, 0x22, 0x2c, 0x0, 0x55, 0x4, 0x78, 0x24,
    0x0, 0x76, 0xe9, 0x3, 0x37, 0x69, 0x3, 0xa0,
    0x37, 0x28, 0x7, 0x50, 0xf, 0x20, 0xad, 0xa0,
    0x0, 0xb4, 0x7, 0x80, 0xe, 0x81, 0x4a, 0x1,
    0x94, 0x1f, 0xd0, 0x80, 0xf0, 0x42, 0x88, 0x2,
    0xa1, 0xa, 0x70, 0xb, 0xc3, 0x40, 0x37, 0x8,
    0xe, 0x90, 0x4, 0x38, 0x21, 0x80, 0x1, 0x50,
    0x53, 0x1, 0x17, 0xd, 0x3, 0x38, 0x6, 0x3d,
    0x3a, 0x0, 0x50, 0x3, 0x94, 0x23, 0xa7, 0xd4,
    0x3, 0x86, 0xbc, 0xb0, 0x40, 0x3f, 0xe1, 0x0,
    0xe5, 0xf5, 0x1b, 0x0, 0xd3, 0xdf, 0xe6, 0x9,
    0xfa, 0x0, 0xc5, 0x74, 0x21, 0x14, 0x1, 0x88,
    0x40, 0x3f, 0x84, 0x21, 0x1, 0xb9, 0xc0, 0x3f,
    0xed, 0x7a, 0x0, 0xe5, 0xd9, 0x10, 0xf, 0x34,
    0x5e, 0xb0, 0x24, 0x29, 0x0, 0x84, 0x51, 0x0,
    0x7e, 0x97, 0x42, 0x0, 0xa2, 0xc8, 0x2, 0x20,
    0xe, 0xb8, 0x10, 0x3, 0x32, 0x71, 0x42, 0x5d,
    0x0, 0x3f, 0xcc, 0xe4, 0x0, 0x99, 0x31, 0x98,
    0x3, 0xf1, 0x80, 0x61, 0x20, 0x20, 0xf, 0xfe,
    0x9, 0x4, 0xff, 0xee, 0x2, 0x10, 0xf, 0xfe,
    0xf, 0x88, 0x7, 0x87, 0x80, 0x3f, 0xf8, 0x47,
    0xdc, 0xdd, 0xdd, 0xc3, 0x0, 0x0,

    /* U+8F7D "载" */
    0x0, 0xe1, 0x77, 0x0, 0x71, 0xba, 0x80, 0x7f,
    0xf0, 0xa, 0x20, 0x1, 0xc9, 0x1c, 0x11, 0xa2,
    0x1, 0x9a, 0xaa, 0xd0, 0x5, 0x56, 0x0, 0xe4,
    0x2c, 0x10, 0xb, 0xd5, 0x61, 0x0, 0x2a, 0xe1,
    0x0, 0xda, 0x44, 0xd0, 0xa, 0x7b, 0xaa, 0x0,
    0x77, 0x61, 0x10, 0x4, 0x3e, 0xa, 0x1, 0x84,
    0x66, 0x0, 0x8, 0xe0, 0x9, 0xc0, 0x5, 0xb2,
    0x0, 0xcf, 0xfd, 0x80, 0xf, 0xfe, 0x90, 0x3f,
    0xfb, 0x7f, 0x41, 0x88, 0xa1, 0x11, 0x17, 0xc0,
    0x11, 0x17, 0x30, 0x56, 0xec, 0xe2, 0x9b, 0xbe,
    0xb0, 0x1d, 0xde, 0xb0, 0xe, 0x70, 0xf0, 0xf,
    0x38, 0x8, 0x0, 0xf1, 0xc0, 0xb, 0xff, 0x8,
    0x4f, 0xff, 0x71, 0x0, 0x4, 0x2c, 0xf4, 0x0,
    0x24, 0x40, 0x8, 0x8b, 0xe1, 0x0, 0x18, 0x28,
    0x78, 0x1, 0x36, 0x0, 0xbf, 0xc9, 0x5b, 0xb6,
    0x0, 0x83, 0x19, 0x2, 0x80, 0x43, 0x61, 0x20,
    0xcc, 0xa0, 0xe, 0x20, 0x29, 0x6, 0x0, 0xd8,
    0x21, 0x3b, 0x60, 0x5b, 0xb3, 0x2, 0x86, 0xa8,
    0x50, 0x7, 0xc4, 0x40, 0x8, 0x8a, 0x10, 0xf0,
    0x40, 0x43, 0x0, 0xdf, 0xbd, 0xfe, 0xa0, 0x1f,
    0xf9, 0xc1, 0x40, 0x28, 0x0, 0xe2, 0x20, 0x80,
    0x4, 0xc, 0x8, 0xd4, 0xc, 0x0, 0x26, 0xe,
    0x80, 0x4c, 0xf1, 0x37, 0x60, 0x2f, 0xdc, 0xa0,
    0x90, 0x2, 0x0, 0x36, 0xc9, 0x26, 0x1d, 0x90,
    0x3, 0x11, 0xab, 0xb0, 0x1, 0x44, 0x18, 0x8,
    0x86, 0xad, 0x14, 0xe0, 0x3f, 0xb9, 0x88, 0x7,
    0x20, 0xd4, 0x32, 0x4, 0xca, 0x97, 0x5c, 0x3,
    0x0, 0x44, 0x82, 0xc7, 0x1, 0xd8, 0x28, 0x7,
    0xff, 0x2, 0x85, 0xa8, 0xe, 0xc8, 0x12, 0x40,
    0x3e, 0x4d, 0xc0, 0x1, 0x7c, 0x80, 0x49, 0xbf,
    0x62, 0x0,

    /* U+8FBE "达" */
    0x0, 0xff, 0xe0, 0x8b, 0x30, 0x3, 0xfc, 0xfa,
    0x20, 0x1f, 0x96, 0x64, 0x1, 0xfc, 0x32, 0x54,
    0x1, 0xf8, 0x40, 0x3f, 0xe1, 0xa0, 0x46, 0x0,
    0xff, 0xe4, 0x22, 0x84, 0x88, 0x7, 0x8c, 0x4,
    0x3, 0xfe, 0xb0, 0x2, 0x1e, 0xef, 0x48, 0xe,
    0xef, 0x9c, 0x3, 0xd, 0x6a, 0xb9, 0x17, 0x0,
    0x44, 0x5e, 0xf0, 0xe, 0x52, 0x5, 0xaa, 0xe0,
    0x0, 0xd5, 0x7c, 0x1, 0xf8, 0x55, 0x78, 0xc2,
    0x55, 0x7c, 0x40, 0x3, 0x3e, 0x10, 0xf, 0x18,
    0x40, 0x7, 0xf6, 0x67, 0x20, 0x7, 0x20, 0x5,
    0x60, 0x1f, 0xfc, 0x7d, 0x0, 0x92, 0xc0, 0x3e,
    0xff, 0x84, 0x3, 0xc2, 0xc1, 0x12, 0x9, 0x40,
    0x1f, 0xfc, 0x48, 0x0, 0x33, 0x20, 0x16, 0x0,
    0x3f, 0xf8, 0x4a, 0xc0, 0xe2, 0xe, 0xc0, 0xec,
    0x1, 0xff, 0xc0, 0x5a, 0x2, 0x80, 0xa, 0x4c,
    0x25, 0x0, 0x3f, 0x86, 0x68, 0x7, 0xc0, 0x3b,
    0x48, 0x28, 0x40, 0x38, 0x40, 0x4, 0xc0, 0x5e,
    0x40, 0x1c, 0x3c, 0x2, 0xa0, 0x11, 0x58, 0x2,
    0x86, 0xe3, 0x44, 0x3, 0xe3, 0xad, 0x40, 0x2,
    0xea, 0x0, 0x86, 0xf1, 0x88, 0x7, 0xf2, 0x98,
    0x81, 0x50, 0xe, 0xf4, 0x2, 0xdf, 0x7f, 0x73,
    0x75, 0xdc, 0xff, 0xbb, 0xc0, 0x94, 0x30, 0x81,
    0xf9, 0xc8, 0x0, 0x22, 0x22, 0x8, 0x80, 0x33,
    0x80, 0x2a, 0xc8, 0x2, 0x18, 0xdf, 0xdb, 0xbf,
    0x66, 0x37, 0xa4, 0x0,

    /* U+8FD0 "运" */
    0x0, 0xff, 0xe7, 0x5e, 0x90, 0x6, 0xdf, 0xff,
    0xf9, 0x0, 0x23, 0x52, 0xd7, 0x0, 0x8c, 0x3,
    0xfe, 0x10, 0x8, 0xfd, 0x2, 0x2c, 0x1, 0x99,
    0xff, 0xc0, 0x50, 0xc, 0x36, 0xe0, 0x20, 0x2,
    0x33, 0xff, 0x80, 0x3e, 0x8b, 0xa0, 0xf, 0xfe,
    0x52, 0x1, 0xbb, 0xff, 0xf0, 0xc0, 0x3f, 0x24,
    0x47, 0xff, 0xc, 0x7, 0xff, 0x90, 0xd5, 0x70,
    0x4, 0xab, 0xf3, 0x0, 0x7e, 0x4a, 0xab, 0x80,
    0x13, 0x54, 0x89, 0xaa, 0xa4, 0x7, 0x76, 0x10,
    0xf, 0x78, 0xb, 0x2, 0xee, 0x80, 0x3c, 0x45,
    0x0, 0x78, 0xd0, 0x20, 0x0, 0xa4, 0x30, 0x1,
    0xff, 0xc2, 0x80, 0x26, 0x0, 0xa0, 0x1c, 0x80,
    0x3f, 0xf8, 0xa, 0x81, 0xc0, 0x19, 0x50, 0x38,
    0x3, 0xfe, 0x3a, 0x0, 0x5c, 0xd6, 0x6f, 0x20,
    0x1a, 0x80, 0x7f, 0xac, 0x2, 0x76, 0x53, 0x21,
    0x0, 0xac, 0x3, 0xfd, 0x40, 0x3, 0x57, 0x8a,
    0xbd, 0xee, 0x0, 0xa8, 0x6, 0x31, 0x8, 0x2,
    0xef, 0xca, 0x87, 0x54, 0x21, 0x14, 0x5a, 0x80,
    0x4d, 0x80, 0x3, 0xc3, 0x10, 0xf, 0xf3, 0xa0,
    0x4, 0xf2, 0x9, 0x66, 0x6c, 0xb7, 0x43, 0x22,
    0xc6, 0x64, 0x68, 0xc2, 0x18, 0x3, 0xb4, 0xc7,
    0x4, 0x8b, 0xcd, 0xdd, 0x98, 0xb9, 0x72, 0x20,
    0xd0, 0xe8, 0x5, 0x1d, 0x8, 0x20, 0x1f, 0xc2,
    0xe0, 0x5, 0xc1, 0x0, 0xc2, 0xf7, 0xdf, 0xdd,
    0xbf, 0xf7, 0x48, 0x0,

    /* U+8FD1 "近" */
    0x0, 0xff, 0xe4, 0x8, 0x6, 0x48, 0x0, 0xfe,
    0x13, 0x57, 0xac, 0xff, 0x18, 0x0, 0xad, 0xe4,
    0x3, 0x37, 0xfd, 0xd9, 0x50, 0xa6, 0x0, 0xb0,
    0x1, 0x50, 0x34, 0x0, 0x46, 0x1, 0x11, 0xab,
    0xcd, 0xf7, 0x20, 0x2, 0x58, 0x7, 0x50, 0xe,
    0xfd, 0xca, 0x86, 0x41, 0x0, 0xf3, 0xb0, 0x78,
    0x7, 0xff, 0x22, 0x6a, 0x80, 0x1f, 0xfc, 0x95,
    0x0, 0xf2, 0xaf, 0xf8, 0xc0, 0x3f, 0xf8, 0x15,
    0x5f, 0xf0, 0x2b, 0x36, 0x10, 0xf, 0xfe, 0x2d,
    0x4c, 0xe5, 0x0, 0x18, 0xf, 0xfe, 0x0, 0x57,
    0xfd, 0x20, 0x64, 0x40, 0xe, 0xe0, 0x50, 0xc,
    0x20, 0x20, 0x1d, 0x9b, 0xa1, 0x0, 0xc4, 0x4,
    0x1, 0xff, 0xc8, 0x70, 0xe0, 0xf, 0xfe, 0x38,
    0x90, 0x20, 0x7, 0xff, 0x1d, 0xc0, 0x6, 0x1,
    0xff, 0xc7, 0xb0, 0x40, 0xf, 0xfe, 0x20, 0x80,
    0x14, 0x83, 0xc0, 0x3f, 0xf8, 0x45, 0x80, 0xb,
    0x78, 0x44, 0x0, 0x7f, 0xf0, 0x53, 0x4c, 0x48,
    0x37, 0xe0, 0x3, 0xdd, 0xe8, 0x0, 0x12, 0x25,
    0x81, 0xfe, 0xc0, 0x3e, 0x7f, 0x66, 0x76, 0xf7,
    0xfb, 0xa0, 0x90, 0x74, 0x41, 0xf5, 0x84, 0x4,
    0xcf, 0x88, 0x40, 0x2c, 0xa, 0xa0, 0x80, 0x45,
    0x3d, 0xb9, 0x55, 0xeb, 0xb6, 0x6b, 0x0,

    /* U+8FDE "连" */
    0x0, 0xff, 0xe0, 0x18, 0x80, 0x7f, 0xf0, 0x1b,
    0x8c, 0x3, 0xed, 0xe7, 0x0, 0xff, 0xb4, 0x74,
    0x40, 0x39, 0x4, 0x10, 0x3, 0xfe, 0xa1, 0x16,
    0x80, 0xf7, 0x56, 0x0, 0xde, 0xef, 0x98, 0x2,
    0x1d, 0x3, 0x90, 0x11, 0x80, 0x21, 0x1f, 0xc0,
    0x1c, 0x6e, 0x2, 0x2f, 0xf4, 0x80, 0x3b, 0xff,
    0xf3, 0x0, 0x74, 0x5c, 0x0, 0x56, 0xe, 0x25,
    0x76, 0x10, 0xf, 0xf9, 0x0, 0x25, 0x20, 0x90,
    0x14, 0x41, 0x80, 0x7c, 0x24, 0x58, 0x0, 0x36,
    0xe, 0x20, 0x1f, 0xfc, 0xe, 0xdd, 0xc4, 0x10,
    0x20, 0xff, 0xec, 0x0, 0x6f, 0xfd, 0x20, 0x1f,
    0xea, 0x0, 0xff, 0xe0, 0x8, 0x5, 0xff, 0x0,
    0x63, 0xad, 0xee, 0xac, 0x1, 0x7d, 0xd4, 0x0,
    0x7f, 0xca, 0x42, 0x33, 0x80, 0x18, 0x46, 0x0,
    0xff, 0x9, 0x17, 0x98, 0x0, 0xe4, 0x58, 0x40,
    0x3f, 0x3e, 0xef, 0xa8, 0x1, 0x5b, 0xba, 0xc0,
    0x3f, 0xfa, 0x8d, 0xff, 0xec, 0x0, 0x6f, 0xfe,
    0xa0, 0xf, 0xfe, 0x84, 0x0, 0x14, 0x3, 0xff,
    0x8c, 0x38, 0xe0, 0x8, 0x91, 0x0, 0xff, 0xe2,
    0x69, 0x84, 0xd0, 0xb7, 0x53, 0x21, 0x98, 0x2e,
    0xcc, 0x8a, 0xf1, 0x48, 0x66, 0x8, 0x65, 0xf4,
    0x5, 0x9b, 0xcc, 0xae, 0xf5, 0x43, 0xaa, 0x8d,
    0xcd, 0xc0, 0x3, 0x78, 0xc6, 0x1, 0xfe, 0x14,
    0x10, 0x8e, 0x0, 0xe3, 0x9c, 0xff, 0x77, 0x6f,
    0xfd, 0xd6, 0x0,

    /* U+8FDF "迟" */
    0x0, 0x35, 0x0, 0x78, 0x8c, 0x47, 0xf8, 0x3,
    0x14, 0x2e, 0x0, 0x65, 0xdc, 0xee, 0xfe, 0x60,
    0x8, 0xb4, 0xe, 0xc0, 0x3f, 0xf9, 0x7, 0x60,
    0x90, 0x1, 0xdb, 0xdd, 0xe1, 0x0, 0xf9, 0x24,
    0x4, 0x3, 0x8c, 0x47, 0xc0, 0x1f, 0xcd, 0x92,
    0x1, 0xff, 0xca, 0x30, 0xf, 0x29, 0x9f, 0x84,
    0x3, 0xff, 0x89, 0x79, 0x9e, 0x0, 0xf6, 0x6e,
    0xe4, 0x0, 0x18, 0x0, 0x47, 0xf8, 0xc0, 0x23,
    0x22, 0xc2, 0x0, 0x10, 0x1e, 0xea, 0x77, 0xbb,
    0x28, 0x5, 0x77, 0x0, 0x77, 0x1, 0x0, 0x26,
    0x30, 0xc0, 0x3e, 0x44, 0x84, 0x3, 0x10, 0x30,
    0x2, 0xc4, 0x34, 0x80, 0x3f, 0xf8, 0x48, 0x4,
    0x0, 0x2c, 0x11, 0x60, 0x80, 0x7f, 0xf0, 0x10,
    0x1, 0x80, 0x11, 0x50, 0xe, 0x0, 0x7f, 0xf0,
    0x38, 0x5, 0x0, 0x32, 0x48, 0x15, 0x80, 0x7f,
    0x8d, 0x41, 0xc0, 0x3c, 0xcc, 0x4, 0x80, 0xf,
    0x8, 0x2, 0x80, 0x10, 0x1, 0xf4, 0x98, 0x20,
    0x6, 0x2a, 0x0, 0x55, 0xd4, 0x88, 0x7, 0xed,
    0x6c, 0x0, 0x93, 0x54, 0x2, 0xdc, 0x21, 0x0,
    0xfc, 0x30, 0x22, 0x2, 0xb0, 0x1d, 0xf7, 0x6,
    0xbe, 0xfe, 0xe6, 0xf7, 0x3f, 0xee, 0xe6, 0x81,
    0x30, 0x61, 0x4, 0x6b, 0x8, 0x0, 0x44, 0x42,
    0x20, 0xe, 0xb0, 0x4, 0xd9, 0x0, 0x45, 0x3d,
    0xcc, 0xbb, 0x55, 0x2e, 0xd9, 0xba, 0xe7, 0x0,

    /* U+9001 "送" */
    0x0, 0xff, 0x84, 0x3, 0xc2, 0x20, 0xf, 0x3f,
    0x10, 0x7, 0x67, 0x18, 0x7, 0x5f, 0x58, 0x7,
    0x58, 0xe0, 0x80, 0x65, 0xf, 0x0, 0xc2, 0xa1,
    0xc0, 0x1d, 0xa2, 0x2d, 0x0, 0xd0, 0x6, 0xc0,
    0x14, 0x1, 0xa8, 0x7, 0xd, 0x1, 0xc0, 0x4,
    0x2e, 0x46, 0x0, 0x36, 0xf, 0x0, 0xf9, 0x1c,
    0x4, 0x23, 0xfc, 0xe5, 0x5f, 0xec, 0x0, 0x67,
    0xf8, 0x3, 0xd1, 0x92, 0x1, 0xff, 0xca, 0x30,
    0x4, 0x7f, 0xec, 0x0, 0x67, 0xff, 0x0, 0x4a,
    0xbc, 0x1, 0xf0, 0x80, 0x4, 0x3, 0xf5, 0xd5,
    0x62, 0x0, 0xff, 0xe3, 0x22, 0x40, 0x12, 0xff,
    0xf6, 0x80, 0x37, 0xff, 0xac, 0x1, 0x57, 0x60,
    0xf, 0xfe, 0x33, 0x80, 0x7e, 0x5d, 0xde, 0x40,
    0x2, 0xee, 0xf8, 0x3, 0xf8, 0x8b, 0x98, 0x0,
    0xb6, 0x45, 0x84, 0x3, 0xff, 0x82, 0xe4, 0xe,
    0xd, 0x20, 0x1f, 0xfc, 0x44, 0x80, 0x78, 0x90,
    0x6a, 0x0, 0xff, 0xe1, 0x3d, 0x82, 0x40, 0x34,
    0x82, 0xd0, 0x7, 0xfc, 0xbb, 0x0, 0x96, 0x1,
    0x34, 0x82, 0xc8, 0x6, 0x19, 0x0, 0x20, 0x71,
    0x4, 0x58, 0x7, 0x34, 0x6, 0x0, 0x43, 0x8c,
    0x0, 0x97, 0xa7, 0xe7, 0x0, 0xf9, 0xf1, 0x40,
    0x3, 0x84, 0x37, 0x21, 0x1e, 0x2e, 0x86, 0x45,
    0x8d, 0x15, 0x51, 0x66, 0xe4, 0x14, 0x8d, 0xa4,
    0x2d, 0x37, 0x9b, 0xbb, 0x2e, 0xa5, 0xd0, 0xd9,
    0x19, 0x0, 0x5, 0xb6, 0xa4, 0x1, 0xfe, 0x15,
    0x0, 0x54, 0x0, 0x72, 0x56, 0xff, 0xbb, 0xb7,
    0xfe, 0xea, 0x0,

    /* U+90E8 "部" */
    0x0, 0xf0, 0x80, 0x7f, 0xf2, 0xb, 0x78, 0x40,
    0x3f, 0xf8, 0xe4, 0x0, 0x90, 0xe, 0x1d, 0xde,
    0xff, 0x20, 0xa, 0x26, 0x10, 0x74, 0x4c, 0x20,
    0x45, 0xc0, 0xa, 0x2, 0xbb, 0xc6, 0x0, 0xbb,
    0xc4, 0x1, 0x66, 0x40, 0x7, 0x1, 0x33, 0x11,
    0x9f, 0x9, 0x98, 0x40, 0x2, 0x66, 0x20, 0x5,
    0x81, 0x62, 0x15, 0xe6, 0x5e, 0x25, 0xa4, 0x1,
    0xcc, 0x6, 0x40, 0x16, 0x4, 0x80, 0x56, 0x4,
    0x20, 0x1e, 0xa0, 0x90, 0xc, 0x84, 0x28, 0x0,
    0x60, 0x80, 0xf, 0x19, 0xa, 0x80, 0x72, 0x10,
    0x83, 0x8, 0x90, 0x3, 0xd2, 0x12, 0x1, 0x77,
    0xf9, 0x8a, 0xbe, 0x40, 0x7f, 0xd6, 0x1, 0x84,
    0x34, 0x3, 0xff, 0x91, 0x64, 0xac, 0x0, 0xef,
    0xff, 0xfa, 0xc0, 0x3b, 0x82, 0x0, 0x3f, 0xf9,
    0x6, 0x61, 0x50, 0x4, 0xff, 0xff, 0x60, 0x7,
    0xd6, 0x18, 0x1, 0xff, 0xc8, 0x20, 0x20, 0xc,
    0xdd, 0xdc, 0xe0, 0x1f, 0xc4, 0x1, 0xe1, 0x1f,
    0x78, 0x7, 0x8d, 0x5e, 0x40, 0x80, 0x3f, 0xf8,
    0xd5, 0x2, 0x14, 0x1, 0x84, 0x3, 0xbc, 0x3,
    0xc6, 0x72, 0xe1, 0x80, 0x66, 0xff, 0xe7, 0x0,
    0xfb, 0x31, 0x46, 0x1, 0xff, 0xd0, 0x7f, 0xfe,
    0x92, 0x50, 0xf, 0xf8,

    /* U+91C7 "采" */
    0x0, 0xff, 0xe3, 0x9, 0x80, 0x7f, 0xf0, 0x44,
    0x91, 0x5e, 0x2b, 0x3b, 0x98, 0xc0, 0x1d, 0x57,
    0x9b, 0xdf, 0xee, 0xdb, 0xa8, 0x75, 0x31, 0x0,
    0x41, 0x0, 0x72, 0x19, 0x8, 0x7, 0x9, 0xab,
    0x45, 0x67, 0x70, 0x80, 0x34, 0xca, 0xa9, 0x79,
    0xbd, 0xca, 0xec, 0xa9, 0x75, 0x19, 0x20, 0xe,
    0x36, 0x31, 0x43, 0x23, 0xea, 0x30, 0xe, 0x87,
    0xd1, 0x0, 0xe7, 0x9a, 0x10, 0x1, 0x18, 0x48,
    0x6, 0x25, 0x8, 0x10, 0xe, 0x71, 0x14, 0x0,
    0x54, 0xa, 0x1, 0xa4, 0x9, 0xc0, 0x3e, 0xb0,
    0x61, 0x0, 0x38, 0x0, 0xc0, 0x8, 0x80, 0x90,
    0xf, 0xca, 0x20, 0xc0, 0x1, 0x48, 0x30, 0x4,
    0x83, 0x20, 0x7, 0xf4, 0x53, 0x80, 0x11, 0x10,
    0x40, 0x42, 0x52, 0x1, 0xfe, 0x65, 0x0, 0x84,
    0x3, 0x16, 0x60, 0x3, 0xea, 0xff, 0xfd, 0x40,
    0xd, 0xff, 0xbb, 0xff, 0x50, 0x7, 0xff, 0x3a,
    0xf3, 0x3d, 0x0, 0x1e, 0xac, 0xcf, 0x58, 0x0,
    0x4c, 0xf9, 0xe0, 0x3, 0x8, 0x58, 0x19, 0xf0,
    0x80, 0x7c, 0xb6, 0x5, 0x40, 0xd, 0x21, 0xc5,
    0x0, 0xff, 0xa6, 0x80, 0xb0, 0x40, 0x3, 0x86,
    0x15, 0x20, 0x1f, 0x93, 0x58, 0xf, 0x4, 0x3,
    0xe, 0x98, 0x36, 0xa0, 0x6, 0x3b, 0xb1, 0x3,
    0x60, 0x80, 0x78, 0x71, 0xc0, 0xae, 0xc6, 0x3,
    0xa8, 0x3, 0x52, 0x1, 0xfe, 0x8a, 0x10, 0x4e,
    0x11, 0x60, 0x37, 0xa8, 0x7, 0xff, 0x1, 0x7d,
    0x87, 0xc4, 0xb, 0xa4, 0x40, 0x3f, 0xf8, 0x43,
    0x3c, 0x40,

    /* U+91CF "量" */
    0x0, 0x8d, 0x13, 0xff, 0x84, 0x60, 0x1f, 0x7d,
    0xdf, 0xff, 0xb, 0xc0, 0x3f, 0xa3, 0x77, 0xfc,
    0xc0, 0x1f, 0xf4, 0x6e, 0xff, 0x98, 0x3, 0xfe,
    0x9f, 0xff, 0xf3, 0x80, 0x7f, 0xd1, 0xbb, 0xfe,
    0x60, 0xf, 0xe8, 0x98, 0xbb, 0xff, 0x44, 0xc0,
    0x6, 0x8b, 0xb7, 0xee, 0xff, 0xf0, 0xbe, 0xed,
    0x40, 0x68, 0x9f, 0xfc, 0x90, 0xbf, 0xf6, 0xef,
    0xff, 0x13, 0xfd, 0xc0, 0x11, 0xee, 0xff, 0xf1,
    0x18, 0x3, 0xe1, 0xff, 0xda, 0x0, 0xdf, 0xfc,
    0x40, 0x1f, 0xc3, 0xdd, 0xb4, 0x1, 0xbd, 0xd8,
    0x80, 0x3f, 0x86, 0xab, 0x48, 0x2, 0x6a, 0xb0,
    0x80, 0x7f, 0x8, 0xf8, 0x2, 0x11, 0xc0, 0x1f,
    0xf5, 0x56, 0x80, 0x4, 0xd5, 0x61, 0x0, 0xf8,
    0xff, 0xfd, 0xa0, 0xe, 0xff, 0xf3, 0x0, 0x76,
    0x7f, 0xfb, 0x40, 0x1d, 0xff, 0xed, 0x0, 0xeb,
    0x66, 0xf2, 0x0, 0x15, 0x9b, 0xca, 0x1, 0x85,
    0xa2, 0x3e, 0x0, 0x44, 0x7d, 0x22, 0x20, 0xde,
    0xef, 0xd8, 0x0, 0xde, 0xef, 0xe0, 0xf, 0xfe,
    0x60,

    /* U+949F "钟" */
    0x0, 0xc2, 0x1, 0xfe, 0x13, 0x20, 0xf, 0xc3,
    0xda, 0x20, 0x1f, 0x93, 0x30, 0x1, 0xfa, 0x41,
    0x84, 0x3, 0xff, 0x8c, 0x2e, 0x9, 0xdd, 0x80,
    0x3f, 0xf8, 0x74, 0x1, 0x8, 0xe0, 0xf, 0xfe,
    0x14, 0x20, 0x4e, 0x67, 0xc, 0x47, 0x0, 0xc4,
    0x67, 0x17, 0x7, 0x63, 0x3e, 0x27, 0x7c, 0x40,
    0x7, 0x7d, 0x2, 0xc5, 0xee, 0xfc, 0x80, 0x12,
    0x20, 0x2, 0x44, 0x18, 0x5, 0x13, 0x11, 0xed,
    0x0, 0x15, 0xda, 0x80, 0x6e, 0xde, 0x1, 0xa,
    0xb1, 0x80, 0x19, 0x98, 0x1, 0xff, 0xc3, 0x19,
    0xf0, 0x19, 0x92, 0x80, 0x7f, 0xf6, 0x51, 0xdd,
    0x0, 0x2e, 0xf0, 0x7, 0xff, 0xb, 0x62, 0x8,
    0x0, 0x88, 0x9c, 0xb, 0xfd, 0x40, 0x3f, 0xec,
    0x0, 0xb1, 0x98, 0x40, 0x6, 0x68, 0x3, 0xff,
    0x84, 0xb3, 0x2e, 0x1, 0x99, 0x9c, 0x1, 0x76,
    0x60, 0x5, 0xda, 0x0, 0x3f, 0xf8, 0x2, 0x8c,
    0x88, 0xc0, 0x14, 0x43, 0x3b, 0x80, 0x3f, 0x84,
    0xae, 0x40, 0x3e, 0x18, 0x80, 0x7, 0xc3, 0x3c,
    0x40, 0x1f, 0xfc, 0x46, 0x1, 0xe6, 0x6, 0x0,
    0xff, 0xe2, 0x50, 0x4, 0xba, 0x80, 0x1f, 0xfc,
    0x34, 0x0, 0x26, 0xd1, 0x0, 0x7f, 0xf1, 0x11,
    0x19, 0x64, 0x1, 0xff, 0xc3,

    /* U+9519 "错" */
    0x0, 0xff, 0xe8, 0x65, 0x8, 0x7, 0xb7, 0xcc,
    0x1, 0xfe, 0x10, 0xf, 0x21, 0xa0, 0x80, 0x7f,
    0xf2, 0x20, 0x15, 0x12, 0x30, 0xe, 0x70, 0xf,
    0xf3, 0x18, 0x25, 0xdd, 0xcf, 0xfe, 0x20, 0xbf,
    0xf0, 0x3, 0xbe, 0xc0, 0x5, 0x20, 0x2, 0x2c,
    0xc2, 0x30, 0x4, 0x22, 0x0, 0x84, 0x40, 0xf,
    0x4, 0xfd, 0xdd, 0x6d, 0xdc, 0x20, 0xce, 0xe0,
    0x3, 0xb9, 0x40, 0x5, 0xd, 0x55, 0xe2, 0x0,
    0xff, 0xe1, 0xcc, 0x4d, 0x57, 0x99, 0xa2, 0xa,
    0x66, 0x0, 0x19, 0xa1, 0x1, 0x42, 0x0, 0x88,
    0x9d, 0x33, 0x0, 0x1a, 0x64, 0x0, 0x89, 0x92,
    0x0, 0xf, 0x70, 0x7, 0x74, 0xca, 0xbf, 0xfc,
    0x16, 0x0, 0xff, 0x55, 0x7f, 0xf0, 0x4c, 0x4,
    0xcc, 0xa0, 0x26, 0x70, 0xc, 0xcf, 0xf2, 0x80,
    0x49, 0x98, 0x90, 0x6, 0x64, 0x4, 0xcd, 0xfd,
    0x80, 0x10, 0x91, 0x0, 0x22, 0x28, 0x2, 0x1a,
    0xae, 0x70, 0xe, 0x4d, 0xd6, 0x0, 0xee, 0xc0,
    0x19, 0x57, 0xb4, 0x3, 0xff, 0x8a, 0x39, 0x9d,
    0x40, 0x1f, 0xfc, 0x63, 0x3e, 0x0, 0xff, 0xe0,
    0x1d, 0xd0, 0x4, 0x3f, 0xfd, 0x20, 0x1f, 0x98,
    0x7, 0x11, 0x80, 0x3f, 0x8c, 0x3, 0xe1, 0xa0,
    0x9, 0xf0, 0x2, 0x1d, 0xde, 0xa0, 0xf, 0xf2,
    0x74, 0x0, 0x71, 0x17, 0x0, 0x7e, 0x15, 0xbb,
    0x8, 0x7, 0xf, 0xff, 0x48, 0x7, 0xea, 0x40,
    0xe, 0x3e, 0xf0, 0xe, 0x6f, 0x90, 0x0,

    /* U+957F "长" */
    0x0, 0xe2, 0x20, 0x7, 0xff, 0x21, 0x77, 0x42,
    0x1, 0xf8, 0x64, 0xc0, 0x3f, 0xf8, 0xe5, 0x8d,
    0x86, 0x1, 0xff, 0xc5, 0x4c, 0x20, 0xa3, 0x0,
    0xff, 0xe1, 0x8d, 0x58, 0x8a, 0xd4, 0x3, 0xff,
    0x86, 0xde, 0xa0, 0x9e, 0x80, 0x1f, 0xfc, 0x27,
    0xe9, 0x10, 0x8b, 0x10, 0xf, 0xfe, 0x10, 0xd0,
    0x82, 0x6b, 0x80, 0x7f, 0xf1, 0x7, 0x16, 0xec,
    0x40, 0x1f, 0xfc, 0x61, 0xa4, 0x0, 0xff, 0xaf,
    0xfe, 0xa0, 0x7, 0x7f, 0xff, 0xf0, 0x6c, 0x3,
    0xff, 0x99, 0x39, 0x93, 0x80, 0x2f, 0x30, 0xc0,
    0xb, 0xcc, 0xfa, 0x40, 0x8c, 0xed, 0x0, 0x29,
    0x9a, 0x44, 0x30, 0xcf, 0xe2, 0x0, 0xff, 0xe0,
    0x40, 0x39, 0x80, 0x7f, 0xf1, 0xd8, 0x83, 0x84,
    0x3, 0xff, 0x8f, 0xc0, 0x5a, 0x1, 0xff, 0xc7,
    0x39, 0x3, 0xd2, 0x0, 0xff, 0xe1, 0xa4, 0x33,
    0x1c, 0xb, 0x5c, 0x3, 0xfe, 0x8c, 0xfb, 0x7c,
    0x8, 0x90, 0x4, 0x74, 0x10, 0x6, 0x1a, 0x0,
    0x31, 0x80, 0x13, 0x0, 0xd, 0x86, 0x2, 0xfe,
    0x1, 0xf8, 0xde, 0xfe, 0xd8, 0x2, 0x3c, 0x93,
    0xe, 0x0, 0xc2, 0xb3, 0xd9, 0x8, 0x1, 0xf9,
    0xb3, 0x4c, 0x0,

    /* U+95F4 "间" */
    0x0, 0xff, 0xe5, 0x8d, 0x48, 0x7, 0xff, 0x1d,
    0x54, 0xce, 0x0, 0xbf, 0xff, 0xfe, 0x9, 0x2,
    0x48, 0x41, 0x80, 0x7f, 0xf1, 0x99, 0x42, 0x82,
    0xb7, 0x7f, 0xd4, 0x1, 0xeb, 0x99, 0x0, 0x91,
    0x7f, 0x9c, 0x3, 0x5d, 0x89, 0x80, 0x3f, 0xf8,
    0xc8, 0x86, 0x0, 0x4d, 0x57, 0xe9, 0x0, 0xff,
    0xe0, 0x3a, 0xaf, 0xe7, 0x0, 0xff, 0xe1, 0x5e,
    0x66, 0xa0, 0xf, 0xfe, 0x23, 0x19, 0xe6, 0x0,
    0xff, 0xed, 0x7e, 0xee, 0xe0, 0xf, 0xfe, 0x21,
    0x17, 0x80, 0x3f, 0xf8, 0x9b, 0xff, 0xb0, 0x3,
    0xff, 0xe1, 0xbf, 0xfb, 0x0, 0x3f, 0xf8, 0x4a,
    0x45, 0xf9, 0x40, 0x3f, 0xf8, 0x17, 0xbb, 0xfa,
    0xc0, 0x3f, 0xf9, 0x82, 0x1, 0xff, 0xc7, 0x5f,
    0xc0, 0x1, 0x80, 0x7f, 0xf1, 0x10, 0x0, 0x52,
    0x20,

    /* U+9635 "阵" */
    0x0, 0xff, 0xec, 0x76, 0x20, 0x7, 0xc3, 0xff,
    0xe9, 0x0, 0xc6, 0x26, 0xc0, 0x1f, 0xfc, 0x26,
    0x24, 0x4b, 0xc0, 0xc, 0x89, 0xc6, 0x1, 0xbf,
    0xcc, 0xb, 0x57, 0x71, 0x80, 0x2e, 0xfd, 0xe0,
    0x1e, 0x40, 0xee, 0x19, 0x84, 0x2, 0x33, 0xf2,
    0x80, 0x71, 0x10, 0x51, 0xb3, 0x12, 0x5, 0xf9,
    0x9e, 0x90, 0xe, 0x50, 0x60, 0xd, 0x41, 0x43,
    0x32, 0x0, 0xff, 0x50, 0x50, 0x4, 0x84, 0xc,
    0x6c, 0xc1, 0x0, 0xfe, 0x60, 0x40, 0xb, 0xc1,
    0x44, 0x3, 0xff, 0x83, 0x41, 0x22, 0x6, 0x81,
    0xc4, 0xc0, 0x2, 0x2c, 0x20, 0x1c, 0x2e, 0x12,
    0x18, 0x0, 0xbd, 0xb0, 0x6, 0x6e, 0xd0, 0x1,
    0xec, 0x4, 0x0, 0xff, 0xe0, 0x88, 0x7, 0x98,
    0x8, 0x37, 0xff, 0x68, 0x3, 0xbf, 0xe8, 0x0,
    0xf3, 0x0, 0x44, 0x1, 0xff, 0xc4, 0x3a, 0xa0,
    0x28, 0x7, 0xff, 0x18, 0x94, 0x45, 0x15, 0xbb,
    0xe0, 0x7, 0x6e, 0xe2, 0x0, 0x87, 0x31, 0xc6,
    0xe4, 0x5c, 0x1, 0x88, 0xb0, 0x7, 0x19, 0x80,
    0x1d, 0x77, 0xd2, 0x0, 0xab, 0xbc, 0x40, 0x1f,
    0x8d, 0x13, 0xc0, 0x4, 0x4e, 0x0, 0xff, 0xf1,
    0x88, 0x7, 0xff, 0x28,

    /* U+9648 "陈" */
    0x0, 0xff, 0xe0, 0x2a, 0x8, 0x7, 0xf1, 0x9f,
    0x20, 0x7, 0x55, 0xb0, 0x7, 0xe2, 0xcc, 0xeb,
    0xb0, 0x4, 0x60, 0x4, 0x0, 0xff, 0x88, 0x80,
    0x6, 0x11, 0xa8, 0x0, 0x42, 0x3f, 0x0, 0x43,
    0xba, 0x40, 0x5e, 0xe9, 0x80, 0x1d, 0xdf, 0x60,
    0x7, 0x90, 0x28, 0x40, 0x3f, 0xf8, 0xc8, 0x4,
    0x4e, 0xfb, 0x0, 0x7f, 0xfe, 0xd0, 0xe, 0xd0,
    0xa0, 0xb, 0x81, 0x41, 0x98, 0x1, 0xff, 0x38,
    0x30, 0x4, 0xa1, 0xc3, 0x32, 0x10, 0xf, 0xf1,
    0x82, 0x0, 0x14, 0x9, 0x0, 0x3f, 0xf8, 0x5e,
    0x14, 0x0, 0x80, 0xa0, 0xf, 0xfe, 0x19, 0x28,
    0x33, 0x90, 0x47, 0xf0, 0x3, 0xbf, 0xf0, 0x80,
    0x7b, 0x3, 0x4c, 0x3, 0xff, 0x8e, 0x40, 0xe9,
    0x1b, 0xdc, 0xc0, 0x6, 0x77, 0x61, 0x0, 0xf1,
    0x80, 0x4e, 0x42, 0x22, 0x0, 0x10, 0x8e, 0x0,
    0xe4, 0xc8, 0x5, 0x5, 0xfa, 0x0, 0xe2, 0xcd,
    0x0, 0xf3, 0x18, 0xd, 0x87, 0x0, 0x7c, 0x45,
    0x28, 0x7, 0x15, 0xe7, 0x12, 0x20, 0x20, 0x3,
    0xd0, 0x10, 0x1, 0xe4, 0x30, 0x4, 0x3, 0x10,
    0x7, 0x98, 0x49, 0x80, 0x3f, 0x41, 0x84, 0x0,
    0x7e, 0x80, 0x80, 0xf, 0xca, 0x12, 0x26, 0x8e,
    0x1, 0xcc, 0x20, 0x40, 0x1f, 0x64, 0x30, 0x5d,
    0xa4, 0x4, 0x40, 0x16, 0xf1, 0x0, 0x7c, 0x2e,
    0x0, 0xb1, 0x24, 0xd0, 0xc, 0x60, 0x0,

    /* U+964D "降" */
    0x0, 0xff, 0xe6, 0x11, 0x71, 0x80, 0x71, 0xfe,
    0x98, 0x7, 0xc3, 0xbb, 0xd9, 0x81, 0x0, 0xe,
    0x80, 0x98, 0x7, 0xf8, 0x44, 0x0, 0x21, 0x0,
    0x50, 0x81, 0xff, 0xf4, 0x0, 0x61, 0xee, 0x30,
    0x38, 0x2, 0xd0, 0x0, 0x67, 0x0, 0x5c, 0x1,
    0xf2, 0x5, 0x96, 0x20, 0x2, 0xb3, 0x1a, 0x40,
    0x6c, 0x1, 0xe2, 0x21, 0x97, 0x98, 0x28, 0x52,
    0x8e, 0x10, 0xf0, 0x7, 0xd4, 0x12, 0x1e, 0x79,
    0x52, 0x15, 0xc4, 0x3a, 0x40, 0x1f, 0x30, 0xa8,
    0x16, 0x18, 0x20, 0x6, 0x63, 0x0, 0xfc, 0x62,
    0x60, 0x12, 0x5e, 0x80, 0x67, 0xe9, 0x30, 0xf,
    0x78, 0x69, 0xd7, 0xda, 0x2, 0x67, 0xc8, 0x89,
    0xb3, 0xd8, 0x3, 0x13, 0xa, 0x30, 0xb, 0xed,
    0x85, 0xff, 0x5a, 0x89, 0xb0, 0x7, 0x68, 0x67,
    0x5f, 0xc9, 0x8a, 0xa3, 0xa, 0xdf, 0xe8, 0x7,
    0x94, 0x14, 0xbb, 0xba, 0x40, 0x1d, 0xd9, 0xc0,
    0x3c, 0x60, 0x20, 0x62, 0x38, 0x2, 0x11, 0xc6,
    0x1, 0x8d, 0x64, 0xc, 0x2a, 0x33, 0xb9, 0x40,
    0x5d, 0xd9, 0x40, 0x3a, 0x90, 0x28, 0x26, 0x4a,
    0x1, 0xff, 0xc2, 0x36, 0x65, 0xb0, 0x28, 0x9,
    0x9b, 0x0, 0x8c, 0xf8, 0x3, 0xa6, 0x48, 0x6,
    0x0, 0x9c, 0xc3, 0x0, 0x33, 0x38, 0x40, 0x3f,
    0x28, 0x1, 0x12, 0x0, 0x91, 0x38, 0x3, 0xf9,
    0xbf, 0xd7, 0x75, 0x1, 0x5d, 0xf0, 0x80, 0x7f,
    0xf8, 0x80,

    /* U+9669 "险" */
    0x0, 0xff, 0xe1, 0x8, 0x7, 0xf0, 0x8f, 0x80,
    0x3c, 0x5d, 0xc1, 0x0, 0xf0, 0xf7, 0x7a, 0x80,
    0x3b, 0x80, 0x4c, 0x3, 0xff, 0x82, 0xc0, 0x19,
    0xcc, 0x1, 0x82, 0x1, 0xf0, 0xff, 0x90, 0x28,
    0x2, 0x68, 0xa, 0x41, 0xf2, 0x0, 0xfe, 0x40,
    0x60, 0x2, 0xc8, 0x3a, 0xd9, 0x8e, 0x18, 0x7,
    0xca, 0xa, 0x0, 0x6a, 0x6, 0x80, 0x6, 0x20,
    0xe3, 0x80, 0x7b, 0x83, 0x82, 0x64, 0xb, 0x20,
    0x1a, 0xd0, 0x23, 0x8, 0x2, 0x14, 0x14, 0xc6,
    0x0, 0x27, 0x77, 0x99, 0xc0, 0xd4, 0x2, 0x13,
    0x15, 0x80, 0x89, 0x11, 0xf8, 0xe2, 0x8d, 0xc0,
    0x37, 0x5, 0xa7, 0x3b, 0x7f, 0xfd, 0xc0, 0xb8,
    0x1, 0xc4, 0xa2, 0xc2, 0x1, 0xca, 0x80, 0x11,
    0x98, 0x3, 0xef, 0xc, 0x7, 0xd2, 0x1, 0xa8,
    0x0, 0xbb, 0x10, 0x3, 0xc2, 0x2, 0x0, 0x25,
    0x1, 0x23, 0x0, 0x19, 0xa, 0x0, 0x78, 0xc0,
    0x41, 0x42, 0xc0, 0xe, 0x4, 0x14, 0x12, 0x1,
    0xcd, 0x90, 0x1a, 0x4, 0x26, 0x20, 0x40, 0xe0,
    0xe0, 0xc0, 0x1c, 0x46, 0x6, 0xc0, 0x4, 0x5,
    0xd, 0x2, 0x51, 0x61, 0x0, 0xe4, 0xde, 0xc1,
    0x0, 0x68, 0x8, 0x25, 0xb4, 0x85, 0x80, 0x7c,
    0x42, 0x1, 0x9f, 0xd4, 0x5, 0x8, 0xd4, 0x80,
    0x3f, 0xe1, 0x1f, 0xde, 0x12, 0x23, 0x0, 0x7e,
    0x1e, 0xef, 0xc6, 0x19, 0xdd, 0x10, 0x7, 0xc2,
    0x1, 0xff, 0xc2, 0x30, 0xf, 0xdf, 0xff, 0xfc,
    0x21,

    /* U+96C6 "集" */
    0x0, 0xf1, 0x80, 0x71, 0x80, 0x7f, 0xf1, 0x17,
    0x3c, 0x80, 0x17, 0x90, 0x1, 0xff, 0xc3, 0xb0,
    0x62, 0x0, 0x70, 0x38, 0x80, 0x7f, 0xf0, 0x7c,
    0x41, 0x37, 0x68, 0x0, 0x76, 0xef, 0x94, 0x3,
    0xa4, 0x2, 0x22, 0xe0, 0x8, 0x8b, 0xc6, 0x1,
    0x95, 0x80, 0x1f, 0xfd, 0x0, 0x9f, 0xff, 0x30,
    0x4, 0xd4, 0x1, 0x54, 0xce, 0x80, 0x49, 0x9f,
    0x20, 0x4, 0x72, 0xa, 0x0, 0x56, 0x6c, 0x1,
    0x33, 0x78, 0x80, 0x23, 0xca, 0x90, 0x7, 0xff,
    0x40, 0x27, 0xff, 0x98, 0x3, 0x1a, 0x80, 0x5f,
    0xfd, 0x0, 0x9f, 0xfe, 0x70, 0xf, 0xe6, 0x6e,
    0x0, 0x99, 0xbc, 0x60, 0x1f, 0xd3, 0x3d, 0x0,
    0x93, 0x3e, 0x40, 0xf, 0xee, 0xee, 0x80, 0x4e,
    0xef, 0xc2, 0x1, 0xff, 0xc2, 0x10, 0xf, 0xfe,
    0x9, 0x33, 0x3b, 0xb5, 0x80, 0xf7, 0x7f, 0x8,
    0x2, 0x6a, 0xcc, 0xd5, 0x5c, 0x3, 0x55, 0xfc,
    0xc0, 0x6, 0x55, 0xfc, 0x1, 0x2a, 0xff, 0x60,
    0x3, 0x33, 0xd6, 0x40, 0x1e, 0x5c, 0xcf, 0x40,
    0x0, 0xcf, 0xae, 0xc4, 0x2c, 0x3, 0x0, 0xbc,
    0xc6, 0x78, 0x80, 0x31, 0x4f, 0xb8, 0x2f, 0xe0,
    0x1, 0xf4, 0xca, 0xb9, 0xc4, 0x2, 0x27, 0xcd,
    0x60, 0x2b, 0xa1, 0x0, 0xc5, 0x92, 0x43, 0x1d,
    0x8e, 0x0, 0x93, 0x3, 0xad, 0x40, 0xf, 0xcd,
    0xb4, 0x60, 0x7e, 0x5, 0x6f, 0xb8, 0xa0, 0x1f,
    0xfc, 0x5, 0xcd, 0x78, 0x0,

    /* U+9879 "项" */
    0x0, 0xfe, 0x11, 0xff, 0xe1, 0x0, 0x7f, 0xb3,
    0xbb, 0xff, 0x82, 0x0, 0x88, 0xf9, 0x84, 0x3,
    0xff, 0x86, 0xef, 0xf5, 0x67, 0xfe, 0x20, 0x4f,
    0xff, 0x0, 0x15, 0x48, 0x0, 0x25, 0x40, 0xc,
    0x64, 0x10, 0x1, 0xfa, 0xaa, 0x0, 0x7d, 0x40,
    0xff, 0xd8, 0x0, 0xcf, 0xfd, 0x40, 0x1f, 0xfd,
    0xad, 0xff, 0xf2, 0x80, 0x7f, 0xf1, 0x93, 0x70,
    0x3, 0xff, 0x92, 0x24, 0x40, 0xf, 0xff, 0xf8,
    0x7, 0xf9, 0x67, 0x40, 0x38, 0xc0, 0x3f, 0xe2,
    0x90, 0x4, 0x31, 0x10, 0x3, 0x70, 0x18, 0x7,
    0xc7, 0xda, 0xe0, 0x1, 0x7d, 0x20, 0xc, 0x60,
    0x80, 0x1f, 0x8, 0x80, 0x5b, 0x3a, 0x8, 0x6a,
    0x84, 0x68, 0x1a, 0x22, 0x8b, 0x80, 0x1, 0x3e,
    0x74, 0x98, 0x6, 0x55, 0x16, 0x81, 0xae, 0x7b,
    0xa1, 0x0, 0x50, 0x60, 0x1f, 0x97, 0x4, 0x5a,
    0xe, 0x35, 0x41, 0x0, 0xff, 0xb, 0x6d, 0x9,
    0xe0, 0x8a, 0xa8, 0xb, 0xe8, 0x1, 0xf8, 0xfa,
    0x48, 0x63, 0x8, 0x2, 0x5d, 0x21, 0xa0, 0xf,
    0xc7, 0x7, 0x3c, 0xe0, 0x1e, 0x2d, 0x5d, 0x0,
    0xfe, 0x7c, 0x60, 0xf, 0xf5, 0x18, 0x0,

    /* U+9996 "首" */
    0x0, 0xe2, 0x30, 0xf, 0xc6, 0x60, 0xf, 0xe7,
    0xdc, 0x30, 0xf, 0xb7, 0x30, 0x1, 0xf9, 0xc8,
    0x34, 0x40, 0x3a, 0x4, 0x38, 0x3, 0x8, 0xf4,
    0x80, 0xa0, 0x8e, 0x57, 0x8, 0x31, 0x1d, 0x5d,
    0xda, 0xc0, 0x15, 0xdd, 0xa8, 0x1, 0x1d, 0xdb,
    0xc0, 0x3f, 0xf9, 0x57, 0xff, 0xfa, 0x0, 0x19,
    0xff, 0xfb, 0x80, 0x3f, 0xb0, 0x8, 0xc0, 0x3f,
    0xe2, 0xff, 0xf2, 0x1, 0x7f, 0xfc, 0x40, 0x18,
    0x40, 0x3f, 0xf9, 0x9d, 0xff, 0xfe, 0xc0, 0xf,
    0xfe, 0xa7, 0x7f, 0xff, 0xb0, 0x3, 0xfc, 0x46,
    0x7f, 0xe0, 0xf, 0xfb, 0x33, 0xff, 0x80, 0x1,
    0xff, 0xc9, 0x70, 0xf, 0xf7, 0x7f, 0xff, 0xac,
    0x3, 0xfc, 0x68, 0x9f, 0xe1, 0x0, 0xff, 0x6d,
    0xdf, 0xfb, 0x40, 0x3f, 0xc6, 0x23, 0xfe, 0x70,
    0xf, 0xf6, 0xf7, 0x7f, 0xac, 0x3, 0xff, 0xa9,
    0xdf, 0xff, 0xec, 0x0, 0xe0,

    /* U+9AD8 "高" */
    0x0, 0xff, 0x11, 0x80, 0x7f, 0xf1, 0xe3, 0x74,
    0x1, 0xff, 0xc7, 0xb0, 0x15, 0x0, 0xfe, 0xce,
    0xef, 0xda, 0x0, 0xae, 0xef, 0xc8, 0x23, 0xfe,
    0x0, 0x84, 0x7f, 0xb7, 0xff, 0xff, 0x90, 0xa0,
    0x11, 0x55, 0x7f, 0xf0, 0x90, 0x3, 0xcc, 0xab,
    0xff, 0xc2, 0x20, 0xf, 0xee, 0xff, 0xfe, 0x0,
    0xff, 0xe0, 0x3b, 0x37, 0xf0, 0x7, 0xff, 0x2,
    0x67, 0xfc, 0x1, 0xfc, 0x9d, 0xdf, 0xfc, 0x26,
    0x0, 0xdb, 0xb6, 0x67, 0xff, 0xb, 0xfd, 0xa0,
    0x2, 0x2f, 0xfe, 0x28, 0x0, 0x80, 0x35, 0x7f,
    0xff, 0xf0, 0xa0, 0x8, 0x3, 0x8, 0x14, 0xfc,
    0xcf, 0xe0, 0x0, 0x80, 0x7e, 0x76, 0x6, 0x6f,
    0xc0, 0x1f, 0xfc, 0x12, 0xff, 0xf0, 0x7, 0xff,
    0x64, 0xbf, 0xfc, 0x1, 0xff, 0xc4, 0x66, 0xfc,
    0x1, 0xff, 0x32, 0x34, 0xcf, 0xd1, 0x32, 0xb0,
    0x10, 0xf, 0x1d, 0xc8, 0x7, 0xc2, 0x8c, 0x44,
    0x80, 0x7, 0xf9, 0x0, 0x3f, 0xf8, 0x1b, 0xfe,
    0xd4, 0x0,

    /* U+9F84 "龄" */
    0x0, 0xff, 0xe9, 0x77, 0x0, 0x3f, 0x47, 0xc8,
    0x7, 0xcb, 0x88, 0x2, 0x20, 0xf, 0xce, 0xc,
    0x1, 0xf1, 0x19, 0x0, 0x44, 0x50, 0x80, 0x50,
    0x1, 0x20, 0x7, 0xff, 0x3, 0x76, 0x80, 0x1,
    0x38, 0x28, 0x50, 0x80, 0x7f, 0xca, 0xb7, 0x80,
    0x38, 0x12, 0x8c, 0x68, 0x3, 0xfe, 0xaa, 0x98,
    0x20, 0xc2, 0x43, 0x81, 0x20, 0x3, 0xff, 0x84,
    0xce, 0x12, 0x60, 0x52, 0xe, 0xe0, 0x1f, 0x80,
    0x9f, 0x0, 0x7f, 0xe9, 0x6, 0xe, 0xa0, 0x65,
    0x8, 0x71, 0x33, 0xff, 0x20, 0xac, 0xb8, 0xac,
    0x5, 0x19, 0x30, 0x64, 0xfe, 0x61, 0xeb, 0x3a,
    0xe3, 0x28, 0x7, 0x41, 0x40, 0x19, 0x81, 0x2,
    0xa9, 0x2, 0x4e, 0x7, 0x84, 0x20, 0x8, 0xef,
    0x0, 0x40, 0x40, 0x3c, 0xc1, 0xc0, 0x18, 0xff,
    0xf5, 0xf7, 0xf7, 0x14, 0x3, 0xc6, 0xa, 0x1,
    0x84, 0x3, 0xf0, 0x98, 0x7, 0xb0, 0x3, 0xc5,
    0xff, 0xe5, 0x2, 0x60, 0xf, 0x20, 0x70, 0x7,
    0xf9, 0x14, 0x24, 0x3, 0xc8, 0x2, 0x54, 0x1,
    0x86, 0x0, 0x29, 0x5, 0x40, 0xf, 0x40, 0x61,
    0x2e, 0x0, 0x5a, 0xf8, 0x34, 0x43, 0x60, 0x1e,
    0x62, 0x72, 0x95, 0xf0, 0xb, 0xc4, 0xf9, 0x42,
    0x84, 0x3, 0xcd, 0xb0, 0xb, 0x7c, 0x1, 0x1f,
    0x90, 0x0, 0x50, 0x3, 0x98, 0x17, 0x7f, 0xdd,
    0xc7, 0x0, 0xc3, 0x86, 0x3, 0x0, 0x1f, 0x8c,
    0x8d, 0x14, 0x40, 0x38, 0x71, 0x1, 0xd0, 0x3,
    0x27, 0xfb, 0x75, 0x97, 0x56, 0x1, 0xf5, 0xaa,
    0x20, 0x3, 0xff, 0x80, 0xbe, 0xe0, 0x1e, 0xaa,
    0x0, 0x60
};


/*---------------------
 *  GLYPH DESCRIPTION
 *--------------------*/

static const lv_font_fmt_txt_glyph_dsc_t glyph_dsc[] = {
    {.bitmap_index = 0, .adv_w = 0, .box_w = 0, .box_h = 0, .ofs_x = 0, .ofs_y = 0} /* id = 0 reserved */,
    {.bitmap_index = 0, .adv_w = 86, .box_w = 0, .box_h = 0, .ofs_x = 0, .ofs_y = 0},
    {.bitmap_index = 0, .adv_w = 132, .box_w = 4, .box_h = 18, .ofs_x = 2, .ofs_y = 0},
    {.bitmap_index = 34, .adv_w = 199, .box_w = 9, .box_h = 8, .ofs_x = 2, .ofs_y = 12},
    {.bitmap_index = 69, .adv_w = 219, .box_w = 13, .box_h = 18, .ofs_x = 0, .ofs_y = 0},
    {.bitmap_index = 173, .adv_w = 219, .box_w = 12, .box_h = 24, .ofs_x = 1, .ofs_y = -3},
    {.bitmap_index = 278, .adv_w = 361, .box_w = 22, .box_h = 18, .ofs_x = 0, .ofs_y = 0},
    {.bitmap_index = 444, .adv_w = 271, .box_w = 17, .box_h = 18, .ofs_x = 0, .ofs_y = 0},
    {.bitmap_index = 575, .adv_w = 114, .box_w = 3, .box_h = 8, .ofs_x = 2, .ofs_y = 12},
    {.bitmap_index = 587, .adv_w = 137, .box_w = 6, .box_h = 26, .ofs_x = 2, .ofs_y = -5},
    {.bitmap_index = 659, .adv_w = 137, .box_w = 6, .box_h = 26, .ofs_x = 1, .ofs_y = -5},
    {.bitmap_index = 733, .adv_w = 186, .box_w = 10, .box_h = 9, .ofs_x = 1, .ofs_y = 11},
    {.bitmap_index = 774, .adv_w = 219, .box_w = 13, .box_h = 13, .ofs_x = 0, .ofs_y = 3},
    {.bitmap_index = 805, .adv_w = 114, .box_w = 5, .box_h = 9, .ofs_x = 1, .ofs_y = -5},
    {.bitmap_index = 828, .adv_w = 137, .box_w = 7, .box_h = 3, .ofs_x = 1, .ofs_y = 6},
    {.bitmap_index = 835, .adv_w = 114, .box_w = 5, .box_h = 5, .ofs_x = 1, .ofs_y = 0},
    {.bitmap_index = 846, .adv_w = 150, .box_w = 9, .box_h = 25, .ofs_x = 0, .ofs_y = -5},
    {.bitmap_index = 926, .adv_w = 219, .box_w = 12, .box_h = 18, .ofs_x = 1, .ofs_y = 0},
    {.bitmap_index = 1021, .adv_w = 219, .box_w = 11, .box_h = 18, .ofs_x = 2, .ofs_y = 0},
    {.bitmap_index = 1057, .adv_w = 219, .box_w = 13, .box_h = 18, .ofs_x = 0, .ofs_y = 0},
    {.bitmap_index = 1147, .adv_w = 219, .box_w = 13, .box_h = 18, .ofs_x = 0, .ofs_y = 0},
    {.bitmap_index = 1247, .adv_w = 219, .box_w = 13, .box_h = 18, .ofs_x = 0, .ofs_y = 0},
    {.bitmap_index = 1312, .adv_w = 219, .box_w = 13, .box_h = 18, .ofs_x = 0, .ofs_y = 0},
    {.bitmap_index = 1405, .adv_w = 219, .box_w = 12, .box_h = 18, .ofs_x = 1, .ofs_y = 0},
    {.bitmap_index = 1506, .adv_w = 219, .box_w = 12, .box_h = 18, .ofs_x = 1, .ofs_y = 0},
    {.bitmap_index = 1577, .adv_w = 219, .box_w = 12, .box_h = 18, .ofs_x = 1, .ofs_y = 0},
    {.bitmap_index = 1680, .adv_w = 219, .box_w = 12, .box_h = 18, .ofs_x = 1, .ofs_y = 0},
    {.bitmap_index = 1783, .adv_w = 114, .box_w = 5, .box_h = 14, .ofs_x = 1, .ofs_y = 0},
    {.bitmap_index = 1806, .adv_w = 114, .box_w = 5, .box_h = 19, .ofs_x = 1, .ofs_y = -5},
    {.bitmap_index = 1843, .adv_w = 219, .box_w = 13, .box_h = 13, .ofs_x = 0, .ofs_y = 3},
    {.bitmap_index = 1908, .adv_w = 219, .box_w = 13, .box_h = 9, .ofs_x = 0, .ofs_y = 5},
    {.bitmap_index = 1934, .adv_w = 219, .box_w = 13, .box_h = 13, .ofs_x = 0, .ofs_y = 3},
    {.bitmap_index = 2001, .adv_w = 189, .box_w = 10, .box_h = 18, .ofs_x = 1, .ofs_y = 0},
    {.bitmap_index = 2073, .adv_w = 373, .box_w = 21, .box_h = 23, .ofs_x = 1, .ofs_y = -5},
    {.bitmap_index = 2283, .adv_w = 239, .box_w = 15, .box_h = 18, .ofs_x = 0, .ofs_y = 0},
    {.bitmap_index = 2389, .adv_w = 256, .box_w = 13, .box_h = 18, .ofs_x = 2, .ofs_y = 0},
    {.bitmap_index = 2475, .adv_w = 248, .box_w = 14, .box_h = 18, .ofs_x = 1, .ofs_y = 0},
    {.bitmap_index = 2572, .adv_w = 268, .box_w = 14, .box_h = 18, .ofs_x = 2, .ofs_y = 0},
    {.bitmap_index = 2659, .adv_w = 230, .box_w = 12, .box_h = 18, .ofs_x = 2, .ofs_y = 0},
    {.bitmap_index = 2698, .adv_w = 217, .box_w = 11, .box_h = 18, .ofs_x = 2, .ofs_y = 0},
    {.bitmap_index = 2729, .adv_w = 269, .box_w = 15, .box_h = 18, .ofs_x = 1, .ofs_y = 0},
    {.bitmap_index = 2839, .adv_w = 285, .box_w = 14, .box_h = 18, .ofs_x = 2, .ofs_y = 0},
    {.bitmap_index = 2870, .adv_w = 119, .box_w = 4, .box_h = 18, .ofs_x = 2, .ofs_y = 0},
    {.bitmap_index = 2876, .adv_w = 211, .box_w = 11, .box_h = 18, .ofs_x = 0, .ofs_y = 0},
    {.bitmap_index = 2912, .adv_w = 255, .box_w = 14, .box_h = 18, .ofs_x = 2, .ofs_y = 0},
    {.bitmap_index = 3000, .adv_w = 214, .box_w = 11, .box_h = 18, .ofs_x = 2, .ofs_y = 0},
    {.bitmap_index = 3021, .adv_w = 319, .box_w = 16, .box_h = 18, .ofs_x = 2, .ofs_y = 0},
    {.bitmap_index = 3126, .adv_w = 282, .box_w = 14, .box_h = 18, .ofs_x = 2, .ofs_y = 0},
    {.bitmap_index = 3207, .adv_w = 290, .box_w = 16, .box_h = 18, .ofs_x = 1, .ofs_y = 0},
    {.bitmap_index = 3329, .adv_w = 249, .box_w = 13, .box_h = 18, .ofs_x = 2, .ofs_y = 0},
    {.bitmap_index = 3393, .adv_w = 290, .box_w = 17, .box_h = 23, .ofs_x = 1, .ofs_y = -5},
    {.bitmap_index = 3551, .adv_w = 252, .box_w = 14, .box_h = 18, .ofs_x = 2, .ofs_y = 0},
    {.bitmap_index = 3635, .adv_w = 233, .box_w = 13, .box_h = 18, .ofs_x = 1, .ofs_y = 0},
    {.bitmap_index = 3737, .adv_w = 235, .box_w = 14, .box_h = 18, .ofs_x = 0, .ofs_y = 0},
    {.bitmap_index = 3765, .adv_w = 281, .box_w = 14, .box_h = 18, .ofs_x = 2, .ofs_y = 0},
    {.bitmap_index = 3827, .adv_w = 228, .box_w = 16, .box_h = 18, .ofs_x = -1, .ofs_y = 0},
    {.bitmap_index = 3940, .adv_w = 343, .box_w = 21, .box_h = 18, .ofs_x = 0, .ofs_y = 0},
    {.bitmap_index = 4113, .adv_w = 229, .box_w = 14, .box_h = 18, .ofs_x = 0, .ofs_y = 0},
    {.bitmap_index = 4222, .adv_w = 212, .box_w = 15, .box_h = 18, .ofs_x = -1, .ofs_y = 0},
    {.bitmap_index = 4300, .adv_w = 233, .box_w = 13, .box_h = 18, .ofs_x = 1, .ofs_y = 0},
    {.bitmap_index = 4377, .adv_w = 137, .box_w = 6, .box_h = 24, .ofs_x = 2, .ofs_y = -4},
    {.bitmap_index = 4398, .adv_w = 150, .box_w = 10, .box_h = 25, .ofs_x = 0, .ofs_y = -5},
    {.bitmap_index = 4480, .adv_w = 137, .box_w = 7, .box_h = 24, .ofs_x = 0, .ofs_y = -4},
    {.bitmap_index = 4499, .adv_w = 219, .box_w = 12, .box_h = 11, .ofs_x = 1, .ofs_y = 8},
    {.bitmap_index = 4556, .adv_w = 216, .box_w = 14, .box_h = 2, .ofs_x = 0, .ofs_y = -4},
    {.bitmap_index = 4565, .adv_w = 236, .box_w = 6, .box_h = 8, .ofs_x = 3, .ofs_y = 15},
    {.bitmap_index = 4588, .adv_w = 221, .box_w = 11, .box_h = 14, .ofs_x = 1, .ofs_y = 0},
    {.bitmap_index = 4662, .adv_w = 242, .box_w = 12, .box_h = 20, .ofs_x = 2, .ofs_y = 0},
    {.bitmap_index = 4736, .adv_w = 199, .box_w = 11, .box_h = 14, .ofs_x = 1, .ofs_y = 0},
    {.bitmap_index = 4802, .adv_w = 242, .box_w = 13, .box_h = 20, .ofs_x = 1, .ofs_y = 0},
    {.bitmap_index = 4883, .adv_w = 217, .box_w = 12, .box_h = 14, .ofs_x = 1, .ofs_y = 0},
    {.bitmap_index = 4955, .adv_w = 133, .box_w = 10, .box_h = 20, .ofs_x = 0, .ofs_y = 0},
    {.bitmap_index = 5006, .adv_w = 222, .box_w = 13, .box_h = 20, .ofs_x = 1, .ofs_y = -6},
    {.bitmap_index = 5124, .adv_w = 238, .box_w = 12, .box_h = 20, .ofs_x = 2, .ofs_y = 0},
    {.bitmap_index = 5168, .adv_w = 111, .box_w = 5, .box_h = 20, .ofs_x = 1, .ofs_y = 0},
    {.bitmap_index = 5187, .adv_w = 111, .box_w = 8, .box_h = 26, .ofs_x = -2, .ofs_y = -6},
    {.bitmap_index = 5232, .adv_w = 221, .box_w = 12, .box_h = 20, .ofs_x = 2, .ofs_y = 0},
    {.bitmap_index = 5298, .adv_w = 114, .box_w = 5, .box_h = 20, .ofs_x = 2, .ofs_y = 0},
    {.bitmap_index = 5312, .adv_w = 362, .box_w = 19, .box_h = 14, .ofs_x = 2, .ofs_y = 0},
    {.bitmap_index = 5375, .adv_w = 240, .box_w = 12, .box_h = 14, .ofs_x = 2, .ofs_y = 0},
    {.bitmap_index = 5416, .adv_w = 236, .box_w = 13, .box_h = 14, .ofs_x = 1, .ofs_y = 0},
    {.bitmap_index = 5500, .adv_w = 242, .box_w = 12, .box_h = 20, .ofs_x = 2, .ofs_y = -6},
    {.bitmap_index = 5578, .adv_w = 242, .box_w = 13, .box_h = 20, .ofs_x = 1, .ofs_y = -6},
    {.bitmap_index = 5661, .adv_w = 157, .box_w = 8, .box_h = 14, .ofs_x = 2, .ofs_y = 0},
    {.bitmap_index = 5688, .adv_w = 184, .box_w = 11, .box_h = 14, .ofs_x = 0, .ofs_y = 0},
    {.bitmap_index = 5760, .adv_w = 152, .box_w = 10, .box_h = 18, .ofs_x = 0, .ofs_y = 0},
    {.bitmap_index = 5813, .adv_w = 238, .box_w = 12, .box_h = 14, .ofs_x = 1, .ofs_y = 0},
    {.bitmap_index = 5852, .adv_w = 209, .box_w = 13, .box_h = 14, .ofs_x = 0, .ofs_y = 0},
    {.bitmap_index = 5931, .adv_w = 318, .box_w = 20, .box_h = 14, .ofs_x = 0, .ofs_y = 0},
    {.bitmap_index = 6063, .adv_w = 202, .box_w = 13, .box_h = 14, .ofs_x = 0, .ofs_y = 0},
    {.bitmap_index = 6142, .adv_w = 209, .box_w = 13, .box_h = 20, .ofs_x = 0, .ofs_y = -6},
    {.bitmap_index = 6246, .adv_w = 189, .box_w = 12, .box_h = 14, .ofs_x = 0, .ofs_y = 0},
    {.bitmap_index = 6306, .adv_w = 137, .box_w = 8, .box_h = 24, .ofs_x = 0, .ofs_y = -4},
    {.bitmap_index = 6377, .adv_w = 108, .box_w = 3, .box_h = 28, .ofs_x = 2, .ofs_y = -7},
    {.bitmap_index = 6384, .adv_w = 137, .box_w = 8, .box_h = 24, .ofs_x = 0, .ofs_y = -4},
    {.bitmap_index = 6452, .adv_w = 219, .box_w = 13, .box_h = 5, .ofs_x = 0, .ofs_y = 7},
    {.bitmap_index = 6481, .adv_w = 148, .box_w = 8, .box_h = 9, .ofs_x = 1, .ofs_y = 11},
    {.bitmap_index = 6516, .adv_w = 384, .box_w = 6, .box_h = 6, .ofs_x = 9, .ofs_y = 7},
    {.bitmap_index = 6533, .adv_w = 384, .box_w = 23, .box_h = 22, .ofs_x = 0, .ofs_y = -1},
    {.bitmap_index = 6589, .adv_w = 384, .box_w = 22, .box_h = 21, .ofs_x = 1, .ofs_y = -2},
    {.bitmap_index = 6666, .adv_w = 384, .box_w = 23, .box_h = 21, .ofs_x = 1, .ofs_y = -2},
    {.bitmap_index = 6790, .adv_w = 384, .box_w = 24, .box_h = 23, .ofs_x = 0, .ofs_y = -2},
    {.bitmap_index = 6906, .adv_w = 384, .box_w = 20, .box_h = 23, .ofs_x = 2, .ofs_y = -2},
    {.bitmap_index = 6982, .adv_w = 384, .box_w = 22, .box_h = 23, .ofs_x = 1, .ofs_y = -2},
    {.bitmap_index = 7089, .adv_w = 384, .box_w = 24, .box_h = 24, .ofs_x = 0, .ofs_y = -3},
    {.bitmap_index = 7326, .adv_w = 384, .box_w = 24, .box_h = 24, .ofs_x = 0, .ofs_y = -3},
    {.bitmap_index = 7544, .adv_w = 384, .box_w = 20, .box_h = 23, .ofs_x = 2, .ofs_y = -2},
    {.bitmap_index = 7670, .adv_w = 384, .box_w = 24, .box_h = 23, .ofs_x = 0, .ofs_y = -3},
    {.bitmap_index = 7866, .adv_w = 384, .box_w = 22, .box_h = 24, .ofs_x = 1, .ofs_y = -3},
    {.bitmap_index = 8035, .adv_w = 384, .box_w = 22, .box_h = 23, .ofs_x = 1, .ofs_y = -3},
    {.bitmap_index = 8238, .adv_w = 384, .box_w = 24, .box_h = 24, .ofs_x = 0, .ofs_y = -3},
    {.bitmap_index = 8459, .adv_w = 384, .box_w = 24, .box_h = 24, .ofs_x = 0, .ofs_y = -3},
    {.bitmap_index = 8659, .adv_w = 384, .box_w = 24, .box_h = 24, .ofs_x = 0, .ofs_y = -3},
    {.bitmap_index = 8876, .adv_w = 384, .box_w = 22, .box_h = 22, .ofs_x = 1, .ofs_y = -3},
    {.bitmap_index = 8969, .adv_w = 384, .box_w = 22, .box_h = 22, .ofs_x = 1, .ofs_y = -2},
    {.bitmap_index = 9076, .adv_w = 384, .box_w = 23, .box_h = 22, .ofs_x = 1, .ofs_y = -2},
    {.bitmap_index = 9179, .adv_w = 384, .box_w = 24, .box_h = 22, .ofs_x = 0, .ofs_y = -3},
    {.bitmap_index = 9334, .adv_w = 384, .box_w = 22, .box_h = 24, .ofs_x = 1, .ofs_y = -3},
    {.bitmap_index = 9459, .adv_w = 384, .box_w = 24, .box_h = 23, .ofs_x = 0, .ofs_y = -3},
    {.bitmap_index = 9641, .adv_w = 384, .box_w = 23, .box_h = 23, .ofs_x = 0, .ofs_y = -2},
    {.bitmap_index = 9774, .adv_w = 384, .box_w = 24, .box_h = 24, .ofs_x = 0, .ofs_y = -3},
    {.bitmap_index = 9962, .adv_w = 384, .box_w = 24, .box_h = 24, .ofs_x = 0, .ofs_y = -3},
    {.bitmap_index = 10124, .adv_w = 384, .box_w = 24, .box_h = 24, .ofs_x = 0, .ofs_y = -3},
    {.bitmap_index = 10312, .adv_w = 384, .box_w = 22, .box_h = 21, .ofs_x = 2, .ofs_y = -2},
    {.bitmap_index = 10413, .adv_w = 384, .box_w = 23, .box_h = 24, .ofs_x = 1, .ofs_y = -3},
    {.bitmap_index = 10564, .adv_w = 384, .box_w = 22, .box_h = 23, .ofs_x = 1, .ofs_y = -2},
    {.bitmap_index = 10715, .adv_w = 384, .box_w = 22, .box_h = 23, .ofs_x = 1, .ofs_y = -2},
    {.bitmap_index = 10830, .adv_w = 384, .box_w = 24, .box_h = 23, .ofs_x = 0, .ofs_y = -2},
    {.bitmap_index = 11026, .adv_w = 384, .box_w = 24, .box_h = 24, .ofs_x = 0, .ofs_y = -3},
    {.bitmap_index = 11246, .adv_w = 384, .box_w = 24, .box_h = 24, .ofs_x = 0, .ofs_y = -3},
    {.bitmap_index = 11449, .adv_w = 384, .box_w = 24, .box_h = 24, .ofs_x = 0, .ofs_y = -3},
    {.bitmap_index = 11633, .adv_w = 384, .box_w = 23, .box_h = 23, .ofs_x = 1, .ofs_y = -2},
    {.bitmap_index = 11832, .adv_w = 384, .box_w = 23, .box_h = 23, .ofs_x = 0, .ofs_y = -2},
    {.bitmap_index = 12003, .adv_w = 384, .box_w = 22, .box_h = 23, .ofs_x = 1, .ofs_y = -2},
    {.bitmap_index = 12172, .adv_w = 384, .box_w = 24, .box_h = 24, .ofs_x = 0, .ofs_y = -3},
    {.bitmap_index = 12358, .adv_w = 384, .box_w = 24, .box_h = 24, .ofs_x = 0, .ofs_y = -3},
    {.bitmap_index = 12555, .adv_w = 384, .box_w = 24, .box_h = 24, .ofs_x = 0, .ofs_y = -3},
    {.bitmap_index = 12773, .adv_w = 384, .box_w = 23, .box_h = 24, .ofs_x = 1, .ofs_y = -3},
    {.bitmap_index = 12968, .adv_w = 384, .box_w = 24, .box_h = 24, .ofs_x = 0, .ofs_y = -3},
    {.bitmap_index = 13216, .adv_w = 384, .box_w = 24, .box_h = 22, .ofs_x = 0, .ofs_y = -3},
    {.bitmap_index = 13376, .adv_w = 384, .box_w = 20, .box_h = 23, .ofs_x = 2, .ofs_y = -3},
    {.bitmap_index = 13455, .adv_w = 384, .box_w = 23, .box_h = 23, .ofs_x = 1, .ofs_y = -3},
    {.bitmap_index = 13605, .adv_w = 384, .box_w = 21, .box_h = 23, .ofs_x = 2, .ofs_y = -3},
    {.bitmap_index = 13723, .adv_w = 384, .box_w = 23, .box_h = 22, .ofs_x = 1, .ofs_y = -2},
    {.bitmap_index = 13895, .adv_w = 384, .box_w = 24, .box_h = 23, .ofs_x = 0, .ofs_y = -2},
    {.bitmap_index = 14038, .adv_w = 384, .box_w = 24, .box_h = 23, .ofs_x = 0, .ofs_y = -2},
    {.bitmap_index = 14202, .adv_w = 384, .box_w = 24, .box_h = 24, .ofs_x = 0, .ofs_y = -3},
    {.bitmap_index = 14416, .adv_w = 384, .box_w = 24, .box_h = 23, .ofs_x = 0, .ofs_y = -2},
    {.bitmap_index = 14572, .adv_w = 384, .box_w = 23, .box_h = 23, .ofs_x = 0, .ofs_y = -2},
    {.bitmap_index = 14746, .adv_w = 384, .box_w = 24, .box_h = 24, .ofs_x = 0, .ofs_y = -3},
    {.bitmap_index = 14979, .adv_w = 384, .box_w = 24, .box_h = 23, .ofs_x = 0, .ofs_y = -2},
    {.bitmap_index = 15185, .adv_w = 384, .box_w = 23, .box_h = 21, .ofs_x = 0, .ofs_y = -2},
    {.bitmap_index = 15265, .adv_w = 384, .box_w = 22, .box_h = 23, .ofs_x = 1, .ofs_y = -2},
    {.bitmap_index = 15425, .adv_w = 384, .box_w = 22, .box_h = 23, .ofs_x = 1, .ofs_y = -2},
    {.bitmap_index = 15564, .adv_w = 384, .box_w = 23, .box_h = 23, .ofs_x = 0, .ofs_y = -2},
    {.bitmap_index = 15726, .adv_w = 384, .box_w = 23, .box_h = 24, .ofs_x = 1, .ofs_y = -3},
    {.bitmap_index = 15907, .adv_w = 384, .box_w = 23, .box_h = 22, .ofs_x = 0, .ofs_y = -2},
    {.bitmap_index = 16068, .adv_w = 384, .box_w = 23, .box_h = 23, .ofs_x = 0, .ofs_y = -2},
    {.bitmap_index = 16207, .adv_w = 384, .box_w = 24, .box_h = 24, .ofs_x = 0, .ofs_y = -3},
    {.bitmap_index = 16408, .adv_w = 384, .box_w = 22, .box_h = 22, .ofs_x = 0, .ofs_y = -3},
    {.bitmap_index = 16543, .adv_w = 384, .box_w = 22, .box_h = 22, .ofs_x = 1, .ofs_y = -2},
    {.bitmap_index = 16641, .adv_w = 384, .box_w = 22, .box_h = 23, .ofs_x = 1, .ofs_y = -2},
    {.bitmap_index = 16823, .adv_w = 384, .box_w = 24, .box_h = 23, .ofs_x = 0, .ofs_y = -2},
    {.bitmap_index = 17061, .adv_w = 384, .box_w = 22, .box_h = 24, .ofs_x = 1, .ofs_y = -3},
    {.bitmap_index = 17240, .adv_w = 384, .box_w = 22, .box_h = 23, .ofs_x = 1, .ofs_y = -2},
    {.bitmap_index = 17376, .adv_w = 384, .box_w = 23, .box_h = 24, .ofs_x = 0, .ofs_y = -3},
    {.bitmap_index = 17578, .adv_w = 384, .box_w = 23, .box_h = 24, .ofs_x = 0, .ofs_y = -3},
    {.bitmap_index = 17779, .adv_w = 384, .box_w = 22, .box_h = 23, .ofs_x = 1, .ofs_y = -3},
    {.bitmap_index = 17998, .adv_w = 384, .box_w = 23, .box_h = 23, .ofs_x = 0, .ofs_y = -3},
    {.bitmap_index = 18202, .adv_w = 384, .box_w = 24, .box_h = 24, .ofs_x = 0, .ofs_y = -3},
    {.bitmap_index = 18455, .adv_w = 384, .box_w = 23, .box_h = 23, .ofs_x = 1, .ofs_y = -2},
    {.bitmap_index = 18692, .adv_w = 384, .box_w = 23, .box_h = 24, .ofs_x = 0, .ofs_y = -3},
    {.bitmap_index = 18911, .adv_w = 384, .box_w = 24, .box_h = 24, .ofs_x = 0, .ofs_y = -3},
    {.bitmap_index = 19156, .adv_w = 384, .box_w = 23, .box_h = 24, .ofs_x = 0, .ofs_y = -3},
    {.bitmap_index = 19390, .adv_w = 384, .box_w = 22, .box_h = 21, .ofs_x = 1, .ofs_y = -2},
    {.bitmap_index = 19551, .adv_w = 384, .box_w = 23, .box_h = 24, .ofs_x = 0, .ofs_y = -3},
    {.bitmap_index = 19684, .adv_w = 384, .box_w = 22, .box_h = 24, .ofs_x = 1, .ofs_y = -3},
    {.bitmap_index = 19861, .adv_w = 384, .box_w = 24, .box_h = 24, .ofs_x = 0, .ofs_y = -3},
    {.bitmap_index = 20073, .adv_w = 384, .box_w = 23, .box_h = 23, .ofs_x = 1, .ofs_y = -2},
    {.bitmap_index = 20196, .adv_w = 384, .box_w = 23, .box_h = 24, .ofs_x = 0, .ofs_y = -3},
    {.bitmap_index = 20391, .adv_w = 384, .box_w = 24, .box_h = 23, .ofs_x = 0, .ofs_y = -3},
    {.bitmap_index = 20573, .adv_w = 384, .box_w = 22, .box_h = 24, .ofs_x = 1, .ofs_y = -3},
    {.bitmap_index = 20752, .adv_w = 384, .box_w = 24, .box_h = 24, .ofs_x = 0, .ofs_y = -3},
    {.bitmap_index = 20953, .adv_w = 384, .box_w = 24, .box_h = 23, .ofs_x = 0, .ofs_y = -2},
    {.bitmap_index = 21153, .adv_w = 384, .box_w = 24, .box_h = 23, .ofs_x = 0, .ofs_y = -2},
    {.bitmap_index = 21367, .adv_w = 384, .box_w = 23, .box_h = 24, .ofs_x = 1, .ofs_y = -3},
    {.bitmap_index = 21609, .adv_w = 384, .box_w = 24, .box_h = 23, .ofs_x = 0, .ofs_y = -2},
    {.bitmap_index = 21805, .adv_w = 384, .box_w = 24, .box_h = 23, .ofs_x = 0, .ofs_y = -3},
    {.bitmap_index = 22001, .adv_w = 384, .box_w = 23, .box_h = 23, .ofs_x = 0, .ofs_y = -2},
    {.bitmap_index = 22176, .adv_w = 384, .box_w = 24, .box_h = 24, .ofs_x = 0, .ofs_y = -3},
    {.bitmap_index = 22371, .adv_w = 384, .box_w = 24, .box_h = 22, .ofs_x = 0, .ofs_y = -2},
    {.bitmap_index = 22563, .adv_w = 384, .box_w = 24, .box_h = 24, .ofs_x = 0, .ofs_y = -3},
    {.bitmap_index = 22774, .adv_w = 384, .box_w = 23, .box_h = 23, .ofs_x = 1, .ofs_y = -2},
    {.bitmap_index = 22946, .adv_w = 384, .box_w = 24, .box_h = 23, .ofs_x = 0, .ofs_y = -2},
    {.bitmap_index = 23156, .adv_w = 384, .box_w = 23, .box_h = 22, .ofs_x = 1, .ofs_y = -2},
    {.bitmap_index = 23301, .adv_w = 384, .box_w = 23, .box_h = 23, .ofs_x = 0, .ofs_y = -2},
    {.bitmap_index = 23474, .adv_w = 384, .box_w = 24, .box_h = 24, .ofs_x = 0, .ofs_y = -3},
    {.bitmap_index = 23673, .adv_w = 384, .box_w = 23, .box_h = 23, .ofs_x = 1, .ofs_y = -2},
    {.bitmap_index = 23836, .adv_w = 384, .box_w = 22, .box_h = 23, .ofs_x = 1, .ofs_y = -2},
    {.bitmap_index = 23949, .adv_w = 384, .box_w = 23, .box_h = 23, .ofs_x = 1, .ofs_y = -2},
    {.bitmap_index = 24113, .adv_w = 384, .box_w = 23, .box_h = 23, .ofs_x = 1, .ofs_y = -2},
    {.bitmap_index = 24304, .adv_w = 384, .box_w = 23, .box_h = 23, .ofs_x = 1, .ofs_y = -2},
    {.bitmap_index = 24498, .adv_w = 384, .box_w = 23, .box_h = 23, .ofs_x = 1, .ofs_y = -2},
    {.bitmap_index = 24699, .adv_w = 384, .box_w = 24, .box_h = 23, .ofs_x = 0, .ofs_y = -2},
    {.bitmap_index = 24896, .adv_w = 384, .box_w = 24, .box_h = 23, .ofs_x = 0, .ofs_y = -3},
    {.bitmap_index = 25055, .adv_w = 384, .box_w = 22, .box_h = 23, .ofs_x = 1, .ofs_y = -2},
    {.bitmap_index = 25180, .adv_w = 384, .box_w = 22, .box_h = 24, .ofs_x = 1, .ofs_y = -3},
    {.bitmap_index = 25318, .adv_w = 384, .box_w = 24, .box_h = 24, .ofs_x = 0, .ofs_y = -3}
};

/*---------------------
 *  CHARACTER MAPPING
 *--------------------*/

static const uint16_t unicode_list_1[] = {
    0x0, 0x7, 0x4d5a, 0x4d5b, 0x4d5d, 0x4d7a, 0x4d7d, 0x4d8b,
    0x4fb5, 0x4ff8, 0x50d5, 0x5156, 0x5167, 0x51f8, 0x520f, 0x52c1,
    0x5321, 0x533f, 0x535c, 0x5360, 0x536e, 0x539a, 0x55b8, 0x5678,
    0x5881, 0x5aa8, 0x5b09, 0x5d42, 0x5d77, 0x5d88, 0x5dc4, 0x5df6,
    0x5e07, 0x5e46, 0x5ed5, 0x5f51, 0x5f8b, 0x605f, 0x6251, 0x62be,
    0x62f5, 0x6486, 0x64c0, 0x6530, 0x6537, 0x6546, 0x6642, 0x6650,
    0x667a, 0x668a, 0x66b1, 0x6735, 0x6787, 0x6788, 0x6810, 0x6ab3,
    0x6ab5, 0x6b24, 0x6c38, 0x6c8b, 0x6d79, 0x7009, 0x7206, 0x7478,
    0x75ce, 0x7628, 0x7811, 0x790b, 0x79ca, 0x7a3f, 0x7a99, 0x7c4b,
    0x7c7f, 0x7df7, 0x7e0f, 0x7e2c, 0x7e2f, 0x7e3d, 0x7ea1, 0x879c,
    0x8918, 0x8ab6, 0x8af1, 0x8b32, 0x8b3f, 0x8c6f, 0x8c75, 0x8cdb,
    0x8ebe, 0x8ecd, 0x8f0e, 0x8f20, 0x8f21, 0x8f2e, 0x8f2f, 0x8f51,
    0x9038, 0x9117, 0x911f, 0x93ef, 0x9469, 0x94cf, 0x9544, 0x9585,
    0x9598, 0x959d, 0x95b9, 0x9616, 0x97c9, 0x98e6, 0x9a28, 0x9ed4
};

/*Collect the unicode lists and glyph_id offsets*/
static const lv_font_fmt_txt_cmap_t cmaps[] =
{
    {
        .range_start = 32, .range_length = 95, .glyph_id_start = 1,
        .unicode_list = NULL, .glyph_id_ofs_list = NULL, .list_length = 0, .type = LV_FONT_FMT_TXT_CMAP_FORMAT0_TINY
    },
    {
        .range_start = 176, .range_length = 40661, .glyph_id_start = 96,
        .unicode_list = unicode_list_1, .glyph_id_ofs_list = NULL, .list_length = 112, .type = LV_FONT_FMT_TXT_CMAP_SPARSE_TINY
    }
};

/*-----------------
 *    KERNING
 *----------------*/


/*Map glyph_ids to kern left classes*/
static const uint8_t kern_left_class_mapping[] =
{
    0, 0, 0, 1, 0, 0, 0, 0,
    1, 2, 0, 0, 0, 3, 4, 3,
    5, 0, 0, 0, 0, 0, 0, 0,
    0, 0, 0, 6, 6, 0, 0, 0,
    0, 0, 7, 8, 9, 10, 11, 12,
    13, 0, 0, 14, 15, 16, 0, 0,
    10, 17, 10, 18, 19, 20, 21, 22,
    23, 24, 25, 26, 2, 27, 0, 0,
    0, 0, 28, 29, 30, 0, 31, 32,
    33, 34, 0, 0, 35, 36, 34, 34,
    29, 29, 37, 38, 39, 40, 37, 41,
    42, 43, 44, 45, 2, 0, 0, 0,
    0, 0, 0, 0, 0, 0, 0, 0,
    0, 0, 0, 0, 0, 0, 0, 0,
    0, 0, 0, 0, 0, 0, 0, 0,
    0, 0, 0, 0, 0, 0, 0, 0,
    0, 0, 0, 0, 0, 0, 0, 0,
    0, 0, 0, 0, 0, 0, 0, 0,
    0, 0, 0, 0, 0, 0, 0, 0,
    0, 0, 0, 0, 0, 0, 0, 0,
    0, 0, 0, 0, 0, 0, 0, 0,
    0, 0, 0, 0, 0, 0, 0, 0,
    0, 0, 0, 0, 0, 0, 0, 0,
    0, 0, 0, 0, 0, 0, 0, 0,
    0, 0, 0, 0, 0, 0, 0, 0,
    0, 0, 0, 0, 0, 0, 0, 0
};

/*Map glyph_ids to kern right classes*/
static const uint8_t kern_right_class_mapping[] =
{
    0, 0, 1, 2, 0, 0, 0, 0,
    2, 0, 3, 4, 0, 5, 6, 7,
    8, 0, 0, 0, 0, 0, 0, 0,
    0, 0, 0, 9, 10, 0, 0, 0,
    11, 0, 12, 0, 13, 0, 0, 0,
    13, 0, 0, 14, 0, 0, 0, 0,
    13, 0, 13, 0, 15, 16, 17, 18,
    19, 20, 21, 22, 0, 23, 3, 0,
    0, 0, 24, 0, 25, 25, 25, 26,
    27, 0, 28, 29, 0, 0, 30, 30,
    25, 30, 25, 30, 31, 32, 33, 34,
    35, 36, 37, 38, 0, 0, 3, 0,
    0, 0, 0, 0, 0, 0, 0, 0,
    0, 0, 0, 0, 0, 0, 0, 0,
    0, 0, 0, 0, 0, 0, 0, 0,
    0, 0, 0, 0, 0, 0, 0, 0,
    0, 0, 0, 0, 0, 0, 0, 0,
    0, 0, 0, 0, 0, 0, 0, 0,
    0, 0, 0, 0, 0, 0, 0, 0,
    0, 0, 0, 0, 0, 0, 0, 0,
    0, 0, 0, 0, 0, 0, 0, 0,
    0, 0, 0, 0, 0, 0, 0, 0,
    0, 0, 0, 0, 0, 0, 0, 0,
    0, 0, 0, 0, 0, 0, 0, 0,
    0, 0, 0, 0, 0, 0, 0, 0,
    0, 0, 0, 0, 0, 0, 0, 0
};

/*Kern values between classes*/
static const int8_t kern_class_values[] =
{
    0, 0, 0, 0, -53, 0, -53, 0,
    0, 0, 0, -27, 0, -45, -6, 0,
    0, 0, 0, -6, 0, 0, 0, 0,
    -13, 0, 0, 0, 0, 0, -10, 0,
    0, 0, 0, 0, 0, 0, 0, 0,
    0, 0, 0, 0, 0, 0, 0, 0,
    0, 0, 0, -10, 0, 0, 0, 0,
    0, 0, 0, 0, 0, 0, 0, 0,
    0, 0, 33, 0, 0, 0, 0, 0,
    0, 0, 0, 0, 0, -46, 0, -65,
    0, 0, 0, 0, 0, 0, 0, 0,
    0, 0, 0, -44, -11, -31, -17, 0,
    -44, 0, 0, 0, -7, 0, 0, 0,
    11, 0, 0, -23, 0, -20, -13, 0,
    -10, 0, 0, 0, 0, 0, 0, 0,
    0, 0, 0, 0, 0, 0, 0, -10,
    -10, -23, 0, -10, -6, -15, -31, -10,
    0, 0, 0, 0, 0, 0, 0, 0,
    0, -12, 0, -6, 0, -8, 0, 0,
    0, 0, 0, 0, 0, 0, 0, 0,
    0, 0, 0, -19, -6, -36, 0, 0,
    0, 0, 0, 0, 0, 0, 0, -12,
    -13, 0, -6, 7, 7, 0, 0, 0,
    -10, 0, 0, 0, 0, 0, 0, 0,
    0, -21, 0, 0, 0, 0, 0, 0,
    0, 0, 0, 0, 0, 0, 0, 0,
    0, 0, -14, 0, 0, 0, 0, 0,
    0, 0, 0, 0, 0, 0, 0, 0,
    0, 0, 0, 0, 0, -27, 0, -41,
    0, 0, 0, 0, 0, 0, -14, -3,
    -6, 0, 0, -27, -8, -8, 0, -1,
    -8, -4, -19, 7, 0, -6, 0, 0,
    0, 0, 7, -8, -3, -6, -4, -4,
    -6, 0, 0, 0, 0, -15, 0, 0,
    0, 0, 0, 0, 0, 0, 0, -9,
    -8, -12, 0, -5, -4, -4, -8, -4,
    0, 0, 0, 0, 0, 0, 0, 0,
    0, -6, 0, -8, -6, -6, -8, 0,
    0, 0, 0, 0, 0, -14, 0, 0,
    0, 0, 0, 0, -15, -6, -12, -8,
    -8, -4, -4, -4, -6, -6, 0, 0,
    0, 0, -10, 0, 0, 0, 0, -15,
    -6, -8, -6, 0, -8, 0, 0, 0,
    0, -15, 0, 0, 0, -8, 0, 0,
    0, -6, 0, -21, 0, -12, 0, -6,
    -3, -10, -10, -10, 0, 0, 0, 0,
    0, 0, 0, 0, 0, 0, 0, 0,
    0, -8, 0, -6, 0, 0, 0, 0,
    0, 0, 0, 0, 0, 0, 0, 0,
    0, 0, 0, 0, 0, 0, 0, 0,
    0, 0, 0, 0, -6, 0, 0, 0,
    0, 0, 0, -12, 0, -6, 0, -17,
    -6, 0, 0, 0, 0, 0, -35, 0,
    -35, -29, 0, 0, 0, -18, -6, -61,
    -11, 0, 0, -1, -1, -12, -3, -15,
    0, -17, -8, 0, -12, 0, 0, -10,
    -11, -6, -9, -12, -10, -14, -10, -17,
    0, 0, 0, -13, 0, 0, 0, 0,
    0, 0, 0, -4, 0, 0, 0, -10,
    0, -8, -4, 0, 0, 0, 0, 0,
    0, 0, 0, 0, 0, 0, 0, 0,
    0, 0, 0, 0, 0, 0, 0, 0,
    0, 0, -12, 0, -12, 0, 0, 0,
    0, 0, 0, -19, 0, 0, 0, 0,
    0, 0, 0, 0, 0, 0, 0, 0,
    0, 0, 0, 0, 0, 0, 0, 0,
    0, 0, 0, 0, 0, -13, 0, -19,
    0, -17, 0, 0, 0, 0, -6, -6,
    -11, 0, -7, -10, -8, -8, -6, 0,
    -10, 0, 0, 0, -6, 0, 0, 0,
    -6, 0, 0, -18, -8, -12, -10, -10,
    -12, -8, 0, -45, 0, -70, 0, -23,
    0, 0, 0, 0, -18, -2, -14, 0,
    -12, -53, -15, -35, -26, 0, -36, 0,
    -36, 0, -7, -8, -4, 0, 0, 0,
    0, -11, -6, -19, -17, 0, -19, 0,
    0, 0, 0, 0, -53, -15, -53, -32,
    0, 0, 0, -23, 0, -64, -6, -11,
    0, 0, 0, -12, -6, -33, 0, -19,
    -12, 0, -13, 0, 0, 0, -6, 0,
    0, 0, 0, -8, 0, -10, 0, 0,
    0, -6, 0, -13, 0, 0, 0, 0,
    0, -4, 0, -8, -7, -8, 0, -2,
    0, -4, -4, -6, 0, -4, -6, 0,
    -4, 0, 0, 0, 0, 0, 0, 0,
    0, -6, 0, -6, 0, 0, 0, -8,
    0, 5, 0, 0, 0, 0, 0, 0,
    0, -8, -8, -10, 0, 0, 0, 0,
    -8, 0, 0, 0, 0, 0, 0, 0,
    0, 0, 0, -12, 0, 0, 0, 0,
    0, -3, 0, 0, 0, 0, -48, -31,
    -48, -38, -10, -10, 0, -19, -12, -56,
    -17, 0, 0, 0, 0, -10, -8, -23,
    0, -31, -31, -8, -31, 0, 0, -21,
    -27, -8, -21, -15, -15, -17, -15, -33,
    0, 0, 0, 0, -10, 0, -10, -13,
    0, 0, 0, -8, 0, -23, -6, 0,
    0, -4, 0, -6, -8, 0, 0, -4,
    0, 0, -6, 0, 0, 0, -4, 0,
    0, 0, 0, -6, 0, 0, 0, 0,
    0, 0, -31, -10, -31, -20, 0, 0,
    0, -8, -6, -31, -6, 0, -6, 3,
    0, 0, 0, -10, 0, -13, -8, 0,
    -11, 0, 0, -10, -8, 0, -15, -6,
    -6, -8, -6, -12, 0, 0, 0, 0,
    -17, -6, -17, -12, 0, 0, 0, 0,
    -3, -28, -3, 0, 0, 0, 0, 0,
    0, -3, 0, -8, 0, 0, -6, 0,
    0, 0, 0, 0, 0, 0, 0, 0,
    0, -6, 0, -6, 0, -6, 0, -15,
    0, 0, 0, 0, 0, -2, -10, -4,
    -8, -10, -6, 0, 0, 0, 0, 0,
    0, -6, -6, -10, 0, 0, 0, 0,
    0, -10, -6, -10, -8, -6, -10, -8,
    0, 0, 0, 0, -43, -31, -43, -28,
    -14, -14, -6, -8, -8, -45, -9, -8,
    -6, 0, 0, 0, 0, -12, 0, -32,
    -21, 0, -28, 0, 0, -19, -21, -17,
    -17, -8, -12, -17, -8, -23, 0, 0,
    0, 0, 0, -15, 0, 0, 0, 0,
    0, -3, -10, -15, -15, 0, -6, -3,
    -3, 0, -8, -8, 0, -8, -10, -10,
    -8, 0, 0, 0, 0, -8, -10, -8,
    -8, -12, -8, 0, 0, 0, 0, 0,
    0, 0, 0, 0, 0, 0, 0, 0,
    0, 0, 0, -36, -13, -23, -13, 0,
    -31, 0, 0, 0, 0, 0, 12, 0,
    29, 0, 0, 0, 0, -10, -6, 0,
    3, 0, 0, 0, 0, -23, 0, 0,
    0, 0, 0, 0, -9, 0, 0, 0,
    0, -12, 0, -10, -4, 0, -12, 0,
    0, 0, 0, 0, 0, 0, 0, 0,
    0, -8, 0, 0, 0, 0, 0, 0,
    0, -13, 0, -10, -6, 0, -6, 0,
    0, 0, -9, 0, 0, 0, 0, -26,
    0, -10, 0, -4, -23, 0, -14, -8,
    0, -3, 0, 0, 0, 0, -3, -10,
    0, -4, -4, -10, -4, -5, 0, 0,
    0, 0, 0, -12, 0, 0, 0, 0,
    0, 0, 0, 0, 0, -10, 0, -8,
    0, 0, -12, 0, 0, -6, -12, 0,
    -6, 0, 0, 0, 0, -6, 0, 0,
    0, 0, 0, 0, 0, 0, 0, -15,
    0, 3, 0, 0, 0, 0, -6, 0,
    0, -10, -10, -12, 0, -10, -6, 0,
    -14, 0, -12, -8, 0, -3, -6, 0,
    0, 0, 0, -6, 0, -1, -1, -6,
    -1, -2, 3, 16, 18, 0, -25, -8,
    -25, -6, 0, 0, 9, 0, 0, 0,
    0, 18, 0, 26, 18, 12, 22, 0,
    22, -10, -6, 0, -8, 0, -6, 0,
    -4, 0, 0, 3, 0, -4, 0, -8,
    0, 0, 3, -15, 0, 0, 0, 17,
    0, 0, -18, 0, 0, 0, 0, -14,
    0, 0, 0, 0, -8, 0, 0, -9,
    -8, 0, 0, 0, 16, 0, 0, 0,
    0, -4, -4, 0, 3, -8, 0, 0,
    0, -15, 0, 0, 0, 0, 0, 0,
    -6, 0, 0, 0, 0, -12, 0, -6,
    0, 0, -10, 0, 0, 0, 0, 0,
    0, 0, 0, 0, 0, 0, 0, 0,
    0, 0, 0, 0, 0, 0, 0, -11,
    3, -25, 3, 0, 3, 3, -9, 0,
    0, 0, 0, -19, 0, 0, 0, 0,
    -7, 0, 0, -6, -11, 0, -6, 0,
    -6, 0, 0, -13, -8, 0, 0, -6,
    0, -6, 0, 0, 0, 0, 0, 0,
    0, 0, 0, 0, 0, 0, 0, 0,
    0, 0, 0, 0, 0, 0, 0, 0,
    0, 0, 0, 0, 0, 0, 2, 0,
    0, 0, 0, 0, 0, 0, 0, 0,
    0, 0, 0, -11, 0, 0, 0, 0,
    0, 0, 0, 0, 0, 0, 0, -10,
    0, -8, 0, 0, -15, 0, 0, 0,
    0, 0, 0, 0, 0, 0, 0, 0,
    0, 0, 0, 0, 0, 0, 0, 0,
    0, 0, -30, -12, -30, -15, 7, 7,
    0, -8, 0, -27, 0, 0, 0, 0,
    0, 0, 0, -6, 3, -12, -6, 0,
    -6, 0, 0, 0, -4, 0, 0, 7,
    5, 0, 7, -4, 0, 0, 0, -21,
    0, 3, 0, 0, 0, 0, -8, 0,
    0, 0, 0, -12, 0, -6, 0, 0,
    -10, 0, 0, 0, 0, 0, 0, 0,
    0, 0, 0, -10, 0, 0, 0, 0,
    0, 0, 0, 0, 0, 0, -1, -14,
    -1, 1, 3, 3, -14, 0, 0, 0,
    0, -8, 0, 0, 0, 0, -4, 0,
    0, -11, -8, 0, -6, 0, 0, 0,
    -6, -10, 0, 0, 0, -8, 0, 0,
    0, 0, 0, -7, -20, -6, -20, -10,
    0, 0, 0, -7, 0, -19, 0, -10,
    0, -6, 0, 0, -8, -6, 0, -10,
    -4, 0, 0, 0, -6, 0, 0, 0,
    0, 0, 0, 0, 0, -12, 0, 0,
    0, -7, -23, 0, -23, -4, 0, 0,
    0, -4, 0, -15, 0, -12, 0, -6,
    0, -8, -12, 0, 0, -6, -4, 0,
    0, 0, -6, 0, 0, 0, 0, 0,
    0, 0, 0, -10, -8, 0, 0, -11,
    3, -8, -6, 0, 0, 3, 0, 0,
    -6, 0, -4, -15, 0, -8, 0, -6,
    -17, 0, 0, -6, -10, 0, 0, 0,
    0, 0, 0, -12, 0, 0, 0, 0,
    -4, 0, 0, 0, 0, 0, -20, 0,
    -20, -6, 0, 0, 0, 0, 0, -19,
    0, -10, 0, -4, 0, -4, -6, 0,
    0, -10, -4, 0, 0, 0, -6, 0,
    0, 0, 0, 0, 0, -8, 0, -12,
    0, 0, 0, 0, 0, -10, 0, 0,
    0, 0, 0, 0, 0, 0, 0, -12,
    0, 0, 0, 0, -13, 0, 0, -10,
    -6, 0, -3, 0, 0, 0, 0, 0,
    -6, -4, 0, 0, -4, 0
};


/*Collect the kern class' data in one place*/
static const lv_font_fmt_txt_kern_classes_t kern_classes =
{
    .class_pair_values   = kern_class_values,
    .left_class_mapping  = kern_left_class_mapping,
    .right_class_mapping = kern_right_class_mapping,
    .left_class_cnt      = 45,
    .right_class_cnt     = 38,
};

/*--------------------
 *  ALL CUSTOM DATA
 *--------------------*/

#if LV_VERSION_CHECK(8, 0, 0)
/*Store all the custom data of the font*/
static  lv_font_fmt_txt_glyph_cache_t cache;
static const lv_font_fmt_txt_dsc_t font_dsc = {
#else
static lv_font_fmt_txt_dsc_t font_dsc = {
#endif
    .glyph_bitmap = glyph_bitmap,
    .glyph_dsc = glyph_dsc,
    .cmaps = cmaps,
    .kern_dsc = &kern_classes,
    .kern_scale = 16,
    .cmap_num = 2,
    .bpp = 4,
    .kern_classes = 1,
    .bitmap_format = 1,
#if LV_VERSION_CHECK(8, 0, 0)
    .cache = &cache
#endif
};


/*-----------------
 *  PUBLIC FONT
 *----------------*/

/*Initialize a public general font descriptor*/
#if LV_VERSION_CHECK(8, 0, 0)
const lv_font_t ui_font_cjk_24 = {
#else
lv_font_t ui_font_cjk_24 = {
#endif
    .get_glyph_dsc = lv_font_get_glyph_dsc_fmt_txt,    /*Function pointer to get glyph's data*/
    .get_glyph_bitmap = lv_font_get_bitmap_fmt_txt,    /*Function pointer to get glyph's bitmap*/
    .line_height = 30,          /*The maximum line height required by the font*/
    .base_line = 7,             /*Baseline measured from the bottom of the line*/
#if !(LVGL_VERSION_MAJOR == 6 && LVGL_VERSION_MINOR == 0)
    .subpx = LV_FONT_SUBPX_NONE,
#endif
#if LV_VERSION_CHECK(7, 4, 0) || LVGL_VERSION_MAJOR >= 8
    .underline_position = -3,
    .underline_thickness = 1,
#endif
    .dsc = &font_dsc           /*The custom font data. Will be accessed by `get_glyph_bitmap/dsc` */
};



#endif /*#if UI_FONT_CJK_24*/

