[   1.17] I (2299) sdio_wrapper: SDIO master: Data-Lines: 4-bit Freq(KHz)[40000 KHz]
[   1.17] I (2299) sdio_wrapper: GPIOs: CLK[18] CMD[19] D0[14] D1[15] D2[16] D3[17] Slave_Reset[54]
[   1.17] I (2299) H_SDIO_DRV: Starting SDIO process rx task
[   1.17] I (2302) sdio_wrapper: Queues: Tx[20] Rx[20] SDIO-Rx-Mode[1]
[   1.17] Name: 
[   1.17] Type: SDIO
[   1.17] Speed: 40.00 MHz (limit: 40.00 MHz)
[   1.17] Size: 0MB
[   1.17] CSD: ver=1, sector_size=0, capacity=0 read_bl_len=0
[   1.17] SCR: sd_spec=0, bus_width=0
[   1.17] TUPLE: DEVICE, size: 3: D9 01 FF 
[   1.17] TUPLE: MANFID, size: 4
[   1.17]   MANF: 0092, CARD: 6666
[   1.17] TUPLE: FUNCID, size: 2: 0C 00 
[   1.17] TUPLE: FUNCE, size: 4: 00 00 02 32 
[   1.17] TUPLE: CONFIG, size: 5: 01 01 00 02 07 
[   1.17] TUPLE: CFTABLE_ENTRY, size: 8
[   1.17]   INDX: C1, Intface: 1, Default: 1, Conf-Entry-Num: 1
[   1.17]   IF: 41
[   1.17]   FS: 30, misc: 0, mem_space: 1, irq: 1, io_space: 0, timing: 0, power: 0
[   1.17]   IR: 30, mask: 1,   IRQ: FF FF
[   1.17]   LEN: FFFF
[   1.17] TUPLE: END
[   1.17] I (2385) sdio_wrapper: Function 0 Blocksize: 512
[   1.17] I (2389) sdio_wrapper: Function 1 Blocksize: 512
[   1.17] I (2393) H_SDIO_DRV: SDIO Host operating in STREAMING MODE
[   1.17] I (2398) H_SDIO_DRV: generate slave intr
[   1.17] I (2412) transport: Received INIT event from ESP32 peripheral
[   1.17] I (2412) transport: EVENT: 12
[   1.17] I (2412) transport: EVENT: 11
[   1.17] I (2413) transport: capabilities: 0xd
[   1.17] I (2416) transport: Features supported are:
[   1.17] I (2420) transport: 	 * WLAN
[   1.52] I (2423) transport: 	   - HCI over SDIO
[   1.52] I (2426) transport: 	   - BLE only
[   1.52] I (2429) transport: EVENT: 13
[   1.52] I (2432) transport: ESP board type is : 13 
[   1.52] 
[   1.52] I (2436) transport: Base transport is set-up
[   1.52] 
[   1.52] I (2440) transport: Slave chip Id[12]
[   1.52] I (2444) hci_stub_drv: Host BT Support: Disabled
[   1.52] I (2448) H_SDIO_DRV: Received INIT event
[   2.45] I (3453) fnos_net: wifi station started; awaiting ip
[   2.45] I (3453) esp_lvgl:adapter: LVGL adapter initialized successfully
[   2.45] W (3454) ledc: GPIO 32 is not usable, maybe conflict with others
[   2.45] I (3458) ESP32_P4_EV: MIPI DSI PHY Powered on
[   2.45] I (3463) ESP32_P4_EV: Install MIPI DSI LCD control panel
[   2.45] I (3467) ESP32_P4_EV: Install EK79007 LCD control panel
[   2.45] I (3472) ek79007: version: 2.0.2
[   2.45] I (3474) H_API: esp_wifi_remote_connect
[   2.45] I (3649) ESP32_P4_EV: Display initialized
[   2.45] I (3650) esp_lvgl:bridge_v9: Initializing hardware resources
[   2.45] I (3650) esp_lvgl:bridge_v9: Hardware resources initialized successfully
[   2.45] I (3653) esp_lvgl:bridge: Initializing hardware resources
[   2.45] I (3658) esp_lvgl:bridge: Hardware resources initialized successfully
[   2.45] W (3664) esp_lvgl:bridge_v9: on_frame_buf_complete unavailable; buffer-switch release and dummy-draw may not function on MIPI DSI
[   2.45] I (3676) ESP32_P4_EV: Touch 0x5d found
[   2.45] I (3679) GT911: I2C address initialization procedure skipped - using default GT9xx setup
[   2.45] I (3687) GT911: TouchPad_ID:0x39,0x31,0x31
[   2.45] I (3691) GT911: TouchPad_Config_Version:91
[   2.45] W (3695) esp_lvgl:touch: LV_USE_GESTURE_RECOGNITION is disabled; only single-point pointer events are available
[   2.45] I (3704) esp_lvgl:touch: Touch input device registered successfully (IRQ mode: disabled)
[   2.45] I (3713) esp_lvgl:adapter: LVGL task started successfully
[   2.45] I (3717) ESP32_P4_EV: Setting LCD backlight: 100%
[   2.80] I (3722) ESP32_P4_EV: Setting LCD backlight: 45%
[   2.80] I (3726) main: heap display        internal=243KB largest=204KB dma=205KB psram=27600KB
[   2.80] I (3875) fnos_view: dashboard v2 created (4 pages, 180 s window)
[   2.80] W (3875) main: VERIFY MODE: auto page every 10 s
[   2.80] I (3875) main: heap ui             internal=243KB largest=204KB dma=205KB psram=27508KB
[   2.80] I (3881) fnos_data: polling http://192.168.0.119:8799/api/v1/status every 1000 ms
[   2.80] I (3889) main: heap polling        internal=243KB largest=204KB dma=205KB psram=27494KB
[   2.80] I (3896) ESP32_P4_EV: Setting LCD backlight: 45%
[   2.81] I (3901) main: backlight 45% (day)
[   2.81] I (3904) main: boot complete
[   2.81] I (3906) main_task: Returned from app_main()
[   3.10] I (4375) uidbg: unit0 x=85 y=57 w=0 h=22 style_x=85 style_y=57 hidden=0 text='' par_w=209
[   3.10] I (4375) uidbg: val0 x=18 y=32 w=42 h=52 text='--'
[   3.10] I (4376) uidbg: geom cpu_bar w=760 h=44  mem_bar w=760 h=44  mbar0 w=2  seg0 w=0
[   3.51] 
[   3.51] assert failed: heap_caps_free heap_caps_base.c:80 (heap != NULL && "free() target pointer is outside heap areas")
[   3.51] Core  1 register dump:
[   3.51] MEPC    : 0x4ff4abec  RA      : 0x4ff4a76c  SP      : 0x48103d20  GP      : 0x4ff56f80  
[   3.51] TP      : 0x481040e0  T0      : 0x37363534  T1      : 0x7271706f  T2      : 0x33323130  
[   3.51] S0/FP   : 0x00000001  S1      : 0x00000056  A0      : 0x48103d68  A1      : 0x4ff58e05  
[   3.51] A2      : 0x00000001  A3      : 0x4ff5e000  A4      : 0x00000001  A5      : 0x4ff5e000  
[   3.51] A6      : 0x0000000c  A7      : 0x76757473  S2      : 0x48103d68  S3      : 0x48103da1  
[   3.51] S4      : 0x4ff58e04  S5      : 0x48103d68  S6      : 0x4ff5c564  S7      : 0x4ff5c548  
[   3.51] S8      : 0x48134000  S9      : 0x48194000  S10     : 0x48123000  S11     : 0x4811e000  
[   3.51] T3      : 0x6e6d6c6b  T4      : 0x6a696867  T5      : 0x66656463  T6      : 0x62613938  
[   3.51] MSTATUS : 0x00011881  MTVEC   : 0x4ff40003  MCAUSE  : 0x00000002  MTVAL   : 0x00000000  
[   3.51] MHARTID : 0x00000001  
[   3.51] 
[   3.51] Stack memory:
[   3.51] 48103d20: 0x00000000 0x48103d44 0x48136e6c 0x4ff54140 0x00003038 0x000001fd 0x00000000 0x00000000
[   3.51] 48103d40: 0x00000000 0x4ff5983c 0x48136e6c 0x4ff59820 0x48112d12 0x4ff5984c 0x48103d30 0x4ff59850
[   3.51] 48103d60: 0x48112cbc 0x4ff58e04 0x65737361 0x66207472 0x656c6961 0x68203a64 0x5f706165 0x73706163
[   3.51] 48103d80: 0x6572665f 0x65682065 0x635f7061 0x5f737061 0x65736162 0x383a632e 0x68282030 0x20706165
[   3.51] 48103da0: 0x4e203d21 0x204c4c55 0x22202626 0x65657266 0x74202928 0x65677261 0x6f702074 0x65746e69
[   3.51] 48103dc0: 0x73692072 0x74756f20 0x65646973 0x61656820 0x72612070 0x22736165 0x48190029 0x4ff52506
[   3.51] 48103de0: 0x485229dc 0x0000003c 0x48522a1c 0x4801aaf0 0x4ff5c68c 0x00000404 0x0000000c 0x48063e1e
[   3.51] 48103e00: 0x00000001 0x00000013 0x4818c584 0x48057300 0x00000404 0x0000000c 0x4818c584 0x48084a96
[   3.51] 48103e20: 0x00000042 0x48103e4c 0x4818c584 0x48084c46 0x4ff5c564 0x00000000 0x4ff5c558 0x4ff5c538
[   3.51] 48103e40: 0x00000001 0x48134d98 0x48109b84 0x4ff40ac2 0x00000001 0x48135000 0x48108454 0x48063f68
[   3.51] 48103e60: 0x48103f00 0x48135000 0x48193970 0x4801ea2c 0x0000002c 0x00000002 0x00000000 0x00000000
[   3.51] 48103e80: 0x48107ad8 0x000000d1 0x00000000 0x00000002 0x00000900 0x48103f40 0x00000000 0x00000001
[   3.51] 48103ea0: 0x00001000 0x00000000 0x00000000 0x48194150 0x00000000 0x00000000 0x00000000 0x00000000
[   3.51] 48103ec0: 0x00000000 0x00000000 0x0022c55e 0x00000000 0x00000000 0x0000000e 0x00000000 0x00000001
[   3.51] 48103ee0: 0x00000000 0x00000046 0x00000004 0x00000000 0x00000000 0x48103f30 0x4818ee20 0x4802c7f6
[   3.51] 48103f00: 0x48432036 0x534b4345 0xaab8e400 0xe6b095e6 0xb8e5ae8d 0x481000a7 0x48103f90 0x4802d5a6
[   3.51] 48103f20: 0x48103f16 0x00000002 0x48103f40 0x00000001 0x4ff5c68c 0x00000000 0x4818ee20 0x4802cb2c
[   3.51] 48103f40: 0xe98787e9 0x3120869b 0x312e3239 0x302e3836 0x3931312e 0x3937383a 0xb7c22039 0x89ade720
[   3.51] 48103f60: 0xe985bee5 0xb8e496a6 0xb095e6aa 0xe5ae8de6 0x4800a7b8 0x00000004 0x00000002 0xffffffff
[   3.51] 48103f80: 0x4ff5c68c 0x48103fc0 0x4ff877e4 0x48027082 0x4ff5c000 0x00000004 0x00000000 0x00000000
[   3.51] 48103fa0: 0x4ff5c68c 0x00000001 0x00000000 0x00000000 0x00000000 0x00000001 0x4ff87928 0x4ff4f1ee
[   3.51] 48103fc0: 0x00000000 0x00000003 0x00000000 0x4ffbe9e8 0x4ffbea18 0x00000000 0x4ffbe9c4 0x4ff4f3ee
[   3.51] 48103fe0: 0x4ffbea18 0x00000000 0x4ffbe9c4 0x4ff4bd10 0x481040e0 0x00000000 0x381e0000 0xffffffff
[   3.51] 48104000: 0x4ff5df9c 0x00000003 0x00000000 0x00000000 0x4ffbf160 0x00000000 0x00000001 0x00000000
[   3.51] 48104020: 0x00000000 0x00000000 0x00000000 0x485227d8 0x00000399 0x00000001 0x00010000 0xffffffff
[   3.51] 48104040: 0x4ff5c000 0x4ff5c68c 0x4818f018 0x48056a46 0x48103f16 0x00000003 0x00000001 0x000003e8
[   3.51] 48104060: 0x00000000 0xffffffff 0x4ffbf10c 0x00000000 0x00000000 0x00000003 0x00000001 0x000003e8
[   3.51] 48104080: 0x10624dd3 0x0000000f 0x4ff5c5a8 0x48023e8e 0x00000000 0x00000000 0x00000000 0x00000000
[   3.51] 481040a0: 0x00000000 0x00000000 0x00000000 0x00000000 0x00000000 0x00000000 0x00000000 0x00000000
[   3.51] 481040c0: 0x00000000 0x00000000 0x00000000 0x00000000 0x00000000 0xa5a5a5a5 0xa5a5a5a5 0xa5a5a5a5
[   3.51] 481040e0: 0x30100000 0x00000144 0x50115737 0x15c72683 0x01000637 0x501117b7 0x2e238ed1 0xa5a5a5a5
[   3.79] 48104100: 0x00000001 0x48101128 0x48101128 0x00000000 0x00000000 0x00000000 0xa5a5a5a5 0xa5a5a5a5
[   3.79] 
[   3.79] 
[   3.79] 
[   3.79] ELF file SHA256: bbb070c02
[   3.79] 
[   3.79] Rebooting...
[   3.79] ESP-ROM:esp32p4-eco7-20260109
[   3.79] Build:Jan  9 2026
[   3.79] rst:0xc (SW_CPU_RESET),boot:0xf (SPI_FAST_FLASH_BOOT)
[   3.79] Core0 Saved PC:0x4ff444de
[   3.79] Core1 Saved PC:0x4ff4ace6
[   3.79] SPI mode:DIO, clock div:1
[   3.79] load:0x4ffb60d0,len:0x11f0
[   3.79] load:0x4ffac2c0,len:0xd5c
[   3.79] load:0x4ffaefc0,len:0x3408
[   3.79] entry 0x4ffac2c0
[   3.79] I (226) hex_psram: vendor id    : 0x0d (AP)
[   3.79] I (227) hex_psram: Latency      : 0x01 (Fixed)
[   3.79] I (227) hex_psram: DriveStr.    : 0x00 (25 Ohm)
[   3.79] I (227) hex_psram: dev id       : 0x03 (generation 4)
[   3.79] I (232) hex_psram: density      : 0x07 (256 Mbit)
[   3.79] I (236) hex_psram: good-die     : 0x06 (Pass)
[   3.79] I (241) hex_psram: SRF          : 0x02 (Slow Refresh)
[   3.79] I (245) hex_psram: BurstType    : 0x00 ( Wrap)
[   3.79] I (250) hex_psram: BurstLen     : 0x03 (2048 Byte)
[   3.79] I (254) hex_psram: BitMode      : 0x01 (X16 Mode)
[   3.79] I (258) hex_psram: Readlatency  : 0x04 (14 cycles@Fixed)
[   3.79] I (263) hex_psram: DriveStrength: 0x00 (1/1)
[   3.79] I (267) MSPI Timing: Enter psram timing tuning
[   4.02] I esp_psram: Found 32MB PSRAM device
[   4.02] I esp_psram: Speed: 200MHz
[   4.02] I (455) mmu_psram: .rodata xip on psram
[   4.02] I (505) mmu_psram: .text xip on psram
[   4.02] I (506) hex_psram: psram CS IO is dedicated
[   4.02] I (507) cpu_start: Multicore app
[   4.65] I (928) esp_psram: SPI SRAM memory test OK
[   4.65] I (938) cpu_start: GPIO 38 and 37 are used as console UART I/O pins
[   4.65] I (938) cpu_start: Pro cpu start user code
[   4.65] I (939) cpu_start: cpu freq: 400000000 Hz
[   4.65] I (940) app_init: Application information:
[   4.65] I (944) app_init: Project name:     fnos_monitor
[   4.65] I (949) app_init: App version:      0.1.0
[   4.65] I (952) app_init: Compile time:     Sep 28 2026 00:46:10
[   4.65] I (957) app_init: ELF file SHA256:  bbb070c02...
[   4.65] I (962) app_init: ESP-IDF:          5.5.3
[   4.65] I (965) efuse_init: Min chip rev:     v3.0
[   4.65] I (969) efuse_init: Max chip rev:     v3.99 
[   4.65] I (973) efuse_init: Chip rev:         v3.2
[   4.65] I (977) heap_init: Initializing. RAM available for dynamic allocation:
[   4.65] I (983) heap_init: At 4FF5E490 len 0005CB30 (370 KiB): RETENT_RAM
[   4.65] I (989) heap_init: At 4FFBAFC0 len 00004BF0 (18 KiB): RAM
[   4.65] I (994) heap_init: At 501080D8 len 00000028 (0 KiB): RTCRAM
[   4.65] I (1000) heap_init: At 501081A0 len 00007E60 (31 KiB): RTCRAM
[   4.65] I (1005) heap_init: At 30100198 len 00001E68 (7 KiB): TCM
[   5.00] I (1010) esp_psram: Adding pool of 31151K of PSRAM memory to heap allocator
[   5.00] I (1017) esp_psram: Adding pool of 60K of PSRAM memory gap generated due to end address alignment of irom to the heap allocator
[   5.00] I (1028) esp_psram: Adding pool of 35K of PSRAM memory gap generated due to end address alignment of drom to the heap allocator
[   5.00] I (1039) spi_flash: detected chip: gd
[   5.00] I (1043) spi_flash: flash io: qio
[   5.00] I (1046) host_init: ESP Hosted : Host chip_ip[18]
[   5.00] I (1050) H_API: ESP-Hosted starting. Hosted_Tasks: prio:23, stack: 5120 RPC_task_stack: 5120
[   5.00] sdio_mempool_create free:32400744 min-free:32400744 lfb-def:31457280 lfb-8bit:31457280
[   5.00] 
[   5.00] I (1066) H_API: ** add_esp_wifi_remote_channels **
[   5.00] I (1071) transport: Add ESP-Hosted channel IF[1]: S[0] Tx[0x4800b6dc] Rx[0x4801a922]
[   5.00] I (1078) transport: Add ESP-Hosted channel IF[2]: S[0] Tx[0x4800b622] Rx[0x4801a922]
[   5.00] I (1086) sleep_gpio: Configure to isolate all GPIO pins in sleep state
[   5.00] I (1092) sleep_gpio: Enable automatic switching of GPIO sleep configuration
[   5.00] I (1099) main_task: Started on CPU0
[   5.00] I (1103) main_task: Calling app_main()
[   5.00] I (1109) main: fnOS NAS dashboard booting (agent http://192.168.0.119:8799)
[   5.00] I (1112) main: heap boot           internal=363KB largest=304KB dma=325KB psram=31242KB
[   5.00] I (1121) transport: Attempt connection with slave: retry[0]
[   5.00] I (1125) transport: Reset slave using GPIO[54]
[   5.00] I (1129) os_wrapper_esp: GPIO [54] configured
[   5.97] I (2299) sdio_wrapper: SDIO master: Data-Lines: 4-bit Freq(KHz)[40000 KHz]
[   5.97] I (2299) sdio_wrapper: GPIOs: CLK[18] CMD[19] D0[14] D1[15] D2[16] D3[17] Slave_Reset[54]
[   5.97] I (2299) H_SDIO_DRV: Starting SDIO process rx task
[   5.97] I (2302) sdio_wrapper: Queues: Tx[20] Rx[20] SDIO-Rx-Mode[1]
[   5.97] Name: 
[   5.97] Type: SDIO
[   5.97] Speed: 40.00 MHz (limit: 40.00 MHz)
[   5.97] Size: 0MB
[   5.97] CSD: ver=1, sector_size=0, capacity=0 read_bl_len=0
[   5.97] SCR: sd_spec=0, bus_width=0
[   5.97] TUPLE: DEVICE, size: 3: D9 01 FF 
[   5.97] TUPLE: MANFID, size: 4
[   5.97]   MANF: 0092, CARD: 6666
[   5.97] TUPLE: FUNCID, size: 2: 0C 00 
[   5.97] TUPLE: FUNCE, size: 4: 00 00 02 32 
[   5.97] TUPLE: CONFIG, size: 5: 01 01 00 02 07 
[   5.97] TUPLE: CFTABLE_ENTRY, size: 8
[   5.97]   INDX: C1, Intface: 1, Default: 1, Conf-Entry-Num: 1
[   5.97]   IF: 41
[   5.97]   FS: 30, misc: 0, mem_space: 1, irq: 1, io_space: 0, timing: 0, power: 0
[   5.97]   IR: 30, mask: 1,   IRQ: FF FF
[   5.97]   LEN: FFFF
[   5.97] TUPLE: END
[   5.97] I (2385) sdio_wrapper: Function 0 Blocksize: 512
[   5.97] I (2389) sdio_wrapper: Function 1 Blocksize: 512
[   5.97] I (2393) H_SDIO_DRV: SDIO Host operating in STREAMING MODE
[   5.97] I (2398) H_SDIO_DRV: generate slave intr
[   5.97] I (2412) transport: Received INIT event from ESP32 peripheral
[   5.97] I (2412) transport: EVENT: 12
[   5.97] I (2412) transport: EVENT: 11
[   5.97] I (2413) transport: capabilities: 0xd
[   5.97] I (2416) transport: Features supported are:
[   5.97] I (2420) transport: 	 * WLAN
[   6.32] I (2423) transport: 	   - HCI over SDIO
[   6.32] I (2426) transport: 	   - BLE only
[   6.32] I (2429) transport: EVENT: 13
[   6.32] I (2432) transport: ESP board type is : 13 
[   6.32] 
[   6.32] I (2436) transport: Base transport is set-up
[   6.32] 
[   6.32] I (2440) transport: Slave chip Id[12]
[   6.32] I (2444) hci_stub_drv: Host BT Support: Disabled
[   6.32] I (2448) H_SDIO_DRV: Received INIT event
[   7.00] I (3453) fnos_net: wifi station started; awaiting ip
[   7.00] I (3454) esp_lvgl:adapter: LVGL adapter initialized successfully
[   7.00] W (3454) ledc: GPIO 32 is not usable, maybe conflict with others
[   7.00] I (3458) ESP32_P4_EV: MIPI DSI PHY Powered on
[   7.00] I (3463) ESP32_P4_EV: Install MIPI DSI LCD control panel
[   7.00] I (3467) ESP32_P4_EV: Install EK79007 LCD control panel
[   7.00] I (3472) ek79007: version: 2.0.2
[   7.00] I (3474) H_API: esp_wifi_remote_connect
[   7.25] I (3649) ESP32_P4_EV: Display initialized
[   7.25] I (3650) esp_lvgl:bridge_v9: Initializing hardware resources
[   7.25] I (3650) esp_lvgl:bridge_v9: Hardware resources initialized successfully
[   7.25] I (3653) esp_lvgl:bridge: Initializing hardware resources
[   7.25] I (3658) esp_lvgl:bridge: Hardware resources initialized successfully
[   7.25] W (3664) esp_lvgl:bridge_v9: on_frame_buf_complete unavailable; buffer-switch release and dummy-draw may not function on MIPI DSI
[   7.25] I (3676) ESP32_P4_EV: Touch 0x5d found
[   7.25] I (3679) GT911: I2C address initialization procedure skipped - using default GT9xx setup
[   7.25] I (3687) GT911: TouchPad_ID:0x39,0x31,0x31
[   7.25] I (3691) GT911: TouchPad_Config_Version:91
[   7.25] W (3695) esp_lvgl:touch: LV_USE_GESTURE_RECOGNITION is disabled; only single-point pointer events are available
[   7.25] I (3704) esp_lvgl:touch: Touch input device registered successfully (IRQ mode: disabled)
[   7.25] I (3713) esp_lvgl:adapter: LVGL task started successfully
[   7.25] I (3717) ESP32_P4_EV: Setting LCD backlight: 100%
[   7.59] I (3722) ESP32_P4_EV: Setting LCD backlight: 45%
[   7.59] I (3726) main: heap display        internal=243KB largest=204KB dma=205KB psram=27600KB
[   7.59] I (3875) fnos_view: dashboard v2 created (4 pages, 180 s window)
[   7.59] W (3875) main: VERIFY MODE: auto page every 10 s
[   7.59] I (3875) main: heap ui             internal=243KB largest=204KB dma=205KB psram=27508KB
[   7.59] I (3881) fnos_data: polling http://192.168.0.119:8799/api/v1/status every 1000 ms
[   7.59] I (3889) main: heap polling        internal=243KB largest=204KB dma=205KB psram=27494KB
[   7.59] I (3896) ESP32_P4_EV: Setting LCD backlight: 45%
[   7.59] I (3901) main: backlight 45% (day)
[   7.59] I (3904) main: boot complete
[   7.59] I (3906) main_task: Returned from app_main()
[   8.24] I (4375) uidbg: unit0 x=85 y=57 w=0 h=22 style_x=85 style_y=57 hidden=0 text='' par_w=209
[   8.24] I (4375) uidbg: val0 x=18 y=32 w=42 h=52 text='--'
[   8.24] I (4376) uidbg: geom cpu_bar w=760 h=44  mem_bar w=760 h=44  mbar0 w=2  seg0 w=0
[   8.31] 
[   8.31] assert failed: heap_caps_free heap_caps_base.c:80 (heap != NULL && "free() target pointer is outside heap areas")
[   8.31] Core  1 register dump:
[   8.31] MEPC    : 0x4ff4abec  RA      : 0x4ff4a76c  SP      : 0x48103d20  GP      : 0x4ff56f80  
[   8.31] TP      : 0x481040e0  T0      : 0x37363534  T1      : 0x7271706f  T2      : 0x33323130  
[   8.31] S0/FP   : 0x00000001  S1      : 0x00000056  A0      : 0x48103d68  A1      : 0x4ff58e05  
[   8.31] A2      : 0x00000001  A3      : 0x4ff5e000  A4      : 0x00000001  A5      : 0x4ff5e000  
[   8.31] A6      : 0x0000000c  A7      : 0x76757473  S2      : 0x48103d68  S3      : 0x48103da1  
[   8.31] S4      : 0x4ff58e04  S5      : 0x48103d68  S6      : 0x4ff5c564  S7      : 0x4ff5c548  
[   8.31] S8      : 0x48134000  S9      : 0x48194000  S10     : 0x48123000  S11     : 0x4811e000  
[   8.31] T3      : 0x6e6d6c6b  T4      : 0x6a696867  T5      : 0x66656463  T6      : 0x62613938  
[   8.31] MSTATUS : 0x00011881  MTVEC   : 0x4ff40003  MCAUSE  : 0x00000002  MTVAL   : 0x00000000  
[   8.31] MHARTID : 0x00000001  
[   8.31] 
[   8.31] Stack memory:
[   8.31] 48103d20: 0x00000000 0x48103d44 0x48136e6c 0x4ff54140 0x00003038 0x000001fd 0x00000000 0x00000000
[   8.31] 48103d40: 0x00000000 0x4ff5983c 0x48136e6c 0x4ff59820 0x48112d12 0x4ff5984c 0x48103d30 0x4ff59850
[   8.31] 48103d60: 0x48112cbc 0x4ff58e04 0x65737361 0x66207472 0x656c6961 0x68203a64 0x5f706165 0x73706163
[   8.31] 48103d80: 0x6572665f 0x65682065 0x635f7061 0x5f737061 0x65736162 0x383a632e 0x68282030 0x20706165
[   8.31] 48103da0: 0x4e203d21 0x204c4c55 0x22202626 0x65657266 0x74202928 0x65677261 0x6f702074 0x65746e69
[   8.31] 48103dc0: 0x73692072 0x74756f20 0x65646973 0x61656820 0x72612070 0x22736165 0x48190029 0x4ff52506
[   8.31] 48103de0: 0x485229dc 0x0000003c 0x48522a1c 0x4801aaf0 0x4ff5c68c 0x00000404 0x0000000c 0x48063e1e
[   8.31] 48103e00: 0x00000001 0x00000013 0x4818c584 0x48057300 0x00000404 0x0000000c 0x4818c584 0x48084a96
[   8.31] 48103e20: 0x00000042 0x48103e4c 0x4818c584 0x48084c46 0x4ff5c564 0x00000000 0x4ff5c558 0x4ff5c538
[   8.31] 48103e40: 0x00000001 0x48134d98 0x48109b84 0x4ff40ac2 0x00000001 0x48135000 0x48108454 0x48063f68
[   8.31] 48103e60: 0x48103f00 0x48135000 0x48193970 0x4801ea2c 0x0000002c 0x00000002 0x00000000 0x00000000
[   8.31] 48103e80: 0x48107ad8 0x000000d1 0x00000000 0x00000002 0x00000900 0x48103f40 0x00000000 0x00000001
[   8.31] 48103ea0: 0x00001000 0x00000000 0x00000000 0x48194150 0x00000000 0x00000000 0x00000000 0x00000000
[   8.31] 48103ec0: 0x00000000 0x00000000 0x0022c55e 0x00000000 0x00000000 0x0000000e 0x00000000 0x00000001
[   8.31] 48103ee0: 0x00000000 0x00000046 0x00000004 0x00000000 0x00000000 0x48103f30 0x4818ee20 0x4802c7f6
[   8.31] 48103f00: 0x48432036 0x534b4345 0xaab8e400 0xe6b095e6 0xb8e5ae8d 0x481000a7 0x48103f90 0x4802d5a6
[   8.31] 48103f20: 0x48103f16 0x00000002 0x48103f40 0x00000001 0x4ff5c68c 0x00000000 0x4818ee20 0x4802cb2c
[   8.31] 48103f40: 0xe98787e9 0x3120869b 0x312e3239 0x302e3836 0x3931312e 0x3937383a 0xb7c22039 0x89ade720
[   8.31] 48103f60: 0xe985bee5 0xb8e496a6 0xb095e6aa 0xe5ae8de6 0x4800a7b8 0x00000004 0x00000002 0xffffffff
[   8.31] 48103f80: 0x4ff5c68c 0x48103fc0 0x4ff877e4 0x48027082 0x4ff5c000 0x00000004 0x00000000 0x00000000
[   8.31] 48103fa0: 0x4ff5c68c 0x00000001 0x00000000 0x00000000 0x00000000 0x00000001 0x4ff87928 0x4ff4f1ee
[   8.31] 48103fc0: 0x00000000 0x00000003 0x00000000 0x4ffbe9e8 0x4ffbea18 0x00000000 0x4ffbe9c4 0x4ff4f3ee
[   8.31] 48103fe0: 0x4ffbea18 0x00000000 0x4ffbe9c4 0x4ff4bd10 0x481040e0 0x00000000 0x381e0000 0xffffffff
[   8.31] 48104000: 0x4ff5df9c 0x00000003 0x00000000 0x00000000 0x4ffbf160 0x00000000 0x00000001 0x00000000
[   8.31] 48104020: 0x00000000 0x00000000 0x00000000 0x485227d8 0x00000399 0x00000001 0x00010000 0xffffffff
[   8.31] 48104040: 0x4ff5c000 0x4ff5c68c 0x4818f018 0x48056a46 0x48103f16 0x00000003 0x00000001 0x000003e8
[   8.31] 48104060: 0x00000000 0xffffffff 0x4ffbf10c 0x00000000 0x00000000 0x00000003 0x00000001 0x000003e8
[   8.31] 48104080: 0x10624dd3 0x0000000f 0x4ff5c5a8 0x48023e8e 0x00000000 0x00000000 0x00000000 0x00000000
[   8.31] 481040a0: 0x00000000 0x00000000 0x00000000 0x00000000 0x00000000 0x00000000 0x00000000 0x00000000
[   8.31] 481040c0: 0x00000000 0x00000000 0x00000000 0x00000000 0x00000000 0xa5a5a5a5 0xa5a5a5a5 0xa5a5a5a5
[   8.31] 481040e0: 0x30100000 0x00000144 0x50115737 0x15c72683 0x01000637 0x501117b7 0x2e238ed1 0xa5a5a5a5
[   8.59] 48104100: 0x00000001 0x48101128 0x48101128 0x00000000 0x00000000 0x00000000 0xa5a5a5a5 0xa5a5a5a5
[   8.59] 
[   8.59] 
[   8.59] 
[   8.59] ELF file SHA256: bbb070c02
[   8.59] 
[   8.59] Rebooting...
[   8.59] ESP-ROM:esp32p4-eco7-20260109
[   8.59] Build:Jan  9 2026
[   8.59] rst:0xc (SW_CPU_RESET),boot:0xf (SPI_FAST_FLASH_BOOT)
[   8.59] Core0 Saved PC:0x4ff444de
[   8.59] Core1 Saved PC:0x4ff4ace6
[   8.59] SPI mode:DIO, clock div:1
[   8.59] load:0x4ffb60d0,len:0x11f0
[   8.59] load:0x4ffac2c0,len:0xd5c
[   8.59] load:0x4ffaefc0,len:0x3408
[   8.59] entry 0x4ffac2c0
[   8.60] I (226) hex_psram: vendor id    : 0x0d (AP)
[   8.60] I (227) hex_psram: Latency      : 0x01 (Fixed)
[   8.60] I (227) hex_psram: DriveStr.    : 0x00 (25 Ohm)
[   8.60] I (227) hex_psram: dev id       : 0x03 (generation 4)
[   8.60] I (232) hex_psram: density      : 0x07 (256 Mbit)
[   8.60] I (236) hex_psram: good-die     : 0x06 (Pass)
[   8.60] I (241) hex_psram: SRF          : 0x02 (Slow Refresh)
[   8.60] I (245) hex_psram: BurstType    : 0x00 ( Wrap)
[   8.60] I (250) hex_psram: BurstLen     : 0x03 (2048 Byte)
[   8.60] I (254) hex_psram: BitMode      : 0x01 (X16 Mode)
[   8.60] I (258) hex_psram: Readlatency  : 0x04 (14 cycles@Fixed)
[   8.60] I (263) hex_psram: DriveStrength: 0x00 (1/1)
[   8.60] I (267) MSPI Timing: Enter psram timing tuning
[   8.82] I esp_psram: Found 32MB PSRAM device
[   8.82] I esp_psram: Speed: 200MHz
[   8.82] I (455) mmu_psram: .rodata xip on psram
[   8.82] I (505) mmu_psram: .text xip on psram
[   8.82] I (506) hex_psram: psram CS IO is dedicated
[   8.82] I (507) cpu_start: Multicore app
[   9.45] I (928) esp_psram: SPI SRAM memory test OK
[   9.45] I (938) cpu_start: GPIO 38 and 37 are used as console UART I/O pins
[   9.45] I (938) cpu_start: Pro cpu start user code
[   9.45] I (939) cpu_start: cpu freq: 400000000 Hz
[   9.45] I (940) app_init: Application information:
[   9.45] I (944) app_init: Project name:     fnos_monitor
[   9.45] I (949) app_init: App version:      0.1.0
[   9.45] I (952) app_init: Compile time:     Sep 28 2026 00:46:10
[   9.45] I (957) app_init: ELF file SHA256:  bbb070c02...
[   9.45] I (962) app_init: ESP-IDF:          5.5.3
[   9.45] I (965) efuse_init: Min chip rev:     v3.0
[   9.45] I (969) efuse_init: Max chip rev:     v3.99 
[   9.45] I (973) efuse_init: Chip rev:         v3.2
[   9.45] I (977) heap_init: Initializing. RAM available for dynamic allocation:
[   9.45] I (983) heap_init: At 4FF5E490 len 0005CB30 (370 KiB): RETENT_RAM
[   9.45] I (989) heap_init: At 4FFBAFC0 len 00004BF0 (18 KiB): RAM
[   9.45] I (994) heap_init: At 501080D8 len 00000028 (0 KiB): RTCRAM
[   9.46] I (1000) heap_init: At 501081A0 len 00007E60 (31 KiB): RTCRAM
[   9.46] I (1005) heap_init: At 30100198 len 00001E68 (7 KiB): TCM
[   9.80] I (1010) esp_psram: Adding pool of 31151K of PSRAM memory to heap allocator
[   9.80] I (1017) esp_psram: Adding pool of 60K of PSRAM memory gap generated due to end address alignment of irom to the heap allocator
[   9.80] I (1028) esp_psram: Adding pool of 35K of PSRAM memory gap generated due to end address alignment of drom to the heap allocator
[   9.80] I (1039) spi_flash: detected chip: gd
[   9.80] I (1043) spi_flash: flash io: qio
[   9.80] I (1046) host_init: ESP Hosted : Host chip_ip[18]
[   9.80] I (1050) H_API: ESP-Hosted starting. Hosted_Tasks: prio:23, stack: 5120 RPC_task_stack: 5120
[   9.80] sdio_mempool_create free:32400744 min-free:32400744 lfb-def:31457280 lfb-8bit:31457280
[   9.80] 
[   9.80] I (1066) H_API: ** add_esp_wifi_remote_channels **
[   9.80] I (1071) transport: Add ESP-Hosted channel IF[1]: S[0] Tx[0x4800b6dc] Rx[0x4801a922]
[   9.80] I (1078) transport: Add ESP-Hosted channel IF[2]: S[0] Tx[0x4800b622] Rx[0x4801a922]
[   9.80] I (1086) sleep_gpio: Configure to isolate all GPIO pins in sleep state
[   9.80] I (1092) sleep_gpio: Enable automatic switching of GPIO sleep configuration
[   9.80] I (1099) main_task: Started on CPU0
[   9.80] I (1103) main_task: Calling app_main()
[   9.80] I (1109) main: fnOS NAS dashboard booting (agent http://192.168.0.119:8799)
[   9.80] I (1112) main: heap boot           internal=363KB largest=304KB dma=325KB psram=31242KB
[   9.80] I (1121) transport: Attempt connection with slave: retry[0]
[   9.80] I (1125) transport: Reset slave using GPIO[54]
[   9.80] I (1129) os_wrapper_esp: GPIO [54] configured
[  10.77] I (2299) sdio_wrapper: SDIO master: Data-Lines: 4-bit Freq(KHz)[40000 KHz]
[  10.77] I (2299) sdio_wrapper: GPIOs: CLK[18] CMD[19] D0[14] D1[15] D2[16] D3[17] Slave_Reset[54]
[  10.77] I (2299) H_SDIO_DRV: Starting SDIO process rx task
[  10.77] I (2302) sdio_wrapper: Queues: Tx[20] Rx[20] SDIO-Rx-Mode[1]
[  10.77] Name: 
[  10.77] Type: SDIO
[  10.77] Speed: 40.00 MHz (limit: 40.00 MHz)
[  10.77] Size: 0MB
[  10.77] CSD: ver=1, sector_size=0, capacity=0 read_bl_len=0
[  10.77] SCR: sd_spec=0, bus_width=0
[  10.77] TUPLE: DEVICE, size: 3: D9 01 FF 
[  10.77] TUPLE: MANFID, size: 4
[  10.77]   MANF: 0092, CARD: 6666
[  10.77] TUPLE: FUNCID, size: 2: 0C 00 
[  10.77] TUPLE: FUNCE, size: 4: 00 00 02 32 
[  10.77] TUPLE: CONFIG, size: 5: 01 01 00 02 07 
[  10.77] TUPLE: CFTABLE_ENTRY, size: 8
[  10.77]   INDX: C1, Intface: 1, Default: 1, Conf-Entry-Num: 1
[  10.77]   IF: 41
[  10.77]   FS: 30, misc: 0, mem_space: 1, irq: 1, io_space: 0, timing: 0, power: 0
[  10.77]   IR: 30, mask: 1,   IRQ: FF FF
[  10.77]   LEN: FFFF
[  10.77] TUPLE: END
[  10.77] I (2385) sdio_wrapper: Function 0 Blocksize: 512
[  10.77] I (2389) sdio_wrapper: Function 1 Blocksize: 512
[  10.77] I (2393) H_SDIO_DRV: SDIO Host operating in STREAMING MODE
[  10.77] I (2398) H_SDIO_DRV: generate slave intr
[  10.77] I (2403) transport: Received INIT event from ESP32 peripheral
[  10.77] I (2407) transport: EVENT: 12
[  10.77] I (2410) transport: EVENT: 11
[  10.77] I (2413) transport: capabilities: 0xd
[  10.77] I (2416) transport: Features supported are:
[  10.77] I (2420) transport: 	 * WLAN
[  11.12] I (2423) transport: 	   - HCI over SDIO
[  11.12] I (2426) transport: 	   - BLE only
[  11.12] I (2429) transport: EVENT: 13
[  11.12] I (2432) transport: ESP board type is : 13 
[  11.12] 
[  11.12] I (2436) transport: Base transport is set-up
[  11.12] 
[  11.12] I (2440) transport: Slave chip Id[12]
[  11.12] I (2444) hci_stub_drv: Host BT Support: Disabled
[  11.12] I (2448) H_SDIO_DRV: Received INIT event
[  11.80] I (3453) fnos_net: wifi station started; awaiting ip
[  11.80] I (3454) esp_lvgl:adapter: LVGL adapter initialized successfully
[  11.80] W (3454) ledc: GPIO 32 is not usable, maybe conflict with others
[  11.80] I (3458) ESP32_P4_EV: MIPI DSI PHY Powered on
[  11.80] I (3463) ESP32_P4_EV: Install MIPI DSI LCD control panel
[  11.80] I (3467) ESP32_P4_EV: Install EK79007 LCD control panel
[  11.80] I (3472) ek79007: version: 2.0.2
[  11.80] I (3474) H_API: esp_wifi_remote_connect
[  12.05] I (3649) ESP32_P4_EV: Display initialized
[  12.05] I (3650) esp_lvgl:bridge_v9: Initializing hardware resources
[  12.05] I (3650) esp_lvgl:bridge_v9: Hardware resources initialized successfully
[  12.05] I (3653) esp_lvgl:bridge: Initializing hardware resources
[  12.05] I (3658) esp_lvgl:bridge: Hardware resources initialized successfully
[  12.05] W (3664) esp_lvgl:bridge_v9: on_frame_buf_complete unavailable; buffer-switch release and dummy-draw may not function on MIPI DSI
[  12.05] I (3676) ESP32_P4_EV: Touch 0x5d found
[  12.05] I (3679) GT911: I2C address initialization procedure skipped - using default GT9xx setup
[  12.05] I (3687) GT911: TouchPad_ID:0x39,0x31,0x31
[  12.05] I (3691) GT911: TouchPad_Config_Version:91
[  12.05] W (3695) esp_lvgl:touch: LV_USE_GESTURE_RECOGNITION is disabled; only single-point pointer events are available
[  12.05] I (3704) esp_lvgl:touch: Touch input device registered successfully (IRQ mode: disabled)
[  12.05] I (3713) esp_lvgl:adapter: LVGL task started successfully
[  12.05] I (3717) ESP32_P4_EV: Setting LCD backlight: 100%
[  12.40] I (3722) ESP32_P4_EV: Setting LCD backlight: 45%
[  12.40] I (3726) main: heap display        internal=243KB largest=204KB dma=205KB psram=27600KB
[  12.40] I (3875) fnos_view: dashboard v2 created (4 pages, 180 s window)
[  12.40] W (3875) main: VERIFY MODE: auto page every 10 s
[  12.40] I (3875) main: heap ui             internal=243KB largest=204KB dma=205KB psram=27508KB
[  12.40] I (3881) fnos_data: polling http://192.168.0.119:8799/api/v1/status every 1000 ms
[  12.40] I (3889) main: heap polling        internal=243KB largest=204KB dma=205KB psram=27494KB
[  12.40] I (3896) ESP32_P4_EV: Setting LCD backlight: 45%
[  12.40] I (3901) main: backlight 45% (day)
[  12.40] I (3904) main: boot complete
[  12.40] I (3906) main_task: Returned from app_main()
[  12.70] I (4375) uidbg: unit0 x=85 y=57 w=0 h=22 style_x=85 style_y=57 hidden=0 text='' par_w=209
[  12.70] I (4375) uidbg: val0 x=18 y=32 w=42 h=52 text='--'
[  12.70] I (4376) uidbg: geom cpu_bar w=760 h=44  mem_bar w=760 h=44  mbar0 w=2  seg0 w=0
[  13.11] 
[  13.11] assert failed: heap_caps_free heap_caps_base.c:80 (heap != NULL && "free() target pointer is outside heap areas")
[  13.11] Core  1 register dump:
[  13.11] MEPC    : 0x4ff4abec  RA      : 0x4ff4a76c  SP      : 0x48103d20  GP      : 0x4ff56f80  
[  13.11] TP      : 0x481040e0  T0      : 0x37363534  T1      : 0x7271706f  T2      : 0x33323130  
[  13.11] S0/FP   : 0x00000001  S1      : 0x00000056  A0      : 0x48103d68  A1      : 0x4ff58e05  
[  13.11] A2      : 0x00000001  A3      : 0x4ff5e000  A4      : 0x00000001  A5      : 0x4ff5e000  
[  13.11] A6      : 0x0000000c  A7      : 0x76757473  S2      : 0x48103d68  S3      : 0x48103da1  
[  13.11] S4      : 0x4ff58e04  S5      : 0x48103d68  S6      : 0x4ff5c564  S7      : 0x4ff5c548  
[  13.11] S8      : 0x48134000  S9      : 0x48194000  S10     : 0x48123000  S11     : 0x4811e000  
[  13.11] T3      : 0x6e6d6c6b  T4      : 0x6a696867  T5      : 0x66656463  T6      : 0x62613938  
[  13.11] MSTATUS : 0x00011881  MTVEC   : 0x4ff40003  MCAUSE  : 0x00000002  MTVAL   : 0x00000000  
[  13.11] MHARTID : 0x00000001  
[  13.11] 
[  13.11] Stack memory:
[  13.11] 48103d20: 0x00000000 0x48103d44 0x48136e6c 0x4ff54140 0x00003038 0x000001fd 0x00000000 0x00000000
[  13.11] 48103d40: 0x00000000 0x4ff5983c 0x48136e6c 0x4ff59820 0x48112d12 0x4ff5984c 0x48103d30 0x4ff59850
[  13.11] 48103d60: 0x48112cbc 0x4ff58e04 0x65737361 0x66207472 0x656c6961 0x68203a64 0x5f706165 0x73706163
[  13.11] 48103d80: 0x6572665f 0x65682065 0x635f7061 0x5f737061 0x65736162 0x383a632e 0x68282030 0x20706165
[  13.11] 48103da0: 0x4e203d21 0x204c4c55 0x22202626 0x65657266 0x74202928 0x65677261 0x6f702074 0x65746e69
[  13.11] 48103dc0: 0x73692072 0x74756f20 0x65646973 0x61656820 0x72612070 0x22736165 0x48190029 0x4ff52506
[  13.11] 48103de0: 0x485229dc 0x0000003c 0x48522a1c 0x4801aaf0 0x4ff5c68c 0x00000404 0x0000000c 0x48063e1e
[  13.11] 48103e00: 0x00000001 0x00000013 0x4818c584 0x48057300 0x00000404 0x0000000c 0x4818c584 0x48084a96
[  13.11] 48103e20: 0x00000042 0x48103e4c 0x4818c584 0x48084c46 0x4ff5c564 0x00000000 0x4ff5c558 0x4ff5c538
[  13.11] 48103e40: 0x00000001 0x48134d98 0x48109b84 0x4ff40ac2 0x00000001 0x48135000 0x48108454 0x48063f68
[  13.11] 48103e60: 0x48103f00 0x48135000 0x48193970 0x4801ea2c 0x0000002c 0x00000002 0x00000000 0x00000000
[  13.11] 48103e80: 0x48107ad8 0x000000d1 0x00000000 0x00000002 0x00000900 0x48103f40 0x00000000 0x00000001
[  13.11] 48103ea0: 0x00001000 0x00000000 0x00000000 0x48194150 0x00000000 0x00000000 0x00000000 0x00000000
[  13.11] 48103ec0: 0x00000000 0x00000000 0x0022c55e 0x00000000 0x00000000 0x0000000e 0x00000000 0x00000001
[  13.11] 48103ee0: 0x00000000 0x00000046 0x00000004 0x00000000 0x00000000 0x48103f30 0x4818ee20 0x4802c7f6
[  13.11] 48103f00: 0x48432036 0x534b4345 0xaab8e400 0xe6b095e6 0xb8e5ae8d 0x481000a7 0x48103f90 0x4802d5a6
[  13.11] 48103f20: 0x48103f16 0x00000002 0x48103f40 0x00000001 0x4ff5c68c 0x00000000 0x4818ee20 0x4802cb2c
[  13.11] 48103f40: 0xe98787e9 0x3120869b 0x312e3239 0x302e3836 0x3931312e 0x3937383a 0xb7c22039 0x89ade720
[  13.11] 48103f60: 0xe985bee5 0xb8e496a6 0xb095e6aa 0xe5ae8de6 0x4800a7b8 0x00000004 0x00000002 0xffffffff
[  13.11] 48103f80: 0x4ff5c68c 0x48103fc0 0x4ff877e4 0x48027082 0x4ff5c000 0x00000004 0x00000000 0x00000000
[  13.11] 48103fa0: 0x4ff5c68c 0x00000001 0x00000000 0x00000000 0x00000000 0x00000001 0x4ff87928 0x4ff4f1ee
[  13.11] 48103fc0: 0x00000000 0x00000003 0x00000000 0x4ffbe9e8 0x4ffbea18 0x00000000 0x4ffbe9c4 0x4ff4f3ee
[  13.11] 48103fe0: 0x4ffbea18 0x00000000 0x4ffbe9c4 0x4ff4bd10 0x481040e0 0x00000000 0x381e0000 0xffffffff
[  13.11] 48104000: 0x4ff5df9c 0x00000003 0x00000000 0x00000000 0x4ffbf160 0x00000000 0x00000001 0x00000000
[  13.11] 48104020: 0x00000000 0x00000000 0x00000000 0x485227d8 0x00000399 0x00000001 0x00010000 0xffffffff
[  13.11] 48104040: 0x4ff5c000 0x4ff5c68c 0x4818f018 0x48056a46 0x48103f16 0x00000003 0x00000001 0x000003e8
[  13.11] 48104060: 0x00000000 0xffffffff 0x4ffbf10c 0x00000000 0x00000000 0x00000003 0x00000001 0x000003e8
[  13.11] 48104080: 0x10624dd3 0x0000000f 0x4ff5c5a8 0x48023e8e 0x00000000 0x00000000 0x00000000 0x00000000
[  13.11] 481040a0: 0x00000000 0x00000000 0x00000000 0x00000000 0x00000000 0x00000000 0x00000000 0x00000000
[  13.11] 481040c0: 0x00000000 0x00000000 0x00000000 0x00000000 0x00000000 0xa5a5a5a5 0xa5a5a5a5 0xa5a5a5a5
[  13.11] 481040e0: 0x30100000 0x00000144 0x50115737 0x15c72683 0x01000637 0x501117b7 0x2e238ed1 0xa5a5a5a5
[  13.39] 48104100: 0x00000001 0x48101128 0x48101128 0x00000000 0x00000000 0x00000000 0xa5a5a5a5 0xa5a5a5a5
[  13.39] 
[  13.39] 
[  13.39] 
[  13.39] ELF file SHA256: bbb070c02
[  13.39] 
[  13.39] Rebooting...
[  13.39] ESP-ROM:esp32p4-eco7-20260109
[  13.39] Build:Jan  9 2026
[  13.39] rst:0xc (SW_CPU_RESET),boot:0xf (SPI_FAST_FLASH_BOOT)
[  13.39] Core0 Saved PC:0x4ff444de
[  13.39] Core1 Saved PC:0x4ff4ace6
[  13.39] SPI mode:DIO, clock div:1
[  13.39] load:0x4ffb60d0,len:0x11f0
[  13.39] load:0x4ffac2c0,len:0xd5c
[  13.39] load:0x4ffaefc0,len:0x3408
[  13.39] entry 0x4ffac2c0
[  13.39] I (226) hex_psram: vendor id    : 0x0d (AP)
[  13.39] I (227) hex_psram: Latency      : 0x01 (Fixed)
[  13.39] I (227) hex_psram: DriveStr.    : 0x00 (25 Ohm)
[  13.39] I (227) hex_psram: dev id       : 0x03 (generation 4)
[  13.39] I (232) hex_psram: density      : 0x07 (256 Mbit)
[  13.39] I (236) hex_psram: good-die     : 0x06 (Pass)
[  13.39] I (241) hex_psram: SRF          : 0x02 (Slow Refresh)
[  13.39] I (245) hex_psram: BurstType    : 0x00 ( Wrap)
[  13.39] I (250) hex_psram: BurstLen     : 0x03 (2048 Byte)
[  13.39] I (254) hex_psram: BitMode      : 0x01 (X16 Mode)
[  13.39] I (258) hex_psram: Readlatency  : 0x04 (14 cycles@Fixed)
[  13.39] I (263) hex_psram: DriveStrength: 0x00 (1/1)
[  13.39] I (267) MSPI Timing: Enter psram timing tuning
[  13.62] I esp_psram: Found 32MB PSRAM device
[  13.62] I esp_psram: Speed: 200MHz
[  13.63] I (455) mmu_psram: .rodata xip on psram
[  13.63] I (505) mmu_psram: .text xip on psram
[  13.63] I (506) hex_psram: psram CS IO is dedicated
[  13.63] I (507) cpu_start: Multicore app
[  14.25] I (928) esp_psram: SPI SRAM memory test OK
[  14.25] I (938) cpu_start: GPIO 38 and 37 are used as console UART I/O pins
[  14.25] I (938) cpu_start: Pro cpu start user code
[  14.25] I (939) cpu_start: cpu freq: 400000000 Hz
[  14.25] I (940) app_init: Application information:
[  14.25] I (944) app_init: Project name:     fnos_monitor
[  14.25] I (949) app_init: App version:      0.1.0
[  14.25] I (952) app_init: Compile time:     Sep 28 2026 00:46:10
[  14.25] I (957) app_init: ELF file SHA256:  bbb070c02...
[  14.25] I (962) app_init: ESP-IDF:          5.5.3
[  14.25] I (965) efuse_init: Min chip rev:     v3.0
[  14.25] I (969) efuse_init: Max chip rev:     v3.99 
[  14.25] I (973) efuse_init: Chip rev:         v3.2
[  14.25] I (977) heap_init: Initializing. RAM available for dynamic allocation:
[  14.25] I (983) heap_init: At 4FF5E490 len 0005CB30 (370 KiB): RETENT_RAM
[  14.25] I (989) heap_init: At 4FFBAFC0 len 00004BF0 (18 KiB): RAM
[  14.25] I (994) heap_init: At 501080D8 len 00000028 (0 KiB): RTCRAM
[  14.25] I (1000) heap_init: At 501081A0 len 00007E60 (31 KiB): RTCRAM
[  14.25] I (1005) heap_init: At 30100198 len 00001E68 (7 KiB): TCM
[  14.61] I (1010) esp_psram: Adding pool of 31151K of PSRAM memory to heap allocator
[  14.61] I (1017) esp_psram: Adding pool of 60K of PSRAM memory gap generated due to end address alignment of irom to the heap allocator
[  14.61] I (1028) esp_psram: Adding pool of 35K of PSRAM memory gap generated due to end address alignment of drom to the heap allocator
[  14.61] I (1039) spi_flash: detected chip: gd
[  14.61] I (1043) spi_flash: flash io: qio
[  14.61] I (1046) host_init: ESP Hosted : Host chip_ip[18]
[  14.61] I (1050) H_API: ESP-Hosted starting. Hosted_Tasks: prio:23, stack: 5120 RPC_task_stack: 5120
[  14.61] sdio_mempool_create free:32400744 min-free:32400744 lfb-def:31457280 lfb-8bit:31457280
[  14.61] 
[  14.61] I (1066) H_API: ** add_esp_wifi_remote_channels **
[  14.61] I (1071) transport: Add ESP-Hosted channel IF[1]: S[0] Tx[0x4800b6dc] Rx[0x4801a922]
[  14.61] I (1078) transport: Add ESP-Hosted channel IF[2]: S[0] Tx[0x4800b622] Rx[0x4801a922]
[  14.61] I (1086) sleep_gpio: Configure to isolate all GPIO pins in sleep state
[  14.61] I (1092) sleep_gpio: Enable automatic switching of GPIO sleep configuration
[  14.61] I (1099) main_task: Started on CPU0
[  14.61] I (1103) main_task: Calling app_main()
[  14.61] I (1109) main: fnOS NAS dashboard booting (agent http://192.168.0.119:8799)
[  14.61] I (1112) main: heap boot           internal=363KB largest=304KB dma=325KB psram=31242KB
[  14.61] I (1121) transport: Attempt connection with slave: retry[0]
[  14.61] I (1125) transport: Reset slave using GPIO[54]
[  14.61] I (1129) os_wrapper_esp: GPIO [54] configured
[  15.57] I (2299) sdio_wrapper: SDIO master: Data-Lines: 4-bit Freq(KHz)[40000 KHz]
[  15.57] I (2299) sdio_wrapper: GPIOs: CLK[18] CMD[19] D0[14] D1[15] D2[16] D3[17] Slave_Reset[54]
[  15.57] I (2299) H_SDIO_DRV: Starting SDIO process rx task
[  15.57] I (2302) sdio_wrapper: Queues: Tx[20] Rx[20] SDIO-Rx-Mode[1]
[  15.57] Name: 
[  15.57] Type: SDIO
[  15.57] Speed: 40.00 MHz (limit: 40.00 MHz)
[  15.57] Size: 0MB
[  15.57] CSD: ver=1, sector_size=0, capacity=0 read_bl_len=0
[  15.57] SCR: sd_spec=0, bus_width=0
[  15.57] TUPLE: DEVICE, size: 3: D9 01 FF 
[  15.57] TUPLE: MANFID, size: 4
[  15.57]   MANF: 0092, CARD: 6666
[  15.57] TUPLE: FUNCID, size: 2: 0C 00 
[  15.57] TUPLE: FUNCE, size: 4: 00 00 02 32 
[  15.57] TUPLE: CONFIG, size: 5: 01 01 00 02 07 
[  15.57] TUPLE: CFTABLE_ENTRY, size: 8
[  15.57]   INDX: C1, Intface: 1, Default: 1, Conf-Entry-Num: 1
[  15.57]   IF: 41
[  15.57]   FS: 30, misc: 0, mem_space: 1, irq: 1, io_space: 0, timing: 0, power: 0
[  15.57]   IR: 30, mask: 1,   IRQ: FF FF
[  15.57]   LEN: FFFF
[  15.57] TUPLE: END
[  15.57] I (2385) sdio_wrapper: Function 0 Blocksize: 512
[  15.57] I (2389) sdio_wrapper: Function 1 Blocksize: 512
[  15.57] I (2393) H_SDIO_DRV: SDIO Host operating in STREAMING MODE
[  15.57] I (2398) H_SDIO_DRV: generate slave intr
[  15.57] I (2403) transport: Received INIT event from ESP32 peripheral
[  15.57] I (2407) transport: EVENT: 12
[  15.57] I (2410) transport: EVENT: 11
[  15.57] I (2413) transport: capabilities: 0xd
[  15.57] I (2416) transport: Features supported are:
[  15.57] I (2420) transport: 	 * WLAN
[  15.92] I (2423) transport: 	   - HCI over SDIO
[  15.92] I (2426) transport: 	   - BLE only
[  15.92] I (2429) transport: EVENT: 13
[  15.92] I (2432) transport: ESP board type is : 13 
[  15.92] 
[  15.92] I (2436) transport: Base transport is set-up
[  15.92] 
[  15.92] I (2440) transport: Slave chip Id[12]
[  15.92] I (2444) hci_stub_drv: Host BT Support: Disabled
[  15.92] I (2448) H_SDIO_DRV: Received INIT event
[  16.60] I (3453) fnos_net: wifi station started; awaiting ip
[  16.60] I (3454) esp_lvgl:adapter: LVGL adapter initialized successfully
[  16.60] W (3454) ledc: GPIO 32 is not usable, maybe conflict with others
[  16.60] I (3458) ESP32_P4_EV: MIPI DSI PHY Powered on
[  16.60] I (3463) ESP32_P4_EV: Install MIPI DSI LCD control panel
[  16.60] I (3467) ESP32_P4_EV: Install EK79007 LCD control panel
[  16.60] I (3472) ek79007: version: 2.0.2
[  16.60] I (3474) H_API: esp_wifi_remote_connect
[  16.85] I (3649) ESP32_P4_EV: Display initialized
[  16.85] I (3650) esp_lvgl:bridge_v9: Initializing hardware resources
[  16.85] I (3650) esp_lvgl:bridge_v9: Hardware resources initialized successfully
[  16.85] I (3653) esp_lvgl:bridge: Initializing hardware resources
[  16.85] I (3658) esp_lvgl:bridge: Hardware resources initialized successfully
[  16.85] W (3664) esp_lvgl:bridge_v9: on_frame_buf_complete unavailable; buffer-switch release and dummy-draw may not function on MIPI DSI
[  16.85] I (3676) ESP32_P4_EV: Touch 0x5d found
[  16.85] I (3679) GT911: I2C address initialization procedure skipped - using default GT9xx setup
[  16.85] I (3687) GT911: TouchPad_ID:0x39,0x31,0x31
[  16.85] I (3691) GT911: TouchPad_Config_Version:91
[  16.85] W (3695) esp_lvgl:touch: LV_USE_GESTURE_RECOGNITION is disabled; only single-point pointer events are available
[  16.85] I (3704) esp_lvgl:touch: Touch input device registered successfully (IRQ mode: disabled)
[  16.85] I (3713) esp_lvgl:adapter: LVGL task started successfully
[  16.85] I (3717) ESP32_P4_EV: Setting LCD backlight: 100%
[  17.20] I (3722) ESP32_P4_EV: Setting LCD backlight: 45%
[  17.20] I (3726) main: heap display        internal=243KB largest=204KB dma=205KB psram=27600KB
[  17.20] I (3875) fnos_view: dashboard v2 created (4 pages, 180 s window)
[  17.20] W (3875) main: VERIFY MODE: auto page every 10 s
[  17.20] I (3875) main: heap ui             internal=243KB largest=204KB dma=205KB psram=27508KB
[  17.20] I (3881) fnos_data: polling http://192.168.0.119:8799/api/v1/status every 1000 ms
[  17.20] I (3889) main: heap polling        internal=243KB largest=204KB dma=205KB psram=27494KB
[  17.20] I (3896) ESP32_P4_EV: Setting LCD backlight: 45%
[  17.20] I (3901) main: backlight 45% (day)
[  17.20] I (3904) main: boot complete
[  17.20] I (3906) main_task: Returned from app_main()
[  17.50] I (4375) uidbg: unit0 x=85 y=57 w=0 h=22 style_x=85 style_y=57 hidden=0 text='' par_w=209
[  17.50] I (4375) uidbg: val0 x=18 y=32 w=42 h=52 text='--'
[  17.50] I (4376) uidbg: geom cpu_bar w=760 h=44  mem_bar w=760 h=44  mbar0 w=2  seg0 w=0
[  17.91] 
[  17.91] assert failed: heap_caps_free heap_caps_base.c:80 (heap != NULL && "free() target pointer is outside heap areas")
[  17.91] Core  1 register dump:
[  17.91] MEPC    : 0x4ff4abec  RA      : 0x4ff4a76c  SP      : 0x48103d20  GP      : 0x4ff56f80  
[  17.91] TP      : 0x481040e0  T0      : 0x37363534  T1      : 0x7271706f  T2      : 0x33323130  
[  17.91] S0/FP   : 0x00000001  S1      : 0x00000056  A0      : 0x48103d68  A1      : 0x4ff58e05  
[  17.91] A2      : 0x00000001  A3      : 0x4ff5e000  A4      : 0x00000001  A5      : 0x4ff5e000  
[  17.91] A6      : 0x0000000c  A7      : 0x76757473  S2      : 0x48103d68  S3      : 0x48103da1  
[  17.91] S4      : 0x4ff58e04  S5      : 0x48103d68  S6      : 0x4ff5c564  S7      : 0x4ff5c548  
[  17.91] S8      : 0x48134000  S9      : 0x48194000  S10     : 0x48123000  S11     : 0x4811e000  
[  17.91] T3      : 0x6e6d6c6b  T4      : 0x6a696867  T5      : 0x66656463  T6      : 0x62613938  
[  17.91] MSTATUS : 0x00011881  MTVEC   : 0x4ff40003  MCAUSE  : 0x00000002  MTVAL   : 0x00000000  
[  17.91] MHARTID : 0x00000001  
[  17.91] 
[  17.91] Stack memory:
[  17.91] 48103d20: 0x00000000 0x48103d44 0x48136e6c 0x4ff54140 0x00003038 0x000001fd 0x00000000 0x00000000
[  17.91] 48103d40: 0x00000000 0x4ff5983c 0x48136e6c 0x4ff59820 0x48112d12 0x4ff5984c 0x48103d30 0x4ff59850
[  17.91] 48103d60: 0x48112cbc 0x4ff58e04 0x65737361 0x66207472 0x656c6961 0x68203a64 0x5f706165 0x73706163
[  17.91] 48103d80: 0x6572665f 0x65682065 0x635f7061 0x5f737061 0x65736162 0x383a632e 0x68282030 0x20706165
[  17.91] 48103da0: 0x4e203d21 0x204c4c55 0x22202626 0x65657266 0x74202928 0x65677261 0x6f702074 0x65746e69
[  17.91] 48103dc0: 0x73692072 0x74756f20 0x65646973 0x61656820 0x72612070 0x22736165 0x48190029 0x4ff52506
[  17.91] 48103de0: 0x485229dc 0x0000003c 0x48522a1c 0x4801aaf0 0x4ff5c68c 0x00000404 0x0000000c 0x48063e1e
[  17.91] 48103e00: 0x00000001 0x00000013 0x4818c584 0x48057300 0x00000404 0x0000000c 0x4818c584 0x48084a96
[  17.91] 48103e20: 0x00000042 0x48103e4c 0x4818c584 0x48084c46 0x4ff5c564 0x00000000 0x4ff5c558 0x4ff5c538
[  17.91] 48103e40: 0x00000001 0x48134d98 0x48109b84 0x4ff40ac2 0x00000001 0x48135000 0x48108454 0x48063f68
[  17.91] 48103e60: 0x48103f00 0x48135000 0x48193970 0x4801ea2c 0x0000002c 0x00000002 0x00000000 0x00000000
[  17.91] 48103e80: 0x48107ad8 0x000000d1 0x00000000 0x00000002 0x00000900 0x48103f40 0x00000000 0x00000001
[  17.91] 48103ea0: 0x00001000 0x00000000 0x00000000 0x48194150 0x00000000 0x00000000 0x00000000 0x00000000
[  17.91] 48103ec0: 0x00000000 0x00000000 0x0022c55e 0x00000000 0x00000000 0x0000000e 0x00000000 0x00000001
[  17.91] 48103ee0: 0x00000000 0x00000046 0x00000004 0x00000000 0x00000000 0x48103f30 0x4818ee20 0x4802c7f6
[  17.91] 48103f00: 0x48432036 0x534b4345 0xaab8e400 0xe6b095e6 0xb8e5ae8d 0x481000a7 0x48103f90 0x4802d5a6
[  17.91] 48103f20: 0x48103f16 0x00000002 0x48103f40 0x00000001 0x4ff5c68c 0x00000000 0x4818ee20 0x4802cb2c
[  17.91] 48103f40: 0xe98787e9 0x3120869b 0x312e3239 0x302e3836 0x3931312e 0x3937383a 0xb7c22039 0x89ade720
[  17.91] 48103f60: 0xe985bee5 0xb8e496a6 0xb095e6aa 0xe5ae8de6 0x4800a7b8 0x00000004 0x00000002 0xffffffff
[  17.91] 48103f80: 0x4ff5c68c 0x48103fc0 0x4ff877e4 0x48027082 0x4ff5c000 0x00000004 0x00000000 0x00000000
[  17.91] 48103fa0: 0x4ff5c68c 0x00000001 0x00000000 0x00000000 0x00000000 0x00000001 0x4ff87928 0x4ff4f1ee
[  17.91] 48103fc0: 0x00000000 0x00000003 0x00000000 0x4ffbe9e8 0x4ffbea18 0x00000000 0x4ffbe9c4 0x4ff4f3ee
[  17.91] 48103fe0: 0x4ffbea18 0x00000000 0x4ffbe9c4 0x4ff4bd10 0x481040e0 0x00000000 0x381e0000 0xffffffff
[  17.91] 48104000: 0x4ff5df9c 0x00000003 0x00000000 0x00000000 0x4ffbf160 0x00000000 0x00000001 0x00000000
[  17.91] 48104020: 0x00000000 0x00000000 0x00000000 0x485227d8 0x00000399 0x00000001 0x00010000 0xffffffff
[  17.91] 48104040: 0x4ff5c000 0x4ff5c68c 0x4818f018 0x48056a46 0x48103f16 0x00000003 0x00000001 0x000003e8
[  17.91] 48104060: 0x00000000 0xffffffff 0x4ffbf10c 0x00000000 0x00000000 0x00000003 0x00000001 0x000003e8
[  17.91] 48104080: 0x10624dd3 0x0000000f 0x4ff5c5a8 0x48023e8e 0x00000000 0x00000000 0x00000000 0x00000000
[  17.91] 481040a0: 0x00000000 0x00000000 0x00000000 0x00000000 0x00000000 0x00000000 0x00000000 0x00000000
[  17.91] 481040c0: 0x00000000 0x00000000 0x00000000 0x00000000 0x00000000 0xa5a5a5a5 0xa5a5a5a5 0xa5a5a5a5
[  17.91] 481040e0: 0x30100000 0x00000144 0x50115737 0x15c72683 0x01000637 0x501117b7 0x2e238ed1 0xa5a5a5a5
[  18.19] 48104100: 0x00000001 0x48101128 0x48101128 0x00000000 0x00000000 0x00000000 0xa5a5a5a5 0xa5a5a5a5
[  18.19] 
[  18.19] 
[  18.19] 
[  18.19] ELF file SHA256: bbb070c02
[  18.19] 
[  18.19] Rebooting...
[  18.19] ESP-ROM:esp32p4-eco7-20260109
[  18.19] Build:Jan  9 2026
[  18.19] rst:0xc (SW_CPU_RESET),boot:0xf (SPI_FAST_FLASH_BOOT)
[  18.19] Core0 Saved PC:0x4ff444de
[  18.19] Core1 Saved PC:0x4ff4ace6
[  18.19] SPI mode:DIO, clock div:1
[  18.19] load:0x4ffb60d0,len:0x11f0
[  18.19] load:0x4ffac2c0,len:0xd5c
[  18.19] load:0x4ffaefc0,len:0x3408
[  18.19] entry 0x4ffac2c0
[  18.19] I (226) hex_psram: vendor id    : 0x0d (AP)
[  18.19] I (227) hex_psram: Latency      : 0x01 (Fixed)
[  18.19] I (227) hex_psram: DriveStr.    : 0x00 (25 Ohm)
[  18.19] I (227) hex_psram: dev id       : 0x03 (generation 4)
[  18.19] I (232) hex_psram: density      : 0x07 (256 Mbit)
[  18.19] I (236) hex_psram: good-die     : 0x06 (Pass)
[  18.19] I (241) hex_psram: SRF          : 0x02 (Slow Refresh)
[  18.19] I (245) hex_psram: BurstType    : 0x00 ( Wrap)
[  18.19] I (250) hex_psram: BurstLen     : 0x03 (2048 Byte)
[  18.19] I (254) hex_psram: BitMode      : 0x01 (X16 Mode)
[  18.19] I (258) hex_psram: Readlatency  : 0x04 (14 cycles@Fixed)
[  18.19] I (263) hex_psram: DriveStrength: 0x00 (1/1)
[  18.19] I (267) MSPI Timing: Enter psram timing tuning
[  18.43] I esp_psram: Found 32MB PSRAM device
[  18.43] I esp_psram: Speed: 200MHz
[  18.43] I (455) mmu_psram: .rodata xip on psram
[  18.43] I (505) mmu_psram: .text xip on psram
[  18.43] I (506) hex_psram: psram CS IO is dedicated
[  18.43] I (507) cpu_start: Multicore app
[  19.05] I (928) esp_psram: SPI SRAM memory test OK
[  19.05] I (938) cpu_start: GPIO 38 and 37 are used as console UART I/O pins
[  19.05] I (938) cpu_start: Pro cpu start user code
[  19.05] I (939) cpu_start: cpu freq: 400000000 Hz
[  19.05] I (940) app_init: Application information:
[  19.05] I (944) app_init: Project name:     fnos_monitor
[  19.05] I (949) app_init: App version:      0.1.0
[  19.05] I (952) app_init: Compile time:     Sep 28 2026 00:46:10
[  19.05] I (957) app_init: ELF file SHA256:  bbb070c02...
[  19.05] I (962) app_init: ESP-IDF:          5.5.3
[  19.05] I (965) efuse_init: Min chip rev:     v3.0
[  19.05] I (969) efuse_init: Max chip rev:     v3.99 
[  19.05] I (973) efuse_init: Chip rev:         v3.2
[  19.06] I (977) heap_init: Initializing. RAM available for dynamic allocation:
[  19.06] I (983) heap_init: At 4FF5E490 len 0005CB30 (370 KiB): RETENT_RAM
[  19.06] I (989) heap_init: At 4FFBAFC0 len 00004BF0 (18 KiB): RAM
[  19.06] I (994) heap_init: At 501080D8 len 00000028 (0 KiB): RTCRAM
[  19.06] I (1000) heap_init: At 501081A0 len 00007E60 (31 KiB): RTCRAM
[  19.06] I (1005) heap_init: At 30100198 len 00001E68 (7 KiB): TCM
[  19.40] I (1010) esp_psram: Adding pool of 31151K of PSRAM memory to heap allocator
[  19.40] I (1017) esp_psram: Adding pool of 60K of PSRAM memory gap generated due to end address alignment of irom to the heap allocator
[  19.40] I (1028) esp_psram: Adding pool of 35K of PSRAM memory gap generated due to end address alignment of drom to the heap allocator
[  19.40] I (1039) spi_flash: detected chip: gd
[  19.40] I (1043) spi_flash: flash io: qio
[  19.40] I (1046) host_init: ESP Hosted : Host chip_ip[18]
[  19.40] I (1050) H_API: ESP-Hosted starting. Hosted_Tasks: prio:23, stack: 5120 RPC_task_stack: 5120
[  19.40] sdio_mempool_create free:32400744 min-free:32400744 lfb-def:31457280 lfb-8bit:31457280
[  19.40] 
[  19.40] I (1066) H_API: ** add_esp_wifi_remote_channels **
[  19.40] I (1071) transport: Add ESP-Hosted channel IF[1]: S[0] Tx[0x4800b6dc] Rx[0x4801a922]
[  19.40] I (1078) transport: Add ESP-Hosted channel IF[2]: S[0] Tx[0x4800b622] Rx[0x4801a922]
[  19.40] I (1086) sleep_gpio: Configure to isolate all GPIO pins in sleep state
[  19.40] I (1092) sleep_gpio: Enable automatic switching of GPIO sleep configuration
[  19.40] I (1099) main_task: Started on CPU0
[  19.40] I (1103) main_task: Calling app_main()
[  19.40] I (1109) main: fnOS NAS dashboard booting (agent http://192.168.0.119:8799)
[  19.40] I (1112) main: heap boot           internal=363KB largest=304KB dma=325KB psram=31242KB
[  19.40] I (1121) transport: Attempt connection with slave: retry[0]
[  19.40] I (1125) transport: Reset slave using GPIO[54]
[  19.40] I (1129) os_wrapper_esp: GPIO [54] configured
[  20.37] I (2299) sdio_wrapper: SDIO master: Data-Lines: 4-bit Freq(KHz)[40000 KHz]
[  20.37] I (2299) sdio_wrapper: GPIOs: CLK[18] CMD[19] D0[14] D1[15] D2[16] D3[17] Slave_Reset[54]
[  20.37] I (2299) H_SDIO_DRV: Starting SDIO process rx task
[  20.37] I (2302) sdio_wrapper: Queues: Tx[20] Rx[20] SDIO-Rx-Mode[1]
[  20.37] Name: 
[  20.37] Type: SDIO
[  20.37] Speed: 40.00 MHz (limit: 40.00 MHz)
[  20.37] Size: 0MB
[  20.37] CSD: ver=1, sector_size=0, capacity=0 read_bl_len=0
[  20.37] SCR: sd_spec=0, bus_width=0
[  20.37] TUPLE: DEVICE, size: 3: D9 01 FF 
[  20.37] TUPLE: MANFID, size: 4
[  20.37]   MANF: 0092, CARD: 6666
[  20.37] TUPLE: FUNCID, size: 2: 0C 00 
[  20.37] TUPLE: FUNCE, size: 4: 00 00 02 32 
[  20.37] TUPLE: CONFIG, size: 5: 01 01 00 02 07 
[  20.37] TUPLE: CFTABLE_ENTRY, size: 8
[  20.37]   INDX: C1, Intface: 1, Default: 1, Conf-Entry-Num: 1
[  20.37]   IF: 41
[  20.37]   FS: 30, misc: 0, mem_space: 1, irq: 1, io_space: 0, timing: 0, power: 0
[  20.37]   IR: 30, mask: 1,   IRQ: FF FF
[  20.37]   LEN: FFFF
[  20.37] TUPLE: END
[  20.37] I (2385) sdio_wrapper: Function 0 Blocksize: 512
[  20.37] I (2389) sdio_wrapper: Function 1 Blocksize: 512
[  20.37] I (2393) H_SDIO_DRV: SDIO Host operating in STREAMING MODE
[  20.37] I (2398) H_SDIO_DRV: generate slave intr
[  20.37] I (2403) transport: Received INIT event from ESP32 peripheral
[  20.37] I (2407) transport: EVENT: 12
[  20.37] I (2410) transport: EVENT: 11
[  20.37] I (2413) transport: capabilities: 0xd
[  20.37] I (2416) transport: Features supported are:
[  20.37] I (2420) transport: 	 * WLAN
[  20.72] I (2423) transport: 	   - HCI over SDIO
[  20.72] I (2426) transport: 	   - BLE only
[  20.72] I (2429) transport: EVENT: 13
[  20.72] I (2432) transport: ESP board type is : 13 
[  20.72] 
[  20.72] I (2436) transport: Base transport is set-up
[  20.72] 
[  20.72] I (2440) transport: Slave chip Id[12]
[  20.72] I (2444) hci_stub_drv: Host BT Support: Disabled
[  20.72] I (2448) H_SDIO_DRV: Received INIT event
[  21.40] I (3453) fnos_net: wifi station started; awaiting ip
[  21.40] I (3454) esp_lvgl:adapter: LVGL adapter initialized successfully
[  21.40] W (3454) ledc: GPIO 32 is not usable, maybe conflict with others
[  21.40] I (3458) ESP32_P4_EV: MIPI DSI PHY Powered on
[  21.40] I (3463) ESP32_P4_EV: Install MIPI DSI LCD control panel
[  21.40] I (3467) ESP32_P4_EV: Install EK79007 LCD control panel
[  21.40] I (3472) ek79007: version: 2.0.2
[  21.40] I (3474) H_API: esp_wifi_remote_connect
[  21.65] I (3649) ESP32_P4_EV: Display initialized
[  21.65] I (3650) esp_lvgl:bridge_v9: Initializing hardware resources
[  21.65] I (3650) esp_lvgl:bridge_v9: Hardware resources initialized successfully
[  21.66] I (3653) esp_lvgl:bridge: Initializing hardware resources
[  21.66] I (3658) esp_lvgl:bridge: Hardware resources initialized successfully
[  21.66] W (3664) esp_lvgl:bridge_v9: on_frame_buf_complete unavailable; buffer-switch release and dummy-draw may not function on MIPI DSI
[  21.66] I (3676) ESP32_P4_EV: Touch 0x5d found
[  21.66] I (3679) GT911: I2C address initialization procedure skipped - using default GT9xx setup
[  21.66] I (3687) GT911: TouchPad_ID:0x39,0x31,0x31
[  21.66] I (3691) GT911: TouchPad_Config_Version:91
[  21.66] W (3695) esp_lvgl:touch: LV_USE_GESTURE_RECOGNITION is disabled; only single-point pointer events are available
[  21.66] I (3704) esp_lvgl:touch: Touch input device registered successfully (IRQ mode: disabled)
[  21.66] I (3713) esp_lvgl:adapter: LVGL task started successfully
[  21.66] I (3717) ESP32_P4_EV: Setting LCD backlight: 100%
[  22.01] I (3722) ESP32_P4_EV: Setting LCD backlight: 45%
[  22.01] I (3726) main: heap display        internal=243KB largest=204KB dma=205KB psram=27600KB
[  22.01] I (3875) fnos_view: dashboard v2 created (4 pages, 180 s window)
[  22.01] W (3875) main: VERIFY MODE: auto page every 10 s
[  22.01] I (3875) main: heap ui             internal=243KB largest=204KB dma=205KB psram=27508KB
[  22.01] I (3881) fnos_data: polling http://192.168.0.119:8799/api/v1/status every 1000 ms
[  22.01] I (3888) main: heap polling        internal=243KB largest=204KB dma=205KB psram=27494KB
[  22.01] I (3896) ESP32_P4_EV: Setting LCD backlight: 45%
[  22.01] I (3901) main: backlight 45% (day)
[  22.01] I (3904) main: boot complete
[  22.01] I (3906) main_task: Returned from app_main()
[  22.30] I (4375) uidbg: unit0 x=85 y=57 w=0 h=22 style_x=85 style_y=57 hidden=0 text='' par_w=209
[  22.30] I (4375) uidbg: val0 x=18 y=32 w=42 h=52 text='--'
[  22.30] I (4376) uidbg: geom cpu_bar w=760 h=44  mem_bar w=760 h=44  mbar0 w=2  seg0 w=0
[  22.71] 
[  22.71] assert failed: heap_caps_free heap_caps_base.c:80 (heap != NULL && "free() target pointer is outside heap areas")
[  22.71] Core  1 register dump:
[  22.71] MEPC    : 0x4ff4abec  RA      : 0x4ff4a76c  SP      : 0x48103d20  GP      : 0x4ff56f80  
[  22.71] TP      : 0x481040e0  T0      : 0x37363534  T1      : 0x7271706f  T2      : 0x33323130  
[  22.71] S0/FP   : 0x00000001  S1      : 0x00000056  A0      : 0x48103d68  A1      : 0x4ff58e05  
[  22.71] A2      : 0x00000001  A3      : 0x4ff5e000  A4      : 0x00000001  A5      : 0x4ff5e000  
[  22.71] A6      : 0x0000000c  A7      : 0x76757473  S2      : 0x48103d68  S3      : 0x48103da1  
[  22.71] S4      : 0x4ff58e04  S5      : 0x48103d68  S6      : 0x4ff5c564  S7      : 0x4ff5c548  
[  22.71] S8      : 0x48134000  S9      : 0x48194000  S10     : 0x48123000  S11     : 0x4811e000  
[  22.71] T3      : 0x6e6d6c6b  T4      : 0x6a696867  T5      : 0x66656463  T6      : 0x62613938  
[  22.71] MSTATUS : 0x00011881  MTVEC   : 0x4ff40003  MCAUSE  : 0x00000002  MTVAL   : 0x00000000  
[  22.71] MHARTID : 0x00000001  
[  22.71] 
[  22.71] Stack memory:
[  22.71] 48103d20: 0x00000000 0x48103d44 0x48136e6c 0x4ff54140 0x00003038 0x000001fd 0x00000000 0x00000000
[  22.71] 48103d40: 0x00000000 0x4ff5983c 0x48136e6c 0x4ff59820 0x48112d12 0x4ff5984c 0x48103d30 0x4ff59850
[  22.71] 48103d60: 0x48112cbc 0x4ff58e04 0x65737361 0x66207472 0x656c6961 0x68203a64 0x5f706165 0x73706163
[  22.71] 48103d80: 0x6572665f 0x65682065 0x635f7061 0x5f737061 0x65736162 0x383a632e 0x68282030 0x20706165
[  22.71] 48103da0: 0x4e203d21 0x204c4c55 0x22202626 0x65657266 0x74202928 0x65677261 0x6f702074 0x65746e69
[  22.71] 48103dc0: 0x73692072 0x74756f20 0x65646973 0x61656820 0x72612070 0x22736165 0x48190029 0x4ff52506
[  22.71] 48103de0: 0x485229dc 0x0000003c 0x48522a1c 0x4801aaf0 0x4ff5c68c 0x00000404 0x0000000c 0x48063e1e
[  22.71] 48103e00: 0x00000001 0x00000013 0x4818c584 0x48057300 0x00000404 0x0000000c 0x4818c584 0x48084a96
[  22.71] 48103e20: 0x00000042 0x48103e4c 0x4818c584 0x48084c46 0x4ff5c564 0x00000000 0x4ff5c558 0x4ff5c538
[  22.71] 48103e40: 0x00000001 0x48134d98 0x48109b84 0x4ff40ac2 0x00000001 0x48135000 0x48108454 0x48063f68
[  22.71] 48103e60: 0x48103f00 0x48135000 0x48193970 0x4801ea2c 0x0000002c 0x00000002 0x00000000 0x00000000
[  22.71] 48103e80: 0x48107ad8 0x000000d1 0x00000000 0x00000002 0x00000900 0x48103f40 0x00000000 0x00000001
[  22.71] 48103ea0: 0x00001000 0x00000000 0x00000000 0x48194150 0x00000000 0x00000000 0x00000000 0x00000000
[  22.71] 48103ec0: 0x00000000 0x00000000 0x0022c55e 0x00000000 0x00000000 0x0000000e 0x00000000 0x00000001
[  22.71] 48103ee0: 0x00000000 0x00000046 0x00000004 0x00000000 0x00000000 0x48103f30 0x4818ee20 0x4802c7f6
[  22.71] 48103f00: 0x48432036 0x534b4345 0xaab8e400 0xe6b095e6 0xb8e5ae8d 0x481000a7 0x48103f90 0x4802d5a6
[  22.71] 48103f20: 0x48103f16 0x00000002 0x48103f40 0x00000001 0x4ff5c68c 0x00000000 0x4818ee20 0x4802cb2c
[  22.71] 48103f40: 0xe98787e9 0x3120869b 0x312e3239 0x302e3836 0x3931312e 0x3937383a 0xb7c22039 0x89ade720
[  22.71] 48103f60: 0xe985bee5 0xb8e496a6 0xb095e6aa 0xe5ae8de6 0x4800a7b8 0x00000004 0x00000002 0xffffffff
[  22.71] 48103f80: 0x4ff5c68c 0x48103fc0 0x4ff877e4 0x48027082 0x4ff5c000 0x00000004 0x00000000 0x00000000
[  22.71] 48103fa0: 0x4ff5c68c 0x00000001 0x00000000 0x00000000 0x00000000 0x00000001 0x4ff87928 0x4ff4f1ee
[  22.71] 48103fc0: 0x00000000 0x00000003 0x00000000 0x4ffbe9e8 0x4ffbea18 0x00000000 0x4ffbe9c4 0x4ff4f3ee
[  22.71] 48103fe0: 0x4ffbea18 0x00000000 0x4ffbe9c4 0x4ff4bd10 0x481040e0 0x00000000 0x381e0000 0xffffffff
[  22.71] 48104000: 0x4ff5df9c 0x00000003 0x00000000 0x00000000 0x4ffbf160 0x00000000 0x00000001 0x00000000
[  22.71] 48104020: 0x00000000 0x00000000 0x00000000 0x485227d8 0x00000399 0x00000001 0x00010000 0xffffffff
[  22.71] 48104040: 0x4ff5c000 0x4ff5c68c 0x4818f018 0x48056a46 0x48103f16 0x00000003 0x00000001 0x000003e8
[  22.71] 48104060: 0x00000000 0xffffffff 0x4ffbf10c 0x00000000 0x00000000 0x00000003 0x00000001 0x000003e8
[  22.71] 48104080: 0x10624dd3 0x0000000f 0x4ff5c5a8 0x48023e8e 0x00000000 0x00000000 0x00000000 0x00000000
[  22.71] 481040a0: 0x00000000 0x00000000 0x00000000 0x00000000 0x00000000 0x00000000 0x00000000 0x00000000
[  22.71] 481040c0: 0x00000000 0x00000000 0x00000000 0x00000000 0x00000000 0xa5a5a5a5 0xa5a5a5a5 0xa5a5a5a5
[  22.71] 481040e0: 0x30100000 0x00000144 0x50115737 0x15c72683 0x01000637 0x501117b7 0x2e238ed1 0xa5a5a5a5
[  22.99] 48104100: 0x00000001 0x48101128 0x48101128 0x00000000 0x00000000 0x00000000 0xa5a5a5a5 0xa5a5a5a5
[  22.99] 
[  22.99] 
[  22.99] 
[  22.99] ELF file SHA256: bbb070c02
[  22.99] 
[  22.99] Rebooting...
[  22.99] ESP-ROM:esp32p4-eco7-20260109
[  22.99] Build:Jan  9 2026
[  22.99] rst:0xc (SW_CPU_RESET),boot:0xf (SPI_FAST_FLASH_BOOT)
[  22.99] Core0 Saved PC:0x4ff444de
[  22.99] Core1 Saved PC:0x4ff4ace6
[  22.99] SPI mode:DIO, clock div:1
[  22.99] load:0x4ffb60d0,len:0x11f0
[  22.99] load:0x4ffac2c0,len:0xd5c
[  22.99] load:0x4ffaefc0,len:0x3408
[  22.99] entry 0x4ffac2c0
[  22.99] I (226) hex_psram: vendor id    : 0x0d (AP)
[  22.99] I (227) hex_psram: Latency      : 0x01 (Fixed)
[  22.99] I (227) hex_psram: DriveStr.    : 0x00 (25 Ohm)
[  22.99] I (227) hex_psram: dev id       : 0x03 (generation 4)
[  22.99] I (232) hex_psram: density      : 0x07 (256 Mbit)
[  22.99] I (236) hex_psram: good-die     : 0x06 (Pass)
[  22.99] I (241) hex_psram: SRF          : 0x02 (Slow Refresh)
[  22.99] I (245) hex_psram: BurstType    : 0x00 ( Wrap)
[  22.99] I (250) hex_psram: BurstLen     : 0x03 (2048 Byte)
[  22.99] I (254) hex_psram: BitMode      : 0x01 (X16 Mode)
[  22.99] I (258) hex_psram: Readlatency  : 0x04 (14 cycles@Fixed)
[  22.99] I (263) hex_psram: DriveStrength: 0x00 (1/1)
[  23.00] I (267) MSPI Timing: Enter psram timing tuning
[  23.23] I esp_psram: Found 32MB PSRAM device
[  23.23] I esp_psram: Speed: 200MHz
[  23.23] I (455) mmu_psram: .rodata xip on psram
[  23.23] I (505) mmu_psram: .text xip on psram
[  23.23] I (506) hex_psram: psram CS IO is dedicated
[  23.23] I (507) cpu_start: Multicore app
[  23.85] I (928) esp_psram: SPI SRAM memory test OK
[  23.85] I (938) cpu_start: GPIO 38 and 37 are used as console UART I/O pins
[  23.85] I (938) cpu_start: Pro cpu start user code
[  23.86] I (939) cpu_start: cpu freq: 400000000 Hz
[  23.86] I (940) app_init: Application information:
[  23.86] I (944) app_init: Project name:     fnos_monitor
[  23.86] I (949) app_init: App version:      0.1.0
[  23.86] I (952) app_init: Compile time:     Sep 28 2026 00:46:10
[  23.86] I (957) app_init: ELF file SHA256:  bbb070c02...
[  23.86] I (962) app_init: ESP-IDF:          5.5.3
[  23.86] I (965) efuse_init: Min chip rev:     v3.0
[  23.86] I (969) efuse_init: Max chip rev:     v3.99 
[  23.86] I (973) efuse_init: Chip rev:         v3.2
[  23.86] I (977) heap_init: Initializing. RAM available for dynamic allocation:
[  23.86] I (983) heap_init: At 4FF5E490 len 0005CB30 (370 KiB): RETENT_RAM
[  23.86] I (989) heap_init: At 4FFBAFC0 len 00004BF0 (18 KiB): RAM
[  23.86] I (994) heap_init: At 501080D8 len 00000028 (0 KiB): RTCRAM
[  23.86] I (1000) heap_init: At 501081A0 len 00007E60 (31 KiB): RTCRAM
[  23.86] I (1005) heap_init: At 30100198 len 00001E68 (7 KiB): TCM
[  24.19] I (1010) esp_psram: Adding pool of 31151K of PSRAM memory to heap allocator
[  24.19] I (1017) esp_psram: Adding pool of 60K of PSRAM memory gap generated due to end address alignment of irom to the heap allocator
[  24.19] I (1028) esp_psram: Adding pool of 35K of PSRAM memory gap generated due to end address alignment of drom to the heap allocator
[  24.19] I (1039) spi_flash: detected chip: gd
[  24.19] I (1043) spi_flash: flash io: qio
[  24.19] I (1046) host_init: ESP Hosted : Host chip_ip[18]
[  24.19] I (1050) H_API: ESP-Hosted starting. Hosted_Tasks: prio:23, stack: 5120 RPC_task_stack: 5120
[  24.19] sdio_mempool_create free:32400744 min-free:32400744 lfb-def:31457280 lfb-8bit:31457280
[  24.19] 
[  24.19] I (1066) H_API: ** add_esp_wifi_remote_channels **
[  24.19] I (1071) transport: Add ESP-Hosted channel IF[1]: S[0] Tx[0x4800b6dc] Rx[0x4801a922]
[  24.19] I (1078) transport: Add ESP-Hosted channel IF[2]: S[0] Tx[0x4800b622] Rx[0x4801a922]
[  24.19] I (1086) sleep_gpio: Configure to isolate all GPIO pins in sleep state
[  24.19] I (1092) sleep_gpio: Enable automatic switching of GPIO sleep configuration
[  24.19] I (1099) main_task: Started on CPU0
[  24.19] I (1103) main_task: Calling app_main()
[  24.19] I (1109) main: fnOS NAS dashboard booting (agent http://192.168.0.119:8799)
[  24.19] I (1112) main: heap boot           internal=363KB largest=304KB dma=325KB psram=31242KB
[  24.19] I (1121) transport: Attempt connection with slave: retry[0]
[  24.19] I (1125) transport: Reset slave using GPIO[54]
[  24.19] I (1129) os_wrapper_esp: GPIO [54] configured
[  25.17] I (2299) sdio_wrapper: SDIO master: Data-Lines: 4-bit Freq(KHz)[40000 KHz]
[  25.17] I (2299) sdio_wrapper: GPIOs: CLK[18] CMD[19] D0[14] D1[15] D2[16] D3[17] Slave_Reset[54]
[  25.17] I (2299) H_SDIO_DRV: Starting SDIO process rx task
[  25.17] I (2302) sdio_wrapper: Queues: Tx[20] Rx[20] SDIO-Rx-Mode[1]
[  25.17] Name: 
[  25.17] Type: SDIO
[  25.17] Speed: 40.00 MHz (limit: 40.00 MHz)
[  25.17] Size: 0MB
[  25.17] CSD: ver=1, sector_size=0, capacity=0 read_bl_len=0
[  25.17] SCR: sd_spec=0, bus_width=0
[  25.17] TUPLE: DEVICE, size: 3: D9 01 FF 
[  25.17] TUPLE: MANFID, size: 4
[  25.17]   MANF: 0092, CARD: 6666
[  25.17] TUPLE: FUNCID, size: 2: 0C 00 
[  25.17] TUPLE: FUNCE, size: 4: 00 00 02 32 
[  25.17] TUPLE: CONFIG, size: 5: 01 01 00 02 07 
[  25.17] TUPLE: CFTABLE_ENTRY, size: 8
[  25.17]   INDX: C1, Intface: 1, Default: 1, Conf-Entry-Num: 1
[  25.17]   IF: 41
[  25.17]   FS: 30, misc: 0, mem_space: 1, irq: 1, io_space: 0, timing: 0, power: 0
[  25.17]   IR: 30, mask: 1,   IRQ: FF FF
[  25.17]   LEN: FFFF
[  25.17] TUPLE: END
[  25.17] I (2385) sdio_wrapper: Function 0 Blocksize: 512
[  25.17] I (2389) sdio_wrapper: Function 1 Blocksize: 512
[  25.17] I (2393) H_SDIO_DRV: SDIO Host operating in STREAMING MODE
[  25.17] I (2398) H_SDIO_DRV: generate slave intr
[  25.17] I (2403) transport: Received INIT event from ESP32 peripheral
[  25.17] I (2407) transport: EVENT: 12
[  25.17] I (2410) transport: EVENT: 11
[  25.17] I (2413) transport: capabilities: 0xd
[  25.18] I (2416) transport: Features supported are:
[  25.18] I (2420) transport: 	 * WLAN
[  25.52] I (2423) transport: 	   - HCI over SDIO
[  25.52] I (2426) transport: 	   - BLE only
[  25.52] I (2429) transport: EVENT: 13
[  25.52] I (2432) transport: ESP board type is : 13 
[  25.52] 
[  25.52] I (2436) transport: Base transport is set-up
[  25.52] 
[  25.52] I (2440) transport: Slave chip Id[12]
[  25.52] I (2444) hci_stub_drv: Host BT Support: Disabled
[  25.52] I (2448) H_SDIO_DRV: Received INIT event
[  26.20] I (3453) fnos_net: wifi station started; awaiting ip
[  26.20] I (3454) esp_lvgl:adapter: LVGL adapter initialized successfully
[  26.20] W (3454) ledc: GPIO 32 is not usable, maybe conflict with others
[  26.20] I (3458) ESP32_P4_EV: MIPI DSI PHY Powered on
[  26.20] I (3463) ESP32_P4_EV: Install MIPI DSI LCD control panel
[  26.20] I (3467) ESP32_P4_EV: Install EK79007 LCD control panel
[  26.20] I (3472) ek79007: version: 2.0.2
[  26.20] I (3474) H_API: esp_wifi_remote_connect
[  26.46] I (3649) ESP32_P4_EV: Display initialized
[  26.46] I (3650) esp_lvgl:bridge_v9: Initializing hardware resources
[  26.46] I (3650) esp_lvgl:bridge_v9: Hardware resources initialized successfully
[  26.46] I (3653) esp_lvgl:bridge: Initializing hardware resources
[  26.46] I (3658) esp_lvgl:bridge: Hardware resources initialized successfully
[  26.46] W (3664) esp_lvgl:bridge_v9: on_frame_buf_complete unavailable; buffer-switch release and dummy-draw may not function on MIPI DSI
[  26.46] I (3676) ESP32_P4_EV: Touch 0x5d found
[  26.46] I (3679) GT911: I2C address initialization procedure skipped - using default GT9xx setup
[  26.46] I (3687) GT911: TouchPad_ID:0x39,0x31,0x31
[  26.46] I (3691) GT911: TouchPad_Config_Version:91
[  26.46] W (3695) esp_lvgl:touch: LV_USE_GESTURE_RECOGNITION is disabled; only single-point pointer events are available
[  26.46] I (3704) esp_lvgl:touch: Touch input device registered successfully (IRQ mode: disabled)
[  26.46] I (3713) esp_lvgl:adapter: LVGL task started successfully
[  26.46] I (3717) ESP32_P4_EV: Setting LCD backlight: 100%
[  26.80] I (3722) ESP32_P4_EV: Setting LCD backlight: 45%
[  26.80] I (3726) main: heap display        internal=243KB largest=204KB dma=205KB psram=27600KB
[  26.80] I (3875) fnos_view: dashboard v2 created (4 pages, 180 s window)
[  26.80] W (3875) main: VERIFY MODE: auto page every 10 s
[  26.80] I (3875) main: heap ui             internal=243KB largest=204KB dma=205KB psram=27508KB
[  26.80] I (3881) fnos_data: polling http://192.168.0.119:8799/api/v1/status every 1000 ms
[  26.80] I (3889) main: heap polling        internal=243KB largest=204KB dma=205KB psram=27494KB
[  26.80] I (3896) ESP32_P4_EV: Setting LCD backlight: 45%
[  26.80] I (3901) main: backlight 45% (day)
[  26.80] I (3904) main: boot complete
[  26.80] I (3906) main_task: Returned from app_main()
[  27.13] I (4375) uidbg: unit0 x=85 y=57 w=0 h=22 style_x=85 style_y=57 hidden=0 text='' par_w=209
[  27.13] I (4375) uidbg: val0 x=18 y=32 w=42 h=52 text='--'
[  27.13] I (4376) uidbg: geom cpu_bar w=760 h=44  mem_bar w=760 h=44  mbar0 w=2  seg0 w=0
[  27.51] 
[  27.51] assert failed: heap_caps_free heap_caps_base.c:80 (heap != NULL && "free() target pointer is outside heap areas")
[  27.51] Core  1 register dump:
[  27.51] MEPC    : 0x4ff4abec  RA      : 0x4ff4a76c  SP      : 0x48103d20  GP      : 0x4ff56f80  
[  27.51] TP      : 0x481040e0  T0      : 0x37363534  T1      : 0x7271706f  T2      : 0x33323130  
[  27.51] S0/FP   : 0x00000001  S1      : 0x00000056  A0      : 0x48103d68  A1      : 0x4ff58e05  
[  27.51] A2      : 0x00000001  A3      : 0x4ff5e000  A4      : 0x00000001  A5      : 0x4ff5e000  
[  27.51] A6      : 0x0000000c  A7      : 0x76757473  S2      : 0x48103d68  S3      : 0x48103da1  
[  27.51] S4      : 0x4ff58e04  S5      : 0x48103d68  S6      : 0x4ff5c564  S7      : 0x4ff5c548  
[  27.51] S8      : 0x48134000  S9      : 0x48194000  S10     : 0x48123000  S11     : 0x4811e000  
[  27.51] T3      : 0x6e6d6c6b  T4      : 0x6a696867  T5      : 0x66656463  T6      : 0x62613938  
[  27.51] MSTATUS : 0x00011881  MTVEC   : 0x4ff40003  MCAUSE  : 0x00000002  MTVAL   : 0x00000000  
[  27.51] MHARTID : 0x00000001  
[  27.51] 
[  27.51] Stack memory:
[  27.51] 48103d20: 0x00000000 0x48103d44 0x48136e6c 0x4ff54140 0x00003038 0x000001fd 0x00000000 0x00000000
[  27.51] 48103d40: 0x00000000 0x4ff5983c 0x48136e6c 0x4ff59820 0x48112d12 0x4ff5984c 0x48103d30 0x4ff59850
[  27.51] 48103d60: 0x48112cbc 0x4ff58e04 0x65737361 0x66207472 0x656c6961 0x68203a64 0x5f706165 0x73706163
[  27.51] 48103d80: 0x6572665f 0x65682065 0x635f7061 0x5f737061 0x65736162 0x383a632e 0x68282030 0x20706165
[  27.51] 48103da0: 0x4e203d21 0x204c4c55 0x22202626 0x65657266 0x74202928 0x65677261 0x6f702074 0x65746e69
[  27.51] 48103dc0: 0x73692072 0x74756f20 0x65646973 0x61656820 0x72612070 0x22736165 0x48190029 0x4ff52506
[  27.51] 48103de0: 0x485229dc 0x0000003c 0x48522a1c 0x4801aaf0 0x4ff5c68c 0x00000404 0x0000000c 0x48063e1e
[  27.51] 48103e00: 0x00000001 0x00000013 0x4818c584 0x48057300 0x00000404 0x0000000c 0x4818c584 0x48084a96
[  27.51] 48103e20: 0x00000042 0x48103e4c 0x4818c584 0x48084c46 0x4ff5c564 0x00000000 0x4ff5c558 0x4ff5c538
[  27.51] 48103e40: 0x00000001 0x48134d98 0x48109b84 0x4ff40ac2 0x00000001 0x48135000 0x48108454 0x48063f68
[  27.51] 48103e60: 0x48103f00 0x48135000 0x48193970 0x4801ea2c 0x0000002c 0x00000002 0x00000000 0x00000000
[  27.51] 48103e80: 0x48107ad8 0x000000d1 0x00000000 0x00000002 0x00000900 0x48103f40 0x00000000 0x00000001
[  27.51] 48103ea0: 0x00001000 0x00000000 0x00000000 0x48194150 0x00000000 0x00000000 0x00000000 0x00000000
[  27.51] 48103ec0: 0x00000000 0x00000000 0x0022c55e 0x00000000 0x00000000 0x0000000e 0x00000000 0x00000001
[  27.51] 48103ee0: 0x00000000 0x00000046 0x00000004 0x00000000 0x00000000 0x48103f30 0x4818ee20 0x4802c7f6
[  27.51] 48103f00: 0x48432036 0x534b4345 0xaab8e400 0xe6b095e6 0xb8e5ae8d 0x481000a7 0x48103f90 0x4802d5a6
[  27.51] 48103f20: 0x48103f16 0x00000002 0x48103f40 0x00000001 0x4ff5c68c 0x00000000 0x4818ee20 0x4802cb2c
[  27.51] 48103f40: 0xe98787e9 0x3120869b 0x312e3239 0x302e3836 0x3931312e 0x3937383a 0xb7c22039 0x89ade720
[  27.51] 48103f60: 0xe985bee5 0xb8e496a6 0xb095e6aa 0xe5ae8de6 0x4800a7b8 0x00000004 0x00000002 0xffffffff
[  27.51] 48103f80: 0x4ff5c68c 0x48103fc0 0x4ff877e4 0x48027082 0x4ff5c000 0x00000004 0x00000000 0x00000000
[  27.51] 48103fa0: 0x4ff5c68c 0x00000001 0x00000000 0x00000000 0x00000000 0x00000001 0x4ff87928 0x4ff4f1ee
[  27.51] 48103fc0: 0x00000000 0x00000003 0x00000000 0x4ffbe9e8 0x4ffbea18 0x00000000 0x4ffbe9c4 0x4ff4f3ee
[  27.51] 48103fe0: 0x4ffbea18 0x00000000 0x4ffbe9c4 0x4ff4bd10 0x481040e0 0x00000000 0x381e0000 0xffffffff
[  27.51] 48104000: 0x4ff5df9c 0x00000003 0x00000000 0x00000000 0x4ffbf160 0x00000000 0x00000001 0x00000000
[  27.51] 48104020: 0x00000000 0x00000000 0x00000000 0x485227d8 0x00000399 0x00000001 0x00010000 0xffffffff
[  27.51] 48104040: 0x4ff5c000 0x4ff5c68c 0x4818f018 0x48056a46 0x48103f16 0x00000003 0x00000001 0x000003e8
[  27.51] 48104060: 0x00000000 0xffffffff 0x4ffbf10c 0x00000000 0x00000000 0x00000003 0x00000001 0x000003e8
[  27.51] 48104080: 0x10624dd3 0x0000000f 0x4ff5c5a8 0x48023e8e 0x00000000 0x00000000 0x00000000 0x00000000
[  27.51] 481040a0: 0x00000000 0x00000000 0x00000000 0x00000000 0x00000000 0x00000000 0x00000000 0x00000000
[  27.51] 481040c0: 0x00000000 0x00000000 0x00000000 0x00000000 0x00000000 0xa5a5a5a5 0xa5a5a5a5 0xa5a5a5a5
[  27.51] 481040e0: 0x30100000 0x00000144 0x50115737 0x15c72683 0x01000637 0x501117b7 0x2e238ed1 0xa5a5a5a5
[  27.79] 48104100: 0x00000001 0x48101128 0x48101128 0x00000000 0x00000000 0x00000000 0xa5a5a5a5 0xa5a5a5a5
[  27.79] 
[  27.79] 
[  27.79] 
[  27.79] ELF file SHA256: bbb070c02
[  27.79] 
[  27.79] Rebooting...
[  27.79] ESP-ROM:esp32p4-eco7-20260109
[  27.79] Build:Jan  9 2026
[  27.79] rst:0xc (SW_CPU_RESET),boot:0xf (SPI_FAST_FLASH_BOOT)
[  27.79] Core0 Saved PC:0x4ff444de
[  27.79] Core1 Saved PC:0x4ff4ace6
[  27.79] SPI mode:DIO, clock div:1
[  27.79] load:0x4ffb60d0,len:0x11f0
[  27.79] load:0x4ffac2c0,len:0xd5c
[  27.79] load:0x4ffaefc0,len:0x3408
[  27.79] entry 0x4ffac2c0
[  27.79] I (226) hex_psram: vendor id    : 0x0d (AP)
[  27.79] I (227) hex_psram: Latency      : 0x01 (Fixed)
[  27.79] I (227) hex_psram: DriveStr.    : 0x00 (25 Ohm)
[  27.79] I (227) hex_psram: dev id       : 0x03 (generation 4)
[  27.79] I (232) hex_psram: density      : 0x07 (256 Mbit)
[  27.79] I (236) hex_psram: good-die     : 0x06 (Pass)
[  27.79] I (241) hex_psram: SRF          : 0x02 (Slow Refresh)
[  27.79] I (245) hex_psram: BurstType    : 0x00 ( Wrap)
[  27.79] I (250) hex_psram: BurstLen     : 0x03 (2048 Byte)
[  27.79] I (254) hex_psram: BitMode      : 0x01 (X16 Mode)
[  27.79] I (258) hex_psram: Readlatency  : 0x04 (14 cycles@Fixed)
[  27.79] I (263) hex_psram: DriveStrength: 0x00 (1/1)
[  27.79] I (267) MSPI Timing: Enter psram timing tuning
[  28.03] I esp_psram: Found 32MB PSRAM device
[  28.03] I esp_psram: Speed: 200MHz
[  28.03] I (455) mmu_psram: .rodata xip on psram
[  28.03] I (506) mmu_psram: .text xip on psram
[  28.03] I (506) hex_psram: psram CS IO is dedicated
[  28.03] I (507) cpu_start: Multicore app
[  28.66] I (929) esp_psram: SPI SRAM memory test OK
[  28.66] I (938) cpu_start: GPIO 38 and 37 are used as console UART I/O pins
[  28.66] I (938) cpu_start: Pro cpu start user code
[  28.66] I (939) cpu_start: cpu freq: 400000000 Hz
[  28.66] I (940) app_init: Application information:
[  28.66] I (944) app_init: Project name:     fnos_monitor
[  28.66] I (949) app_init: App version:      0.1.0
[  28.66] I (952) app_init: Compile time:     Sep 28 2026 00:46:10
[  28.66] I (957) app_init: ELF file SHA256:  bbb070c02...
[  28.66] I (962) app_init: ESP-IDF:          5.5.3
[  28.66] I (965) efuse_init: Min chip rev:     v3.0
[  28.66] I (969) efuse_init: Max chip rev:     v3.99 
[  28.66] I (973) efuse_init: Chip rev:         v3.2
[  28.66] I (977) heap_init: Initializing. RAM available for dynamic allocation:
[  28.66] I (983) heap_init: At 4FF5E490 len 0005CB30 (370 KiB): RETENT_RAM
[  28.66] I (989) heap_init: At 4FFBAFC0 len 00004BF0 (18 KiB): RAM
[  28.66] I (994) heap_init: At 501080D8 len 00000028 (0 KiB): RTCRAM
[  28.66] I (1000) heap_init: At 501081A0 len 00007E60 (31 KiB): RTCRAM
[  28.66] I (1005) heap_init: At 30100198 len 00001E68 (7 KiB): TCM
[  29.00] I (1010) esp_psram: Adding pool of 31151K of PSRAM memory to heap allocator
[  29.00] I (1017) esp_psram: Adding pool of 60K of PSRAM memory gap generated due to end address alignment of irom to the heap allocator
[  29.00] I (1028) esp_psram: Adding pool of 35K of PSRAM memory gap generated due to end address alignment of drom to the heap allocator
[  29.00] I (1039) spi_flash: detected chip: gd
[  29.00] I (1043) spi_flash: flash io: qio
[  29.00] I (1046) host_init: ESP Hosted : Host chip_ip[18]
[  29.00] I (1050) H_API: ESP-Hosted starting. Hosted_Tasks: prio:23, stack: 5120 RPC_task_stack: 5120
[  29.00] sdio_mempool_create free:32400744 min-free:32400744 lfb-def:31457280 lfb-8bit:31457280
[  29.00] 
[  29.00] I (1066) H_API: ** add_esp_wifi_remote_channels **
[  29.00] I (1071) transport: Add ESP-Hosted channel IF[1]: S[0] Tx[0x4800b6dc] Rx[0x4801a922]
[  29.00] I (1078) transport: Add ESP-Hosted channel IF[2]: S[0] Tx[0x4800b622] Rx[0x4801a922]
[  29.00] I (1086) sleep_gpio: Configure to isolate all GPIO pins in sleep state
[  29.00] I (1092) sleep_gpio: Enable automatic switching of GPIO sleep configuration
[  29.00] I (1099) main_task: Started on CPU0
[  29.00] I (1103) main_task: Calling app_main()
[  29.00] I (1109) main: fnOS NAS dashboard booting (agent http://192.168.0.119:8799)
[  29.00] I (1112) main: heap boot           internal=363KB largest=304KB dma=325KB psram=31242KB
[  29.00] I (1121) transport: Attempt connection with slave: retry[0]
[  29.00] I (1125) transport: Reset slave using GPIO[54]
[  29.01] I (1129) os_wrapper_esp: GPIO [54] configured
[  29.97] I (2299) sdio_wrapper: SDIO master: Data-Lines: 4-bit Freq(KHz)[40000 KHz]
[  29.98] I (2299) sdio_wrapper: GPIOs: CLK[18] CMD[19] D0[14] D1[15] D2[16] D3[17] Slave_Reset[54]
[  29.98] I (2299) H_SDIO_DRV: Starting SDIO process rx task
[  29.98] I (2302) sdio_wrapper: Queues: Tx[20] Rx[20] SDIO-Rx-Mode[1]
[  29.98] Name: 
[  29.98] Type: SDIO
[  29.98] Speed: 40.00 MHz (limit: 40.00 MHz)
[  29.98] Size: 0MB
[  29.98] CSD: ver=1, sector_size=0, capacity=0 read_bl_len=0
[  29.98] SCR: sd_spec=0, bus_width=0
[  29.98] TUPLE: DEVICE, size: 3: D9 01 FF 
[  29.98] TUPLE: MANFID, size: 4
[  29.98]   MANF: 0092, CARD: 6666
[  29.98] TUPLE: FUNCID, size: 2: 0C 00 
[  29.98] TUPLE: FUNCE, size: 4: 00 00 02 32 
[  29.98] TUPLE: CONFIG, size: 5: 01 01 00 02 07 
[  29.98] TUPLE: CFTABLE_ENTRY, size: 8
[  29.98]   INDX: C1, Intface: 1, Default: 1, Conf-Entry-Num: 1
[  29.98]   IF: 41
[  29.98]   FS: 30, misc: 0, mem_space: 1, irq: 1, io_space: 0, timing: 0, power: 0
[  29.98]   IR: 30, mask: 1,   IRQ: FF FF
[  29.98]   LEN: FFFF
[  29.98] TUPLE: END
[  29.98] I (2385) sdio_wrapper: Function 0 Blocksize: 512
[  29.98] I (2389) sdio_wrapper: Function 1 Blocksize: 512
[  29.98] I (2393) H_SDIO_DRV: SDIO Host operating in STREAMING MODE
[  29.98] I (2398) H_SDIO_DRV: generate slave intr
[  29.98] I (2403) transport: Received INIT event from ESP32 peripheral
[  29.98] I (2407) transport: EVENT: 12
[  29.98] I (2410) transport: EVENT: 11
[  29.98] I (2413) transport: capabilities: 0xd
[  29.98] I (2416) transport: Features supported are:
[  29.98] I (2420) transport: 	 * WLAN
[  30.33] I (2423) transport: 	   - HCI over SDIO
[  30.33] I (2426) transport: 	   - BLE only
[  30.33] I (2429) transport: EVENT: 13
[  30.33] I (2432) transport: ESP board type is : 13 
[  30.33] 
[  30.33] I (2436) transport: Base transport is set-up
[  30.33] 
[  30.33] I (2440) transport: Slave chip Id[12]
[  30.33] I (2444) hci_stub_drv: Host BT Support: Disabled
[  30.33] I (2448) H_SDIO_DRV: Received INIT event
[  31.00] I (3453) fnos_net: wifi station started; awaiting ip
[  31.00] I (3454) esp_lvgl:adapter: LVGL adapter initialized successfully
[  31.00] W (3454) ledc: GPIO 32 is not usable, maybe conflict with others
[  31.00] I (3458) ESP32_P4_EV: MIPI DSI PHY Powered on
[  31.00] I (3463) ESP32_P4_EV: Install MIPI DSI LCD control panel
[  31.00] I (3467) ESP32_P4_EV: Install EK79007 LCD control panel
[  31.00] I (3472) ek79007: version: 2.0.2
[  31.00] I (3474) H_API: esp_wifi_remote_connect
[  31.26] I (3649) ESP32_P4_EV: Display initialized
[  31.26] I (3650) esp_lvgl:bridge_v9: Initializing hardware resources
[  31.26] I (3650) esp_lvgl:bridge_v9: Hardware resources initialized successfully
[  31.26] I (3653) esp_lvgl:bridge: Initializing hardware resources
[  31.26] I (3658) esp_lvgl:bridge: Hardware resources initialized successfully
[  31.26] W (3664) esp_lvgl:bridge_v9: on_frame_buf_complete unavailable; buffer-switch release and dummy-draw may not function on MIPI DSI
[  31.26] I (3676) ESP32_P4_EV: Touch 0x5d found
[  31.26] I (3679) GT911: I2C address initialization procedure skipped - using default GT9xx setup
[  31.26] I (3687) GT911: TouchPad_ID:0x39,0x31,0x31
[  31.26] I (3691) GT911: TouchPad_Config_Version:91
[  31.26] W (3695) esp_lvgl:touch: LV_USE_GESTURE_RECOGNITION is disabled; only single-point pointer events are available
[  31.26] I (3704) esp_lvgl:touch: Touch input device registered successfully (IRQ mode: disabled)
[  31.26] I (3713) esp_lvgl:adapter: LVGL task started successfully
[  31.26] I (3717) ESP32_P4_EV: Setting LCD backlight: 100%
[  31.61] I (3722) ESP32_P4_EV: Setting LCD backlight: 45%
[  31.61] I (3726) main: heap display        internal=243KB largest=204KB dma=205KB psram=27600KB
[  31.61] I (3875) fnos_view: dashboard v2 created (4 pages, 180 s window)
[  31.61] W (3875) main: VERIFY MODE: auto page every 10 s
[  31.61] I (3875) main: heap ui             internal=243KB largest=204KB dma=205KB psram=27508KB
[  31.61] I (3881) fnos_data: polling http://192.168.0.119:8799/api/v1/status every 1000 ms
[  31.61] I (3888) main: heap polling        internal=243KB largest=204KB dma=205KB psram=27494KB
[  31.61] I (3896) ESP32_P4_EV: Setting LCD backlight: 45%
[  31.61] I (3901) main: backlight 45% (day)
[  31.61] I (3904) main: boot complete
[  31.61] I (3906) main_task: Returned from app_main()
[  31.91] I (4375) uidbg: unit0 x=85 y=57 w=0 h=22 style_x=85 style_y=57 hidden=0 text='' par_w=209
[  31.91] I (4375) uidbg: val0 x=18 y=32 w=42 h=52 text='--'
[  31.91] I (4376) uidbg: geom cpu_bar w=760 h=44  mem_bar w=760 h=44  mbar0 w=2  seg0 w=0
[  32.31] 
[  32.31] assert failed: heap_caps_free heap_caps_base.c:80 (heap != NULL && "free() target pointer is outside heap areas")
[  32.31] Core  1 register dump:
[  32.31] MEPC    : 0x4ff4abec  RA      : 0x4ff4a76c  SP      : 0x48103d20  GP      : 0x4ff56f80  
[  32.31] TP      : 0x481040e0  T0      : 0x37363534  T1      : 0x7271706f  T2      : 0x33323130  
[  32.31] S0/FP   : 0x00000001  S1      : 0x00000056  A0      : 0x48103d68  A1      : 0x4ff58e05  
[  32.31] A2      : 0x00000001  A3      : 0x4ff5e000  A4      : 0x00000001  A5      : 0x4ff5e000  
[  32.31] A6      : 0x0000000c  A7      : 0x76757473  S2      : 0x48103d68  S3      : 0x48103da1  
[  32.31] S4      : 0x4ff58e04  S5      : 0x48103d68  S6      : 0x4ff5c564  S7      : 0x4ff5c548  
[  32.31] S8      : 0x48134000  S9      : 0x48194000  S10     : 0x48123000  S11     : 0x4811e000  
[  32.31] T3      : 0x6e6d6c6b  T4      : 0x6a696867  T5      : 0x66656463  T6      : 0x62613938  
[  32.31] MSTATUS : 0x00011881  MTVEC   : 0x4ff40003  MCAUSE  : 0x00000002  MTVAL   : 0x00000000  
[  32.31] MHARTID : 0x00000001  
[  32.31] 
[  32.31] Stack memory:
[  32.31] 48103d20: 0x00000000 0x48103d44 0x48136e6c 0x4ff54140 0x00003038 0x000001fd 0x00000000 0x00000000
[  32.31] 48103d40: 0x00000000 0x4ff5983c 0x48136e6c 0x4ff59820 0x48112d12 0x4ff5984c 0x48103d30 0x4ff59850
[  32.31] 48103d60: 0x48112cbc 0x4ff58e04 0x65737361 0x66207472 0x656c6961 0x68203a64 0x5f706165 0x73706163
[  32.31] 48103d80: 0x6572665f 0x65682065 0x635f7061 0x5f737061 0x65736162 0x383a632e 0x68282030 0x20706165
[  32.31] 48103da0: 0x4e203d21 0x204c4c55 0x22202626 0x65657266 0x74202928 0x65677261 0x6f702074 0x65746e69
[  32.31] 48103dc0: 0x73692072 0x74756f20 0x65646973 0x61656820 0x72612070 0x22736165 0x48190029 0x4ff52506
[  32.31] 48103de0: 0x485229dc 0x0000003c 0x48522a1c 0x4801aaf0 0x4ff5c68c 0x00000404 0x0000000c 0x48063e1e
[  32.31] 48103e00: 0x00000001 0x00000013 0x4818c584 0x48057300 0x00000404 0x0000000c 0x4818c584 0x48084a96
[  32.31] 48103e20: 0x00000042 0x48103e4c 0x4818c584 0x48084c46 0x4ff5c564 0x00000000 0x4ff5c558 0x4ff5c538
[  32.31] 48103e40: 0x00000001 0x48134d98 0x48109b84 0x4ff40ac2 0x00000001 0x48135000 0x48108454 0x48063f68
[  32.31] 48103e60: 0x48103f00 0x48135000 0x48193970 0x4801ea2c 0x0000002c 0x00000002 0x00000000 0x00000000
[  32.31] 48103e80: 0x48107ad8 0x000000d1 0x00000000 0x00000002 0x00000900 0x48103f40 0x00000000 0x00000001
[  32.31] 48103ea0: 0x00001000 0x00000000 0x00000000 0x48194150 0x00000000 0x00000000 0x00000000 0x00000000
[  32.31] 48103ec0: 0x00000000 0x00000000 0x0022c55e 0x00000000 0x00000000 0x0000000e 0x00000000 0x00000001
[  32.31] 48103ee0: 0x00000000 0x00000046 0x00000004 0x00000000 0x00000000 0x48103f30 0x4818ee20 0x4802c7f6
[  32.31] 48103f00: 0x48432036 0x534b4345 0xaab8e400 0xe6b095e6 0xb8e5ae8d 0x481000a7 0x48103f90 0x4802d5a6
[  32.31] 48103f20: 0x48103f16 0x00000002 0x48103f40 0x00000001 0x4ff5c68c 0x00000000 0x4818ee20 0x4802cb2c
[  32.31] 48103f40: 0xe98787e9 0x3120869b 0x312e3239 0x302e3836 0x3931312e 0x3937383a 0xb7c22039 0x89ade720
[  32.31] 48103f60: 0xe985bee5 0xb8e496a6 0xb095e6aa 0xe5ae8de6 0x4800a7b8 0x00000004 0x00000002 0xffffffff
[  32.31] 48103f80: 0x4ff5c68c 0x48103fc0 0x4ff877e4 0x48027082 0x4ff5c000 0x00000004 0x00000000 0x00000000
[  32.31] 48103fa0: 0x4ff5c68c 0x00000001 0x00000000 0x00000000 0x00000000 0x00000001 0x4ff87928 0x4ff4f1ee
[  32.31] 48103fc0: 0x00000000 0x00000003 0x00000000 0x4ffbe9e8 0x4ffbea18 0x00000000 0x4ffbe9c4 0x4ff4f3ee
[  32.31] 48103fe0: 0x4ffbea18 0x00000000 0x4ffbe9c4 0x4ff4bd10 0x481040e0 0x00000000 0x381e0000 0xffffffff
[  32.31] 48104000: 0x4ff5df9c 0x00000003 0x00000000 0x00000000 0x4ffbf160 0x00000000 0x00000001 0x00000000
[  32.31] 48104020: 0x00000000 0x00000000 0x00000000 0x485227d8 0x00000399 0x00000001 0x00010000 0xffffffff
[  32.31] 48104040: 0x4ff5c000 0x4ff5c68c 0x4818f018 0x48056a46 0x48103f16 0x00000003 0x00000001 0x000003e8
[  32.31] 48104060: 0x00000000 0xffffffff 0x4ffbf10c 0x00000000 0x00000000 0x00000003 0x00000001 0x000003e8
[  32.31] 48104080: 0x10624dd3 0x0000000f 0x4ff5c5a8 0x48023e8e 0x00000000 0x00000000 0x00000000 0x00000000
[  32.31] 481040a0: 0x00000000 0x00000000 0x00000000 0x00000000 0x00000000 0x00000000 0x00000000 0x00000000
[  32.31] 481040c0: 0x00000000 0x00000000 0x00000000 0x00000000 0x00000000 0xa5a5a5a5 0xa5a5a5a5 0xa5a5a5a5
[  32.31] 481040e0: 0x30100000 0x00000144 0x50115737 0x15c72683 0x01000637 0x501117b7 0x2e238ed1 0xa5a5a5a5
[  32.59] 48104100: 0x00000001 0x48101128 0x48101128 0x00000000 0x00000000 0x00000000 0xa5a5a5a5 0xa5a5a5a5
[  32.60] 
[  32.60] 
[  32.60] 
[  32.60] ELF file SHA256: bbb070c02
[  32.60] 
[  32.60] Rebooting...
[  32.60] ESP-ROM:esp32p4-eco7-20260109
[  32.60] Build:Jan  9 2026
[  32.60] rst:0xc (SW_CPU_RESET),boot:0xf (SPI_FAST_FLASH_BOOT)
[  32.60] Core0 Saved PC:0x4ff444de
[  32.60] Core1 Saved PC:0x4ff4ace6
[  32.60] SPI mode:DIO, clock div:1
[  32.60] load:0x4ffb60d0,len:0x11f0
[  32.60] load:0x4ffac2c0,len:0xd5c
[  32.60] load:0x4ffaefc0,len:0x3408
[  32.60] entry 0x4ffac2c0
[  32.60] I (226) hex_psram: vendor id    : 0x0d (AP)
[  32.60] I (227) hex_psram: Latency      : 0x01 (Fixed)
[  32.60] I (227) hex_psram: DriveStr.    : 0x00 (25 Ohm)
[  32.60] I (227) hex_psram: dev id       : 0x03 (generation 4)
[  32.60] I (232) hex_psram: density      : 0x07 (256 Mbit)
[  32.60] I (236) hex_psram: good-die     : 0x06 (Pass)
[  32.60] I (241) hex_psram: SRF          : 0x02 (Slow Refresh)
[  32.60] I (245) hex_psram: BurstType    : 0x00 ( Wrap)
[  32.60] I (250) hex_psram: BurstLen     : 0x03 (2048 Byte)
[  32.60] I (254) hex_psram: BitMode      : 0x01 (X16 Mode)
[  32.60] I (258) hex_psram: Readlatency  : 0x04 (14 cycles@Fixed)
[  32.60] I (263) hex_psram: DriveStrength: 0x00 (1/1)
[  32.60] I (267) MSPI Timing: Enter psram timing tuning
[  32.83] I esp_psram: Found 32MB PSRAM device
[  32.83] I esp_psram: Speed: 200MHz
[  32.83] I (455) mmu_psram: .rodata xip on psram
[  32.83] I (505) mmu_psram: .text xip on psram
[  32.83] I (506) hex_psram: psram CS IO is dedicated
[  32.83] I (507) cpu_start: Multicore app
[  33.46] I (928) esp_psram: SPI SRAM memory test OK
[  33.46] I (938) cpu_start: GPIO 38 and 37 are used as console UART I/O pins
[  33.46] I (938) cpu_start: Pro cpu start user code
[  33.46] I (939) cpu_start: cpu freq: 400000000 Hz
[  33.46] I (940) app_init: Application information:
[  33.46] I (944) app_init: Project name:     fnos_monitor
[  33.46] I (949) app_init: App version:      0.1.0
[  33.46] I (952) app_init: Compile time:     Sep 28 2026 00:46:10
[  33.46] I (957) app_init: ELF file SHA256:  bbb070c02...
[  33.46] I (962) app_init: ESP-IDF:          5.5.3
[  33.46] I (965) efuse_init: Min chip rev:     v3.0
[  33.46] I (969) efuse_init: Max chip rev:     v3.99 
[  33.46] I (973) efuse_init: Chip rev:         v3.2
[  33.46] I (977) heap_init: Initializing. RAM available for dynamic allocation:
[  33.46] I (983) heap_init: At 4FF5E490 len 0005CB30 (370 KiB): RETENT_RAM
[  33.46] I (989) heap_init: At 4FFBAFC0 len 00004BF0 (18 KiB): RAM
[  33.46] I (994) heap_init: At 501080D8 len 00000028 (0 KiB): RTCRAM
[  33.46] I (1000) heap_init: At 501081A0 len 00007E60 (31 KiB): RTCRAM
[  33.46] I (1005) heap_init: At 30100198 len 00001E68 (7 KiB): TCM
[  33.80] I (1010) esp_psram: Adding pool of 31151K of PSRAM memory to heap allocator
[  33.80] I (1017) esp_psram: Adding pool of 60K of PSRAM memory gap generated due to end address alignment of irom to the heap allocator
[  33.80] I (1028) esp_psram: Adding pool of 35K of PSRAM memory gap generated due to end address alignment of drom to the heap allocator
[  33.81] I (1039) spi_flash: detected chip: gd
[  33.81] I (1043) spi_flash: flash io: qio
[  33.81] I (1046) host_init: ESP Hosted : Host chip_ip[18]
[  33.81] I (1050) H_API: ESP-Hosted starting. Hosted_Tasks: prio:23, stack: 5120 RPC_task_stack: 5120
[  33.81] sdio_mempool_create free:32400744 min-free:32400744 lfb-def:31457280 lfb-8bit:31457280
[  33.81] 
[  33.81] I (1066) H_API: ** add_esp_wifi_remote_channels **
[  33.81] I (1071) transport: Add ESP-Hosted channel IF[1]: S[0] Tx[0x4800b6dc] Rx[0x4801a922]
[  33.81] I (1078) transport: Add ESP-Hosted channel IF[2]: S[0] Tx[0x4800b622] Rx[0x4801a922]
[  33.81] I (1086) sleep_gpio: Configure to isolate all GPIO pins in sleep state
[  33.81] I (1092) sleep_gpio: Enable automatic switching of GPIO sleep configuration
[  33.81] I (1099) main_task: Started on CPU0
[  33.81] I (1103) main_task: Calling app_main()
[  33.81] I (1109) main: fnOS NAS dashboard booting (agent http://192.168.0.119:8799)
[  33.81] I (1112) main: heap boot           internal=363KB largest=304KB dma=325KB psram=31242KB
[  33.81] I (1121) transport: Attempt connection with slave: retry[0]
[  33.81] I (1125) transport: Reset slave using GPIO[54]
[  33.81] I (1129) os_wrapper_esp: GPIO [54] configured
[  34.77] I (2299) sdio_wrapper: SDIO master: Data-Lines: 4-bit Freq(KHz)[40000 KHz]
[  34.77] I (2299) sdio_wrapper: GPIOs: CLK[18] CMD[19] D0[14] D1[15] D2[16] D3[17] Slave_Reset[54]
[  34.77] I (2299) H_SDIO_DRV: Starting SDIO process rx task
[  34.77] I (2302) sdio_wrapper: Queues: Tx[20] Rx[20] SDIO-Rx-Mode[1]
[  34.77] Name: 
[  34.77] Type: SDIO
[  34.78] Speed: 40.00 MHz (limit: 40.00 MHz)
[  34.78] Size: 0MB
[  34.78] CSD: ver=1, sector_size=0, capacity=0 read_bl_len=0
[  34.78] SCR: sd_spec=0, bus_width=0
[  34.78] TUPLE: DEVICE, size: 3: D9 01 FF 
[  34.78] TUPLE: MANFID, size: 4
[  34.78]   MANF: 0092, CARD: 6666
[  34.78] TUPLE: FUNCID, size: 2: 0C 00 
[  34.78] TUPLE: FUNCE, size: 4: 00 00 02 32 
[  34.78] TUPLE: CONFIG, size: 5: 01 01 00 02 07 
[  34.78] TUPLE: CFTABLE_ENTRY, size: 8
[  34.78]   INDX: C1, Intface: 1, Default: 1, Conf-Entry-Num: 1
[  34.78]   IF: 41
[  34.78]   FS: 30, misc: 0, mem_space: 1, irq: 1, io_space: 0, timing: 0, power: 0
[  34.78]   IR: 30, mask: 1,   IRQ: FF FF
[  34.78]   LEN: FFFF
[  34.78] TUPLE: END
[  34.78] I (2385) sdio_wrapper: Function 0 Blocksize: 512
[  34.78] I (2389) sdio_wrapper: Function 1 Blocksize: 512
[  34.78] I (2393) H_SDIO_DRV: SDIO Host operating in STREAMING MODE
[  34.78] I (2398) H_SDIO_DRV: generate slave intr
[  34.78] I (2403) transport: Received INIT event from ESP32 peripheral
[  34.78] I (2407) transport: EVENT: 12
[  34.78] I (2410) transport: EVENT: 11
[  34.78] I (2413) transport: capabilities: 0xd
[  34.78] I (2416) transport: Features supported are:
[  34.78] I (2420) transport: 	 * WLAN
[  35.12] I (2423) transport: 	   - HCI over SDIO
[  35.12] I (2426) transport: 	   - BLE only
[  35.12] I (2429) transport: EVENT: 13
[  35.12] I (2432) transport: ESP board type is : 13 
[  35.12] 
[  35.12] I (2436) transport: Base transport is set-up
[  35.12] 
[  35.12] I (2440) transport: Slave chip Id[12]
[  35.12] I (2444) hci_stub_drv: Host BT Support: Disabled
[  35.12] I (2448) H_SDIO_DRV: Received INIT event
[  35.80] I (3453) fnos_net: wifi station started; awaiting ip
[  35.80] I (3453) esp_lvgl:adapter: LVGL adapter initialized successfully
[  35.80] W (3454) ledc: GPIO 32 is not usable, maybe conflict with others
[  35.80] I (3458) ESP32_P4_EV: MIPI DSI PHY Powered on
[  35.80] I (3463) ESP32_P4_EV: Install MIPI DSI LCD control panel
[  35.80] I (3467) ESP32_P4_EV: Install EK79007 LCD control panel
[  35.80] I (3472) ek79007: version: 2.0.2
[  35.80] I (3474) H_API: esp_wifi_remote_connect
[  36.06] I (3649) ESP32_P4_EV: Display initialized
[  36.06] I (3650) esp_lvgl:bridge_v9: Initializing hardware resources
[  36.06] I (3650) esp_lvgl:bridge_v9: Hardware resources initialized successfully
[  36.06] I (3653) esp_lvgl:bridge: Initializing hardware resources
[  36.06] I (3658) esp_lvgl:bridge: Hardware resources initialized successfully
[  36.06] W (3664) esp_lvgl:bridge_v9: on_frame_buf_complete unavailable; buffer-switch release and dummy-draw may not function on MIPI DSI
[  36.06] I (3676) ESP32_P4_EV: Touch 0x5d found
[  36.06] I (3679) GT911: I2C address initialization procedure skipped - using default GT9xx setup
[  36.06] I (3687) GT911: TouchPad_ID:0x39,0x31,0x31
[  36.06] I (3691) GT911: TouchPad_Config_Version:91
[  36.06] W (3695) esp_lvgl:touch: LV_USE_GESTURE_RECOGNITION is disabled; only single-point pointer events are available
[  36.06] I (3704) esp_lvgl:touch: Touch input device registered successfully (IRQ mode: disabled)
[  36.06] I (3713) esp_lvgl:adapter: LVGL task started successfully
[  36.06] I (3717) ESP32_P4_EV: Setting LCD backlight: 100%
[  36.40] I (3722) ESP32_P4_EV: Setting LCD backlight: 45%
[  36.40] I (3726) main: heap display        internal=243KB largest=204KB dma=205KB psram=27600KB
[  36.40] I (3875) fnos_view: dashboard v2 created (4 pages, 180 s window)
[  36.40] W (3875) main: VERIFY MODE: auto page every 10 s
[  36.40] I (3875) main: heap ui             internal=243KB largest=204KB dma=205KB psram=27508KB
[  36.40] I (3881) fnos_data: polling http://192.168.0.119:8799/api/v1/status every 1000 ms
[  36.40] I (3889) main: heap polling        internal=243KB largest=204KB dma=205KB psram=27494KB
[  36.40] I (3896) ESP32_P4_EV: Setting LCD backlight: 45%
[  36.40] I (3901) main: backlight 45% (day)
[  36.40] I (3904) main: boot complete
[  36.40] I (3906) main_task: Returned from app_main()
[  36.71] I (4375) uidbg: unit0 x=85 y=57 w=0 h=22 style_x=85 style_y=57 hidden=0 text='' par_w=209
[  36.71] I (4375) uidbg: val0 x=18 y=32 w=42 h=52 text='--'
[  36.71] I (4376) uidbg: geom cpu_bar w=760 h=44  mem_bar w=760 h=44  mbar0 w=2  seg0 w=0
[  37.11] 
[  37.11] assert failed: heap_caps_free heap_caps_base.c:80 (heap != NULL && "free() target pointer is outside heap areas")
[  37.11] Core  1 register dump:
[  37.11] MEPC    : 0x4ff4abec  RA      : 0x4ff4a76c  SP      : 0x48103d20  GP      : 0x4ff56f80  
[  37.11] TP      : 0x481040e0  T0      : 0x37363534  T1      : 0x7271706f  T2      : 0x33323130  
[  37.11] S0/FP   : 0x00000001  S1      : 0x00000056  A0      : 0x48103d68  A1      : 0x4ff58e05  
[  37.11] A2      : 0x00000001  A3      : 0x4ff5e000  A4      : 0x00000001  A5      : 0x4ff5e000  
[  37.11] A6      : 0x0000000c  A7      : 0x76757473  S2      : 0x48103d68  S3      : 0x48103da1  
[  37.11] S4      : 0x4ff58e04  S5      : 0x48103d68  S6      : 0x4ff5c564  S7      : 0x4ff5c548  
[  37.11] S8      : 0x48134000  S9      : 0x48194000  S10     : 0x48123000  S11     : 0x4811e000  
[  37.11] T3      : 0x6e6d6c6b  T4      : 0x6a696867  T5      : 0x66656463  T6      : 0x62613938  
[  37.11] MSTATUS : 0x00011881  MTVEC   : 0x4ff40003  MCAUSE  : 0x00000002  MTVAL   : 0x00000000  
[  37.11] MHARTID : 0x00000001  
[  37.11] 
[  37.11] Stack memory:
[  37.11] 48103d20: 0x4818d2e8 0x48103de8 0x48136e6c 0x4ff54140 0x00003038 0x000001fd 0x00000000 0x00000000
[  37.11] 48103d40: 0x00000000 0x4ff5983c 0x48136e6c 0x4ff59820 0x48112d12 0x4ff5984c 0x48103d30 0x4ff59850
[  37.11] 48103d60: 0x48112cbc 0x4ff58e04 0x65737361 0x66207472 0x656c6961 0x68203a64 0x5f706165 0x73706163
[  37.11] 48103d80: 0x6572665f 0x65682065 0x635f7061 0x5f737061 0x65736162 0x383a632e 0x68282030 0x20706165
[  37.11] 48103da0: 0x4e203d21 0x204c4c55 0x22202626 0x65657266 0x74202928 0x65677261 0x6f702074 0x65746e69
[  37.11] 48103dc0: 0x73692072 0x74756f20 0x65646973 0x61656820 0x72612070 0x22736165 0x48190029 0x4ff52506
[  37.11] 48103de0: 0x485229dc 0x0000003c 0x48522a1c 0x4801aaf0 0x4ff5c68c 0x00000404 0x0000000c 0x48063e1e
[  37.11] 48103e00: 0x00000001 0x00000013 0x4818c584 0x48057300 0x00000404 0x0000000c 0x4818c584 0x48084a96
[  37.11] 48103e20: 0x00000042 0x48103e4c 0x4818c584 0x48084c46 0x4ff5c564 0x00000000 0x4ff5c558 0x4ff5c538
[  37.11] 48103e40: 0x00000001 0x48134d98 0x48109b84 0x4ff40ac2 0x00000001 0x48135000 0x48108454 0x48063f68
[  37.11] 48103e60: 0x48103f00 0x48135000 0x48193970 0x4801ea2c 0x0000002c 0x00000002 0x00000000 0x00000000
[  37.11] 48103e80: 0x48107ad8 0x000000d1 0x00000000 0x00000002 0x00000900 0x48103f40 0x00000000 0x00000001
[  37.11] 48103ea0: 0x00001000 0x00000000 0x00000000 0x48194150 0x00000000 0x00000000 0x00000000 0x00000000
[  37.11] 48103ec0: 0x00000000 0x00000000 0x0022c55e 0x00000000 0x00000000 0x0000000e 0x00000000 0x00000001
[  37.11] 48103ee0: 0x00000000 0x00000046 0x00000004 0x00000000 0x00000000 0x48103f30 0x4818ee20 0x4802c7f6
[  37.11] 48103f00: 0x48432036 0x534b4345 0xaab8e400 0xe6b095e6 0xb8e5ae8d 0x481000a7 0x48103f90 0x4802d5a6
[  37.11] 48103f20: 0x48103f16 0x00000002 0x48103f40 0x00000001 0x4ff5c68c 0x00000000 0x4818ee20 0x4802cb2c
[  37.11] 48103f40: 0xe98787e9 0x3120869b 0x312e3239 0x302e3836 0x3931312e 0x3937383a 0xb7c22039 0x89ade720
[  37.11] 48103f60: 0xe985bee5 0xb8e496a6 0xb095e6aa 0xe5ae8de6 0x4800a7b8 0x00000004 0x00000002 0xffffffff
[  37.11] 48103f80: 0x4ff5c68c 0x48103fc0 0x4ff877e4 0x48027082 0x4ff5c000 0x00000004 0x00000000 0x00000000
[  37.11] 48103fa0: 0x4ff5c68c 0x00000001 0x00000000 0x00000000 0x00000000 0x00000001 0x4ff87928 0x4ff4f1ee
[  37.12] 48103fc0: 0x00000000 0x00000003 0x00000000 0x4ffbe9e8 0x4ffbea18 0x00000000 0x4ffbe9c4 0x4ff4f3ee
[  37.12] 48103fe0: 0x4ffbea18 0x00000000 0x4ffbe9c4 0x4ff4bd10 0x481040e0 0x00000000 0x381e0000 0xffffffff
[  37.12] 48104000: 0x4ff5df9c 0x00000003 0x00000000 0x00000000 0x4ffbf160 0x00000000 0x00000001 0x00000000
[  37.12] 48104020: 0x00000000 0x00000000 0x00000000 0x485227d8 0x00000399 0x00000001 0x00010000 0xffffffff
[  37.12] 48104040: 0x4ff5c000 0x4ff5c68c 0x4818f018 0x48056a46 0x48103f16 0x00000003 0x00000001 0x000003e8
[  37.12] 48104060: 0x00000000 0xffffffff 0x4ffbf10c 0x00000000 0x00000000 0x00000003 0x00000001 0x000003e8
[  37.12] 48104080: 0x10624dd3 0x0000000f 0x4ff5c5a8 0x48023e8e 0x00000000 0x00000000 0x00000000 0x00000000
[  37.12] 481040a0: 0x00000000 0x00000000 0x00000000 0x00000000 0x00000000 0x00000000 0x00000000 0x00000000
[  37.12] 481040c0: 0x00000000 0x00000000 0x00000000 0x00000000 0x00000000 0xa5a5a5a5 0xa5a5a5a5 0xa5a5a5a5
[  37.12] 481040e0: 0x30100000 0x00000144 0x50115737 0x15c72683 0x01000637 0x501117b7 0x2e238ed1 0xa5a5a5a5
[  37.40] 48104100: 0x00000001 0x48101128 0x48101128 0x00000000 0x00000000 0x00000000 0xa5a5a5a5 0xa5a5a5a5
[  37.40] 
[  37.40] 
[  37.40] 
[  37.40] ELF file SHA256: bbb070c02
[  37.40] 
[  37.40] Rebooting...
[  37.40] ESP-ROM:esp32p4-eco7-20260109
[  37.40] Build:Jan  9 2026
[  37.40] rst:0xc (SW_CPU_RESET),boot:0xf (SPI_FAST_FLASH_BOOT)
[  37.40] Core0 Saved PC:0x4ff444de
[  37.40] Core1 Saved PC:0x4ff4ace6
[  37.40] SPI mode:DIO, clock div:1
[  37.40] load:0x4ffb60d0,len:0x11f0
[  37.40] load:0x4ffac2c0,len:0xd5c
[  37.40] load:0x4ffaefc0,len:0x3408
[  37.40] entry 0x4ffac2c0
[  37.40] I (226) hex_psram: vendor id    : 0x0d (AP)
[  37.40] I (227) hex_psram: Latency      : 0x01 (Fixed)
[  37.40] I (227) hex_psram: DriveStr.    : 0x00 (25 Ohm)
[  37.40] I (227) hex_psram: dev id       : 0x03 (generation 4)
[  37.40] I (232) hex_psram: density      : 0x07 (256 Mbit)
[  37.40] I (236) hex_psram: good-die     : 0x06 (Pass)
[  37.40] I (241) hex_psram: SRF          : 0x02 (Slow Refresh)
[  37.40] I (245) hex_psram: BurstType    : 0x00 ( Wrap)
[  37.40] I (250) hex_psram: BurstLen     : 0x03 (2048 Byte)
[  37.40] I (254) hex_psram: BitMode      : 0x01 (X16 Mode)
[  37.40] I (258) hex_psram: Readlatency  : 0x04 (14 cycles@Fixed)
[  37.40] I (263) hex_psram: DriveStrength: 0x00 (1/1)
[  37.40] I (267) MSPI Timing: Enter psram timing tuning
[  37.63] I esp_psram: Found 32MB PSRAM device
[  37.63] I esp_psram: Speed: 200MHz
[  37.63] I (455) mmu_psram: .rodata xip on psram
[  37.63] I (505) mmu_psram: .text xip on psram
[  37.63] I (506) hex_psram: psram CS IO is dedicated
[  37.63] I (507) cpu_start: Multicore app
[  38.26] I (928) esp_psram: SPI SRAM memory test OK
[  38.26] I (938) cpu_start: GPIO 38 and 37 are used as console UART I/O pins
[  38.26] I (938) cpu_start: Pro cpu start user code
[  38.26] I (939) cpu_start: cpu freq: 400000000 Hz
[  38.26] I (940) app_init: Application information:
[  38.26] I (944) app_init: Project name:     fnos_monitor
[  38.26] I (949) app_init: App version:      0.1.0
[  38.26] I (952) app_init: Compile time:     Sep 28 2026 00:46:10
[  38.26] I (957) app_init: ELF file SHA256:  bbb070c02...
[  38.26] I (962) app_init: ESP-IDF:          5.5.3
[  38.26] I (965) efuse_init: Min chip rev:     v3.0
[  38.26] I (969) efuse_init: Max chip rev:     v3.99 
[  38.26] I (973) efuse_init: Chip rev:         v3.2
[  38.26] I (977) heap_init: Initializing. RAM available for dynamic allocation:
[  38.26] I (983) heap_init: At 4FF5E490 len 0005CB30 (370 KiB): RETENT_RAM
[  38.26] I (989) heap_init: At 4FFBAFC0 len 00004BF0 (18 KiB): RAM
[  38.26] I (994) heap_init: At 501080D8 len 00000028 (0 KiB): RTCRAM
[  38.26] I (1000) heap_init: At 501081A0 len 00007E60 (31 KiB): RTCRAM
[  38.26] I (1005) heap_init: At 30100198 len 00001E68 (7 KiB): TCM
[  38.61] I (1010) esp_psram: Adding pool of 31151K of PSRAM memory to heap allocator
[  38.61] I (1017) esp_psram: Adding pool of 60K of PSRAM memory gap generated due to end address alignment of irom to the heap allocator
[  38.61] I (1028) esp_psram: Adding pool of 35K of PSRAM memory gap generated due to end address alignment of drom to the heap allocator
[  38.61] I (1039) spi_flash: detected chip: gd
[  38.61] I (1043) spi_flash: flash io: qio
[  38.61] I (1046) host_init: ESP Hosted : Host chip_ip[18]
[  38.61] I (1050) H_API: ESP-Hosted starting. Hosted_Tasks: prio:23, stack: 5120 RPC_task_stack: 5120
[  38.61] sdio_mempool_create free:32400744 min-free:32400744 lfb-def:31457280 lfb-8bit:31457280
[  38.61] 
[  38.61] I (1066) H_API: ** add_esp_wifi_remote_channels **
[  38.61] I (1071) transport: Add ESP-Hosted channel IF[1]: S[0] Tx[0x4800b6dc] Rx[0x4801a922]
[  38.61] I (1078) transport: Add ESP-Hosted channel IF[2]: S[0] Tx[0x4800b622] Rx[0x4801a922]
[  38.61] I (1086) sleep_gpio: Configure to isolate all GPIO pins in sleep state
[  38.61] I (1092) sleep_gpio: Enable automatic switching of GPIO sleep configuration
[  38.61] I (1099) main_task: Started on CPU0
[  38.61] I (1103) main_task: Calling app_main()
[  38.61] I (1109) main: fnOS NAS dashboard booting (agent http://192.168.0.119:8799)
[  38.61] I (1112) main: heap boot           internal=363KB largest=304KB dma=325KB psram=31242KB
[  38.61] I (1121) transport: Attempt connection with slave: retry[0]
[  38.61] I (1125) transport: Reset slave using GPIO[54]
[  38.61] I (1129) os_wrapper_esp: GPIO [54] configured
[  39.57] I (2299) sdio_wrapper: SDIO master: Data-Lines: 4-bit Freq(KHz)[40000 KHz]
[  39.58] I (2299) sdio_wrapper: GPIOs: CLK[18] CMD[19] D0[14] D1[15] D2[16] D3[17] Slave_Reset[54]
[  39.58] I (2299) H_SDIO_DRV: Starting SDIO process rx task
[  39.58] I (2302) sdio_wrapper: Queues: Tx[20] Rx[20] SDIO-Rx-Mode[1]
[  39.58] Name: 
[  39.58] Type: SDIO
[  39.58] Speed: 40.00 MHz (limit: 40.00 MHz)
[  39.58] Size: 0MB
[  39.58] CSD: ver=1, sector_size=0, capacity=0 read_bl_len=0
[  39.58] SCR: sd_spec=0, bus_width=0
[  39.58] TUPLE: DEVICE, size: 3: D9 01 FF 
[  39.58] TUPLE: MANFID, size: 4
[  39.58]   MANF: 0092, CARD: 6666
[  39.58] TUPLE: FUNCID, size: 2: 0C 00 
[  39.58] TUPLE: FUNCE, size: 4: 00 00 02 32 
[  39.58] TUPLE: CONFIG, size: 5: 01 01 00 02 07 
[  39.58] TUPLE: CFTABLE_ENTRY, size: 8
[  39.58]   INDX: C1, Intface: 1, Default: 1, Conf-Entry-Num: 1
[  39.58]   IF: 41
[  39.58]   FS: 30, misc: 0, mem_space: 1, irq: 1, io_space: 0, timing: 0, power: 0
[  39.58]   IR: 30, mask: 1,   IRQ: FF FF
[  39.58]   LEN: FFFF
[  39.58] TUPLE: END
[  39.58] I (2385) sdio_wrapper: Function 0 Blocksize: 512
[  39.58] I (2389) sdio_wrapper: Function 1 Blocksize: 512
[  39.58] I (2393) H_SDIO_DRV: SDIO Host operating in STREAMING MODE
[  39.58] I (2398) H_SDIO_DRV: generate slave intr
[  39.58] I (2403) transport: Received INIT event from ESP32 peripheral
[  39.58] I (2407) transport: EVENT: 12
[  39.58] I (2410) transport: EVENT: 11
[  39.58] I (2413) transport: capabilities: 0xd
[  39.58] I (2416) transport: Features supported are:
[  39.58] I (2420) transport: 	 * WLAN
[  39.92] I (2423) transport: 	   - HCI over SDIO
[  39.92] I (2426) transport: 	   - BLE only
[  39.92] I (2429) transport: EVENT: 13
[  39.92] I (2432) transport: ESP board type is : 13 
[  39.92] 
[  39.92] I (2436) transport: Base transport is set-up
[  39.92] 
[  39.92] I (2440) transport: Slave chip Id[12]
[  39.92] I (2444) hci_stub_drv: Host BT Support: Disabled
[  39.92] I (2448) H_SDIO_DRV: Received INIT event
[  40.60] I (3453) fnos_net: wifi station started; awaiting ip
[  40.60] I (3454) esp_lvgl:adapter: LVGL adapter initialized successfully
[  40.60] W (3454) ledc: GPIO 32 is not usable, maybe conflict with others
[  40.60] I (3458) ESP32_P4_EV: MIPI DSI PHY Powered on
[  40.60] I (3463) ESP32_P4_EV: Install MIPI DSI LCD control panel
[  40.60] I (3467) ESP32_P4_EV: Install EK79007 LCD control panel
[  40.60] I (3472) ek79007: version: 2.0.2
[  40.60] I (3474) H_API: esp_wifi_remote_connect
[  40.86] I (3649) ESP32_P4_EV: Display initialized
[  40.86] I (3650) esp_lvgl:bridge_v9: Initializing hardware resources
[  40.86] I (3650) esp_lvgl:bridge_v9: Hardware resources initialized successfully
[  40.86] I (3653) esp_lvgl:bridge: Initializing hardware resources
[  40.86] I (3658) esp_lvgl:bridge: Hardware resources initialized successfully
[  40.86] W (3664) esp_lvgl:bridge_v9: on_frame_buf_complete unavailable; buffer-switch release and dummy-draw may not function on MIPI DSI
[  40.86] I (3676) ESP32_P4_EV: Touch 0x5d found
[  40.86] I (3679) GT911: I2C address initialization procedure skipped - using default GT9xx setup
[  40.86] I (3687) GT911: TouchPad_ID:0x39,0x31,0x31
[  40.86] I (3691) GT911: TouchPad_Config_Version:91
[  40.86] W (3695) esp_lvgl:touch: LV_USE_GESTURE_RECOGNITION is disabled; only single-point pointer events are available
[  40.86] I (3704) esp_lvgl:touch: Touch input device registered successfully (IRQ mode: disabled)
[  40.86] I (3713) esp_lvgl:adapter: LVGL task started successfully
[  40.86] I (3717) ESP32_P4_EV: Setting LCD backlight: 100%
[  41.20] I (3722) ESP32_P4_EV: Setting LCD backlight: 45%
[  41.20] I (3726) main: heap display        internal=243KB largest=204KB dma=205KB psram=27600KB
[  41.20] I (3875) fnos_view: dashboard v2 created (4 pages, 180 s window)
[  41.20] W (3875) main: VERIFY MODE: auto page every 10 s
[  41.20] I (3875) main: heap ui             internal=243KB largest=204KB dma=205KB psram=27508KB
[  41.20] I (3881) fnos_data: polling http://192.168.0.119:8799/api/v1/status every 1000 ms
[  41.20] I (3889) main: heap polling        internal=243KB largest=204KB dma=205KB psram=27494KB
[  41.20] I (3896) ESP32_P4_EV: Setting LCD backlight: 45%
[  41.20] I (3901) main: backlight 45% (day)
[  41.20] I (3904) main: boot complete
[  41.20] I (3906) main_task: Returned from app_main()
[  41.51] I (4375) uidbg: unit0 x=85 y=57 w=0 h=22 style_x=85 style_y=57 hidden=0 text='' par_w=209
[  41.51] I (4375) uidbg: val0 x=18 y=32 w=42 h=52 text='--'
[  41.51] I (4376) uidbg: geom cpu_bar w=760 h=44  mem_bar w=760 h=44  mbar0 w=2  seg0 w=0
[  41.91] 
[  41.91] assert failed: heap_caps_free heap_caps_base.c:80 (heap != NULL && "free() target pointer is outside heap areas")
[  41.91] Core  1 register dump:
[  41.91] MEPC    : 0x4ff4abec  RA      : 0x4ff4a76c  SP      : 0x48103d20  GP      : 0x4ff56f80  
[  41.91] TP      : 0x481040e0  T0      : 0x37363534  T1      : 0x7271706f  T2      : 0x33323130  
[  41.91] S0/FP   : 0x00000001  S1      : 0x00000056  A0      : 0x48103d68  A1      : 0x4ff58e05  
[  41.91] A2      : 0x00000001  A3      : 0x4ff5e000  A4      : 0x00000001  A5      : 0x4ff5e000  
[  41.91] A6      : 0x0000000c  A7      : 0x76757473  S2      : 0x48103d68  S3      : 0x48103da1  
[  41.91] S4      : 0x4ff58e04  S5      : 0x48103d68  S6      : 0x4ff5c564  S7      : 0x4ff5c548  
[  41.91] S8      : 0x48134000  S9      : 0x48194000  S10     : 0x48123000  S11     : 0x4811e000  
[  41.91] T3      : 0x6e6d6c6b  T4      : 0x6a696867  T5      : 0x66656463  T6      : 0x62613938  
[  41.91] MSTATUS : 0x00011881  MTVEC   : 0x4ff40003  MCAUSE  : 0x00000002  MTVAL   : 0x00000000  
[  41.91] MHARTID : 0x00000001  
[  41.91] 
[  41.91] Stack memory:
[  41.91] 48103d20: 0x00000000 0x48103d44 0x48136e6c 0x4ff54140 0x00003038 0x000001fd 0x00000000 0x00000000
[  41.91] 48103d40: 0x00000000 0x4ff5983c 0x48136e6c 0x4ff59820 0x48112d12 0x4ff5984c 0x48103d30 0x4ff59850
[  41.91] 48103d60: 0x48112cbc 0x4ff58e04 0x65737361 0x66207472 0x656c6961 0x68203a64 0x5f706165 0x73706163
[  41.91] 48103d80: 0x6572665f 0x65682065 0x635f7061 0x5f737061 0x65736162 0x383a632e 0x68282030 0x20706165
[  41.91] 48103da0: 0x4e203d21 0x204c4c55 0x22202626 0x65657266 0x74202928 0x65677261 0x6f702074 0x65746e69
[  41.91] 48103dc0: 0x73692072 0x74756f20 0x65646973 0x61656820 0x72612070 0x22736165 0x48190029 0x4ff52506
[  41.91] 48103de0: 0x485229dc 0x0000003c 0x48522a1c 0x4801aaf0 0x4ff5c68c 0x00000404 0x0000000c 0x48063e1e
[  41.91] 48103e00: 0x00000001 0x00000013 0x4818c584 0x48057300 0x00000404 0x0000000c 0x4818c584 0x48084a96
[  41.91] 48103e20: 0x00000042 0x48103e4c 0x4818c584 0x48084c46 0x4ff5c564 0x00000000 0x4ff5c558 0x4ff5c538
[  41.91] 48103e40: 0x00000001 0x48134d98 0x48109b84 0x4ff40ac2 0x00000001 0x48135000 0x48108454 0x48063f68
[  41.91] 48103e60: 0x48103f00 0x48135000 0x48193970 0x4801ea2c 0x0000002c 0x00000002 0x00000000 0x00000000
[  41.91] 48103e80: 0x48107ad8 0x000000d1 0x00000000 0x00000002 0x00000900 0x48103f40 0x00000000 0x00000001
[  41.91] 48103ea0: 0x00001000 0x00000000 0x00000000 0x48194150 0x00000000 0x00000000 0x00000000 0x00000000
[  41.91] 48103ec0: 0x00000000 0x00000000 0x0022c55e 0x00000000 0x00000000 0x0000000e 0x00000000 0x00000001
[  41.91] 48103ee0: 0x00000000 0x00000046 0x00000004 0x00000000 0x00000000 0x48103f30 0x4818ee20 0x4802c7f6
[  41.91] 48103f00: 0x48432036 0x534b4345 0xaab8e400 0xe6b095e6 0xb8e5ae8d 0x481000a7 0x48103f90 0x4802d5a6
[  41.91] 48103f20: 0x48103f16 0x00000002 0x48103f40 0x00000001 0x4ff5c68c 0x00000000 0x4818ee20 0x4802cb2c
[  41.91] 48103f40: 0xe98787e9 0x3120869b 0x312e3239 0x302e3836 0x3931312e 0x3937383a 0xb7c22039 0x89ade720
[  41.91] 48103f60: 0xe985bee5 0xb8e496a6 0xb095e6aa 0xe5ae8de6 0x4800a7b8 0x00000004 0x00000002 0xffffffff
[  41.91] 48103f80: 0x4ff5c68c 0x48103fc0 0x4ff877e4 0x48027082 0x4ff5c000 0x00000004 0x00000000 0x00000000
[  41.92] 48103fa0: 0x4ff5c68c 0x00000001 0x00000000 0x00000000 0x00000000 0x00000001 0x4ff87928 0x4ff4f1ee
[  41.92] 48103fc0: 0x00000000 0x00000003 0x00000000 0x4ffbe9e8 0x4ffbea18 0x00000000 0x4ffbe9c4 0x4ff4f3ee
[  41.92] 48103fe0: 0x4ffbea18 0x00000000 0x4ffbe9c4 0x4ff4bd10 0x481040e0 0x00000000 0x381e0000 0xffffffff
[  41.92] 48104000: 0x4ff5df9c 0x00000003 0x00000000 0x00000000 0x4ffbf160 0x00000000 0x00000001 0x00000000
[  41.92] 48104020: 0x00000000 0x00000000 0x00000000 0x485227d8 0x00000399 0x00000001 0x00010000 0xffffffff
[  41.92] 48104040: 0x4ff5c000 0x4ff5c68c 0x4818f018 0x48056a46 0x48103f16 0x00000003 0x00000001 0x000003e8
[  41.92] 48104060: 0x00000000 0xffffffff 0x4ffbf10c 0x00000000 0x00000000 0x00000003 0x00000001 0x000003e8
[  41.92] 48104080: 0x10624dd3 0x0000000f 0x4ff5c5a8 0x48023e8e 0x00000000 0x00000000 0x00000000 0x00000000
[  41.92] 481040a0: 0x00000000 0x00000000 0x00000000 0x00000000 0x00000000 0x00000000 0x00000000 0x00000000
[  41.92] 481040c0: 0x00000000 0x00000000 0x00000000 0x00000000 0x00000000 0xa5a5a5a5 0xa5a5a5a5 0xa5a5a5a5
[  41.92] 481040e0: 0x30100000 0x00000144 0x50115737 0x15c72683 0x01000637 0x501117b7 0x2e238ed1 0xa5a5a5a5
[  42.20] 48104100: 0x00000001 0x48101128 0x48101128 0x00000000 0x00000000 0x00000000 0xa5a5a5a5 0xa5a5a5a5
[  42.20] 
[  42.20] 
[  42.20] 
[  42.20] ELF file SHA256: bbb070c02
[  42.20] 
[  42.20] Rebooting...
[  42.20] ESP-ROM:esp32p4-eco7-20260109
[  42.20] Build:Jan  9 2026
[  42.20] rst:0xc (SW_CPU_RESET),boot:0xf (SPI_FAST_FLASH_BOOT)
[  42.20] Core0 Saved PC:0x4ff444de
[  42.20] Core1 Saved PC:0x4ff4ace6
[  42.20] SPI mode:DIO, clock div:1
[  42.20] load:0x4ffb60d0,len:0x11f0
[  42.20] load:0x4ffac2c0,len:0xd5c
[  42.20] load:0x4ffaefc0,len:0x3408
[  42.20] entry 0x4ffac2c0
[  42.20] I (226) hex_psram: vendor id    : 0x0d (AP)
[  42.20] I (227) hex_psram: Latency      : 0x01 (Fixed)
[  42.20] I (227) hex_psram: DriveStr.    : 0x00 (25 Ohm)
[  42.20] I (227) hex_psram: dev id       : 0x03 (generation 4)
[  42.20] I (232) hex_psram: density      : 0x07 (256 Mbit)
[  42.20] I (236) hex_psram: good-die     : 0x06 (Pass)
[  42.20] I (241) hex_psram: SRF          : 0x02 (Slow Refresh)
[  42.20] I (245) hex_psram: BurstType    : 0x00 ( Wrap)
[  42.20] I (250) hex_psram: BurstLen     : 0x03 (2048 Byte)
[  42.20] I (254) hex_psram: BitMode      : 0x01 (X16 Mode)
[  42.20] I (258) hex_psram: Readlatency  : 0x04 (14 cycles@Fixed)
[  42.20] I (263) hex_psram: DriveStrength: 0x00 (1/1)
[  42.20] I (267) MSPI Timing: Enter psram timing tuning
[  42.43] I esp_psram: Found 32MB PSRAM device
[  42.43] I esp_psram: Speed: 200MHz
[  42.43] I (455) mmu_psram: .rodata xip on psram
[  42.43] I (505) mmu_psram: .text xip on psram
[  42.43] I (506) hex_psram: psram CS IO is dedicated
[  42.43] I (507) cpu_start: Multicore app
[  43.06] I (928) esp_psram: SPI SRAM memory test OK
[  43.06] I (938) cpu_start: GPIO 38 and 37 are used as console UART I/O pins
[  43.06] I (938) cpu_start: Pro cpu start user code
[  43.06] I (939) cpu_start: cpu freq: 400000000 Hz
[  43.06] I (940) app_init: Application information:
[  43.06] I (944) app_init: Project name:     fnos_monitor
[  43.06] I (949) app_init: App version:      0.1.0
[  43.06] I (952) app_init: Compile time:     Sep 28 2026 00:46:10
[  43.06] I (957) app_init: ELF file SHA256:  bbb070c02...
[  43.06] I (962) app_init: ESP-IDF:          5.5.3
[  43.06] I (965) efuse_init: Min chip rev:     v3.0
[  43.06] I (969) efuse_init: Max chip rev:     v3.99 
[  43.06] I (973) efuse_init: Chip rev:         v3.2
[  43.06] I (977) heap_init: Initializing. RAM available for dynamic allocation:
[  43.06] I (983) heap_init: At 4FF5E490 len 0005CB30 (370 KiB): RETENT_RAM
[  43.06] I (989) heap_init: At 4FFBAFC0 len 00004BF0 (18 KiB): RAM
[  43.06] I (994) heap_init: At 501080D8 len 00000028 (0 KiB): RTCRAM
[  43.06] I (1000) heap_init: At 501081A0 len 00007E60 (31 KiB): RTCRAM
[  43.06] I (1005) heap_init: At 30100198 len 00001E68 (7 KiB): TCM
[  43.41] I (1010) esp_psram: Adding pool of 31151K of PSRAM memory to heap allocator
[  43.41] I (1017) esp_psram: Adding pool of 60K of PSRAM memory gap generated due to end address alignment of irom to the heap allocator
[  43.41] I (1028) esp_psram: Adding pool of 35K of PSRAM memory gap generated due to end address alignment of drom to the heap allocator
[  43.41] I (1039) spi_flash: detected chip: gd
[  43.41] I (1043) spi_flash: flash io: qio
[  43.41] I (1046) host_init: ESP Hosted : Host chip_ip[18]
[  43.41] I (1050) H_API: ESP-Hosted starting. Hosted_Tasks: prio:23, stack: 5120 RPC_task_stack: 5120
[  43.41] sdio_mempool_create free:32400744 min-free:32400744 lfb-def:31457280 lfb-8bit:31457280
[  43.41] 
[  43.41] I (1066) H_API: ** add_esp_wifi_remote_channels **
[  43.41] I (1071) transport: Add ESP-Hosted channel IF[1]: S[0] Tx[0x4800b6dc] Rx[0x4801a922]
[  43.41] I (1078) transport: Add ESP-Hosted channel IF[2]: S[0] Tx[0x4800b622] Rx[0x4801a922]
[  43.41] I (1086) sleep_gpio: Configure to isolate all GPIO pins in sleep state
[  43.41] I (1092) sleep_gpio: Enable automatic switching of GPIO sleep configuration
[  43.41] I (1099) main_task: Started on CPU0
[  43.41] I (1103) main_task: Calling app_main()
[  43.41] I (1109) main: fnOS NAS dashboard booting (agent http://192.168.0.119:8799)
[  43.41] I (1112) main: heap boot           internal=363KB largest=304KB dma=325KB psram=31242KB
[  43.41] I (1121) transport: Attempt connection with slave: retry[0]
[  43.41] I (1125) transport: Reset slave using GPIO[54]
[  43.41] I (1129) os_wrapper_esp: GPIO [54] configured
[  44.38] I (2299) sdio_wrapper: SDIO master: Data-Lines: 4-bit Freq(KHz)[40000 KHz]
[  44.38] I (2299) sdio_wrapper: GPIOs: CLK[18] CMD[19] D0[14] D1[15] D2[16] D3[17] Slave_Reset[54]
[  44.38] I (2299) H_SDIO_DRV: Starting SDIO process rx task
[  44.38] I (2302) sdio_wrapper: Queues: Tx[20] Rx[20] SDIO-Rx-Mode[1]
[  44.38] Name: 
[  44.38] Type: SDIO
[  44.38] Speed: 40.00 MHz (limit: 40.00 MHz)
[  44.38] Size: 0MB
[  44.38] CSD: ver=1, sector_size=0, capacity=0 read_bl_len=0
[  44.38] SCR: sd_spec=0, bus_width=0
[  44.38] TUPLE: DEVICE, size: 3: D9 01 FF 
[  44.38] TUPLE: MANFID, size: 4
[  44.38]   MANF: 0092, CARD: 6666
[  44.38] TUPLE: FUNCID, size: 2: 0C 00 
[  44.38] TUPLE: FUNCE, size: 4: 00 00 02 32 
[  44.38] TUPLE: CONFIG, size: 5: 01 01 00 02 07 
[  44.38] TUPLE: CFTABLE_ENTRY, size: 8
[  44.38]   INDX: C1, Intface: 1, Default: 1, Conf-Entry-Num: 1
[  44.38]   IF: 41
[  44.38]   FS: 30, misc: 0, mem_space: 1, irq: 1, io_space: 0, timing: 0, power: 0
[  44.38]   IR: 30, mask: 1,   IRQ: FF FF
[  44.38]   LEN: FFFF
[  44.38] TUPLE: END
[  44.38] I (2385) sdio_wrapper: Function 0 Blocksize: 512
[  44.38] I (2389) sdio_wrapper: Function 1 Blocksize: 512
[  44.38] I (2393) H_SDIO_DRV: SDIO Host operating in STREAMING MODE
[  44.38] I (2398) H_SDIO_DRV: generate slave intr
[  44.38] I (2403) transport: Received INIT event from ESP32 peripheral
[  44.38] I (2407) transport: EVENT: 12
[  44.38] I (2410) transport: EVENT: 11
[  44.38] I (2413) transport: capabilities: 0xd
[  44.38] I (2416) transport: Features supported are:
[  44.38] I (2420) transport: 	 * WLAN
[  44.72] I (2423) transport: 	   - HCI over SDIO
[  44.72] I (2426) transport: 	   - BLE only
[  44.72] I (2429) transport: EVENT: 13
[  44.72] I (2432) transport: ESP board type is : 13 
[  44.72] 
[  44.72] I (2436) transport: Base transport is set-up
[  44.72] 
[  44.72] I (2440) transport: Slave chip Id[12]
[  44.72] I (2444) hci_stub_drv: Host BT Support: Disabled
[  44.72] I (2448) H_SDIO_DRV: Received INIT event
[  45.40] I (3453) fnos_net: wifi station started; awaiting ip
[  45.40] I (3454) esp_lvgl:adapter: LVGL adapter initialized successfully
[  45.40] W (3454) ledc: GPIO 32 is not usable, maybe conflict with others
[  45.40] I (3458) ESP32_P4_EV: MIPI DSI PHY Powered on
[  45.40] I (3463) ESP32_P4_EV: Install MIPI DSI LCD control panel
[  45.40] I (3467) ESP32_P4_EV: Install EK79007 LCD control panel
[  45.40] I (3472) ek79007: version: 2.0.2
[  45.40] I (3474) H_API: esp_wifi_remote_connect
[  45.66] I (3649) ESP32_P4_EV: Display initialized
[  45.66] I (3650) esp_lvgl:bridge_v9: Initializing hardware resources
[  45.66] I (3650) esp_lvgl:bridge_v9: Hardware resources initialized successfully
[  45.66] I (3653) esp_lvgl:bridge: Initializing hardware resources
[  45.66] I (3658) esp_lvgl:bridge: Hardware resources initialized successfully
[  45.66] W (3664) esp_lvgl:bridge_v9: on_frame_buf_complete unavailable; buffer-switch release and dummy-draw may not function on MIPI DSI
[  45.66] I (3676) ESP32_P4_EV: Touch 0x5d found
[  45.66] I (3679) GT911: I2C address initialization procedure skipped - using default GT9xx setup
[  45.66] I (3687) GT911: TouchPad_ID:0x39,0x31,0x31
[  45.66] I (3691) GT911: TouchPad_Config_Version:91
[  45.66] W (3695) esp_lvgl:touch: LV_USE_GESTURE_RECOGNITION is disabled; only single-point pointer events are available
[  45.66] I (3704) esp_lvgl:touch: Touch input device registered successfully (IRQ mode: disabled)
[  45.66] I (3713) esp_lvgl:adapter: LVGL task started successfully
[  45.66] I (3717) ESP32_P4_EV: Setting LCD backlight: 100%
[  46.01] I (3722) ESP32_P4_EV: Setting LCD backlight: 45%
[  46.01] I (3726) main: heap display        internal=243KB largest=204KB dma=205KB psram=27600KB
[  46.01] I (3875) fnos_view: dashboard v2 created (4 pages, 180 s window)
[  46.01] W (3875) main: VERIFY MODE: auto page every 10 s
[  46.01] I (3875) main: heap ui             internal=243KB largest=204KB dma=205KB psram=27508KB
[  46.01] I (3881) fnos_data: polling http://192.168.0.119:8799/api/v1/status every 1000 ms
[  46.01] I (3888) main: heap polling        internal=243KB largest=204KB dma=205KB psram=27494KB
[  46.01] I (3896) ESP32_P4_EV: Setting LCD backlight: 45%
[  46.01] I (3901) main: backlight 45% (day)
[  46.01] I (3904) main: boot complete
[  46.01] I (3906) main_task: Returned from app_main()
[  46.31] I (4375) uidbg: unit0 x=85 y=57 w=0 h=22 style_x=85 style_y=57 hidden=0 text='' par_w=209
[  46.31] I (4375) uidbg: val0 x=18 y=32 w=42 h=52 text='--'
[  46.31] I (4376) uidbg: geom cpu_bar w=760 h=44  mem_bar w=760 h=44  mbar0 w=2  seg0 w=0
[  46.71] 
[  46.71] assert failed: heap_caps_free heap_caps_base.c:80 (heap != NULL && "free() target pointer is outside heap areas")
[  46.71] Core  1 register dump:
[  46.71] MEPC    : 0x4ff4abec  RA      : 0x4ff4a76c  SP      : 0x48103d20  GP      : 0x4ff56f80  
[  46.71] TP      : 0x481040e0  T0      : 0x37363534  T1      : 0x7271706f  T2      : 0x33323130  
[  46.71] S0/FP   : 0x00000001  S1      : 0x00000056  A0      : 0x48103d68  A1      : 0x4ff58e05  
[  46.71] A2      : 0x00000001  A3      : 0x4ff5e000  A4      : 0x00000001  A5      : 0x4ff5e000  
[  46.71] A6      : 0x0000000c  A7      : 0x76757473  S2      : 0x48103d68  S3      : 0x48103da1  
[  46.71] S4      : 0x4ff58e04  S5      : 0x48103d68  S6      : 0x4ff5c564  S7      : 0x4ff5c548  
[  46.71] S8      : 0x48134000  S9      : 0x48194000  S10     : 0x48123000  S11     : 0x4811e000  
[  46.71] T3      : 0x6e6d6c6b  T4      : 0x6a696867  T5      : 0x66656463  T6      : 0x62613938  
[  46.71] MSTATUS : 0x00011881  MTVEC   : 0x4ff40003  MCAUSE  : 0x00000002  MTVAL   : 0x00000000  
[  46.71] MHARTID : 0x00000001  
[  46.71] 
[  46.71] Stack memory:
[  46.71] 48103d20: 0x00000000 0x48103d44 0x48136e6c 0x4ff54140 0x00003038 0x000001fd 0x00000000 0x00000000
[  46.71] 48103d40: 0x00000000 0x4ff5983c 0x48136e6c 0x4ff59820 0x48112d12 0x4ff5984c 0x48103d30 0x4ff59850
[  46.71] 48103d60: 0x48112cbc 0x4ff58e04 0x65737361 0x66207472 0x656c6961 0x68203a64 0x5f706165 0x73706163
[  46.71] 48103d80: 0x6572665f 0x65682065 0x635f7061 0x5f737061 0x65736162 0x383a632e 0x68282030 0x20706165
[  46.71] 48103da0: 0x4e203d21 0x204c4c55 0x22202626 0x65657266 0x74202928 0x65677261 0x6f702074 0x65746e69
[  46.71] 48103dc0: 0x73692072 0x74756f20 0x65646973 0x61656820 0x72612070 0x22736165 0x48190029 0x4ff52506
[  46.71] 48103de0: 0x485229dc 0x0000003c 0x48522a1c 0x4801aaf0 0x4ff5c68c 0x00000404 0x0000000c 0x48063e1e
[  46.71] 48103e00: 0x00000001 0x00000013 0x4818c584 0x48057300 0x00000404 0x0000000c 0x4818c584 0x48084a96
[  46.71] 48103e20: 0x00000042 0x48103e4c 0x4818c584 0x48084c46 0x4ff5c564 0x00000000 0x4ff5c558 0x4ff5c538
[  46.71] 48103e40: 0x00000001 0x48134d98 0x48109b84 0x4ff40ac2 0x00000001 0x48135000 0x48108454 0x48063f68
[  46.71] 48103e60: 0x48103f00 0x48135000 0x48193970 0x4801ea2c 0x0000002c 0x00000002 0x00000000 0x00000000
[  46.71] 48103e80: 0x48107ad8 0x000000d1 0x00000000 0x00000002 0x00000900 0x48103f40 0x00000000 0x00000001
[  46.71] 48103ea0: 0x00001000 0x00000000 0x00000000 0x48194150 0x00000000 0x00000000 0x00000000 0x00000000
[  46.71] 48103ec0: 0x00000000 0x00000000 0x0022c55e 0x00000000 0x00000000 0x0000000e 0x00000000 0x00000001
[  46.71] 48103ee0: 0x00000000 0x00000046 0x00000004 0x00000000 0x00000000 0x48103f30 0x4818ee20 0x4802c7f6
[  46.71] 48103f00: 0x48432036 0x534b4345 0xaab8e400 0xe6b095e6 0xb8e5ae8d 0x481000a7 0x48103f90 0x4802d5a6
[  46.71] 48103f20: 0x48103f16 0x00000002 0x48103f40 0x00000001 0x4ff5c68c 0x00000000 0x4818ee20 0x4802cb2c
[  46.71] 48103f40: 0xe98787e9 0x3120869b 0x312e3239 0x302e3836 0x3931312e 0x3937383a 0xb7c22039 0x89ade720
[  46.71] 48103f60: 0xe985bee5 0xb8e496a6 0xb095e6aa 0xe5ae8de6 0x4800a7b8 0x00000004 0x00000002 0xffffffff
[  46.72] 48103f80: 0x4ff5c68c 0x48103fc0 0x4ff877e4 0x48027082 0x4ff5c000 0x00000004 0x00000000 0x00000000
[  46.72] 48103fa0: 0x4ff5c68c 0x00000001 0x00000000 0x00000000 0x00000000 0x00000001 0x4ff87928 0x4ff4f1ee
[  46.72] 48103fc0: 0x00000000 0x00000003 0x00000000 0x4ffbe9e8 0x4ffbea18 0x00000000 0x4ffbe9c4 0x4ff4f3ee
[  46.72] 48103fe0: 0x4ffbea18 0x00000000 0x4ffbe9c4 0x4ff4bd10 0x481040e0 0x00000000 0x381e0000 0xffffffff
[  46.72] 48104000: 0x4ff5df9c 0x00000003 0x00000000 0x00000000 0x4ffbf160 0x00000000 0x00000001 0x00000000
[  46.72] 48104020: 0x00000000 0x00000000 0x00000000 0x485227d8 0x00000399 0x00000001 0x00010000 0xffffffff
[  46.72] 48104040: 0x4ff5c000 0x4ff5c68c 0x4818f018 0x48056a46 0x48103f16 0x00000003 0x00000001 0x000003e8
[  46.72] 48104060: 0x00000000 0xffffffff 0x4ffbf10c 0x00000000 0x00000000 0x00000003 0x00000001 0x000003e8
[  46.72] 48104080: 0x10624dd3 0x0000000f 0x4ff5c5a8 0x48023e8e 0x00000000 0x00000000 0x00000000 0x00000000
[  46.72] 481040a0: 0x00000000 0x00000000 0x00000000 0x00000000 0x00000000 0x00000000 0x00000000 0x00000000
[  46.72] 481040c0: 0x00000000 0x00000000 0x00000000 0x00000000 0x00000000 0xa5a5a5a5 0xa5a5a5a5 0xa5a5a5a5
[  46.72] 481040e0: 0x30100000 0x00000144 0x50115737 0x15c72683 0x01000637 0x501117b7 0x2e238ed1 0xa5a5a5a5
[  47.00] 48104100: 0x00000001 0x48101128 0x48101128 0x00000000 0x00000000 0x00000000 0xa5a5a5a5 0xa5a5a5a5
[  47.00] 
[  47.00] 
[  47.00] 
[  47.00] ELF file SHA256: bbb070c02
[  47.00] 
[  47.00] Rebooting...
[  47.00] ESP-ROM:esp32p4-eco7-20260109
[  47.00] Build:Jan  9 2026
[  47.00] rst:0xc (SW_CPU_RESET),boot:0xf (SPI_FAST_FLASH_BOOT)
[  47.00] Core0 Saved PC:0x4ff444de
[  47.00] Core1 Saved PC:0x4ff4ace6
[  47.00] SPI mode:DIO, clock div:1
[  47.00] load:0x4ffb60d0,len:0x11f0
[  47.00] load:0x4ffac2c0,len:0xd5c
[  47.00] load:0x4ffaefc0,len:0x3408
[  47.00] entry 0x4ffac2c0
[  47.00] I (226) hex_psram: vendor id    : 0x0d (AP)
[  47.00] I (227) hex_psram: Latency      : 0x01 (Fixed)
[  47.00] I (227) hex_psram: DriveStr.    : 0x00 (25 Ohm)
[  47.00] I (227) hex_psram: dev id       : 0x03 (generation 4)
[  47.00] I (232) hex_psram: density      : 0x07 (256 Mbit)
[  47.00] I (236) hex_psram: good-die     : 0x06 (Pass)
[  47.00] I (241) hex_psram: SRF          : 0x02 (Slow Refresh)
[  47.00] I (245) hex_psram: BurstType    : 0x00 ( Wrap)
[  47.00] I (250) hex_psram: BurstLen     : 0x03 (2048 Byte)
[  47.00] I (254) hex_psram: BitMode      : 0x01 (X16 Mode)
[  47.00] I (258) hex_psram: Readlatency  : 0x04 (14 cycles@Fixed)
[  47.00] I (263) hex_psram: DriveStrength: 0x00 (1/1)
[  47.00] I (267) MSPI Timing: Enter psram timing tuning
[  47.23] I esp_psram: Found 32MB PSRAM device
[  47.23] I esp_psram: Speed: 200MHz
[  47.23] I (455) mmu_psram: .rodata xip on psram
[  47.23] I (505) mmu_psram: .text xip on psram
[  47.23] I (506) hex_psram: psram CS IO is dedicated
[  47.23] I (507) cpu_start: Multicore app
[  47.86] I (928) esp_psram: SPI SRAM memory test OK
[  47.86] I (938) cpu_start: GPIO 38 and 37 are used as console UART I/O pins
[  47.86] I (938) cpu_start: Pro cpu start user code
[  47.86] I (939) cpu_start: cpu freq: 400000000 Hz
[  47.86] I (940) app_init: Application information:
[  47.86] I (944) app_init: Project name:     fnos_monitor
[  47.86] I (949) app_init: App version:      0.1.0
[  47.86] I (952) app_init: Compile time:     Sep 28 2026 00:46:10
[  47.86] I (957) app_init: ELF file SHA256:  bbb070c02...
[  47.86] I (962) app_init: ESP-IDF:          5.5.3
[  47.86] I (965) efuse_init: Min chip rev:     v3.0
[  47.86] I (969) efuse_init: Max chip rev:     v3.99 
[  47.86] I (973) efuse_init: Chip rev:         v3.2
[  47.86] I (977) heap_init: Initializing. RAM available for dynamic allocation:
[  47.86] I (983) heap_init: At 4FF5E490 len 0005CB30 (370 KiB): RETENT_RAM
[  47.86] I (989) heap_init: At 4FFBAFC0 len 00004BF0 (18 KiB): RAM
[  47.86] I (994) heap_init: At 501080D8 len 00000028 (0 KiB): RTCRAM
[  47.86] I (1000) heap_init: At 501081A0 len 00007E60 (31 KiB): RTCRAM
[  47.86] I (1005) heap_init: At 30100198 len 00001E68 (7 KiB): TCM
[  48.21] I (1010) esp_psram: Adding pool of 31151K of PSRAM memory to heap allocator
[  48.21] I (1017) esp_psram: Adding pool of 60K of PSRAM memory gap generated due to end address alignment of irom to the heap allocator
[  48.21] I (1028) esp_psram: Adding pool of 35K of PSRAM memory gap generated due to end address alignment of drom to the heap allocator
[  48.21] I (1039) spi_flash: detected chip: gd
[  48.21] I (1043) spi_flash: flash io: qio
[  48.21] I (1046) host_init: ESP Hosted : Host chip_ip[18]
[  48.21] I (1050) H_API: ESP-Hosted starting. Hosted_Tasks: prio:23, stack: 5120 RPC_task_stack: 5120
[  48.21] sdio_mempool_create free:32400744 min-free:32400744 lfb-def:31457280 lfb-8bit:31457280
[  48.21] 
[  48.21] I (1066) H_API: ** add_esp_wifi_remote_channels **
[  48.21] I (1071) transport: Add ESP-Hosted channel IF[1]: S[0] Tx[0x4800b6dc] Rx[0x4801a922]
[  48.21] I (1078) transport: Add ESP-Hosted channel IF[2]: S[0] Tx[0x4800b622] Rx[0x4801a922]
[  48.21] I (1086) sleep_gpio: Configure to isolate all GPIO pins in sleep state
[  48.21] I (1092) sleep_gpio: Enable automatic switching of GPIO sleep configuration
[  48.21] I (1099) main_task: Started on CPU0
[  48.21] I (1103) main_task: Calling app_main()
[  48.21] I (1109) main: fnOS NAS dashboard booting (agent http://192.168.0.119:8799)
[  48.21] I (1112) main: heap boot           internal=363KB largest=304KB dma=325KB psram=31242KB
[  48.21] I (1121) transport: Attempt connection with slave: retry[0]
[  48.21] I (1125) transport: Reset slave using GPIO[54]
[  48.21] I (1129) os_wrapper_esp: GPIO [54] configured
[  49.18] I (2299) sdio_wrapper: SDIO master: Data-Lines: 4-bit Freq(KHz)[40000 KHz]
[  49.18] I (2299) sdio_wrapper: GPIOs: CLK[18] CMD[19] D0[14] D1[15] D2[16] D3[17] Slave_Reset[54]
[  49.18] I (2299) H_SDIO_DRV: Starting SDIO process rx task
[  49.18] I (2302) sdio_wrapper: Queues: Tx[20] Rx[20] SDIO-Rx-Mode[1]
[  49.18] Name: 
[  49.18] Type: SDIO
[  49.18] Speed: 40.00 MHz (limit: 40.00 MHz)
[  49.18] Size: 0MB
[  49.18] CSD: ver=1, sector_size=0, capacity=0 read_bl_len=0
[  49.18] SCR: sd_spec=0, bus_width=0
[  49.18] TUPLE: DEVICE, size: 3: D9 01 FF 
[  49.18] TUPLE: MANFID, size: 4
[  49.18]   MANF: 0092, CARD: 6666
[  49.18] TUPLE: FUNCID, size: 2: 0C 00 
[  49.18] TUPLE: FUNCE, size: 4: 00 00 02 32 
[  49.18] TUPLE: CONFIG, size: 5: 01 01 00 02 07 
[  49.18] TUPLE: CFTABLE_ENTRY, size: 8
[  49.18]   INDX: C1, Intface: 1, Default: 1, Conf-Entry-Num: 1
[  49.18]   IF: 41
[  49.18]   FS: 30, misc: 0, mem_space: 1, irq: 1, io_space: 0, timing: 0, power: 0
[  49.18]   IR: 30, mask: 1,   IRQ: FF FF
[  49.18]   LEN: FFFF
[  49.18] TUPLE: END
[  49.18] I (2385) sdio_wrapper: Function 0 Blocksize: 512
[  49.18] I (2389) sdio_wrapper: Function 1 Blocksize: 512
[  49.18] I (2393) H_SDIO_DRV: SDIO Host operating in STREAMING MODE
[  49.18] I (2398) H_SDIO_DRV: generate slave intr
[  49.18] I (2403) transport: Received INIT event from ESP32 peripheral
[  49.18] I (2407) transport: EVENT: 12
[  49.18] I (2410) transport: EVENT: 11
[  49.18] I (2413) transport: capabilities: 0xd
[  49.18] I (2416) transport: Features supported are:
[  49.18] I (2420) transport: 	 * WLAN
[  49.53] I (2423) transport: 	   - HCI over SDIO
[  49.53] I (2426) transport: 	   - BLE only
[  49.53] I (2429) transport: EVENT: 13
[  49.53] I (2432) transport: ESP board type is : 13 
[  49.53] 
[  49.53] I (2436) transport: Base transport is set-up
[  49.53] 
[  49.53] I (2440) transport: Slave chip Id[12]
[  49.53] I (2444) hci_stub_drv: Host BT Support: Disabled
[  49.53] I (2448) H_SDIO_DRV: Received INIT event
[  50.20] I (3453) fnos_net: wifi station started; awaiting ip
[  50.20] I (3453) esp_lvgl:adapter: LVGL adapter initialized successfully
[  50.20] W (3454) ledc: GPIO 32 is not usable, maybe conflict with others
[  50.20] I (3458) ESP32_P4_EV: MIPI DSI PHY Powered on
[  50.20] I (3463) ESP32_P4_EV: Install MIPI DSI LCD control panel
[  50.20] I (3467) ESP32_P4_EV: Install EK79007 LCD control panel
[  50.20] I (3472) ek79007: version: 2.0.2
[  50.20] I (3474) H_API: esp_wifi_remote_connect
